production_run_id,production_date,product_id,quantity_produced,direct_labor_hours,waste_quantity_produced,waste_reason
PR00001,2024-09-06,P059,460,158.91,0,None
PR00002,2024-09-26,P088,285,105.61,0,None
PR00003,2024-05-23,P007,92,45.38,7,Production Error
PR00004,2023-07-17,P043,413,96.11,0,None
PR00005,2024-08-10,P045,202,75.31,0,None
PR00006,2024-10-30,P050,103,27.45,0,None
PR00007,2024-10-06,P067,312,108.32,0,None
PR00008,2023-03-21,P053,486,124.94,0,None
PR00009,2023-05-24,P094,148,24.87,0,None
PR00010,2024-08-06,P055,222,83.92,0,None
PR00011,2024-02-16,P017,348,111.87,0,None
PR00012,2023-09-08,P073,97,14.94,0,None
PR00013,2023-08-26,P073,208,23.16,0,None
PR00014,2024-07-05,P093,436,95.74,0,None
PR00015,2024-03-12,P045,250,65.55,0,None
PR00016,2024-05-10,P002,103,13.11,0,None
PR00017,2023-12-06,P079,342,137.8,0,None
PR00018,2024-10-25,P090,244,38.19,13,Overproduction
PR00019,2024-05-20,P066,157,55.03,0,None
PR00020,2024-04-21,P018,77,35.94,0,None
PR00021,2023-06-12,P033,244,79.46,20,Production Error
PR00022,2023-03-14,P024,377,175.0,0,None
PR00023,2024-01-12,P082,71,20.15,0,None
PR00024,2024-02-24,P009,468,197.1,0,None
PR00025,2024-03-18,P052,357,104.1,0,None
PR00026,2023-09-09,P030,76,19.96,2,Spoilage
PR00027,2024-08-25,P070,433,152.97,0,None
PR00028,2023-07-15,P093,87,21.06,0,None
PR00029,2023-04-20,P038,265,31.38,6,Overproduction
PR00030,2024-04-23,P028,408,176.01,0,None
PR00031,2023-10-10,P072,458,152.21,0,None
PR00032,2023-12-01,P065,140,48.02,0,None
PR00033,2024-02-16,P018,58,15.9,0,None
PR00034,2023-01-08,P100,465,120.39,0,None
PR00035,2023-05-15,P024,245,87.41,0,None
PR00036,2023-12-13,P008,268,73.43,0,None
PR00037,2023-07-05,P081,426,59.95,0,None
PR00038,2023-12-12,P063,196,50.33,0,None
PR00039,2023-05-28,P083,423,79.74,0,None
PR00040,2023-08-14,P034,120,31.49,0,None
PR00041,2023-08-11,P093,67,30.57,1,Defective Material
PR00042,2024-01-16,P036,260,89.59,0,None
PR00043,2024-08-02,P020,113,54.02,5,Overproduction
PR00044,2023-09-10,P091,391,116.09,0,None
PR00045,2024-04-17,P063,173,54.99,0,None
PR00046,2023-11-30,P024,285,75.0,14,Production Error
PR00047,2024-09-26,P071,498,110.96,0,None
PR00048,2024-04-02,P061,284,45.37,0,None
PR00049,2023-11-24,P055,376,53.56,0,None
PR00050,2024-04-23,P034,346,112.76,0,None
PR00051,2024-08-26,P020,192,53.7,0,None
PR00052,2023-10-04,P084,427,82.1,0,None
PR00053,2023-01-27,P076,310,49.59,0,None
PR00054,2023-05-22,P033,267,105.77,0,None
PR00055,2024-02-28,P095,75,37.08,0,None
PR00056,2023-12-18,P049,291,48.1,0,None
PR00057,2024-01-20,P078,461,161.27,0,None
PR00058,2023-11-19,P066,55,7.27,0,None
PR00059,2024-06-23,P093,342,78.92,0,None
PR00060,2023-01-19,P016,65,11.32,0,None
PR00061,2024-11-06,P099,155,61.48,0,None
PR00062,2024-06-01,P039,207,101.65,0,None
PR00063,2023-11-01,P006,171,48.89,0,None
PR00064,2024-02-13,P099,290,84.15,0,None
PR00065,2024-04-07,P067,144,67.13,0,None
PR00066,2024-11-08,P100,316,35.19,21,Production Error
PR00067,2023-08-03,P043,113,26.75,0,None
PR00068,2023-01-20,P035,345,36.88,0,None
PR00069,2023-07-27,P028,85,36.51,0,None
PR00070,2023-04-04,P063,329,49.38,0,None
PR00071,2024-01-13,P011,439,194.15,12,Defective Material
PR00072,2023-12-22,P069,125,40.8,0,None
PR00073,2024-09-23,P100,267,70.63,23,Defective Material
PR00074,2023-09-19,P015,221,38.8,13,Production Error
PR00075,2023-03-20,P029,272,53.17,0,None
PR00076,2023-01-10,P019,316,120.28,7,Production Error
PR00077,2023-11-22,P053,315,104.52,0,None
PR00078,2024-03-20,P047,218,91.94,0,None
PR00079,2024-12-16,P045,446,73.17,0,None
PR00080,2024-05-02,P074,242,75.5,0,None
PR00081,2023-03-02,P084,108,35.15,0,None
PR00082,2024-06-11,P032,447,177.72,10,Spoilage
PR00083,2024-10-06,P060,210,89.41,0,None
PR00084,2024-02-11,P095,225,86.6,0,None
PR00085,2023-12-06,P049,397,87.81,0,None
PR00086,2023-09-20,P019,440,136.29,0,None
PR00087,2024-01-25,P078,352,139.49,0,None
PR00088,2024-08-15,P082,421,77.23,0,None
PR00089,2024-07-02,P035,369,82.91,0,None
PR00090,2024-12-21,P029,385,100.89,15,Spoilage
PR00091,2024-02-26,P015,327,64.77,0,None
PR00092,2024-11-26,P012,77,9.71,0,None
PR00093,2023-08-30,P082,247,89.06,0,None
PR00094,2024-10-10,P059,142,54.42,0,None
PR00095,2023-11-19,P059,124,24.88,4,Production Error
PR00096,2024-12-14,P001,378,105.62,0,None
PR00097,2023-05-11,P099,310,88.28,0,None
PR00098,2024-02-08,P050,139,32.71,0,None
PR00099,2023-12-01,P057,353,100.37,0,None
PR00100,2023-01-06,P070,176,44.31,0,None
PR00101,2023-05-18,P067,104,14.35,5,Defective Material
PR00102,2023-06-06,P092,115,15.77,0,None
PR00103,2024-11-26,P011,306,57.85,0,None
PR00104,2024-05-19,P032,225,62.46,0,None
PR00105,2023-07-22,P034,212,60.7,0,None
PR00106,2024-04-09,P022,497,148.02,6,Production Error
PR00107,2023-06-24,P041,145,15.21,0,None
PR00108,2024-08-08,P014,144,61.38,0,None
PR00109,2024-11-11,P069,243,71.67,22,Spoilage
PR00110,2024-04-27,P055,384,130.23,37,Spoilage
PR00111,2023-05-22,P055,480,54.93,0,None
PR00112,2024-11-16,P015,142,68.4,0,None
PR00113,2024-10-21,P080,421,128.64,0,None
PR00114,2024-04-28,P008,318,125.88,14,Production Error
PR00115,2023-06-30,P024,484,230.89,0,None
PR00116,2024-11-24,P055,422,124.78,0,None
PR00117,2024-11-13,P063,452,191.87,0,None
PR00118,2023-12-19,P004,493,201.17,0,None
PR00119,2024-12-15,P023,186,72.07,0,None
PR00120,2024-04-19,P023,85,31.8,0,None
PR00121,2024-12-04,P013,353,83.34,0,None
PR00122,2024-12-12,P060,113,20.96,0,None
PR00123,2024-05-28,P075,245,28.16,0,None
PR00124,2023-03-18,P006,240,103.19,0,None
PR00125,2023-07-31,P078,309,68.28,1,Overproduction
PR00126,2023-08-07,P059,314,156.63,0,None
PR00127,2023-07-23,P086,490,205.89,31,Overproduction
PR00128,2024-03-15,P013,168,29.02,0,None
PR00129,2023-05-01,P030,472,161.48,0,None
PR00130,2024-05-14,P029,471,63.49,0,None
PR00131,2024-06-30,P069,376,83.54,27,Production Error
PR00132,2024-11-11,P016,86,37.9,0,None
PR00133,2024-04-21,P076,349,125.95,0,None
PR00134,2023-05-19,P057,381,151.07,0,None
PR00135,2024-02-12,P100,432,212.44,0,None
PR00136,2024-11-16,P052,62,26.7,0,None
PR00137,2023-05-28,P024,195,66.01,5,Spoilage
PR00138,2023-12-02,P050,460,199.45,0,None
PR00139,2024-12-08,P058,408,181.56,0,None
PR00140,2024-04-09,P058,84,33.69,3,Production Error
PR00141,2024-08-29,P075,288,133.66,0,None
PR00142,2024-06-19,P095,255,90.54,0,None
PR00143,2024-05-10,P053,125,54.77,0,None
PR00144,2024-07-09,P073,50,20.48,1,Overproduction
PR00145,2023-08-29,P018,95,27.07,0,None
PR00146,2024-12-07,P097,75,23.67,6,Defective Material
PR00147,2023-09-19,P002,438,145.89,0,None
PR00148,2023-02-24,P011,485,190.93,4,Production Error
PR00149,2023-10-17,P059,87,31.34,0,None
PR00150,2023-06-04,P043,360,150.48,0,None
PR00151,2024-04-22,P045,75,23.25,0,None
PR00152,2024-09-24,P033,177,83.71,0,None
PR00153,2023-03-21,P089,268,105.06,15,Production Error
PR00154,2024-05-28,P013,319,50.38,0,None
PR00155,2024-08-15,P008,386,167.6,0,None
PR00156,2023-12-25,P036,140,42.82,0,None
PR00157,2024-09-20,P027,292,47.92,5,Production Error
PR00158,2023-03-16,P015,467,171.57,0,None
PR00159,2023-12-25,P052,416,62.54,0,None
PR00160,2023-08-24,P044,319,143.87,8,Overproduction
PR00161,2024-08-07,P063,231,49.48,0,None
PR00162,2023-03-05,P070,52,25.77,0,None
PR00163,2023-04-29,P047,256,112.65,0,None
PR00164,2023-06-13,P088,208,27.73,0,None
PR00165,2024-09-25,P047,261,51.31,0,None
PR00166,2023-09-26,P062,453,129.1,6,Defective Material
PR00167,2024-10-08,P026,156,37.99,0,None
PR00168,2023-07-26,P079,252,86.36,0,None
PR00169,2023-01-16,P034,338,138.5,0,None
PR00170,2023-07-15,P036,301,62.42,0,None
PR00171,2024-09-10,P077,179,69.79,0,None
PR00172,2024-06-24,P077,317,112.62,5,Defective Material
PR00173,2024-10-25,P052,245,114.75,0,None
PR00174,2023-06-02,P031,445,83.67,0,None
PR00175,2023-10-22,P064,74,10.49,0,None
PR00176,2024-09-06,P033,441,176.24,0,None
PR00177,2023-05-03,P030,131,24.46,0,None
PR00178,2023-02-12,P038,178,61.65,0,None
PR00179,2023-09-22,P044,202,50.96,0,None
PR00180,2024-12-09,P071,430,137.79,0,None
PR00181,2023-10-16,P044,344,106.89,0,None
PR00182,2024-09-15,P096,354,169.79,0,None
PR00183,2024-06-23,P028,229,51.12,2,Overproduction
PR00184,2024-05-18,P042,216,40.86,0,None
PR00185,2024-04-08,P055,352,123.58,0,None
PR00186,2023-12-10,P093,343,36.32,0,None
PR00187,2023-05-18,P076,244,106.17,0,None
PR00188,2024-07-25,P023,341,62.24,0,None
PR00189,2023-05-12,P069,261,128.32,21,Defective Material
PR00190,2024-02-28,P038,398,40.22,0,None
PR00191,2024-04-17,P086,114,17.99,0,None
PR00192,2023-07-19,P086,50,23.26,0,None
PR00193,2024-07-18,P042,414,177.08,0,None
PR00194,2024-05-22,P008,158,50.69,12,Overproduction
PR00195,2023-08-19,P094,96,11.66,0,None
PR00196,2024-11-05,P028,228,107.21,0,None
PR00197,2024-10-05,P036,69,10.75,0,None
PR00198,2024-02-27,P004,417,62.91,0,None
PR00199,2023-03-08,P079,426,55.64,0,None
PR00200,2024-06-11,P075,363,99.71,0,None
PR00201,2023-11-15,P082,98,23.02,0,None
PR00202,2024-09-04,P076,262,33.72,0,None
PR00203,2024-05-26,P009,382,61.83,0,None
PR00204,2024-05-12,P091,102,10.82,0,None
PR00205,2024-04-21,P015,220,45.79,0,None
PR00206,2024-07-07,P005,69,7.63,0,None
PR00207,2023-02-16,P044,468,125.88,0,None
PR00208,2024-03-21,P014,436,183.94,0,None
PR00209,2023-01-27,P080,331,118.96,0,None
PR00210,2023-08-08,P012,469,80.51,11,Overproduction
PR00211,2024-10-26,P076,259,98.32,0,None
PR00212,2024-06-29,P011,237,26.16,0,None
PR00213,2023-03-31,P047,169,33.52,0,None
PR00214,2024-08-23,P077,409,175.01,0,None
PR00215,2023-04-04,P008,58,18.94,0,None
PR00216,2023-11-30,P059,457,141.0,0,None
PR00217,2024-07-18,P064,150,59.94,0,None
PR00218,2023-03-18,P064,110,45.98,0,None
PR00219,2023-09-23,P039,392,117.83,14,Spoilage
PR00220,2023-01-24,P062,217,75.14,0,None
PR00221,2023-05-10,P023,397,68.4,0,None
PR00222,2023-09-10,P028,140,44.65,12,Production Error
PR00223,2023-11-25,P042,133,54.21,0,None
PR00224,2024-03-18,P099,480,115.95,0,None
PR00225,2023-04-15,P032,440,116.83,0,None
PR00226,2023-10-30,P022,246,114.2,0,None
PR00227,2023-08-18,P014,453,141.79,0,None
PR00228,2023-07-28,P095,278,30.74,0,None
PR00229,2024-09-06,P092,396,153.75,0,None
PR00230,2023-05-15,P029,445,84.07,0,None
PR00231,2024-03-12,P024,76,26.46,0,None
PR00232,2023-11-04,P010,373,138.38,0,None
PR00233,2024-07-28,P084,474,185.96,0,None
PR00234,2023-03-25,P098,189,27.56,0,None
PR00235,2024-02-14,P089,253,82.95,0,None
PR00236,2023-08-21,P006,311,127.1,0,None
PR00237,2023-10-28,P094,157,39.32,0,None
PR00238,2023-01-31,P098,424,148.12,0,None
PR00239,2023-03-10,P076,389,147.88,0,None
PR00240,2023-04-02,P059,381,185.22,0,None
PR00241,2023-12-26,P088,154,72.02,0,None
PR00242,2023-02-16,P056,316,150.27,0,None
PR00243,2023-12-19,P013,160,54.41,0,None
PR00244,2024-02-06,P029,309,148.44,0,None
PR00245,2023-05-04,P100,52,17.49,0,None
PR00246,2024-02-11,P055,136,16.1,0,None
PR00247,2023-02-26,P043,441,81.31,0,None
PR00248,2023-04-06,P015,444,113.92,0,None
PR00249,2024-07-27,P100,91,24.54,0,None
PR00250,2024-03-13,P060,129,51.84,0,None
PR00251,2023-06-07,P047,473,170.55,0,None
PR00252,2024-06-10,P086,344,122.75,24,Overproduction
PR00253,2023-06-15,P059,85,17.13,0,None
PR00254,2023-07-05,P100,307,129.06,0,None
PR00255,2024-11-02,P095,307,151.56,2,Spoilage
PR00256,2024-04-09,P089,93,21.03,8,Defective Material
PR00257,2023-02-19,P008,218,44.96,0,None
PR00258,2023-01-14,P092,237,40.95,0,None
PR00259,2024-08-14,P020,156,21.92,0,None
PR00260,2024-10-08,P087,189,69.04,0,None
PR00261,2023-05-04,P040,144,21.17,6,Spoilage
PR00262,2024-07-15,P057,375,52.61,0,None
PR00263,2024-03-14,P023,228,101.08,0,None
PR00264,2023-12-03,P056,488,204.82,0,None
PR00265,2023-02-27,P089,230,103.57,0,None
PR00266,2023-03-18,P026,447,107.25,0,None
PR00267,2024-05-01,P016,153,38.06,0,None
PR00268,2024-05-13,P098,304,83.48,0,None
PR00269,2023-04-01,P031,262,53.74,0,None
PR00270,2024-11-03,P083,137,33.5,0,None
PR00271,2023-02-08,P026,431,146.45,0,None
PR00272,2023-10-31,P065,58,6.71,0,None
PR00273,2024-08-11,P070,364,50.88,23,Overproduction
PR00274,2024-10-14,P007,89,34.1,0,None
PR00275,2024-07-03,P026,461,125.61,0,None
PR00276,2024-06-08,P061,66,10.94,0,None
PR00277,2024-03-23,P042,247,111.02,0,None
PR00278,2024-05-13,P043,117,43.63,0,None
PR00279,2024-11-08,P048,470,224.13,0,None
PR00280,2023-01-15,P065,274,129.19,0,None
PR00281,2023-02-08,P068,88,43.27,0,None
PR00282,2023-02-21,P095,422,75.01,2,Defective Material
PR00283,2023-07-27,P033,378,101.45,0,None
PR00284,2023-02-17,P078,60,10.88,4,Overproduction
PR00285,2023-05-05,P090,318,39.34,0,None
PR00286,2024-09-13,P084,104,51.06,2,Spoilage
PR00287,2024-12-16,P008,496,136.88,39,Spoilage
PR00288,2024-04-11,P009,438,148.6,0,None
PR00289,2024-02-23,P062,130,58.98,0,None
PR00290,2023-04-27,P026,56,24.61,0,None
PR00291,2023-02-20,P028,225,50.98,0,None
PR00292,2023-11-23,P069,410,110.52,0,None
PR00293,2024-06-24,P073,342,164.09,0,None
PR00294,2023-12-07,P055,157,18.75,0,None
PR00295,2024-11-09,P017,77,12.08,0,None
PR00296,2023-06-22,P027,448,146.43,0,None
PR00297,2024-08-27,P046,143,52.25,0,None
PR00298,2023-01-26,P043,233,46.17,0,None
PR00299,2023-01-11,P028,181,89.58,0,None
PR00300,2023-02-06,P009,160,52.3,0,None
PR00301,2024-06-21,P022,230,83.28,0,None
PR00302,2023-02-08,P017,175,77.18,0,None
PR00303,2024-08-27,P051,154,49.02,0,None
PR00304,2023-11-13,P041,228,87.2,0,None
PR00305,2024-06-10,P021,252,116.48,0,None
PR00306,2024-12-03,P040,477,68.15,0,None
PR00307,2024-12-05,P021,289,73.74,0,None
PR00308,2024-12-29,P021,499,186.25,0,None
PR00309,2024-01-18,P036,431,72.24,0,None
PR00310,2023-08-27,P009,401,75.98,19,Production Error
PR00311,2023-08-30,P055,404,78.66,0,None
PR00312,2023-10-31,P092,199,72.95,0,None
PR00313,2023-01-19,P066,366,121.98,19,Defective Material
PR00314,2023-08-28,P006,146,44.85,0,None
PR00315,2023-09-14,P064,450,210.84,0,None
PR00316,2024-03-02,P089,188,54.85,0,None
PR00317,2023-03-02,P042,443,46.46,0,None
PR00318,2024-03-20,P027,407,87.08,0,None
PR00319,2024-04-15,P018,414,63.82,0,None
PR00320,2023-12-13,P040,298,100.58,0,None
PR00321,2023-07-08,P040,482,66.44,0,None
PR00322,2024-11-11,P039,69,29.87,0,None
PR00323,2024-10-09,P051,148,35.98,0,None
PR00324,2023-03-13,P078,353,115.59,0,None
PR00325,2024-11-21,P042,452,162.19,0,None
PR00326,2024-03-20,P099,465,147.46,0,None
PR00327,2024-08-28,P040,384,153.58,0,None
PR00328,2024-05-08,P075,490,219.83,0,None
PR00329,2023-08-13,P071,386,61.86,0,None
PR00330,2023-02-14,P024,275,35.07,0,None
PR00331,2024-02-01,P098,142,47.93,0,None
PR00332,2024-11-25,P024,488,204.6,0,None
PR00333,2023-06-22,P044,414,110.47,0,None
PR00334,2024-10-05,P100,161,34.31,0,None
PR00335,2023-07-23,P005,267,91.31,0,None
PR00336,2023-03-03,P015,201,29.75,2,Spoilage
PR00337,2023-11-04,P083,115,53.51,10,Spoilage
PR00338,2023-01-13,P018,77,24.77,0,None
PR00339,2024-03-21,P079,364,38.95,0,None
PR00340,2023-01-27,P085,351,147.11,0,None
PR00341,2024-05-26,P050,250,102.21,0,None
PR00342,2024-06-13,P020,127,27.71,0,None
PR00343,2023-03-17,P093,440,58.11,0,None
PR00344,2023-02-18,P016,281,62.85,0,None
PR00345,2023-01-23,P056,330,125.57,13,Spoilage
PR00346,2023-04-22,P024,488,95.09,0,None
PR00347,2024-03-23,P032,423,149.89,0,None
PR00348,2024-06-16,P034,170,25.66,16,Defective Material
PR00349,2023-08-29,P097,162,35.97,0,None
PR00350,2023-02-09,P084,360,164.42,0,None
PR00351,2023-06-19,P043,244,68.22,0,None
PR00352,2023-04-21,P094,99,11.54,0,None
PR00353,2023-04-15,P069,214,38.57,0,None
PR00354,2024-08-15,P081,306,100.01,21,Overproduction
PR00355,2024-03-28,P050,113,31.05,0,None
PR00356,2024-04-14,P034,336,48.36,12,Production Error
PR00357,2023-12-22,P033,102,36.39,0,None
PR00358,2023-07-13,P079,404,118.02,0,None
PR00359,2024-03-21,P041,491,149.04,18,Defective Material
PR00360,2023-03-29,P091,214,82.65,0,None
PR00361,2023-06-16,P060,342,112.84,0,None
PR00362,2023-12-28,P067,224,73.87,0,None
PR00363,2023-11-07,P058,381,83.24,0,None
PR00364,2024-04-29,P010,71,7.41,0,None
PR00365,2024-10-29,P080,93,33.42,7,Spoilage
PR00366,2024-06-20,P049,101,22.65,0,None
PR00367,2024-07-09,P097,343,43.09,0,None
PR00368,2024-01-20,P036,488,160.19,0,None
PR00369,2024-05-10,P002,460,227.82,0,None
PR00370,2023-07-20,P078,222,108.52,0,None
PR00371,2023-02-14,P098,379,152.21,0,None
PR00372,2023-04-04,P039,373,82.9,0,None
PR00373,2024-01-04,P058,278,48.14,0,None
PR00374,2024-10-03,P043,344,56.99,0,None
PR00375,2024-10-21,P097,480,88.47,0,None
PR00376,2024-12-10,P090,332,63.5,0,None
PR00377,2024-10-02,P008,302,68.31,0,None
PR00378,2024-12-11,P040,462,185.78,0,None
PR00379,2024-02-15,P089,109,12.96,0,None
PR00380,2023-06-22,P069,244,96.03,0,None
PR00381,2023-07-12,P077,303,131.29,0,None
PR00382,2023-03-11,P082,269,130.5,11,Spoilage
PR00383,2024-07-02,P068,294,76.65,0,None
PR00384,2024-12-28,P094,451,86.7,18,Defective Material
PR00385,2023-05-15,P063,144,37.1,0,None
PR00386,2023-11-03,P090,94,22.85,0,None
PR00387,2024-05-02,P015,465,177.89,0,None
PR00388,2024-08-17,P045,172,28.21,0,None
PR00389,2023-03-27,P029,139,41.02,0,None
PR00390,2023-10-27,P024,66,17.72,2,Production Error
PR00391,2023-03-09,P072,66,23.63,5,Overproduction
PR00392,2024-05-06,P004,480,96.43,0,None
PR00393,2024-12-27,P051,491,161.21,14,Overproduction
PR00394,2023-12-30,P047,70,14.95,0,None
PR00395,2024-01-19,P096,357,100.31,0,None
PR00396,2024-12-07,P013,327,146.49,0,None
PR00397,2024-12-10,P008,103,34.44,0,None
PR00398,2023-05-11,P086,160,66.43,1,Spoilage
PR00399,2023-03-28,P054,488,132.79,0,None
PR00400,2024-12-04,P069,252,50.09,0,None
PR00401,2024-04-11,P077,107,28.48,0,None
PR00402,2024-03-10,P018,206,79.78,0,None
PR00403,2023-06-13,P076,264,121.25,0,None
PR00404,2024-04-08,P009,80,37.64,5,Defective Material
PR00405,2024-05-11,P031,190,62.45,0,None
PR00406,2023-11-11,P077,131,28.57,0,None
PR00407,2024-10-21,P078,462,196.0,35,Spoilage
PR00408,2023-02-03,P062,377,69.72,0,None
PR00409,2024-04-29,P076,50,15.06,0,None
PR00410,2024-02-13,P005,237,59.12,0,None
PR00411,2023-07-15,P075,306,131.58,0,None
PR00412,2023-08-16,P036,61,17.77,0,None
PR00413,2023-08-28,P015,186,34.34,4,Defective Material
PR00414,2023-01-21,P091,472,83.04,0,None
PR00415,2023-03-31,P005,302,132.91,6,Overproduction
PR00416,2023-05-03,P003,217,39.88,7,Defective Material
PR00417,2024-02-17,P052,496,216.85,0,None
PR00418,2024-04-15,P060,262,101.05,0,None
PR00419,2024-08-22,P033,466,97.22,0,None
PR00420,2023-05-03,P012,74,30.64,2,Production Error
PR00421,2023-06-01,P064,364,128.1,0,None
PR00422,2024-07-03,P017,446,93.72,0,None
PR00423,2024-11-21,P005,485,231.91,0,None
PR00424,2023-03-08,P072,233,31.4,0,None
PR00425,2024-08-06,P088,191,70.08,0,None
PR00426,2024-12-16,P010,430,158.45,0,None
PR00427,2024-05-04,P006,494,117.67,0,None
PR00428,2023-05-24,P052,406,43.18,0,None
PR00429,2023-08-20,P038,163,16.58,0,None
PR00430,2024-03-21,P020,430,60.87,0,None
PR00431,2023-08-29,P047,430,181.0,0,None
PR00432,2023-01-18,P049,62,16.71,1,Spoilage
PR00433,2023-04-25,P051,419,178.23,0,None
PR00434,2023-10-05,P028,488,171.67,0,None
PR00435,2024-09-07,P071,173,80.2,0,None
PR00436,2023-10-11,P028,246,53.65,0,None
PR00437,2023-02-21,P065,316,53.01,0,None
PR00438,2023-01-20,P039,244,53.7,1,Defective Material
PR00439,2024-12-06,P095,85,11.33,0,None
PR00440,2023-04-11,P077,102,27.34,0,None
PR00441,2024-01-07,P095,97,44.48,0,None
PR00442,2023-08-29,P063,319,66.52,3,Overproduction
PR00443,2024-02-27,P041,222,86.02,0,None
PR00444,2024-03-23,P076,388,48.47,0,None
PR00445,2023-07-02,P019,445,117.31,0,None
PR00446,2024-03-27,P044,228,103.62,13,Defective Material
PR00447,2023-04-02,P039,112,47.84,0,None
PR00448,2024-01-30,P088,291,115.37,0,None
PR00449,2024-03-22,P081,146,70.81,0,None
PR00450,2023-10-19,P010,383,55.34,0,None
PR00451,2024-06-03,P061,146,57.43,0,None
PR00452,2024-07-06,P070,263,104.45,0,None
PR00453,2024-06-25,P043,217,39.75,9,Overproduction
PR00454,2023-07-01,P085,363,114.7,0,None
PR00455,2024-08-08,P044,163,24.4,13,Production Error
PR00456,2023-12-19,P017,217,64.83,11,Production Error
PR00457,2023-11-02,P087,81,18.75,0,None
PR00458,2023-03-13,P046,255,50.53,0,None
PR00459,2023-10-12,P084,252,115.61,0,None
PR00460,2024-11-25,P043,405,181.23,0,None
PR00461,2023-11-27,P002,187,90.47,0,None
PR00462,2023-12-25,P058,383,59.73,0,None
PR00463,2023-08-13,P051,116,48.46,0,None
PR00464,2023-10-27,P093,463,135.34,0,None
PR00465,2023-08-11,P001,272,118.19,0,None
PR00466,2024-03-15,P048,266,94.41,0,None
PR00467,2023-12-27,P068,251,42.58,0,None
PR00468,2023-09-11,P047,240,55.56,0,None
PR00469,2023-07-03,P075,273,48.85,9,Overproduction
PR00470,2023-10-22,P060,165,79.3,0,None
PR00471,2023-10-24,P047,472,113.86,0,None
PR00472,2024-01-30,P058,246,25.45,1,Defective Material
PR00473,2023-09-25,P019,149,52.91,6,Spoilage
PR00474,2023-06-06,P100,327,43.24,0,None
PR00475,2024-12-25,P039,301,33.01,0,None
PR00476,2024-02-02,P069,288,48.61,0,None
PR00477,2023-10-20,P061,107,48.63,0,None
PR00478,2024-05-17,P086,177,51.53,8,Spoilage
PR00479,2023-06-26,P057,462,143.17,0,None
PR00480,2023-03-20,P012,287,93.7,0,None
PR00481,2024-05-05,P060,265,26.71,0,None
PR00482,2024-08-26,P034,74,8.34,0,None
PR00483,2023-05-23,P014,52,16.1,0,None
PR00484,2024-06-15,P023,318,113.23,0,None
PR00485,2023-08-19,P099,152,40.21,0,None
PR00486,2023-06-20,P081,290,44.49,0,None
PR00487,2024-11-07,P045,496,69.33,0,None
PR00488,2023-07-22,P010,478,133.33,0,None
PR00489,2023-05-28,P010,380,146.4,36,Production Error
PR00490,2024-09-23,P090,315,154.13,24,Overproduction
PR00491,2024-05-16,P005,332,105.51,0,None
PR00492,2023-11-08,P047,180,18.63,0,None
PR00493,2023-10-29,P044,222,110.04,0,None
PR00494,2024-09-26,P079,129,57.79,0,None
PR00495,2024-04-23,P092,86,8.97,0,None
PR00496,2023-01-20,P061,421,87.89,0,None
PR00497,2023-03-27,P011,200,31.78,5,Overproduction
PR00498,2023-09-11,P025,174,31.95,0,None
PR00499,2024-10-10,P014,315,111.53,0,None
PR00500,2024-06-12,P053,112,11.74,0,None
PR00501,2024-07-15,P032,243,82.41,0,None
PR00502,2023-06-25,P063,132,29.63,0,None
PR00503,2023-05-12,P028,463,226.96,14,Spoilage
PR00504,2023-03-22,P074,52,10.65,0,None
PR00505,2023-04-26,P046,283,108.73,0,None
PR00506,2024-06-17,P013,254,53.96,0,None
PR00507,2024-03-11,P079,484,97.21,0,None
PR00508,2023-07-27,P077,92,21.11,0,None
PR00509,2023-05-17,P037,401,60.04,34,Overproduction
PR00510,2024-08-17,P057,144,40.11,8,Defective Material
PR00511,2024-11-06,P075,341,87.45,0,None
PR00512,2023-09-21,P095,360,94.87,0,None
PR00513,2023-05-22,P003,177,73.93,0,None
PR00514,2023-10-28,P026,434,183.87,0,None
PR00515,2023-12-27,P040,198,27.68,0,None
PR00516,2023-11-19,P058,54,10.1,4,Spoilage
PR00517,2023-02-22,P016,177,25.02,0,None
PR00518,2024-07-16,P091,355,165.5,0,None
PR00519,2024-11-18,P072,243,42.1,0,None
PR00520,2024-04-27,P035,333,105.75,32,Defective Material
PR00521,2023-07-02,P073,206,59.28,9,Spoilage
PR00522,2023-10-18,P001,210,37.46,0,None
PR00523,2024-12-27,P032,271,82.84,0,None
PR00524,2024-07-15,P043,361,44.45,0,None
PR00525,2024-07-28,P054,298,64.93,0,None
PR00526,2024-11-24,P018,311,95.16,0,None
PR00527,2023-05-18,P022,430,180.44,15,Defective Material
PR00528,2023-01-21,P058,432,98.04,29,Production Error
PR00529,2023-02-09,P026,262,48.96,0,None
PR00530,2023-07-13,P077,390,76.23,0,None
PR00531,2023-03-18,P011,65,29.85,0,None
PR00532,2024-08-30,P020,371,107.47,2,Defective Material
PR00533,2023-01-17,P056,112,48.96,0,None
PR00534,2023-07-01,P077,118,51.41,0,None
PR00535,2024-09-28,P044,341,34.83,24,Production Error
PR00536,2024-06-10,P087,258,117.11,0,None
PR00537,2023-05-18,P030,423,142.04,0,None
PR00538,2023-11-26,P047,416,54.6,0,None
PR00539,2024-06-22,P005,350,68.73,0,None
PR00540,2024-01-08,P031,328,70.08,0,None
PR00541,2024-07-15,P064,359,78.62,0,None
PR00542,2024-07-01,P042,160,46.45,0,None
PR00543,2024-05-23,P082,377,153.43,0,None
PR00544,2023-08-02,P002,473,53.98,0,None
PR00545,2023-05-05,P059,387,124.77,0,None
PR00546,2024-07-25,P020,470,106.5,0,None
PR00547,2024-07-03,P080,284,105.31,1,Overproduction
PR00548,2024-01-17,P066,269,109.87,0,None
PR00549,2024-08-14,P094,485,145.65,0,None
PR00550,2024-05-03,P084,377,116.27,0,None
PR00551,2024-07-15,P080,98,27.86,0,None
PR00552,2023-07-25,P056,175,68.1,0,None
PR00553,2024-03-11,P035,256,29.82,0,None
PR00554,2023-04-04,P072,400,122.17,0,None
PR00555,2024-01-10,P008,54,26.19,0,None
PR00556,2024-11-14,P027,154,72.51,0,None
PR00557,2023-05-23,P073,189,29.43,0,None
PR00558,2024-04-29,P084,61,12.12,0,None
PR00559,2023-09-10,P004,444,145.15,0,None
PR00560,2023-10-24,P026,232,97.77,0,None
PR00561,2024-10-17,P060,219,30.46,0,None
PR00562,2024-12-06,P021,204,101.13,0,None
PR00563,2023-04-03,P091,298,48.23,0,None
PR00564,2023-09-07,P066,77,10.76,0,None
PR00565,2024-11-28,P081,333,73.63,0,None
PR00566,2024-05-17,P043,141,53.71,0,None
PR00567,2024-05-11,P018,352,175.66,0,None
PR00568,2024-01-12,P077,148,53.48,0,None
PR00569,2024-03-04,P048,384,75.38,0,None
PR00570,2023-09-06,P068,270,115.0,0,None
PR00571,2024-09-21,P039,118,12.97,0,None
PR00572,2024-05-13,P027,243,57.1,0,None
PR00573,2024-11-24,P087,315,153.52,0,None
PR00574,2024-06-23,P074,159,52.3,0,None
PR00575,2023-11-28,P015,475,68.36,0,None
PR00576,2023-11-10,P037,102,36.56,0,None
PR00577,2023-07-03,P081,219,79.14,0,None
PR00578,2024-05-05,P011,445,93.05,0,None
PR00579,2024-10-14,P017,158,58.42,0,None
PR00580,2024-05-13,P049,206,81.52,0,None
PR00581,2024-06-29,P045,105,31.91,0,None
PR00582,2024-10-20,P006,323,74.32,7,Spoilage
PR00583,2023-02-21,P043,206,88.27,0,None
PR00584,2024-11-18,P033,115,13.49,0,None
PR00585,2023-02-22,P078,105,28.28,0,None
PR00586,2024-11-08,P087,488,189.36,0,None
PR00587,2024-03-25,P093,219,34.52,0,None
PR00588,2024-05-20,P038,120,59.57,10,Production Error
PR00589,2023-01-30,P080,59,6.0,0,None
PR00590,2023-06-03,P035,472,64.39,11,Defective Material
PR00591,2023-05-17,P063,271,92.05,0,None
PR00592,2023-05-05,P082,399,91.14,20,Production Error
PR00593,2023-12-16,P033,327,129.28,0,None
PR00594,2024-09-07,P096,469,217.35,0,None
PR00595,2024-05-05,P094,436,52.7,0,None
PR00596,2024-02-23,P054,344,147.93,0,None
PR00597,2024-06-17,P011,334,76.04,0,None
PR00598,2023-04-07,P083,396,76.91,0,None
PR00599,2024-12-24,P077,91,15.59,0,None
PR00600,2023-09-02,P038,140,57.5,0,None
PR00601,2024-08-05,P074,188,53.66,0,None
PR00602,2024-07-08,P010,402,179.93,0,None
PR00603,2023-11-20,P093,248,46.69,0,None
PR00604,2023-04-11,P078,119,56.64,0,None
PR00605,2023-04-10,P068,421,192.13,0,None
PR00606,2024-10-16,P066,82,30.44,0,None
PR00607,2024-12-17,P020,172,55.53,0,None
PR00608,2023-05-06,P080,181,33.2,0,None
PR00609,2023-01-13,P069,389,93.67,18,Overproduction
PR00610,2024-06-29,P100,57,14.61,0,None
PR00611,2023-04-02,P001,333,62.55,0,None
PR00612,2024-02-09,P034,159,63.4,0,None
PR00613,2024-09-21,P015,71,30.19,0,None
PR00614,2024-11-10,P045,107,32.67,0,None
PR00615,2024-01-25,P058,414,92.32,0,None
PR00616,2024-06-04,P085,169,45.46,0,None
PR00617,2024-04-17,P021,295,96.88,0,None
PR00618,2024-03-14,P078,82,26.8,0,None
PR00619,2023-09-19,P085,327,121.84,2,Spoilage
PR00620,2023-11-13,P043,341,36.58,0,None
PR00621,2024-03-12,P070,407,146.18,0,None
PR00622,2024-07-09,P036,440,151.24,0,None
PR00623,2023-02-22,P078,493,211.58,0,None
PR00624,2023-06-03,P041,332,125.2,0,None
PR00625,2024-06-27,P079,153,25.79,0,None
PR00626,2024-01-06,P074,424,107.67,0,None
PR00627,2023-10-25,P088,432,166.23,34,Defective Material
PR00628,2024-06-07,P047,168,46.79,0,None
PR00629,2023-04-05,P035,235,84.58,0,None
PR00630,2023-11-13,P073,314,137.79,0,None
PR00631,2024-05-09,P005,322,91.65,0,None
PR00632,2023-08-18,P012,252,48.79,0,None
PR00633,2023-08-18,P076,208,59.96,0,None
PR00634,2023-03-30,P006,142,63.54,10,Overproduction
PR00635,2023-04-17,P052,347,141.66,0,None
PR00636,2024-07-06,P058,371,168.68,0,None
PR00637,2023-03-07,P084,375,125.93,0,None
PR00638,2023-02-08,P029,221,101.05,0,None
PR00639,2024-05-11,P053,432,84.57,0,None
PR00640,2023-06-04,P031,255,34.43,0,None
PR00641,2023-10-03,P052,339,145.11,0,None
PR00642,2023-02-23,P068,380,176.15,0,None
PR00643,2024-12-16,P020,409,161.58,0,None
PR00644,2024-07-03,P044,356,153.46,0,None
PR00645,2024-09-29,P083,226,23.66,0,None
PR00646,2023-11-21,P046,298,136.16,0,None
PR00647,2024-10-02,P089,205,81.61,18,Production Error
PR00648,2023-12-17,P083,296,81.57,0,None
PR00649,2023-02-12,P007,391,173.1,0,None
PR00650,2024-01-16,P044,303,123.38,0,None
PR00651,2023-06-12,P026,492,219.18,0,None
PR00652,2024-02-19,P023,350,69.22,0,None
PR00653,2024-04-07,P019,348,155.84,0,None
PR00654,2024-11-08,P027,303,80.73,0,None
PR00655,2023-11-07,P064,58,27.68,0,None
PR00656,2024-12-28,P067,247,70.85,0,None
PR00657,2024-04-03,P015,335,102.74,0,None
PR00658,2024-07-07,P039,299,67.31,0,None
PR00659,2024-02-03,P025,140,20.2,0,None
PR00660,2023-06-16,P066,197,39.99,0,None
PR00661,2023-02-14,P020,298,115.54,0,None
PR00662,2024-03-11,P075,399,155.7,36,Overproduction
PR00663,2024-11-08,P005,344,42.12,0,None
PR00664,2023-07-20,P059,133,40.29,0,None
PR00665,2024-08-24,P074,79,26.51,0,None
PR00666,2023-12-31,P069,270,134.61,12,Spoilage
PR00667,2023-03-17,P078,239,36.48,0,None
PR00668,2023-12-30,P046,229,75.07,0,None
PR00669,2024-06-24,P054,50,23.92,3,Defective Material
PR00670,2024-02-29,P095,151,29.44,0,None
PR00671,2023-09-27,P079,194,70.89,0,None
PR00672,2024-05-20,P018,207,83.79,17,Production Error
PR00673,2024-04-22,P065,277,113.56,23,Production Error
PR00674,2023-05-21,P017,373,56.79,0,None
PR00675,2023-06-28,P063,120,27.39,0,None
PR00676,2023-10-07,P023,301,106.83,0,None
PR00677,2023-04-20,P063,349,162.11,0,None
PR00678,2023-03-23,P036,494,190.56,0,None
PR00679,2024-12-14,P029,278,116.48,0,None
PR00680,2024-02-16,P074,232,80.77,12,Spoilage
PR00681,2023-10-10,P030,279,118.39,0,None
PR00682,2024-08-09,P087,405,139.92,0,None
PR00683,2023-07-23,P093,91,9.24,0,None
PR00684,2023-11-25,P052,494,185.55,0,None
PR00685,2023-02-05,P026,423,90.17,0,None
PR00686,2024-06-15,P098,177,18.15,0,None
PR00687,2024-09-27,P085,274,65.48,8,Defective Material
PR00688,2024-07-24,P044,136,51.95,0,None
PR00689,2023-05-30,P018,403,130.52,0,None
PR00690,2023-05-31,P096,311,112.93,0,None
PR00691,2024-06-05,P061,84,32.68,0,None
PR00692,2024-07-30,P015,413,106.34,0,None
PR00693,2024-03-19,P056,128,56.07,0,None
PR00694,2023-07-27,P039,277,82.06,0,None
PR00695,2023-05-03,P049,411,145.24,0,None
PR00696,2024-06-08,P006,132,46.62,0,None
PR00697,2023-07-26,P046,69,14.86,0,None
PR00698,2024-04-27,P099,364,40.97,0,None
PR00699,2024-04-19,P067,350,68.85,19,Defective Material
PR00700,2023-05-23,P066,329,152.89,0,None
PR00701,2024-09-26,P059,383,60.98,31,Spoilage
PR00702,2024-08-31,P070,478,206.99,30,Defective Material
PR00703,2024-01-29,P036,392,173.06,0,None
PR00704,2023-09-16,P050,222,55.23,0,None
PR00705,2023-03-20,P053,263,95.1,0,None
PR00706,2023-10-25,P060,438,216.16,0,None
PR00707,2023-09-26,P067,318,84.84,0,None
PR00708,2023-02-14,P037,153,65.52,0,None
PR00709,2024-10-01,P043,245,43.6,0,None
PR00710,2023-06-18,P079,183,77.47,0,None
PR00711,2023-07-19,P072,454,160.22,0,None
PR00712,2023-05-22,P078,311,84.5,0,None
PR00713,2023-05-22,P037,151,70.38,6,Overproduction
PR00714,2023-10-24,P046,96,36.65,0,None
PR00715,2023-04-03,P064,74,25.84,0,None
PR00716,2024-02-06,P053,389,136.4,0,None
PR00717,2023-12-16,P083,458,184.44,0,None
PR00718,2024-07-04,P035,196,20.58,0,None
PR00719,2023-10-11,P041,423,205.8,21,Overproduction
PR00720,2023-11-04,P021,248,87.15,0,None
PR00721,2024-06-03,P096,381,147.5,0,None
PR00722,2023-06-07,P056,427,48.27,16,Overproduction
PR00723,2024-03-08,P073,494,79.56,0,None
PR00724,2024-02-10,P005,390,80.77,0,None
PR00725,2023-05-09,P041,299,74.36,21,Defective Material
PR00726,2024-10-22,P041,185,89.21,0,None
PR00727,2024-10-14,P044,50,21.31,0,None
PR00728,2023-08-13,P097,57,25.47,0,None
PR00729,2024-08-26,P007,170,61.47,0,None
PR00730,2023-05-10,P051,396,156.03,0,None
PR00731,2024-10-07,P037,268,88.18,0,None
PR00732,2024-05-17,P067,303,124.36,0,None
PR00733,2024-09-22,P077,291,113.53,0,None
PR00734,2024-12-12,P068,195,51.5,0,None
PR00735,2024-10-03,P005,489,105.3,0,None
PR00736,2023-12-11,P005,460,104.75,0,None
PR00737,2024-11-18,P070,445,208.79,0,None
PR00738,2024-11-12,P084,478,81.32,0,None
PR00739,2023-10-22,P069,397,135.78,0,None
PR00740,2023-05-27,P022,182,90.28,0,None
PR00741,2024-04-24,P090,245,41.72,0,None
PR00742,2023-08-20,P020,482,158.04,0,None
PR00743,2023-04-26,P070,411,181.26,0,None
PR00744,2024-12-29,P083,205,31.5,0,None
PR00745,2023-04-13,P067,331,150.46,20,Defective Material
PR00746,2023-01-25,P083,290,135.91,0,None
PR00747,2023-03-13,P062,97,15.96,0,None
PR00748,2023-06-26,P084,99,15.19,0,None
PR00749,2023-01-27,P070,381,125.88,0,None
PR00750,2023-09-11,P042,75,13.79,0,None
PR00751,2024-01-12,P081,262,119.48,0,None
PR00752,2024-11-26,P068,283,119.91,0,None
PR00753,2023-02-26,P051,110,12.51,0,None
PR00754,2024-12-01,P065,417,130.22,0,None
PR00755,2023-12-28,P041,157,20.46,0,None
PR00756,2023-07-06,P044,232,69.5,0,None
PR00757,2023-03-18,P017,79,25.71,0,None
PR00758,2024-12-08,P040,92,40.43,0,None
PR00759,2024-12-03,P068,145,68.89,0,None
PR00760,2024-09-26,P093,254,46.99,0,None
PR00761,2024-11-22,P057,494,112.82,0,None
PR00762,2024-06-07,P024,448,120.82,0,None
PR00763,2024-06-12,P004,250,90.59,0,None
PR00764,2024-05-16,P022,322,91.63,0,None
PR00765,2023-01-20,P090,435,217.07,0,None
PR00766,2023-06-20,P003,167,28.38,0,None
PR00767,2024-06-05,P095,387,152.61,23,Overproduction
PR00768,2024-11-15,P083,144,42.8,0,None
PR00769,2024-08-31,P027,268,58.07,0,None
PR00770,2024-01-22,P058,220,87.92,0,None
PR00771,2024-11-24,P098,392,133.98,16,Spoilage
PR00772,2024-02-16,P021,300,84.57,16,Overproduction
PR00773,2023-12-22,P050,449,88.41,0,None
PR00774,2024-04-03,P002,299,128.76,12,Defective Material
PR00775,2023-02-02,P030,476,80.87,39,Production Error
PR00776,2023-08-01,P067,63,20.66,0,None
PR00777,2023-09-13,P081,333,152.86,0,None
PR00778,2024-05-31,P078,344,86.51,0,None
PR00779,2024-01-19,P026,65,27.3,0,None
PR00780,2023-01-26,P074,408,131.15,0,None
PR00781,2024-08-07,P096,481,99.59,0,None
PR00782,2023-12-21,P042,329,76.2,0,None
PR00783,2023-03-17,P090,190,27.92,0,None
PR00784,2023-04-12,P094,404,44.45,0,None
PR00785,2024-01-24,P013,466,214.32,2,Defective Material
PR00786,2023-01-28,P032,304,41.04,0,None
PR00787,2023-08-02,P051,69,21.62,0,None
PR00788,2023-06-02,P083,149,47.36,0,None
PR00789,2023-04-29,P045,384,115.34,0,None
PR00790,2023-07-01,P091,104,47.19,0,None
PR00791,2023-08-18,P099,264,77.29,0,None
PR00792,2024-02-12,P082,342,77.07,0,None
PR00793,2024-05-06,P100,50,15.21,2,Production Error
PR00794,2023-11-17,P067,420,104.03,0,None
PR00795,2024-12-18,P058,140,52.08,0,None
PR00796,2023-07-08,P039,370,94.28,0,None
PR00797,2024-09-23,P070,255,47.41,0,None
PR00798,2024-10-13,P020,251,57.45,0,None
PR00799,2024-04-16,P083,435,145.96,40,Production Error
PR00800,2024-04-06,P085,312,65.32,0,None
PR00801,2023-06-18,P081,108,27.78,0,None
PR00802,2024-11-01,P028,346,148.34,0,None
PR00803,2024-03-30,P039,226,37.28,0,None
PR00804,2023-02-09,P076,298,89.3,0,None
PR00805,2023-11-30,P016,110,21.09,0,None
PR00806,2024-04-29,P036,460,133.45,0,None
PR00807,2023-12-14,P099,249,34.31,0,None
PR00808,2023-01-27,P006,224,37.53,0,None
PR00809,2023-09-12,P056,128,35.88,0,None
PR00810,2023-01-03,P022,126,29.09,0,None
PR00811,2023-01-26,P007,62,7.26,0,None
PR00812,2024-06-30,P006,413,120.5,0,None
PR00813,2023-11-09,P016,289,60.09,0,None
PR00814,2024-09-19,P073,158,47.14,0,None
PR00815,2024-11-05,P053,68,31.75,0,None
PR00816,2024-10-05,P033,496,113.41,0,None
PR00817,2023-06-02,P031,342,46.72,33,Defective Material
PR00818,2024-10-09,P033,294,139.09,0,None
PR00819,2024-04-21,P032,346,65.91,22,Overproduction
PR00820,2023-10-06,P051,107,51.87,0,None
PR00821,2023-09-27,P058,237,103.5,15,Production Error
PR00822,2023-06-07,P046,416,120.34,0,None
PR00823,2024-06-13,P033,271,28.98,0,None
PR00824,2023-05-02,P096,482,221.39,0,None
PR00825,2023-10-07,P092,427,180.71,0,None
PR00826,2023-07-19,P030,261,89.95,3,Overproduction
PR00827,2023-01-26,P069,307,128.42,0,None
PR00828,2024-07-20,P019,407,61.56,0,None
PR00829,2024-01-14,P065,118,14.9,0,None
PR00830,2023-03-22,P077,53,8.91,0,None
PR00831,2023-04-22,P028,449,53.69,0,None
PR00832,2024-03-22,P022,287,81.4,0,None
PR00833,2024-11-05,P006,334,91.52,0,None
PR00834,2024-08-17,P069,251,106.43,0,None
PR00835,2024-05-02,P083,393,88.26,7,Spoilage
PR00836,2024-07-09,P088,487,94.51,0,None
PR00837,2023-04-18,P060,458,131.19,0,None
PR00838,2024-05-09,P090,235,97.59,0,None
PR00839,2023-02-22,P038,450,101.82,0,None
PR00840,2023-01-16,P022,431,125.26,0,None
PR00841,2023-03-21,P007,95,20.72,0,None
PR00842,2024-05-18,P025,52,24.19,0,None
PR00843,2024-10-06,P068,333,89.35,0,None
PR00844,2023-11-25,P080,228,85.69,0,None
PR00845,2023-08-26,P091,423,43.06,0,None
PR00846,2024-12-30,P040,265,100.36,15,Defective Material
PR00847,2024-02-17,P034,267,68.75,0,None
PR00848,2023-12-26,P099,274,59.96,0,None
PR00849,2023-07-10,P025,336,86.4,0,None
PR00850,2024-07-18,P016,223,111.16,0,None
PR00851,2023-11-24,P069,292,129.74,0,None
PR00852,2024-03-02,P074,80,8.02,0,None
PR00853,2024-04-30,P046,456,204.62,0,None
PR00854,2023-02-21,P042,221,109.18,0,None
PR00855,2024-02-21,P031,255,111.61,0,None
PR00856,2023-06-16,P077,390,48.21,0,None
PR00857,2024-08-03,P083,204,83.61,0,None
PR00858,2023-01-16,P083,406,72.05,0,None
PR00859,2024-09-30,P019,215,97.29,0,None
PR00860,2023-07-07,P099,221,62.07,0,None
PR00861,2024-12-23,P019,352,41.65,0,None
PR00862,2024-08-08,P048,158,24.48,10,Production Error
PR00863,2024-11-12,P047,472,95.48,0,None
PR00864,2023-04-27,P094,399,130.45,25,Defective Material
PR00865,2024-10-30,P056,56,15.61,0,None
PR00866,2023-02-19,P060,304,146.97,0,None
PR00867,2023-12-08,P038,107,41.21,0,None
PR00868,2024-01-01,P019,178,23.16,0,None
PR00869,2023-10-11,P021,257,110.64,0,None
PR00870,2023-10-17,P044,248,87.27,0,None
PR00871,2024-10-12,P090,208,70.53,0,None
PR00872,2024-04-07,P034,482,179.4,0,None
PR00873,2024-06-30,P084,348,49.08,0,None
PR00874,2023-02-09,P019,276,75.44,0,None
PR00875,2023-10-12,P061,93,33.09,0,None
PR00876,2024-04-08,P100,103,44.85,7,Defective Material
PR00877,2024-10-27,P079,306,75.51,0,None
PR00878,2023-09-09,P062,366,128.82,0,None
PR00879,2023-01-15,P042,253,50.57,0,None
PR00880,2024-04-26,P026,389,140.98,0,None
PR00881,2024-01-17,P024,290,66.3,0,None
PR00882,2024-04-11,P049,167,18.68,0,None
PR00883,2024-12-15,P027,225,29.93,6,Overproduction
PR00884,2024-06-10,P031,242,102.18,0,None
PR00885,2023-12-04,P030,79,39.39,2,Spoilage
PR00886,2024-01-10,P050,90,43.97,0,None
PR00887,2024-12-25,P045,261,72.99,0,None
PR00888,2023-04-22,P093,341,70.87,0,None
PR00889,2023-11-13,P075,55,17.39,2,Overproduction
PR00890,2023-11-30,P092,111,31.7,3,Production Error
PR00891,2023-08-24,P002,455,138.94,0,None
PR00892,2024-01-27,P019,409,92.55,0,None
PR00893,2024-03-25,P033,385,50.41,0,None
PR00894,2023-07-10,P100,358,40.22,0,None
PR00895,2024-01-05,P009,409,68.32,0,None
PR00896,2023-04-23,P026,289,42.97,0,None
PR00897,2023-04-11,P053,263,32.64,0,None
PR00898,2023-11-26,P100,81,24.43,0,None
PR00899,2023-02-25,P022,271,92.29,0,None
PR00900,2024-08-15,P048,476,224.31,0,None
PR00901,2024-01-26,P078,490,88.83,0,None
PR00902,2023-03-31,P087,236,67.76,0,None
PR00903,2024-11-15,P089,78,14.72,0,None
PR00904,2023-09-26,P086,414,182.02,0,None
PR00905,2023-10-23,P098,408,174.45,0,None
PR00906,2024-02-28,P052,309,148.57,0,None
PR00907,2024-12-19,P043,69,28.65,3,Defective Material
PR00908,2023-04-09,P082,167,78.58,0,None
PR00909,2023-07-04,P081,199,63.53,0,None
PR00910,2023-01-21,P092,238,39.14,0,None
PR00911,2023-09-03,P096,310,75.52,0,None
PR00912,2023-10-02,P088,279,28.83,2,Defective Material
PR00913,2023-02-05,P087,339,91.79,5,Defective Material
PR00914,2023-12-29,P054,428,63.25,0,None
PR00915,2023-08-30,P096,443,87.48,0,None
PR00916,2024-03-18,P052,262,35.58,0,None
PR00917,2024-03-26,P046,94,18.41,0,None
PR00918,2023-06-13,P099,402,68.83,19,Defective Material
PR00919,2023-01-13,P079,256,34.01,0,None
PR00920,2024-09-30,P047,233,33.68,0,None
PR00921,2023-11-04,P032,56,27.88,0,None
PR00922,2023-04-05,P022,187,92.85,0,None
PR00923,2024-02-03,P060,214,67.1,0,None
PR00924,2024-10-22,P039,60,24.95,0,None
PR00925,2024-02-08,P003,363,82.65,24,Spoilage
PR00926,2023-07-13,P017,332,70.58,0,None
PR00927,2024-12-24,P048,103,45.46,0,None
PR00928,2023-07-27,P039,113,16.47,6,Defective Material
PR00929,2023-10-14,P062,336,63.74,17,Defective Material
PR00930,2024-01-28,P076,491,174.86,48,Overproduction
PR00931,2023-10-10,P078,345,113.08,0,None
PR00932,2023-08-01,P035,371,87.49,0,None
PR00933,2024-09-24,P005,370,104.86,0,None
PR00934,2023-03-21,P096,224,96.7,0,None
PR00935,2023-03-02,P093,363,164.45,0,None
PR00936,2023-07-28,P084,204,61.7,0,None
PR00937,2024-05-19,P023,458,77.64,0,None
PR00938,2023-04-30,P087,297,60.25,22,Defective Material
PR00939,2023-09-21,P030,278,102.84,0,None
PR00940,2024-03-16,P094,181,52.09,0,None
PR00941,2023-10-21,P017,52,13.06,0,None
PR00942,2024-11-18,P067,415,81.77,0,None
PR00943,2024-04-23,P066,99,36.39,0,None
PR00944,2023-09-05,P050,395,100.88,0,None
PR00945,2024-01-30,P035,139,65.88,0,None
PR00946,2024-04-21,P037,426,162.32,0,None
PR00947,2024-11-06,P072,461,151.2,0,None
PR00948,2023-09-19,P047,301,63.56,0,None
PR00949,2024-08-31,P030,361,141.68,0,None
PR00950,2024-06-16,P004,396,98.11,0,None
PR00951,2024-10-14,P060,113,50.34,0,None
PR00952,2024-09-28,P019,75,28.55,0,None
PR00953,2024-12-10,P039,214,104.51,0,None
PR00954,2024-06-29,P015,126,47.63,0,None
PR00955,2024-06-26,P081,391,139.6,0,None
PR00956,2024-06-28,P010,458,46.62,0,None
PR00957,2024-04-28,P018,219,61.2,0,None
PR00958,2024-02-05,P030,468,87.97,0,None
PR00959,2024-02-04,P022,362,174.44,0,None
PR00960,2023-05-25,P026,460,49.51,0,None
PR00961,2024-01-06,P062,67,21.69,0,None
PR00962,2024-11-28,P021,351,136.05,0,None
PR00963,2024-01-15,P066,480,179.55,0,None
PR00964,2023-02-17,P060,245,87.6,0,None
PR00965,2023-10-05,P080,266,47.93,0,None
PR00966,2023-01-24,P031,244,109.69,0,None
PR00967,2024-05-26,P071,365,180.84,11,Spoilage
PR00968,2024-02-14,P100,178,58.67,0,None
PR00969,2023-06-15,P033,404,132.82,21,Overproduction
PR00970,2023-06-02,P084,176,63.14,0,None
PR00971,2023-10-11,P084,343,72.01,0,None
PR00972,2023-03-18,P013,257,36.28,0,None
PR00973,2024-01-15,P017,87,22.82,0,None
PR00974,2024-03-19,P005,299,47.93,0,None
PR00975,2024-07-04,P076,326,144.63,0,None
PR00976,2023-01-12,P042,81,10.63,0,None
PR00977,2024-01-09,P059,442,176.82,0,None
PR00978,2024-11-09,P029,130,40.22,0,None
PR00979,2024-09-10,P060,449,154.96,0,None
PR00980,2023-04-23,P078,444,190.68,0,None
PR00981,2024-06-07,P061,118,52.32,0,None
PR00982,2023-09-04,P063,173,65.91,0,None
PR00983,2024-01-30,P088,334,158.93,6,Defective Material
PR00984,2023-06-04,P067,363,45.35,11,Spoilage
PR00985,2024-02-15,P046,287,35.59,0,None
PR00986,2024-08-09,P030,285,83.15,0,None
PR00987,2024-02-04,P100,339,76.92,0,None
PR00988,2024-11-25,P092,480,136.94,0,None
PR00989,2023-11-10,P097,173,52.84,0,None
PR00990,2023-08-19,P060,356,139.24,0,None
PR00991,2023-02-12,P063,203,76.87,0,None
PR00992,2023-09-05,P014,206,40.14,0,None
PR00993,2023-08-29,P076,78,19.81,5,Overproduction
PR00994,2023-08-19,P020,98,46.94,0,None
PR00995,2024-06-10,P020,322,60.42,0,None
PR00996,2023-11-07,P071,103,33.61,0,None
PR00997,2024-07-01,P034,418,101.79,0,None
PR00998,2023-01-27,P046,193,40.7,0,None
PR00999,2024-03-14,P041,400,113.51,0,None
PR01000,2023-08-16,P081,350,75.08,2,Production Error
PR01001,2023-07-01,P065,388,133.52,0,None
PR01002,2023-02-11,P037,313,52.72,0,None
PR01003,2024-01-14,P007,411,119.36,0,None
PR01004,2023-09-13,P009,496,163.54,22,Overproduction
PR01005,2023-03-29,P028,85,14.8,0,None
PR01006,2023-03-17,P012,322,130.31,0,None
PR01007,2024-04-21,P014,310,60.9,0,None
PR01008,2023-03-07,P047,424,140.66,32,Overproduction
PR01009,2024-10-22,P082,254,99.66,0,None
PR01010,2023-05-30,P016,443,143.96,0,None
PR01011,2023-07-16,P046,430,182.73,0,None
PR01012,2024-10-08,P048,488,227.64,0,None
PR01013,2023-02-18,P018,165,27.12,0,None
PR01014,2024-11-05,P066,390,67.92,0,None
PR01015,2023-08-24,P020,300,33.05,26,Overproduction
PR01016,2023-01-01,P009,390,87.88,0,None
PR01017,2023-12-10,P038,244,102.94,17,Spoilage
PR01018,2024-08-11,P063,469,52.78,29,Overproduction
PR01019,2023-04-17,P056,100,48.55,5,Spoilage
PR01020,2023-08-06,P072,417,202.19,0,None
PR01021,2023-10-24,P042,499,97.11,0,None
PR01022,2023-03-12,P036,359,74.07,0,None
PR01023,2024-12-20,P098,401,102.93,0,None
PR01024,2024-07-23,P057,329,156.51,0,None
PR01025,2024-01-01,P050,151,27.59,0,None
PR01026,2024-01-08,P018,255,31.8,0,None
PR01027,2023-11-18,P009,482,186.73,0,None
PR01028,2023-05-19,P094,192,83.53,3,Defective Material
PR01029,2023-05-18,P060,193,31.62,0,None
PR01030,2024-07-21,P058,488,97.5,0,None
PR01031,2023-09-22,P036,294,40.39,0,None
PR01032,2023-07-31,P088,181,66.48,0,None
PR01033,2023-03-15,P083,485,74.99,0,None
PR01034,2023-12-31,P083,192,28.3,0,None
PR01035,2024-02-13,P023,229,32.18,19,Overproduction
PR01036,2024-10-06,P018,408,61.76,0,None
PR01037,2024-11-20,P064,428,179.27,0,None
PR01038,2023-10-18,P079,63,18.15,0,None
PR01039,2023-02-14,P020,282,64.98,0,None
PR01040,2023-08-24,P044,392,104.02,38,Defective Material
PR01041,2023-04-25,P040,299,71.16,0,None
PR01042,2023-09-10,P008,161,68.75,0,None
PR01043,2023-09-09,P088,318,149.55,0,None
PR01044,2023-11-07,P065,71,20.77,4,Defective Material
PR01045,2023-05-28,P051,323,143.0,0,None
PR01046,2023-04-06,P007,176,46.14,0,None
PR01047,2024-03-19,P043,259,93.21,0,None
PR01048,2023-07-10,P058,449,126.71,0,None
PR01049,2023-04-19,P007,323,98.5,0,None
PR01050,2023-10-06,P058,354,138.71,0,None
PR01051,2024-09-04,P085,354,129.82,0,None
PR01052,2024-06-04,P045,299,82.63,0,None
PR01053,2023-05-24,P024,395,178.85,0,None
PR01054,2024-07-12,P009,227,98.67,0,None
PR01055,2024-01-18,P052,348,76.48,0,None
PR01056,2023-11-30,P078,152,49.06,0,None
PR01057,2023-09-12,P041,397,191.86,26,Defective Material
PR01058,2024-06-30,P069,354,50.7,28,Production Error
PR01059,2023-09-11,P004,181,64.55,0,None
PR01060,2023-06-28,P028,86,33.92,0,None
PR01061,2023-05-06,P080,213,101.67,0,None
PR01062,2023-03-31,P089,178,55.79,7,Overproduction
PR01063,2023-05-19,P004,195,54.7,0,None
PR01064,2024-03-12,P010,308,119.56,0,None
PR01065,2024-01-19,P039,140,45.75,0,None
PR01066,2024-01-01,P007,166,80.86,0,None
PR01067,2024-05-02,P063,468,232.61,0,None
PR01068,2023-10-03,P078,262,73.42,0,None
PR01069,2023-09-04,P060,435,176.63,2,Spoilage
PR01070,2024-12-01,P070,280,72.47,0,None
PR01071,2023-02-01,P035,164,30.78,10,Overproduction
PR01072,2023-11-17,P100,498,101.04,0,None
PR01073,2023-01-24,P089,83,18.79,7,Production Error
PR01074,2023-09-22,P067,78,25.95,0,None
PR01075,2023-09-09,P079,120,53.98,0,None
PR01076,2023-03-21,P047,473,71.42,0,None
PR01077,2023-10-20,P004,268,57.33,0,None
PR01078,2024-07-18,P070,335,88.79,0,None
PR01079,2023-01-03,P059,270,31.51,19,Defective Material
PR01080,2023-01-15,P058,470,130.15,29,Defective Material
PR01081,2024-03-04,P089,278,52.23,0,None
PR01082,2024-04-26,P044,255,59.97,0,None
PR01083,2024-03-25,P053,353,45.86,0,None
PR01084,2023-12-08,P071,482,118.74,0,None
PR01085,2023-07-20,P036,372,64.31,33,Production Error
PR01086,2024-02-16,P068,405,107.14,16,Production Error
PR01087,2023-07-10,P086,416,158.35,0,None
PR01088,2023-03-20,P065,435,149.33,0,None
PR01089,2024-04-17,P001,485,173.6,0,None
PR01090,2024-10-15,P088,213,21.87,0,None
PR01091,2023-08-13,P035,472,130.83,0,None
PR01092,2023-07-17,P090,416,149.67,36,Production Error
PR01093,2023-05-30,P091,141,25.83,12,Overproduction
PR01094,2024-07-09,P050,237,70.13,0,None
PR01095,2024-04-12,P068,304,131.31,15,Overproduction
PR01096,2023-02-03,P047,184,57.89,0,None
PR01097,2024-10-10,P036,252,41.8,0,None
PR01098,2023-03-17,P067,148,42.32,0,None
PR01099,2024-05-09,P047,260,101.87,9,Defective Material
PR01100,2024-08-13,P076,308,76.85,0,None
PR01101,2024-01-05,P028,228,27.74,0,None
PR01102,2023-09-05,P088,80,18.49,0,None
PR01103,2024-12-10,P025,60,6.03,0,None
PR01104,2023-01-28,P020,181,61.35,0,None
PR01105,2024-12-02,P018,246,117.19,0,None
PR01106,2023-09-25,P075,73,21.62,0,None
PR01107,2024-04-25,P033,202,56.63,0,None
PR01108,2024-06-15,P008,264,113.35,0,None
PR01109,2024-11-21,P079,284,124.1,0,None
PR01110,2024-05-27,P011,264,41.06,0,None
PR01111,2024-09-08,P045,200,76.07,0,None
PR01112,2023-07-24,P074,295,89.92,0,None
PR01113,2023-12-28,P016,498,117.83,0,None
PR01114,2023-11-27,P023,170,24.58,0,None
PR01115,2023-01-09,P078,218,93.55,0,None
PR01116,2023-09-17,P005,132,42.12,0,None
PR01117,2023-01-10,P078,362,103.86,0,None
PR01118,2024-04-08,P088,372,83.4,0,None
PR01119,2023-03-19,P003,261,92.17,23,Spoilage
PR01120,2023-12-25,P094,493,179.19,0,None
PR01121,2024-08-02,P033,369,128.58,23,Production Error
PR01122,2024-10-28,P028,161,63.43,0,None
PR01123,2024-06-11,P014,174,57.2,2,Spoilage
PR01124,2023-08-25,P009,142,69.72,0,None
PR01125,2023-03-14,P100,102,27.87,0,None
PR01126,2024-07-17,P100,224,92.22,0,None
PR01127,2023-12-24,P028,499,168.47,0,None
PR01128,2023-02-06,P071,172,52.3,0,None
PR01129,2024-03-25,P037,194,75.74,0,None
PR01130,2023-04-19,P020,141,64.89,0,None
PR01131,2024-04-17,P079,103,14.78,0,None
PR01132,2023-05-16,P052,126,22.57,0,None
PR01133,2023-05-18,P097,209,50.13,0,None
PR01134,2023-05-14,P098,237,84.63,0,None
PR01135,2024-08-11,P058,98,39.95,0,None
PR01136,2024-12-24,P055,72,29.05,0,None
PR01137,2023-10-24,P013,52,12.46,0,None
PR01138,2024-10-25,P079,345,113.92,0,None
PR01139,2024-06-04,P001,411,115.92,0,None
PR01140,2023-01-01,P093,399,57.71,0,None
PR01141,2023-01-12,P095,261,49.76,0,None
PR01142,2024-02-26,P051,187,21.59,0,None
PR01143,2023-07-17,P074,82,9.89,0,None
PR01144,2024-10-01,P050,433,145.53,0,None
PR01145,2024-08-25,P040,388,106.95,0,None
PR01146,2024-09-30,P018,474,166.87,0,None
PR01147,2024-08-12,P009,197,47.34,0,None
PR01148,2023-08-24,P027,403,55.33,0,None
PR01149,2023-01-23,P099,168,19.97,3,Defective Material
PR01150,2024-09-11,P036,308,83.48,0,None
PR01151,2024-06-05,P086,54,26.46,0,None
PR01152,2023-07-12,P069,78,30.38,0,None
PR01153,2023-01-31,P077,435,177.36,27,Production Error
PR01154,2024-08-11,P082,423,91.43,0,None
PR01155,2024-10-25,P003,103,48.29,0,None
PR01156,2024-10-13,P005,105,27.18,1,Overproduction
PR01157,2023-11-16,P053,345,64.99,0,None
PR01158,2023-09-12,P066,258,103.98,0,None
PR01159,2023-04-06,P046,346,107.83,0,None
PR01160,2024-04-17,P081,97,30.69,0,None
PR01161,2024-05-22,P031,117,29.95,0,None
PR01162,2024-05-09,P010,427,191.3,0,None
PR01163,2024-08-29,P099,156,16.59,0,None
PR01164,2023-05-09,P055,107,15.42,0,None
PR01165,2023-04-07,P038,408,71.29,0,None
PR01166,2024-05-15,P020,318,88.1,13,Production Error
PR01167,2024-08-23,P047,153,40.19,14,Production Error
PR01168,2023-03-07,P096,70,29.69,0,None
PR01169,2024-10-12,P080,342,156.17,0,None
PR01170,2023-02-28,P015,59,18.18,0,None
PR01171,2023-12-26,P031,77,8.85,0,None
PR01172,2024-04-14,P083,343,164.64,0,None
PR01173,2024-10-06,P067,359,171.09,1,Spoilage
PR01174,2024-06-19,P095,280,40.32,0,None
PR01175,2023-07-29,P089,286,94.46,0,None
PR01176,2023-09-20,P099,289,39.73,0,None
PR01177,2024-08-07,P028,67,13.66,0,None
PR01178,2023-05-06,P070,55,25.34,0,None
PR01179,2023-08-20,P072,481,141.36,0,None
PR01180,2023-01-19,P095,179,41.68,0,None
PR01181,2023-10-11,P092,277,50.93,25,Production Error
PR01182,2024-12-16,P038,321,142.03,0,None
PR01183,2023-04-15,P012,98,13.38,8,Spoilage
PR01184,2023-04-25,P040,330,140.13,0,None
PR01185,2023-02-26,P073,349,153.69,0,None
PR01186,2023-10-09,P092,316,127.09,0,None
PR01187,2024-01-27,P093,483,87.01,13,Defective Material
PR01188,2024-01-13,P038,431,123.08,0,None
PR01189,2024-06-05,P076,363,74.62,0,None
PR01190,2024-06-15,P061,185,79.04,0,None
PR01191,2024-02-21,P048,299,64.51,0,None
PR01192,2023-09-06,P077,434,133.2,0,None
PR01193,2023-07-23,P089,83,35.11,7,Overproduction
PR01194,2024-05-24,P047,150,71.9,5,Overproduction
PR01195,2023-12-16,P025,176,81.72,0,None
PR01196,2023-03-05,P081,245,29.61,0,None
PR01197,2023-08-27,P063,220,93.06,0,None
PR01198,2024-05-22,P067,479,95.3,0,None
PR01199,2023-12-25,P009,139,45.05,12,Spoilage
PR01200,2023-04-17,P047,144,66.21,0,None
PR01201,2024-05-15,P013,302,53.64,0,None
PR01202,2023-02-09,P082,147,24.66,0,None
PR01203,2024-10-02,P003,228,97.27,0,None
PR01204,2024-12-11,P031,440,159.46,0,None
PR01205,2023-08-23,P076,493,215.84,0,None
PR01206,2023-03-09,P017,267,103.67,22,Spoilage
PR01207,2024-09-26,P074,234,99.86,0,None
PR01208,2024-07-21,P055,159,46.79,11,Production Error
PR01209,2023-08-21,P004,315,66.19,0,None
PR01210,2023-06-07,P098,351,36.87,0,None
PR01211,2023-03-07,P097,421,175.05,0,None
PR01212,2024-04-26,P073,238,34.48,0,None
PR01213,2023-08-09,P094,285,40.22,0,None
PR01214,2024-06-09,P048,443,171.52,0,None
PR01215,2024-12-11,P051,457,198.88,0,None
PR01216,2024-12-17,P040,56,8.77,0,None
PR01217,2024-05-05,P098,391,193.24,0,None
PR01218,2024-11-13,P020,302,45.47,0,None
PR01219,2023-11-27,P025,114,49.16,9,Production Error
PR01220,2023-02-01,P050,279,88.3,22,Overproduction
PR01221,2023-06-27,P059,102,28.91,8,Production Error
PR01222,2023-10-13,P008,275,130.17,0,None
PR01223,2023-07-18,P014,443,127.4,0,None
PR01224,2023-03-21,P060,288,28.83,15,Overproduction
PR01225,2023-04-02,P090,173,27.31,0,None
PR01226,2024-10-15,P028,131,16.01,0,None
PR01227,2024-03-24,P050,287,107.94,0,None
PR01228,2023-01-21,P055,311,35.06,0,None
PR01229,2024-04-06,P032,144,16.57,0,None
PR01230,2023-04-17,P080,110,15.46,5,Defective Material
PR01231,2023-10-05,P095,224,24.56,0,None
PR01232,2023-10-10,P007,296,141.16,0,None
PR01233,2024-08-04,P032,460,221.83,0,None
PR01234,2023-02-06,P043,208,59.9,0,None
PR01235,2023-09-10,P068,65,29.16,3,Spoilage
PR01236,2023-01-28,P062,273,106.28,0,None
PR01237,2023-04-17,P084,499,241.49,10,Defective Material
PR01238,2024-05-11,P032,100,46.82,0,None
PR01239,2023-07-03,P057,493,88.03,0,None
PR01240,2024-11-03,P010,310,89.79,0,None
PR01241,2023-11-11,P041,442,212.84,0,None
PR01242,2024-12-17,P074,301,57.88,0,None
PR01243,2024-07-12,P011,294,88.98,0,None
PR01244,2024-03-11,P096,187,42.88,0,None
PR01245,2023-04-29,P032,306,93.28,3,Spoilage
PR01246,2023-08-28,P082,70,14.19,0,None
PR01247,2024-12-19,P068,58,11.79,0,None
PR01248,2024-03-09,P069,95,45.22,0,None
PR01249,2024-09-01,P015,54,20.28,3,Defective Material
PR01250,2023-11-12,P087,86,15.73,0,None
PR01251,2023-07-21,P068,159,38.11,0,None
PR01252,2023-05-06,P027,360,125.77,0,None
PR01253,2023-05-21,P051,238,46.35,0,None
PR01254,2024-11-17,P099,413,118.48,0,None
PR01255,2024-04-08,P034,89,24.38,5,Defective Material
PR01256,2024-12-06,P083,205,93.25,0,None
PR01257,2023-07-31,P050,476,205.35,0,None
PR01258,2023-04-22,P031,109,13.11,0,None
PR01259,2024-09-19,P018,222,88.53,0,None
PR01260,2023-12-14,P045,294,41.24,0,None
PR01261,2024-07-20,P094,223,67.2,0,None
PR01262,2023-09-14,P053,477,233.68,0,None
PR01263,2023-01-17,P061,215,95.01,0,None
PR01264,2024-04-15,P055,364,143.88,0,None
PR01265,2024-02-16,P008,486,136.35,14,Spoilage
PR01266,2024-09-10,P025,375,151.84,9,Overproduction
PR01267,2023-08-30,P071,198,35.73,0,None
PR01268,2024-12-06,P043,151,56.69,0,None
PR01269,2023-11-07,P089,497,164.29,0,None
PR01270,2024-05-05,P091,389,164.31,0,None
PR01271,2024-04-20,P047,210,73.18,0,None
PR01272,2024-07-21,P001,344,101.97,0,None
PR01273,2024-02-16,P019,283,30.19,0,None
PR01274,2023-08-15,P094,107,39.18,0,None
PR01275,2024-11-04,P019,54,6.22,0,None
PR01276,2023-06-13,P058,256,78.7,0,None
PR01277,2023-04-18,P012,378,81.8,0,None
PR01278,2023-09-15,P066,168,52.7,0,None
PR01279,2023-08-13,P046,124,30.98,0,None
PR01280,2024-01-04,P077,70,24.33,0,None
PR01281,2024-05-24,P009,111,31.05,0,None
PR01282,2023-10-08,P049,228,102.9,0,None
PR01283,2023-02-07,P078,437,205.5,0,None
PR01284,2024-07-01,P062,175,52.16,16,Overproduction
PR01285,2024-03-23,P035,178,48.7,0,None
PR01286,2024-08-15,P087,229,62.72,0,None
PR01287,2023-04-26,P056,114,30.33,3,Overproduction
PR01288,2024-12-27,P062,145,15.97,0,None
PR01289,2023-09-13,P063,239,47.45,0,None
PR01290,2023-09-06,P015,260,87.46,0,None
PR01291,2024-01-05,P060,357,41.46,0,None
PR01292,2023-03-05,P041,328,134.29,0,None
PR01293,2024-04-04,P093,405,134.86,31,Defective Material
PR01294,2023-10-11,P009,439,115.31,0,None
PR01295,2023-06-20,P029,121,40.1,0,None
PR01296,2024-01-01,P072,331,95.33,0,None
PR01297,2023-06-16,P088,156,28.48,0,None
PR01298,2023-08-19,P051,97,23.59,0,None
PR01299,2023-06-11,P052,271,44.26,0,None
PR01300,2024-10-26,P054,269,116.51,0,None
PR01301,2024-12-20,P042,352,162.89,0,None
PR01302,2024-05-17,P019,103,11.41,0,None
PR01303,2024-04-30,P033,469,230.71,0,None
PR01304,2024-06-18,P018,426,57.52,0,None
PR01305,2023-08-19,P030,294,30.24,1,Production Error
PR01306,2024-11-08,P010,428,104.15,0,None
PR01307,2023-09-28,P061,114,24.2,0,None
PR01308,2024-07-20,P072,426,203.14,0,None
PR01309,2023-05-06,P048,125,36.25,0,None
PR01310,2023-09-27,P004,71,11.36,0,None
PR01311,2024-06-17,P001,346,96.16,0,None
PR01312,2023-10-04,P038,68,13.01,5,Spoilage
PR01313,2023-04-06,P031,140,24.76,0,None
PR01314,2023-05-03,P062,263,40.63,0,None
PR01315,2023-03-13,P021,103,30.93,0,None
PR01316,2024-10-01,P021,112,42.05,0,None
PR01317,2023-02-28,P030,313,100.14,30,Overproduction
PR01318,2023-09-17,P023,311,48.62,0,None
PR01319,2023-04-16,P025,256,87.88,0,None
PR01320,2023-10-12,P032,320,104.36,0,None
PR01321,2023-06-25,P001,358,40.72,0,None
PR01322,2023-02-13,P098,236,83.13,0,None
PR01323,2023-03-17,P084,151,64.36,0,None
PR01324,2024-01-25,P085,358,173.23,0,None
PR01325,2024-07-21,P099,199,35.31,0,None
PR01326,2024-08-24,P051,380,111.68,0,None
PR01327,2024-07-13,P009,277,102.78,0,None
PR01328,2023-10-05,P043,459,103.96,8,Defective Material
PR01329,2023-11-10,P028,479,166.96,0,None
PR01330,2024-03-31,P001,250,68.57,0,None
PR01331,2024-05-04,P094,234,110.69,0,None
PR01332,2024-01-07,P047,110,20.82,0,None
PR01333,2023-12-29,P025,175,60.1,0,None
PR01334,2023-10-05,P057,313,87.89,0,None
PR01335,2024-01-12,P044,299,84.31,0,None
PR01336,2024-10-24,P049,107,37.33,6,Defective Material
PR01337,2023-11-01,P004,130,19.79,0,None
PR01338,2023-11-06,P073,134,24.71,0,None
PR01339,2024-03-05,P043,266,86.89,0,None
PR01340,2023-06-29,P083,207,95.09,0,None
PR01341,2023-12-31,P005,479,194.34,0,None
PR01342,2023-10-12,P001,444,168.21,25,Defective Material
PR01343,2023-05-16,P094,458,140.05,25,Spoilage
PR01344,2023-08-11,P092,183,34.27,1,Overproduction
PR01345,2023-09-08,P059,249,27.5,0,None
PR01346,2023-07-04,P047,338,95.59,26,Spoilage
PR01347,2024-08-11,P030,363,156.34,0,None
PR01348,2023-08-08,P078,168,34.42,0,None
PR01349,2024-07-15,P006,457,110.76,42,Production Error
PR01350,2024-02-27,P064,491,86.92,0,None
PR01351,2024-05-26,P098,193,38.11,0,None
PR01352,2024-04-29,P068,256,96.17,0,None
PR01353,2024-09-19,P052,362,57.95,0,None
PR01354,2024-01-14,P020,377,165.35,0,None
PR01355,2024-02-19,P019,240,40.47,0,None
PR01356,2024-03-03,P051,258,78.1,16,Defective Material
PR01357,2023-08-17,P090,489,151.01,0,None
PR01358,2023-02-05,P066,334,47.8,0,None
PR01359,2024-08-31,P045,348,49.83,0,None
PR01360,2024-11-04,P014,208,84.92,0,None
PR01361,2024-05-04,P024,118,21.17,0,None
PR01362,2023-04-09,P033,161,27.72,0,None
PR01363,2024-09-25,P032,228,69.52,6,Production Error
PR01364,2024-02-13,P016,163,63.16,0,None
PR01365,2023-12-29,P022,229,28.98,18,Overproduction
PR01366,2024-08-18,P054,426,172.76,0,None
PR01367,2023-10-02,P062,154,38.94,0,None
PR01368,2024-03-01,P088,121,42.01,0,None
PR01369,2023-05-11,P063,301,145.49,0,None
PR01370,2024-12-25,P012,303,32.73,29,Production Error
PR01371,2023-08-02,P049,364,174.8,0,None
PR01372,2023-07-26,P017,103,31.46,0,None
PR01373,2023-05-21,P033,252,52.22,0,None
PR01374,2024-01-01,P085,224,104.11,0,None
PR01375,2024-10-08,P065,297,128.91,0,None
PR01376,2023-06-03,P030,362,89.55,0,None
PR01377,2024-10-28,P069,204,28.78,0,None
PR01378,2023-01-27,P084,243,78.17,0,None
PR01379,2024-01-20,P074,190,59.87,3,Production Error
PR01380,2023-07-20,P026,409,71.41,0,None
PR01381,2024-08-26,P081,220,41.29,0,None
PR01382,2023-12-01,P097,110,24.6,0,None
PR01383,2023-04-13,P096,182,49.29,0,None
PR01384,2024-07-19,P095,283,95.93,13,Overproduction
PR01385,2023-10-14,P076,60,11.47,0,None
PR01386,2024-08-28,P065,264,75.12,0,None
PR01387,2024-01-18,P048,447,68.45,0,None
PR01388,2024-04-23,P057,430,199.86,0,None
PR01389,2023-08-07,P018,191,20.47,15,Production Error
PR01390,2024-05-21,P051,320,147.41,0,None
PR01391,2024-09-20,P018,374,69.13,0,None
PR01392,2023-09-15,P025,197,71.82,0,None
PR01393,2024-01-29,P028,267,84.53,0,None
PR01394,2024-08-25,P010,277,93.99,0,None
PR01395,2023-09-27,P041,196,71.42,0,None
PR01396,2024-07-14,P034,455,144.9,0,None
PR01397,2024-06-24,P065,477,90.82,0,None
PR01398,2023-05-20,P063,284,126.54,0,None
PR01399,2023-11-16,P067,220,84.2,0,None
PR01400,2023-10-19,P039,440,55.75,23,Production Error
PR01401,2023-06-10,P059,321,102.8,0,None
PR01402,2024-01-02,P066,169,47.35,0,None
PR01403,2023-06-27,P046,390,184.02,0,None
PR01404,2024-08-27,P062,121,17.58,0,None
PR01405,2024-10-17,P046,282,76.76,12,Spoilage
PR01406,2024-11-13,P086,186,31.8,0,None
PR01407,2024-07-04,P015,124,42.53,0,None
PR01408,2023-12-22,P079,83,21.0,0,None
PR01409,2024-04-12,P096,146,32.14,0,None
PR01410,2024-11-07,P026,158,24.41,0,None
PR01411,2023-08-12,P057,194,83.99,0,None
PR01412,2024-09-08,P054,405,67.15,0,None
PR01413,2023-11-17,P051,362,67.9,0,None
PR01414,2023-03-25,P073,274,62.37,0,None
PR01415,2024-11-08,P027,121,20.39,2,Spoilage
PR01416,2024-01-04,P024,403,69.77,0,None
PR01417,2024-11-23,P013,319,133.03,0,None
PR01418,2023-02-25,P035,423,54.11,0,None
PR01419,2024-10-20,P016,134,28.45,0,None
PR01420,2024-06-30,P060,390,136.02,0,None
PR01421,2024-07-08,P009,377,99.24,0,None
PR01422,2024-01-18,P020,246,70.19,0,None
PR01423,2023-12-08,P088,334,165.85,0,None
PR01424,2024-08-17,P057,262,49.07,0,None
PR01425,2024-01-18,P045,498,175.67,22,Spoilage
PR01426,2024-01-23,P071,229,80.68,2,Spoilage
PR01427,2024-04-06,P066,279,45.37,0,None
PR01428,2023-04-25,P046,244,91.05,0,None
PR01429,2024-05-02,P068,173,85.07,0,None
PR01430,2023-06-05,P012,259,42.81,10,Overproduction
PR01431,2024-08-13,P029,197,96.46,0,None
PR01432,2024-11-10,P075,143,44.74,0,None
PR01433,2023-10-16,P046,371,50.0,0,None
PR01434,2023-08-20,P068,144,38.83,0,None
PR01435,2024-04-05,P045,364,37.61,0,None
PR01436,2024-04-27,P040,272,105.63,0,None
PR01437,2024-05-26,P018,372,95.52,0,None
PR01438,2023-07-26,P077,328,106.29,0,None
PR01439,2024-05-19,P007,253,34.49,0,None
PR01440,2024-10-09,P085,221,78.48,14,Defective Material
PR01441,2024-06-04,P005,165,71.65,0,None
PR01442,2023-06-27,P017,265,92.98,0,None
PR01443,2023-04-08,P092,196,97.57,0,None
PR01444,2023-09-30,P082,290,56.04,0,None
PR01445,2023-12-08,P019,258,83.91,0,None
PR01446,2024-11-01,P025,428,142.28,14,Production Error
PR01447,2023-10-23,P086,163,18.01,0,None
PR01448,2023-05-17,P074,327,53.09,0,None
PR01449,2023-01-21,P004,478,192.79,0,None
PR01450,2024-09-09,P065,473,88.43,20,Production Error
PR01451,2024-09-07,P036,59,24.77,0,None
PR01452,2023-12-11,P028,147,66.88,11,Overproduction
PR01453,2023-08-23,P069,310,78.65,0,None
PR01454,2024-01-22,P070,421,190.38,0,None
PR01455,2024-11-16,P069,86,20.0,5,Defective Material
PR01456,2023-01-21,P006,120,46.06,0,None
PR01457,2023-04-12,P080,356,159.6,0,None
PR01458,2024-12-22,P014,460,58.2,0,None
PR01459,2023-06-29,P097,74,21.57,0,None
PR01460,2024-03-06,P001,487,59.2,41,Defective Material
PR01461,2023-02-18,P035,173,64.31,0,None
PR01462,2024-02-04,P052,84,16.61,3,Overproduction
PR01463,2024-01-30,P011,359,137.23,0,None
PR01464,2023-08-02,P032,444,47.82,0,None
PR01465,2024-08-24,P009,321,100.24,0,None
PR01466,2023-05-07,P037,133,60.89,0,None
PR01467,2024-10-27,P016,101,26.68,0,None
PR01468,2023-07-22,P047,343,137.25,0,None
PR01469,2023-08-25,P023,308,148.54,18,Defective Material
PR01470,2023-01-14,P068,254,40.82,0,None
PR01471,2023-09-09,P050,332,40.93,0,None
PR01472,2024-04-16,P047,440,107.58,41,Overproduction
PR01473,2024-10-24,P027,163,36.84,0,None
PR01474,2024-12-09,P083,389,122.76,6,Defective Material
PR01475,2023-11-17,P005,231,48.63,0,None
PR01476,2024-12-24,P041,319,50.26,0,None
PR01477,2024-11-26,P031,457,155.32,0,None
PR01478,2023-02-12,P050,261,75.78,0,None
PR01479,2023-12-21,P085,288,44.73,0,None
PR01480,2024-07-23,P026,270,32.33,0,None
PR01481,2023-11-01,P014,210,76.5,0,None
PR01482,2024-09-21,P036,273,132.55,14,Defective Material
PR01483,2023-12-09,P009,307,37.79,0,None
PR01484,2023-03-19,P001,477,65.77,0,None
PR01485,2023-09-16,P095,486,203.03,0,None
PR01486,2024-02-15,P056,266,120.97,0,None
PR01487,2024-09-09,P097,263,121.32,0,None
PR01488,2023-10-13,P086,342,90.83,0,None
PR01489,2024-06-13,P068,67,16.99,0,None
PR01490,2023-02-16,P021,414,179.75,0,None
PR01491,2023-07-08,P096,468,152.2,0,None
PR01492,2024-12-06,P078,281,134.91,0,None
PR01493,2023-09-04,P097,467,113.05,0,None
PR01494,2024-09-06,P074,344,126.64,0,None
PR01495,2023-07-18,P077,399,158.02,0,None
PR01496,2024-09-02,P076,171,38.94,0,None
PR01497,2024-11-12,P053,399,193.19,19,Overproduction
PR01498,2024-12-31,P020,397,190.06,0,None
PR01499,2024-02-14,P011,409,61.59,0,None
PR01500,2024-08-08,P067,270,77.33,0,None
PR01501,2023-04-22,P089,245,67.77,0,None
PR01502,2024-10-30,P062,457,98.13,0,None
PR01503,2023-03-04,P056,254,73.39,0,None
PR01504,2024-02-11,P090,417,55.2,0,None
PR01505,2024-08-19,P003,348,48.61,0,None
PR01506,2024-03-07,P100,96,37.85,0,None
PR01507,2023-04-26,P071,295,47.83,0,None
PR01508,2024-09-04,P034,342,75.26,0,None
PR01509,2024-09-03,P004,52,21.27,0,None
PR01510,2024-04-23,P071,486,219.84,0,None
PR01511,2024-01-21,P039,112,25.4,0,None
PR01512,2023-04-30,P066,388,94.43,27,Defective Material
PR01513,2024-06-16,P090,393,41.81,0,None
PR01514,2024-09-19,P008,286,72.37,0,None
PR01515,2023-09-21,P067,316,49.01,0,None
PR01516,2024-04-18,P004,199,76.0,0,None
PR01517,2024-07-16,P040,369,160.11,0,None
PR01518,2024-09-15,P056,488,74.58,0,None
PR01519,2024-03-31,P099,269,58.86,0,None
PR01520,2024-08-11,P065,250,68.48,0,None
PR01521,2024-01-15,P062,487,140.83,0,None
PR01522,2024-06-26,P009,74,36.56,0,None
PR01523,2023-05-26,P092,282,134.11,0,None
PR01524,2024-07-17,P013,418,114.99,0,None
PR01525,2023-02-15,P061,282,54.19,0,None
PR01526,2024-02-08,P061,89,43.26,0,None
PR01527,2024-07-24,P054,106,16.19,7,Defective Material
PR01528,2024-02-16,P083,339,149.44,0,None
PR01529,2023-02-06,P013,341,144.53,0,None
PR01530,2024-01-03,P034,172,46.83,0,None
PR01531,2024-02-26,P075,340,100.16,0,None
PR01532,2024-10-26,P019,133,14.42,0,None
PR01533,2023-04-14,P005,368,72.9,0,None
PR01534,2023-02-24,P088,217,27.96,12,Overproduction
PR01535,2024-02-24,P089,220,102.54,5,Production Error
PR01536,2024-07-30,P068,153,53.02,0,None
PR01537,2023-02-25,P029,318,64.25,0,None
PR01538,2024-11-03,P037,332,97.43,18,Spoilage
PR01539,2024-08-19,P023,424,195.52,24,Overproduction
PR01540,2023-10-09,P003,318,45.29,0,None
PR01541,2024-10-30,P068,374,136.75,13,Spoilage
PR01542,2024-05-04,P065,128,44.88,0,None
PR01543,2023-10-26,P053,415,56.58,0,None
PR01544,2023-01-16,P011,471,110.25,0,None
PR01545,2023-12-05,P052,261,117.08,0,None
PR01546,2023-04-12,P083,157,51.72,10,Production Error
PR01547,2023-05-09,P001,289,64.44,0,None
PR01548,2024-08-01,P097,253,91.33,5,Overproduction
PR01549,2023-01-22,P084,227,102.46,0,None
PR01550,2024-03-28,P088,151,46.18,0,None
PR01551,2023-07-24,P006,88,40.19,0,None
PR01552,2023-12-26,P096,299,73.02,0,None
PR01553,2023-03-27,P018,294,68.07,0,None
PR01554,2023-10-01,P094,470,50.6,25,Defective Material
PR01555,2023-02-06,P083,411,73.09,0,None
PR01556,2023-09-26,P042,179,42.39,0,None
PR01557,2023-06-19,P043,455,191.07,4,Overproduction
PR01558,2024-09-24,P006,280,32.23,0,None
PR01559,2024-08-04,P015,439,56.54,0,None
PR01560,2023-04-08,P016,380,187.88,0,None
PR01561,2024-02-01,P097,323,78.85,0,None
PR01562,2023-12-07,P088,404,103.45,31,Production Error
PR01563,2024-05-23,P036,278,96.65,0,None
PR01564,2023-02-21,P002,90,13.38,0,None
PR01565,2023-08-02,P031,349,118.33,5,Overproduction
PR01566,2024-08-22,P060,187,91.73,9,Spoilage
PR01567,2024-10-24,P044,401,170.17,33,Production Error
PR01568,2023-07-06,P040,286,66.78,0,None
PR01569,2023-02-06,P045,157,56.38,0,None
PR01570,2023-10-27,P061,133,56.84,4,Production Error
PR01571,2024-06-11,P019,184,32.69,0,None
PR01572,2023-07-14,P025,387,127.34,0,None
PR01573,2024-05-26,P020,130,38.47,0,None
PR01574,2024-05-13,P064,444,163.18,0,None
PR01575,2023-07-31,P009,66,31.51,0,None
PR01576,2024-09-21,P032,176,78.93,0,None
PR01577,2024-11-08,P073,289,56.79,0,None
PR01578,2023-01-21,P019,68,14.04,0,None
PR01579,2024-03-17,P014,229,100.12,0,None
PR01580,2024-02-22,P060,316,102.98,0,None
PR01581,2023-09-10,P050,484,97.85,0,None
PR01582,2023-03-12,P076,97,11.36,0,None
PR01583,2024-04-22,P022,414,50.33,10,Overproduction
PR01584,2024-09-17,P084,233,33.77,0,None
PR01585,2023-02-05,P026,226,83.85,0,None
PR01586,2023-07-25,P034,474,99.91,0,None
PR01587,2023-02-24,P050,154,18.0,12,Defective Material
PR01588,2023-09-06,P021,202,64.35,1,Production Error
PR01589,2023-07-28,P089,159,39.38,0,None
PR01590,2023-05-23,P059,358,50.22,0,None
PR01591,2024-09-09,P059,413,142.26,0,None
PR01592,2023-08-25,P001,102,26.03,0,None
PR01593,2023-06-07,P002,171,18.81,1,Overproduction
PR01594,2024-11-23,P053,393,93.18,36,Spoilage
PR01595,2024-10-27,P036,310,108.37,0,None
PR01596,2023-08-02,P100,281,75.99,0,None
PR01597,2024-06-11,P077,99,26.79,0,None
PR01598,2023-06-09,P006,344,54.09,0,None
PR01599,2024-08-04,P052,215,38.84,7,Overproduction
PR01600,2023-08-13,P082,282,37.31,0,None
PR01601,2023-10-21,P012,240,48.82,0,None
PR01602,2023-11-25,P043,299,74.97,0,None
PR01603,2024-05-13,P097,255,84.9,5,Spoilage
PR01604,2023-03-17,P060,240,74.23,0,None
PR01605,2024-06-05,P005,414,169.75,0,None
PR01606,2023-12-26,P068,172,51.05,0,None
PR01607,2024-09-02,P031,444,174.77,0,None
PR01608,2023-12-25,P055,92,38.33,0,None
PR01609,2024-12-11,P076,347,72.32,0,None
PR01610,2024-11-18,P051,440,162.69,0,None
PR01611,2023-04-24,P079,360,150.94,0,None
PR01612,2023-08-25,P077,496,79.89,0,None
PR01613,2023-07-04,P100,459,127.38,0,None
PR01614,2023-07-08,P061,180,29.28,0,None
PR01615,2024-02-20,P083,250,124.73,0,None
PR01616,2024-11-21,P079,322,77.79,0,None
PR01617,2024-06-13,P002,485,163.75,0,None
PR01618,2024-04-22,P009,459,110.66,0,None
PR01619,2023-09-17,P099,259,80.28,20,Production Error
PR01620,2024-07-14,P100,227,26.24,21,Spoilage
PR01621,2023-06-14,P045,323,45.74,0,None
PR01622,2024-07-04,P011,106,45.86,0,None
PR01623,2024-12-12,P041,259,26.79,17,Production Error
PR01624,2023-10-11,P082,139,59.39,0,None
PR01625,2023-06-02,P002,236,99.42,0,None
PR01626,2023-08-31,P051,114,52.12,0,None
PR01627,2023-12-31,P049,87,41.06,0,None
PR01628,2024-06-16,P065,374,178.78,0,None
PR01629,2023-03-30,P022,254,42.7,0,None
PR01630,2024-07-07,P047,86,23.6,0,None
PR01631,2023-06-22,P041,54,8.83,4,Defective Material
PR01632,2024-07-06,P071,497,209.69,38,Overproduction
PR01633,2024-07-29,P006,80,37.28,0,None
PR01634,2024-09-11,P041,343,111.86,0,None
PR01635,2024-09-12,P037,189,34.52,0,None
PR01636,2023-01-31,P011,225,32.95,0,None
PR01637,2023-04-12,P008,191,62.67,0,None
PR01638,2023-07-30,P009,394,152.68,0,None
PR01639,2024-12-22,P006,366,54.81,0,None
PR01640,2024-12-24,P025,368,111.79,0,None
PR01641,2024-11-20,P075,188,36.62,0,None
PR01642,2023-03-26,P012,67,30.23,5,Overproduction
PR01643,2024-10-11,P077,427,124.96,0,None
PR01644,2023-08-08,P088,420,172.07,13,Spoilage
PR01645,2023-07-11,P041,412,75.4,0,None
PR01646,2024-08-12,P061,77,32.38,0,None
PR01647,2023-08-27,P017,323,81.43,0,None
PR01648,2024-07-17,P048,111,20.97,0,None
PR01649,2024-10-20,P052,79,29.88,0,None
PR01650,2024-05-05,P079,489,243.21,0,None
PR01651,2023-07-23,P079,181,47.14,0,None
PR01652,2024-08-04,P056,228,77.56,1,Defective Material
PR01653,2024-11-03,P010,73,17.79,0,None
PR01654,2023-04-04,P048,213,67.66,0,None
PR01655,2024-03-12,P085,77,38.22,1,Spoilage
PR01656,2024-12-08,P033,199,90.52,0,None
PR01657,2024-09-22,P085,345,138.71,0,None
PR01658,2023-03-08,P018,243,55.08,0,None
PR01659,2024-10-26,P049,272,107.23,0,None
PR01660,2024-06-09,P029,492,55.91,0,None
PR01661,2024-06-28,P043,414,60.76,16,Spoilage
PR01662,2023-01-08,P043,397,98.75,0,None
PR01663,2023-10-23,P077,170,80.52,0,None
PR01664,2024-07-17,P075,340,166.11,0,None
PR01665,2023-03-28,P019,294,115.61,0,None
PR01666,2023-10-31,P050,71,12.71,0,None
PR01667,2024-08-07,P026,229,61.13,0,None
PR01668,2023-03-10,P095,262,47.02,0,None
PR01669,2024-05-09,P096,228,113.91,0,None
PR01670,2024-10-15,P025,211,28.53,15,Production Error
PR01671,2024-06-26,P030,397,103.07,0,None
PR01672,2024-09-04,P052,351,74.57,0,None
PR01673,2023-03-31,P032,76,29.39,0,None
PR01674,2024-03-07,P095,359,163.58,0,None
PR01675,2024-02-05,P069,170,29.13,0,None
PR01676,2023-07-26,P005,263,124.16,0,None
PR01677,2023-01-04,P053,187,79.91,17,Spoilage
PR01678,2023-07-01,P001,145,50.68,8,Spoilage
PR01679,2024-10-30,P087,216,56.62,0,None
PR01680,2023-04-05,P100,269,88.61,0,None
PR01681,2024-12-09,P050,396,100.61,0,None
PR01682,2023-02-22,P032,338,97.4,17,Defective Material
PR01683,2023-02-05,P084,450,163.23,0,None
PR01684,2024-11-26,P016,225,105.51,19,Overproduction
PR01685,2024-09-14,P081,355,58.88,0,None
PR01686,2024-04-14,P014,112,18.61,1,Defective Material
PR01687,2024-02-11,P062,144,29.29,0,None
PR01688,2023-06-10,P007,92,29.05,0,None
PR01689,2024-10-30,P061,471,102.77,0,None
PR01690,2024-09-04,P094,90,35.66,3,Defective Material
PR01691,2023-05-16,P049,339,101.29,0,None
PR01692,2024-06-11,P020,369,159.74,0,None
PR01693,2023-01-31,P083,305,83.41,0,None
PR01694,2024-02-11,P036,409,196.63,0,None
PR01695,2024-07-09,P055,422,198.34,0,None
PR01696,2024-07-22,P010,292,107.3,0,None
PR01697,2023-10-06,P040,139,59.86,0,None
PR01698,2023-03-13,P010,373,95.55,0,None
PR01699,2023-07-13,P049,170,34.02,0,None
PR01700,2024-12-08,P093,65,25.54,0,None
PR01701,2024-09-23,P045,403,167.88,0,None
PR01702,2023-02-04,P100,455,216.42,0,None
PR01703,2024-05-07,P075,96,17.77,6,Defective Material
PR01704,2024-02-28,P022,186,25.52,16,Spoilage
PR01705,2024-09-20,P010,148,70.42,0,None
PR01706,2023-02-24,P063,143,58.81,0,None
PR01707,2023-12-02,P093,164,57.08,10,Overproduction
PR01708,2023-10-27,P042,333,79.39,0,None
PR01709,2023-07-15,P094,494,130.45,0,None
PR01710,2023-05-24,P073,188,42.16,12,Production Error
PR01711,2024-07-23,P070,59,7.08,0,None
PR01712,2024-07-08,P022,360,121.68,0,None
PR01713,2024-01-17,P047,465,172.69,0,None
PR01714,2023-12-26,P020,61,12.27,3,Overproduction
PR01715,2024-10-15,P029,210,35.37,0,None
PR01716,2024-04-30,P053,401,46.31,26,Overproduction
PR01717,2024-06-21,P064,266,38.18,0,None
PR01718,2024-12-09,P009,473,136.37,0,None
PR01719,2023-12-18,P040,181,32.12,0,None
PR01720,2023-05-06,P025,441,178.68,0,None
PR01721,2024-05-19,P069,174,60.27,0,None
PR01722,2023-05-29,P056,237,69.14,0,None
PR01723,2023-07-02,P039,429,125.52,0,None
PR01724,2023-02-05,P001,276,74.75,2,Defective Material
PR01725,2024-07-09,P018,202,73.26,0,None
PR01726,2024-09-04,P006,449,168.94,0,None
PR01727,2024-12-03,P064,326,151.8,0,None
PR01728,2024-05-15,P069,468,184.94,0,None
PR01729,2023-07-06,P041,218,39.61,0,None
PR01730,2024-11-11,P031,444,54.06,0,None
PR01731,2024-08-16,P075,499,114.75,0,None
PR01732,2024-07-28,P004,175,47.85,0,None
PR01733,2024-02-02,P032,68,9.06,0,None
PR01734,2024-10-26,P058,375,56.28,0,None
PR01735,2023-03-12,P008,406,142.08,20,Defective Material
PR01736,2023-12-08,P069,271,104.11,0,None
PR01737,2024-03-03,P056,409,98.11,0,None
PR01738,2023-04-26,P044,455,88.06,0,None
PR01739,2023-09-29,P084,132,54.48,0,None
PR01740,2024-09-04,P008,270,126.13,0,None
PR01741,2023-08-31,P068,466,145.31,0,None
PR01742,2024-03-27,P006,476,111.86,0,None
PR01743,2024-11-25,P034,123,37.65,0,None
PR01744,2024-05-23,P043,282,50.59,0,None
PR01745,2023-05-24,P086,162,75.38,0,None
PR01746,2023-03-16,P063,235,76.44,0,None
PR01747,2024-06-10,P044,390,101.4,0,None
PR01748,2023-03-19,P001,300,104.1,0,None
PR01749,2024-12-31,P099,114,13.67,0,None
PR01750,2023-11-21,P009,185,60.67,0,None
PR01751,2023-06-01,P049,247,89.68,0,None
PR01752,2023-03-28,P061,149,64.32,12,Defective Material
PR01753,2024-05-07,P070,216,27.1,0,None
PR01754,2024-10-28,P001,398,90.0,0,None
PR01755,2024-07-11,P086,474,77.81,0,None
PR01756,2023-02-12,P052,417,58.77,0,None
PR01757,2023-11-09,P058,190,45.25,0,None
PR01758,2024-06-22,P049,319,60.74,10,Production Error
PR01759,2023-03-22,P066,275,119.41,3,Production Error
PR01760,2024-10-25,P085,238,74.33,0,None
PR01761,2023-09-01,P075,397,125.67,0,None
PR01762,2024-02-05,P052,354,92.07,0,None
PR01763,2023-06-07,P084,434,46.87,0,None
PR01764,2024-05-06,P072,75,16.86,0,None
PR01765,2024-11-04,P053,359,53.05,0,None
PR01766,2023-07-02,P004,156,33.06,0,None
PR01767,2023-04-18,P056,448,209.57,0,None
PR01768,2023-02-18,P081,53,16.01,0,None
PR01769,2023-08-21,P052,132,60.17,0,None
PR01770,2024-11-10,P056,94,22.06,4,Overproduction
PR01771,2024-06-16,P026,61,14.14,0,None
PR01772,2024-04-19,P072,457,210.34,0,None
PR01773,2024-04-22,P065,350,154.9,0,None
PR01774,2023-01-14,P054,88,40.92,0,None
PR01775,2024-08-17,P034,282,137.35,0,None
PR01776,2024-09-11,P074,141,58.4,10,Defective Material
PR01777,2023-09-29,P069,101,48.23,4,Defective Material
PR01778,2024-12-23,P050,130,51.64,0,None
PR01779,2023-07-13,P071,221,100.31,7,Spoilage
PR01780,2024-12-04,P048,357,38.88,0,None
PR01781,2024-03-10,P034,199,33.9,0,None
PR01782,2024-11-04,P008,195,76.89,0,None
PR01783,2024-01-22,P039,295,102.69,0,None
PR01784,2024-12-10,P079,167,69.62,10,Overproduction
PR01785,2023-11-16,P088,231,97.47,0,None
PR01786,2023-02-23,P010,237,107.44,0,None
PR01787,2024-02-28,P064,172,49.81,0,None
PR01788,2024-11-12,P037,467,49.68,31,Overproduction
PR01789,2023-10-27,P097,81,26.53,0,None
PR01790,2023-06-15,P044,379,127.91,0,None
PR01791,2023-07-31,P040,308,49.12,0,None
PR01792,2024-10-07,P064,96,29.53,0,None
PR01793,2023-08-22,P021,289,88.0,0,None
PR01794,2023-06-08,P015,263,107.63,0,None
PR01795,2023-12-27,P048,119,37.85,0,None
PR01796,2024-11-06,P061,66,24.27,0,None
PR01797,2023-10-05,P073,433,204.38,0,None
PR01798,2023-05-13,P038,295,50.92,0,None
PR01799,2024-08-08,P023,342,139.26,0,None
PR01800,2024-02-25,P032,330,82.39,0,None
PR01801,2024-03-29,P018,351,44.28,0,None
PR01802,2023-03-01,P053,130,54.91,0,None
PR01803,2024-10-09,P083,100,27.21,0,None
PR01804,2023-08-10,P063,425,72.18,3,Spoilage
PR01805,2024-06-16,P054,230,48.5,9,Production Error
PR01806,2023-05-27,P080,399,184.41,6,Spoilage
PR01807,2024-02-20,P002,170,74.03,0,None
PR01808,2023-12-31,P047,153,25.53,0,None
PR01809,2024-04-01,P062,371,65.93,0,None
PR01810,2024-06-21,P043,485,81.99,0,None
PR01811,2024-08-24,P031,211,28.97,0,None
PR01812,2023-01-04,P045,56,27.26,0,None
PR01813,2024-02-06,P100,293,45.79,0,None
PR01814,2023-09-21,P057,305,117.05,0,None
PR01815,2023-04-24,P065,239,37.58,0,None
PR01816,2023-02-01,P040,478,207.42,43,Production Error
PR01817,2023-10-05,P044,483,95.88,0,None
PR01818,2023-01-28,P098,418,203.52,0,None
PR01819,2024-06-10,P094,177,69.89,0,None
PR01820,2024-12-01,P055,320,57.64,0,None
PR01821,2024-10-23,P093,361,77.68,0,None
PR01822,2024-08-14,P081,298,87.27,1,Overproduction
PR01823,2024-03-07,P100,484,91.64,0,None
PR01824,2024-03-07,P056,263,87.06,15,Overproduction
PR01825,2024-08-09,P007,461,159.14,0,None
PR01826,2023-06-01,P033,291,45.14,0,None
PR01827,2024-06-19,P008,288,133.84,0,None
PR01828,2024-01-17,P085,436,82.96,0,None
PR01829,2024-08-24,P014,329,49.9,0,None
PR01830,2023-10-08,P041,238,103.6,0,None
PR01831,2023-04-16,P030,52,6.0,0,None
PR01832,2024-01-23,P061,238,59.85,0,None
PR01833,2024-04-28,P065,488,230.18,47,Defective Material
PR01834,2024-01-22,P089,83,29.94,0,None
PR01835,2023-11-26,P006,426,211.47,16,Production Error
PR01836,2024-10-15,P039,371,122.04,0,None
PR01837,2024-08-23,P058,207,29.07,0,None
PR01838,2024-04-20,P013,444,93.61,0,None
PR01839,2023-03-23,P019,489,201.87,0,None
PR01840,2023-06-30,P091,347,139.09,0,None
PR01841,2024-11-02,P059,438,151.96,0,None
PR01842,2024-05-25,P098,494,75.81,0,None
PR01843,2024-07-16,P070,244,55.92,6,Defective Material
PR01844,2023-09-14,P060,406,119.2,0,None
PR01845,2023-05-16,P081,260,26.05,0,None
PR01846,2024-01-22,P022,283,66.68,0,None
PR01847,2023-10-25,P029,75,9.14,2,Defective Material
PR01848,2023-06-28,P048,81,8.35,0,None
PR01849,2024-06-07,P041,448,65.48,0,None
PR01850,2023-02-18,P036,83,40.03,0,None
PR01851,2023-02-15,P043,186,56.5,0,None
PR01852,2024-06-25,P053,300,85.0,10,Spoilage
PR01853,2024-12-31,P005,468,196.82,0,None
PR01854,2024-08-28,P007,342,117.3,0,None
PR01855,2024-02-07,P029,109,26.33,0,None
PR01856,2023-11-12,P028,490,145.23,0,None
PR01857,2023-01-12,P082,211,81.98,0,None
PR01858,2023-02-06,P057,60,7.93,0,None
PR01859,2024-07-12,P010,214,66.59,0,None
PR01860,2023-02-22,P083,82,11.68,0,None
PR01861,2023-10-17,P015,248,37.6,0,None
PR01862,2023-11-29,P063,134,53.43,0,None
PR01863,2023-12-01,P078,325,135.48,26,Production Error
PR01864,2024-01-02,P074,221,107.85,0,None
PR01865,2024-01-04,P043,60,10.62,0,None
PR01866,2023-07-11,P038,352,106.76,0,None
PR01867,2024-07-29,P098,147,20.61,0,None
PR01868,2023-05-14,P086,187,46.89,0,None
PR01869,2024-04-08,P051,192,51.16,0,None
PR01870,2023-06-03,P081,468,48.47,0,None
PR01871,2023-05-06,P069,199,76.91,0,None
PR01872,2024-10-29,P048,417,193.5,0,None
PR01873,2024-02-26,P060,282,129.62,0,None
PR01874,2023-04-26,P026,194,33.96,0,None
PR01875,2024-07-10,P020,367,90.56,0,None
PR01876,2023-09-24,P027,280,36.33,0,None
PR01877,2023-03-10,P086,124,45.33,0,None
PR01878,2023-11-26,P042,398,155.11,0,None
PR01879,2024-07-10,P042,490,69.38,0,None
PR01880,2023-10-22,P086,290,54.85,0,None
PR01881,2024-06-29,P014,403,156.84,0,None
PR01882,2024-03-15,P020,378,158.68,18,Production Error
PR01883,2023-07-04,P098,320,98.83,0,None
PR01884,2024-06-29,P069,345,48.4,0,None
PR01885,2023-03-02,P076,80,19.97,0,None
PR01886,2024-07-18,P094,451,150.15,0,None
PR01887,2024-11-14,P015,369,79.33,0,None
PR01888,2024-03-19,P098,475,139.84,0,None
PR01889,2023-07-08,P056,350,153.49,0,None
PR01890,2024-01-31,P042,183,24.13,0,None
PR01891,2024-02-03,P070,436,191.16,0,None
PR01892,2023-01-02,P057,237,83.41,0,None
PR01893,2023-03-05,P014,84,33.64,0,None
PR01894,2024-11-30,P033,475,157.19,0,None
PR01895,2023-05-11,P051,464,143.45,0,None
PR01896,2024-02-15,P091,241,63.97,0,None
PR01897,2023-05-02,P097,402,159.12,0,None
PR01898,2023-01-13,P024,459,146.27,19,Spoilage
PR01899,2024-08-13,P046,309,90.21,8,Overproduction
PR01900,2024-03-31,P023,468,155.1,0,None
PR01901,2024-01-02,P097,147,26.35,0,None
PR01902,2023-02-07,P027,176,48.0,0,None
PR01903,2023-02-22,P054,339,148.23,0,None
PR01904,2023-09-19,P084,415,146.73,29,Defective Material
PR01905,2023-12-26,P045,311,34.25,0,None
PR01906,2023-01-19,P023,361,175.09,0,None
PR01907,2024-11-02,P095,115,41.82,0,None
PR01908,2024-04-13,P051,220,49.17,0,None
PR01909,2023-02-03,P024,104,36.21,0,None
PR01910,2024-05-23,P060,469,139.29,0,None
PR01911,2023-04-19,P046,473,130.29,0,None
PR01912,2023-03-21,P082,403,61.46,0,None
PR01913,2024-03-10,P042,254,110.99,11,Spoilage
PR01914,2024-03-08,P075,51,13.67,0,None
PR01915,2023-03-23,P009,163,32.84,0,None
PR01916,2024-05-22,P020,350,36.47,0,None
PR01917,2024-09-04,P077,314,93.36,0,None
PR01918,2024-06-19,P040,164,80.25,0,None
PR01919,2024-08-12,P092,192,68.06,2,Production Error
PR01920,2024-03-12,P013,329,128.25,0,None
PR01921,2024-04-20,P034,453,210.4,0,None
PR01922,2023-01-04,P047,396,164.58,0,None
PR01923,2023-02-02,P031,55,8.26,1,Spoilage
PR01924,2023-06-26,P096,198,23.97,0,None
PR01925,2024-10-21,P084,403,84.08,0,None
PR01926,2023-12-28,P051,355,169.88,31,Spoilage
PR01927,2023-04-17,P042,284,80.02,0,None
PR01928,2023-05-13,P072,246,99.95,5,Overproduction
PR01929,2024-03-23,P077,63,27.64,0,None
PR01930,2024-05-03,P052,310,58.11,0,None
PR01931,2024-11-17,P071,183,80.16,8,Overproduction
PR01932,2023-01-04,P059,463,191.94,11,Defective Material
PR01933,2024-09-28,P088,475,202.44,0,None
PR01934,2024-05-25,P047,412,148.86,0,None
PR01935,2024-04-22,P020,321,37.5,0,None
PR01936,2023-07-11,P098,103,19.08,0,None
PR01937,2024-01-30,P074,248,71.19,14,Spoilage
PR01938,2023-11-15,P051,286,37.8,0,None
PR01939,2024-06-11,P100,60,22.38,0,None
PR01940,2024-12-13,P044,494,205.89,0,None
PR01941,2024-10-22,P098,211,97.52,0,None
PR01942,2024-02-16,P042,141,54.58,0,None
PR01943,2023-05-16,P083,206,67.67,0,None
PR01944,2023-11-10,P085,453,146.84,0,None
PR01945,2024-05-12,P016,393,88.55,0,None
PR01946,2024-10-27,P058,153,33.19,0,None
PR01947,2024-05-14,P086,442,139.09,0,None
PR01948,2023-01-02,P047,99,48.17,0,None
PR01949,2023-07-24,P081,55,26.8,0,None
PR01950,2024-04-30,P008,469,190.81,0,None
PR01951,2024-11-29,P017,163,21.38,0,None
PR01952,2024-07-09,P066,168,37.51,0,None
PR01953,2023-09-25,P003,72,29.7,4,Spoilage
PR01954,2024-02-12,P083,350,73.38,20,Overproduction
PR01955,2023-04-20,P013,383,116.02,0,None
PR01956,2024-08-05,P018,424,80.07,0,None
PR01957,2023-12-06,P085,445,66.68,0,None
PR01958,2024-08-28,P020,374,51.5,0,None
PR01959,2024-01-22,P009,364,45.01,0,None
PR01960,2024-05-07,P095,175,32.98,0,None
PR01961,2024-07-13,P030,258,53.14,0,None
PR01962,2023-05-25,P002,248,106.42,0,None
PR01963,2024-11-17,P076,84,36.9,0,None
PR01964,2023-11-15,P024,451,61.33,0,None
PR01965,2023-12-09,P054,354,72.03,0,None
PR01966,2023-08-07,P064,172,49.21,0,None
PR01967,2023-11-10,P015,140,50.89,0,None
PR01968,2024-01-20,P050,429,148.09,0,None
PR01969,2024-07-23,P076,335,137.55,21,Production Error
PR01970,2024-04-12,P091,145,31.75,0,None
PR01971,2023-05-02,P032,91,39.71,0,None
PR01972,2023-01-14,P024,428,56.33,0,None
PR01973,2023-05-22,P070,123,20.86,0,None
PR01974,2024-04-25,P084,409,59.86,14,Spoilage
PR01975,2024-08-25,P044,150,66.16,0,None
PR01976,2023-06-04,P082,109,25.42,0,None
PR01977,2024-11-07,P072,79,19.03,0,None
PR01978,2023-05-27,P058,164,68.93,0,None
PR01979,2024-03-21,P100,292,110.48,18,Production Error
PR01980,2024-03-21,P009,394,151.15,0,None
PR01981,2023-02-28,P016,142,19.41,0,None
PR01982,2023-10-01,P089,148,49.05,4,Production Error
PR01983,2023-11-11,P013,321,103.78,12,Defective Material
PR01984,2023-04-20,P029,465,153.29,0,None
PR01985,2024-02-14,P037,468,89.34,0,None
PR01986,2024-01-05,P003,152,39.79,0,None
PR01987,2024-07-12,P023,382,146.24,0,None
PR01988,2023-05-07,P020,319,50.97,0,None
PR01989,2024-12-22,P013,58,10.13,0,None
PR01990,2023-01-12,P078,406,160.62,0,None
PR01991,2023-05-26,P081,370,101.82,0,None
PR01992,2024-11-17,P029,355,168.19,0,None
PR01993,2023-10-01,P068,122,43.84,3,Overproduction
PR01994,2023-08-19,P059,370,98.47,0,None
PR01995,2024-05-01,P071,195,38.12,0,None
PR01996,2023-04-19,P026,89,25.98,0,None
PR01997,2023-04-03,P052,134,52.62,0,None
PR01998,2024-12-08,P033,306,92.97,0,None
PR01999,2024-11-09,P075,365,90.44,0,None
PR02000,2024-03-17,P083,474,176.73,0,None
PR02001,2023-09-18,P017,439,207.6,0,None
PR02002,2024-05-31,P041,381,127.78,0,None
PR02003,2023-11-21,P073,182,34.54,0,None
PR02004,2023-09-03,P073,226,25.96,0,None
PR02005,2023-08-18,P097,319,111.2,0,None
PR02006,2024-04-30,P055,209,38.59,0,None
PR02007,2023-05-10,P066,349,75.63,0,None
PR02008,2023-11-05,P084,306,99.85,26,Overproduction
PR02009,2024-04-06,P023,165,31.92,0,None
PR02010,2023-04-11,P085,346,140.24,0,None
PR02011,2023-11-17,P007,91,44.96,0,None
PR02012,2024-07-09,P019,325,133.92,0,None
PR02013,2023-06-11,P014,350,63.8,0,None
PR02014,2024-07-07,P029,325,145.86,0,None
PR02015,2024-01-05,P079,199,32.09,0,None
PR02016,2024-07-18,P029,120,19.28,0,None
PR02017,2023-11-05,P029,305,121.39,0,None
PR02018,2024-02-05,P078,290,74.58,0,None
PR02019,2023-06-08,P079,259,114.32,0,None
PR02020,2023-06-15,P035,64,26.13,0,None
PR02021,2024-12-20,P074,105,50.28,2,Spoilage
PR02022,2024-02-04,P037,328,82.29,0,None
PR02023,2023-11-07,P017,445,178.9,0,None
PR02024,2024-09-14,P027,483,151.72,13,Spoilage
PR02025,2024-08-30,P025,237,63.41,0,None
PR02026,2023-05-17,P063,492,231.47,0,None
PR02027,2023-08-25,P052,340,131.89,0,None
PR02028,2024-04-30,P055,110,43.75,0,None
PR02029,2024-03-17,P060,453,61.9,0,None
PR02030,2024-11-16,P069,259,87.27,0,None
PR02031,2024-11-04,P028,93,25.71,1,Spoilage
PR02032,2023-04-06,P031,352,121.7,24,Overproduction
PR02033,2023-11-17,P039,224,54.96,0,None
PR02034,2023-05-28,P004,379,107.41,0,None
PR02035,2024-12-25,P061,342,38.99,0,None
PR02036,2024-08-05,P087,113,36.12,6,Production Error
PR02037,2023-05-23,P084,422,133.82,0,None
PR02038,2023-10-03,P061,56,15.03,0,None
PR02039,2023-04-20,P014,341,132.07,10,Overproduction
PR02040,2023-01-08,P018,485,164.2,21,Production Error
PR02041,2023-06-06,P095,169,40.48,0,None
PR02042,2023-07-13,P065,179,59.73,0,None
PR02043,2023-06-22,P098,109,27.71,0,None
PR02044,2024-06-09,P019,180,86.1,0,None
PR02045,2023-09-26,P070,470,134.77,0,None
PR02046,2024-06-27,P025,113,30.04,0,None
PR02047,2024-09-09,P079,58,10.65,0,None
PR02048,2024-08-28,P008,316,151.29,0,None
PR02049,2023-01-01,P087,364,165.61,0,None
PR02050,2024-09-13,P099,434,138.1,0,None
PR02051,2024-04-21,P012,295,113.8,0,None
PR02052,2024-03-02,P024,84,14.24,0,None
PR02053,2023-07-29,P043,128,30.32,0,None
PR02054,2024-08-24,P086,407,114.68,0,None
PR02055,2024-03-31,P050,92,18.93,0,None
PR02056,2023-02-28,P091,331,90.11,0,None
PR02057,2024-04-21,P020,221,70.58,0,None
PR02058,2024-05-14,P017,430,52.11,0,None
PR02059,2023-05-23,P064,394,39.45,27,Production Error
PR02060,2024-07-31,P043,196,97.59,0,None
PR02061,2023-07-30,P090,96,19.83,0,None
PR02062,2024-07-27,P022,62,25.1,1,Overproduction
PR02063,2023-12-29,P054,300,127.62,0,None
PR02064,2023-02-04,P035,244,99.54,0,None
PR02065,2024-02-24,P056,323,143.74,0,None
PR02066,2024-07-11,P034,488,79.92,0,None
PR02067,2023-03-09,P069,440,128.45,0,None
PR02068,2023-08-09,P044,432,189.44,0,None
PR02069,2024-03-11,P091,252,101.19,0,None
PR02070,2023-07-21,P094,407,121.21,0,None
PR02071,2023-06-10,P021,256,70.68,12,Defective Material
PR02072,2024-08-21,P062,81,23.03,0,None
PR02073,2024-06-30,P071,86,39.48,0,None
PR02074,2023-01-09,P039,116,44.41,0,None
PR02075,2024-12-06,P054,263,66.12,0,None
PR02076,2023-07-31,P020,495,117.0,0,None
PR02077,2023-09-19,P038,300,65.93,0,None
PR02078,2023-09-30,P030,183,56.17,0,None
PR02079,2024-09-11,P008,303,30.9,0,None
PR02080,2023-09-28,P061,281,133.82,0,None
PR02081,2023-07-31,P088,387,141.97,0,None
PR02082,2023-07-20,P019,280,93.0,0,None
PR02083,2024-08-12,P030,323,45.65,0,None
PR02084,2024-10-13,P049,392,166.68,0,None
PR02085,2024-03-31,P019,391,80.28,0,None
PR02086,2024-01-06,P052,317,117.27,0,None
PR02087,2024-04-09,P062,113,26.74,0,None
PR02088,2023-11-18,P077,162,30.77,0,None
PR02089,2024-09-21,P068,423,124.46,41,Spoilage
PR02090,2024-04-18,P100,372,111.39,25,Spoilage
PR02091,2024-11-05,P052,162,29.2,0,None
PR02092,2024-06-14,P037,297,64.84,0,None
PR02093,2023-07-30,P061,143,69.38,0,None
PR02094,2023-04-11,P088,438,86.53,0,None
PR02095,2024-01-20,P084,324,85.96,0,None
PR02096,2023-07-15,P046,120,19.29,0,None
PR02097,2024-11-09,P042,55,12.57,0,None
PR02098,2023-07-12,P032,95,19.75,0,None
PR02099,2024-07-09,P064,70,29.13,3,Overproduction
PR02100,2023-07-26,P067,323,66.06,0,None
PR02101,2024-05-31,P017,87,31.76,0,None
PR02102,2023-04-01,P070,232,38.79,5,Defective Material
PR02103,2024-07-03,P022,445,194.61,0,None
PR02104,2024-10-19,P075,353,113.26,0,None
PR02105,2024-06-01,P040,271,129.04,0,None
PR02106,2023-03-16,P075,423,144.29,0,None
PR02107,2024-11-02,P020,377,144.97,0,None
PR02108,2024-01-31,P038,87,24.27,0,None
PR02109,2024-06-05,P053,463,201.89,0,None
PR02110,2023-12-15,P078,380,89.43,0,None
PR02111,2024-11-22,P047,331,146.53,21,Spoilage
PR02112,2024-06-28,P097,83,31.73,0,None
PR02113,2024-12-25,P008,275,134.48,0,None
PR02114,2024-09-22,P022,499,79.5,0,None
PR02115,2024-07-13,P038,298,109.78,0,None
PR02116,2024-04-20,P039,188,44.87,0,None
PR02117,2023-12-15,P070,239,77.17,0,None
PR02118,2023-10-07,P062,268,88.4,0,None
PR02119,2024-04-15,P051,95,12.29,0,None
PR02120,2023-04-20,P013,375,99.88,0,None
PR02121,2023-11-21,P065,79,19.71,0,None
PR02122,2024-09-20,P032,322,108.2,0,None
PR02123,2023-10-27,P003,402,91.31,0,None
PR02124,2024-10-05,P080,368,62.94,0,None
PR02125,2023-07-02,P067,79,17.53,0,None
PR02126,2024-07-28,P047,69,22.26,3,Defective Material
PR02127,2024-09-04,P047,250,100.87,0,None
PR02128,2024-07-05,P055,61,18.25,0,None
PR02129,2023-06-07,P088,171,20.57,12,Defective Material
PR02130,2024-12-15,P052,369,135.06,0,None
PR02131,2023-01-29,P094,105,36.88,0,None
PR02132,2023-07-31,P055,368,155.41,0,None
PR02133,2024-09-12,P064,333,51.53,23,Spoilage
PR02134,2023-11-29,P046,220,94.14,15,Overproduction
PR02135,2023-12-11,P079,252,100.77,0,None
PR02136,2023-05-26,P011,326,111.56,6,Spoilage
PR02137,2023-06-09,P020,157,32.71,0,None
PR02138,2024-02-17,P060,490,192.7,0,None
PR02139,2024-06-25,P041,486,62.99,43,Production Error
PR02140,2024-08-07,P029,236,48.99,0,None
PR02141,2024-01-19,P068,289,126.91,0,None
PR02142,2023-06-07,P078,366,40.35,0,None
PR02143,2024-12-11,P037,321,114.67,31,Defective Material
PR02144,2023-09-29,P067,223,110.31,0,None
PR02145,2024-10-15,P088,249,110.43,0,None
PR02146,2023-09-05,P015,208,96.83,6,Overproduction
PR02147,2024-11-07,P085,431,52.83,0,None
PR02148,2024-06-18,P083,424,174.16,0,None
PR02149,2024-10-28,P080,219,28.27,13,Overproduction
PR02150,2024-06-16,P062,134,48.75,0,None
PR02151,2023-11-14,P063,383,44.78,0,None
PR02152,2024-08-26,P070,265,40.53,0,None
PR02153,2023-06-29,P087,157,26.1,2,Defective Material
PR02154,2023-02-21,P044,144,33.26,0,None
PR02155,2023-07-31,P031,382,100.64,12,Production Error
PR02156,2024-06-30,P059,106,51.52,0,None
PR02157,2023-05-21,P007,274,85.25,0,None
PR02158,2023-03-18,P033,280,80.96,0,None
PR02159,2023-11-29,P042,237,28.38,0,None
PR02160,2024-08-26,P019,290,41.24,3,Defective Material
PR02161,2024-10-01,P002,241,70.45,0,None
PR02162,2024-08-15,P080,470,61.3,0,None
PR02163,2024-03-24,P088,146,18.17,0,None
PR02164,2024-05-17,P033,267,58.68,7,Overproduction
PR02165,2024-11-12,P079,448,205.81,0,None
PR02166,2023-08-24,P047,165,35.31,0,None
PR02167,2024-01-08,P056,156,77.4,0,None
PR02168,2024-04-27,P090,172,36.18,0,None
PR02169,2024-10-27,P061,109,19.69,0,None
PR02170,2024-05-22,P077,214,23.51,0,None
PR02171,2024-12-28,P090,326,54.96,0,None
PR02172,2024-02-09,P067,94,34.96,6,Spoilage
PR02173,2024-12-14,P096,326,76.73,0,None
PR02174,2023-10-23,P048,355,142.58,0,None
PR02175,2024-10-23,P091,372,77.07,0,None
PR02176,2023-03-27,P085,190,59.3,0,None
PR02177,2023-08-11,P072,292,115.91,0,None
PR02178,2024-08-08,P057,352,82.57,5,Production Error
PR02179,2023-07-25,P053,132,18.95,3,Production Error
PR02180,2023-11-20,P031,381,91.34,0,None
PR02181,2023-10-06,P073,78,25.16,0,None
PR02182,2024-11-21,P008,81,38.87,0,None
PR02183,2023-02-16,P045,150,23.01,0,None
PR02184,2023-01-11,P060,481,163.3,0,None
PR02185,2023-08-06,P071,205,42.1,0,None
PR02186,2023-02-22,P068,55,14.12,0,None
PR02187,2023-12-07,P084,214,86.07,7,Defective Material
PR02188,2024-11-04,P075,445,194.72,0,None
PR02189,2024-07-30,P098,406,170.7,0,None
PR02190,2024-09-30,P014,488,167.32,0,None
PR02191,2024-09-16,P059,218,43.62,0,None
PR02192,2023-10-26,P061,427,75.18,0,None
PR02193,2024-12-01,P018,261,80.42,5,Production Error
PR02194,2023-04-18,P026,102,25.36,0,None
PR02195,2024-06-04,P087,398,154.52,0,None
PR02196,2024-11-02,P020,200,25.4,0,None
PR02197,2024-12-03,P070,309,52.27,0,None
PR02198,2023-07-25,P034,252,117.94,0,None
PR02199,2024-08-04,P035,209,101.39,0,None
PR02200,2023-02-12,P082,81,35.44,0,None
PR02201,2023-09-25,P031,460,211.63,0,None
PR02202,2023-09-02,P055,499,87.24,0,None
PR02203,2023-12-17,P071,114,48.07,5,Spoilage
PR02204,2023-05-31,P024,194,40.01,1,Production Error
PR02205,2023-05-18,P032,81,27.54,0,None
PR02206,2024-10-09,P015,175,35.98,0,None
PR02207,2024-12-15,P003,146,35.35,6,Defective Material
PR02208,2024-02-06,P023,176,69.66,0,None
PR02209,2024-10-24,P090,374,119.92,0,None
PR02210,2023-06-20,P077,433,165.09,0,None
PR02211,2023-03-03,P016,112,27.51,2,Defective Material
PR02212,2023-11-26,P059,494,147.35,1,Overproduction
PR02213,2023-12-03,P022,194,85.08,0,None
PR02214,2023-08-12,P057,494,220.31,0,None
PR02215,2023-08-27,P086,265,106.58,0,None
PR02216,2024-04-02,P069,271,133.32,0,None
PR02217,2023-07-21,P070,210,79.24,20,Spoilage
PR02218,2024-07-13,P094,310,64.56,0,None
PR02219,2023-06-22,P100,315,40.4,6,Defective Material
PR02220,2024-11-15,P026,275,95.13,0,None
PR02221,2023-09-10,P081,133,40.69,0,None
PR02222,2023-04-10,P075,95,13.47,0,None
PR02223,2023-11-11,P090,453,198.96,0,None
PR02224,2023-08-23,P051,191,84.7,0,None
PR02225,2023-11-24,P052,58,25.74,0,None
PR02226,2024-03-11,P063,390,73.4,0,None
PR02227,2023-08-27,P057,189,51.32,0,None
PR02228,2023-09-10,P045,272,75.62,11,Defective Material
PR02229,2024-08-25,P041,190,35.59,0,None
PR02230,2024-01-22,P081,470,55.99,0,None
PR02231,2023-11-18,P098,450,162.86,0,None
PR02232,2023-08-22,P033,307,121.65,0,None
PR02233,2024-05-23,P047,339,139.74,0,None
PR02234,2024-04-22,P004,259,72.65,0,None
PR02235,2023-06-10,P054,438,193.67,0,None
PR02236,2023-06-04,P032,107,47.43,0,None
PR02237,2023-08-19,P083,291,141.57,0,None
PR02238,2023-03-24,P095,215,32.08,0,None
PR02239,2024-08-14,P086,139,49.29,0,None
PR02240,2023-05-16,P091,132,32.98,0,None
PR02241,2024-12-15,P077,386,62.12,0,None
PR02242,2023-03-04,P041,372,104.14,0,None
PR02243,2024-04-06,P004,417,73.33,0,None
PR02244,2024-11-13,P046,430,75.34,0,None
PR02245,2023-03-20,P023,441,162.69,0,None
PR02246,2024-09-18,P082,211,39.98,0,None
PR02247,2023-01-09,P052,149,30.56,0,None
PR02248,2023-07-02,P026,192,22.14,0,None
PR02249,2023-09-08,P051,498,111.15,0,None
PR02250,2024-11-28,P011,381,48.13,20,Production Error
PR02251,2024-10-10,P052,400,149.55,0,None
PR02252,2024-11-22,P048,186,74.26,10,Production Error
PR02253,2024-07-29,P085,70,26.31,6,Production Error
PR02254,2023-08-30,P014,281,32.1,0,None
PR02255,2023-01-17,P089,425,56.34,0,None
PR02256,2024-05-23,P087,385,81.42,0,None
PR02257,2023-04-03,P034,264,34.16,0,None
PR02258,2024-10-03,P095,109,23.71,0,None
PR02259,2024-09-04,P052,269,81.47,9,Defective Material
PR02260,2024-06-16,P045,132,33.88,0,None
PR02261,2023-09-04,P064,480,176.59,0,None
PR02262,2024-10-09,P073,95,21.33,0,None
PR02263,2024-06-26,P054,490,59.45,0,None
PR02264,2023-11-12,P015,217,73.97,0,None
PR02265,2023-10-16,P092,67,15.23,0,None
PR02266,2023-10-08,P070,383,184.73,0,None
PR02267,2024-11-28,P062,294,86.25,0,None
PR02268,2023-05-10,P063,240,35.99,0,None
PR02269,2024-09-29,P034,89,31.39,0,None
PR02270,2024-11-29,P076,168,59.37,0,None
PR02271,2024-02-01,P074,85,11.43,0,None
PR02272,2023-08-09,P028,240,106.06,0,None
PR02273,2023-10-20,P090,468,150.54,0,None
PR02274,2024-09-07,P080,287,100.66,0,None
PR02275,2024-04-11,P019,146,65.52,0,None
PR02276,2024-05-01,P089,481,204.59,0,None
PR02277,2024-10-01,P093,485,139.37,0,None
PR02278,2023-05-08,P066,497,247.15,0,None
PR02279,2024-11-20,P084,68,15.33,0,None
PR02280,2024-02-07,P031,464,55.72,0,None
PR02281,2023-08-16,P024,452,169.5,0,None
PR02282,2024-05-07,P046,305,109.72,10,Production Error
PR02283,2023-01-03,P020,312,142.53,0,None
PR02284,2024-07-09,P086,483,224.8,0,None
PR02285,2024-03-15,P072,296,83.45,0,None
PR02286,2023-05-29,P033,369,148.36,18,Overproduction
PR02287,2023-02-17,P038,474,196.72,0,None
PR02288,2024-01-02,P072,292,59.09,0,None
PR02289,2023-01-07,P005,147,25.89,0,None
PR02290,2024-11-23,P052,307,34.12,0,None
PR02291,2024-04-17,P095,377,41.51,0,None
PR02292,2024-09-19,P078,496,225.62,40,Production Error
PR02293,2023-06-12,P017,332,42.13,18,Spoilage
PR02294,2024-09-24,P019,340,79.65,0,None
PR02295,2024-01-04,P045,255,79.04,0,None
PR02296,2023-10-03,P012,439,171.31,0,None
PR02297,2024-10-30,P079,120,26.57,0,None
PR02298,2024-12-10,P024,186,79.79,0,None
PR02299,2024-03-10,P065,244,43.78,0,None
PR02300,2024-07-19,P045,146,70.85,4,Defective Material
PR02301,2023-10-26,P026,327,91.64,0,None
PR02302,2023-10-06,P077,348,59.96,0,None
PR02303,2024-06-28,P053,406,188.13,0,None
PR02304,2024-08-01,P079,445,105.56,0,None
PR02305,2024-12-15,P060,167,66.76,0,None
PR02306,2023-02-25,P013,461,197.53,0,None
PR02307,2023-08-26,P077,432,164.0,0,None
PR02308,2023-09-20,P050,428,100.15,38,Production Error
PR02309,2024-10-01,P078,228,106.93,0,None
PR02310,2024-03-20,P004,431,49.54,22,Defective Material
PR02311,2023-11-13,P074,486,100.6,0,None
PR02312,2024-12-03,P054,270,68.58,0,None
PR02313,2023-03-18,P099,220,63.78,0,None
PR02314,2023-11-02,P026,267,129.9,0,None
PR02315,2023-10-02,P024,62,18.45,3,Spoilage
PR02316,2024-10-30,P081,267,111.17,20,Overproduction
PR02317,2024-05-10,P080,100,14.47,0,None
PR02318,2023-05-27,P050,164,75.0,0,None
PR02319,2024-07-31,P095,395,173.59,31,Spoilage
PR02320,2023-07-23,P053,239,67.0,0,None
PR02321,2023-05-27,P001,461,185.13,0,None
PR02322,2024-12-30,P084,223,80.12,0,None
PR02323,2023-01-20,P091,182,53.26,0,None
PR02324,2024-10-28,P036,394,154.13,0,None
PR02325,2024-06-03,P087,259,112.01,0,None
PR02326,2024-10-15,P017,262,79.94,0,None
PR02327,2024-05-19,P091,71,28.57,4,Spoilage
PR02328,2024-11-05,P038,147,52.21,0,None
PR02329,2023-12-20,P041,167,38.31,0,None
PR02330,2023-01-02,P055,468,225.32,33,Spoilage
PR02331,2024-04-14,P004,480,60.95,0,None
PR02332,2024-09-03,P011,252,117.38,0,None
PR02333,2024-10-07,P047,198,66.14,0,None
PR02334,2024-05-30,P029,378,62.27,0,None
PR02335,2024-07-10,P090,393,102.41,17,Overproduction
PR02336,2023-01-15,P043,438,140.78,0,None
PR02337,2024-04-15,P057,351,97.02,0,None
PR02338,2024-07-09,P034,388,98.88,0,None
PR02339,2024-06-15,P034,270,128.67,0,None
PR02340,2024-11-22,P004,141,36.27,0,None
PR02341,2023-11-11,P043,419,109.06,0,None
PR02342,2024-07-14,P064,349,99.49,0,None
PR02343,2024-07-10,P058,99,14.36,0,None
PR02344,2023-04-14,P086,287,33.2,15,Overproduction
PR02345,2023-07-26,P100,291,31.16,0,None
PR02346,2023-12-30,P069,382,75.16,3,Spoilage
PR02347,2024-12-09,P049,454,76.95,12,Spoilage
PR02348,2024-03-26,P047,277,102.58,0,None
PR02349,2024-07-23,P045,317,75.77,0,None
PR02350,2023-06-30,P039,55,23.95,3,Defective Material
PR02351,2024-12-06,P067,483,99.32,0,None
PR02352,2023-06-27,P031,71,24.92,0,None
PR02353,2024-08-27,P069,279,59.85,0,None
PR02354,2024-05-07,P045,296,129.9,0,None
PR02355,2024-10-19,P028,266,118.84,0,None
PR02356,2024-11-16,P002,342,42.45,0,None
PR02357,2024-07-29,P049,191,27.83,17,Production Error
PR02358,2023-09-19,P078,254,51.5,0,None
PR02359,2024-09-12,P072,52,14.52,0,None
PR02360,2024-10-11,P036,391,76.77,0,None
PR02361,2023-10-06,P045,148,33.61,0,None
PR02362,2024-08-13,P037,301,106.89,4,Production Error
PR02363,2024-05-14,P080,381,149.61,0,None
PR02364,2024-07-19,P073,470,104.1,0,None
PR02365,2024-12-20,P082,91,26.26,0,None
PR02366,2023-08-08,P015,144,71.66,0,None
PR02367,2024-09-28,P072,163,66.29,0,None
PR02368,2024-03-10,P021,173,79.86,0,None
PR02369,2023-02-24,P067,90,9.86,0,None
PR02370,2024-12-26,P007,494,109.78,0,None
PR02371,2023-04-13,P015,225,81.98,0,None
PR02372,2024-07-14,P052,487,100.52,28,Defective Material
PR02373,2024-08-19,P031,257,42.97,0,None
PR02374,2023-06-25,P052,199,62.27,1,Spoilage
PR02375,2023-10-14,P100,420,180.2,0,None
PR02376,2023-01-26,P085,399,158.87,16,Production Error
PR02377,2024-01-31,P093,339,107.24,17,Production Error
PR02378,2023-09-28,P065,429,122.04,0,None
PR02379,2023-10-13,P059,253,94.13,0,None
PR02380,2023-09-20,P049,270,50.49,0,None
PR02381,2024-07-11,P071,309,55.63,0,None
PR02382,2023-03-25,P041,389,121.13,0,None
PR02383,2023-06-07,P074,210,89.94,0,None
PR02384,2024-04-01,P006,211,81.76,11,Production Error
PR02385,2024-02-15,P032,460,117.38,0,None
PR02386,2023-08-25,P004,365,159.26,0,None
PR02387,2024-11-07,P040,490,162.2,0,None
PR02388,2024-01-13,P052,242,100.44,0,None
PR02389,2024-05-19,P060,195,86.41,0,None
PR02390,2023-04-14,P003,215,75.94,15,Overproduction
PR02391,2024-06-16,P099,295,109.42,0,None
PR02392,2023-10-20,P012,460,228.43,0,None
PR02393,2023-02-21,P090,208,32.13,0,None
PR02394,2024-01-17,P078,178,54.1,0,None
PR02395,2023-08-15,P084,334,58.67,0,None
PR02396,2023-02-17,P097,412,184.02,0,None
PR02397,2023-11-26,P004,228,95.78,0,None
PR02398,2024-09-30,P037,196,85.52,0,None
PR02399,2023-10-31,P100,302,139.57,0,None
PR02400,2024-11-16,P017,374,105.61,0,None
PR02401,2024-07-26,P052,328,82.27,0,None
PR02402,2024-01-09,P020,114,48.28,3,Defective Material
PR02403,2023-10-18,P097,453,108.34,0,None
PR02404,2024-08-15,P076,332,85.8,0,None
PR02405,2024-05-02,P090,395,141.01,0,None
PR02406,2024-02-26,P073,428,133.94,0,None
PR02407,2024-12-23,P013,278,128.53,0,None
PR02408,2023-06-30,P065,429,196.4,0,None
PR02409,2024-04-08,P016,375,78.55,0,None
PR02410,2023-04-21,P080,337,99.22,0,None
PR02411,2023-10-17,P010,495,69.5,0,None
PR02412,2024-10-30,P074,182,23.91,0,None
PR02413,2024-02-22,P048,436,141.04,0,None
PR02414,2023-12-20,P032,295,65.55,0,None
PR02415,2023-01-01,P065,170,63.43,0,None
PR02416,2024-03-08,P097,327,103.16,0,None
PR02417,2023-09-25,P030,399,129.92,0,None
PR02418,2023-01-31,P098,455,219.07,0,None
PR02419,2024-06-19,P073,400,146.38,0,None
PR02420,2023-06-23,P094,345,160.38,0,None
PR02421,2024-10-30,P092,479,120.86,35,Spoilage
PR02422,2023-07-29,P022,218,84.12,0,None
PR02423,2024-11-18,P080,262,60.49,3,Spoilage
PR02424,2024-08-20,P057,129,41.72,8,Overproduction
PR02425,2023-01-20,P095,216,95.47,10,Production Error
PR02426,2024-08-06,P069,340,116.07,0,None
PR02427,2023-06-11,P081,158,35.51,0,None
PR02428,2023-10-14,P091,290,53.77,0,None
PR02429,2024-04-21,P050,186,38.95,0,None
PR02430,2023-04-17,P018,138,36.38,0,None
PR02431,2023-10-10,P094,492,196.87,0,None
PR02432,2023-09-24,P093,366,41.56,0,None
PR02433,2024-07-05,P046,357,170.67,0,None
PR02434,2023-11-21,P041,278,106.76,19,Spoilage
PR02435,2024-01-24,P016,134,25.51,0,None
PR02436,2023-05-17,P040,486,137.33,0,None
PR02437,2023-08-24,P091,153,60.15,0,None
PR02438,2023-09-30,P080,400,90.19,0,None
PR02439,2024-12-11,P040,318,146.63,0,None
PR02440,2024-08-25,P098,410,145.1,0,None
PR02441,2024-12-06,P056,278,57.22,0,None
PR02442,2024-03-15,P015,53,14.91,4,Overproduction
PR02443,2024-05-18,P092,50,11.44,1,Defective Material
PR02444,2023-01-29,P050,81,10.84,0,None
PR02445,2023-04-19,P066,92,32.97,0,None
PR02446,2023-01-26,P089,130,46.23,0,None
PR02447,2024-05-30,P028,186,23.57,0,None
PR02448,2024-11-27,P014,361,43.24,0,None
PR02449,2023-08-27,P060,334,151.93,0,None
PR02450,2023-06-05,P094,398,108.49,0,None
PR02451,2024-04-09,P088,117,33.79,0,None
PR02452,2023-12-05,P081,245,100.27,0,None
PR02453,2023-02-19,P051,145,44.34,0,None
PR02454,2024-07-16,P074,396,153.2,0,None
PR02455,2023-09-05,P033,304,90.81,0,None
PR02456,2024-08-28,P074,282,97.23,0,None
PR02457,2023-05-22,P037,404,116.56,0,None
PR02458,2024-02-24,P091,474,114.03,0,None
PR02459,2023-04-05,P084,119,19.69,0,None
PR02460,2023-08-11,P022,424,101.53,0,None
PR02461,2023-02-03,P069,258,121.64,0,None
PR02462,2024-04-11,P024,263,77.53,0,None
PR02463,2023-07-28,P026,400,97.49,0,None
PR02464,2024-06-23,P070,369,126.79,0,None
PR02465,2023-01-12,P052,305,35.24,0,None
PR02466,2023-08-13,P079,98,33.54,0,None
PR02467,2024-12-15,P061,305,121.88,0,None
PR02468,2024-05-21,P009,290,81.3,0,None
PR02469,2023-06-08,P094,211,68.75,0,None
PR02470,2023-01-05,P055,94,42.9,0,None
PR02471,2024-01-18,P034,309,74.45,0,None
PR02472,2024-11-02,P064,361,90.19,0,None
PR02473,2023-04-26,P081,197,56.62,0,None
PR02474,2023-12-08,P098,359,50.77,0,None
PR02475,2023-04-05,P067,463,82.08,0,None
PR02476,2024-07-06,P082,53,8.06,0,None
PR02477,2023-06-08,P003,72,15.51,2,Spoilage
PR02478,2024-09-07,P063,474,225.87,0,None
PR02479,2024-06-24,P056,296,97.7,0,None
PR02480,2024-07-04,P093,484,132.64,0,None
PR02481,2023-06-14,P025,370,166.64,0,None
PR02482,2023-05-27,P029,491,202.48,0,None
PR02483,2024-10-27,P066,80,30.07,1,Production Error
PR02484,2024-02-29,P005,155,70.93,0,None
PR02485,2023-02-24,P013,215,53.18,18,Defective Material
PR02486,2023-09-30,P064,121,40.8,11,Spoilage
PR02487,2024-03-12,P087,439,93.78,0,None
PR02488,2023-01-08,P072,173,35.1,0,None
PR02489,2023-02-11,P004,156,74.28,0,None
PR02490,2024-12-16,P032,226,93.21,0,None
PR02491,2023-07-27,P003,92,9.89,0,None
PR02492,2024-01-28,P067,434,114.13,0,None
PR02493,2024-12-17,P021,54,19.48,1,Spoilage
PR02494,2023-01-05,P009,254,38.66,0,None
PR02495,2024-01-17,P093,386,192.94,0,None
PR02496,2023-02-27,P035,439,202.34,0,None
PR02497,2024-10-07,P071,93,13.68,0,None
PR02498,2024-09-28,P002,119,55.96,3,Defective Material
PR02499,2024-07-21,P085,472,127.85,0,None
PR02500,2023-10-31,P006,445,105.66,0,None
PR02501,2023-09-24,P053,108,13.93,0,None
PR02502,2024-08-15,P006,475,58.61,0,None
PR02503,2023-11-22,P069,211,85.19,0,None
PR02504,2023-10-09,P010,169,25.35,0,None
PR02505,2024-07-03,P039,229,54.01,0,None
PR02506,2023-05-10,P010,499,106.07,0,None
PR02507,2023-10-01,P060,417,130.75,0,None
PR02508,2024-04-09,P085,481,164.0,0,None
PR02509,2024-07-18,P065,196,89.41,11,Defective Material
PR02510,2024-07-07,P012,395,70.69,0,None
PR02511,2024-02-26,P089,185,83.04,10,Defective Material
PR02512,2023-10-04,P027,368,58.44,0,None
PR02513,2023-06-23,P029,492,203.34,0,None
PR02514,2024-03-24,P081,255,81.65,0,None
PR02515,2024-12-24,P072,284,82.58,0,None
PR02516,2024-12-26,P026,225,36.63,0,None
PR02517,2024-05-14,P066,271,83.54,0,None
PR02518,2023-08-07,P035,75,28.73,0,None
PR02519,2023-10-11,P019,379,45.89,0,None
PR02520,2023-10-24,P019,324,45.6,0,None
PR02521,2024-01-19,P089,244,77.37,22,Overproduction
PR02522,2023-06-28,P035,136,16.26,0,None
PR02523,2023-02-14,P046,440,149.26,15,Overproduction
PR02524,2024-01-30,P037,300,114.35,0,None
PR02525,2023-04-25,P069,420,178.68,0,None
PR02526,2023-11-23,P073,328,59.95,0,None
PR02527,2023-10-14,P014,443,177.9,0,None
PR02528,2023-06-16,P056,53,9.84,0,None
PR02529,2024-03-14,P048,479,58.56,0,None
PR02530,2024-03-17,P004,248,71.73,0,None
PR02531,2024-07-23,P035,214,21.92,0,None
PR02532,2024-07-14,P083,119,37.11,0,None
PR02533,2024-04-17,P020,289,81.09,0,None
PR02534,2024-01-07,P032,253,30.28,0,None
PR02535,2023-08-14,P088,216,34.79,0,None
PR02536,2023-03-27,P068,392,43.37,0,None
PR02537,2023-05-26,P067,365,42.83,0,None
PR02538,2024-12-04,P012,81,12.08,0,None
PR02539,2023-08-31,P047,166,48.56,0,None
PR02540,2023-08-12,P056,428,68.61,0,None
PR02541,2024-02-04,P023,225,28.17,0,None
PR02542,2023-02-13,P057,141,36.16,0,None
PR02543,2024-11-08,P073,468,159.71,0,None
PR02544,2023-08-26,P077,95,35.67,6,Spoilage
PR02545,2024-12-09,P095,205,72.32,0,None
PR02546,2023-12-17,P022,438,101.33,30,Defective Material
PR02547,2023-04-22,P063,409,125.28,0,None
PR02548,2023-02-07,P100,75,30.29,0,None
PR02549,2023-05-29,P043,426,102.98,0,None
PR02550,2023-05-30,P029,448,214.3,0,None
PR02551,2024-02-28,P099,216,62.48,0,None
PR02552,2023-07-22,P043,401,91.79,0,None
PR02553,2023-04-17,P082,125,29.16,0,None
PR02554,2024-08-02,P032,104,50.07,0,None
PR02555,2024-01-29,P060,303,40.72,0,None
PR02556,2024-07-04,P080,81,37.05,0,None
PR02557,2024-03-04,P097,129,54.25,0,None
PR02558,2023-01-25,P021,406,93.18,0,None
PR02559,2024-08-25,P047,458,92.73,0,None
PR02560,2024-03-28,P078,152,75.12,0,None
PR02561,2023-06-19,P088,134,30.41,8,Defective Material
PR02562,2023-03-02,P079,264,123.9,0,None
PR02563,2023-01-23,P022,368,154.12,0,None
PR02564,2024-06-17,P084,327,85.09,5,Production Error
PR02565,2023-10-01,P048,59,27.52,0,None
PR02566,2024-06-29,P045,53,20.65,0,None
PR02567,2024-08-26,P008,430,66.61,0,None
PR02568,2024-12-01,P014,139,16.28,0,None
PR02569,2024-07-31,P038,300,46.06,0,None
PR02570,2024-01-24,P022,495,60.42,0,None
PR02571,2023-09-14,P085,185,83.24,0,None
PR02572,2023-11-18,P092,344,145.92,31,Production Error
PR02573,2024-07-10,P062,200,57.51,0,None
PR02574,2024-11-17,P064,253,99.26,0,None
PR02575,2024-07-24,P073,350,105.84,0,None
PR02576,2023-06-12,P008,64,26.13,4,Defective Material
PR02577,2024-11-06,P023,404,166.63,0,None
PR02578,2023-08-19,P046,433,94.47,21,Spoilage
PR02579,2023-12-30,P074,199,89.77,0,None
PR02580,2024-06-29,P033,264,105.42,0,None
PR02581,2024-05-23,P095,397,45.29,0,None
PR02582,2024-11-01,P031,352,175.83,0,None
PR02583,2024-10-27,P002,411,140.04,0,None
PR02584,2023-04-04,P006,328,85.52,19,Spoilage
PR02585,2023-02-15,P092,98,44.19,0,None
PR02586,2024-03-22,P027,220,33.8,0,None
PR02587,2023-06-12,P013,164,58.62,0,None
PR02588,2023-03-18,P031,317,46.13,0,None
PR02589,2024-12-20,P004,177,62.62,0,None
PR02590,2023-02-23,P005,481,110.68,34,Spoilage
PR02591,2023-11-28,P052,429,132.97,0,None
PR02592,2023-08-31,P040,341,56.74,0,None
PR02593,2023-09-09,P006,355,91.33,0,None
PR02594,2024-08-13,P068,178,40.77,0,None
PR02595,2023-07-04,P021,248,92.24,0,None
PR02596,2024-02-11,P062,347,51.97,0,None
PR02597,2023-01-23,P067,310,60.79,0,None
PR02598,2024-06-01,P094,261,30.51,0,None
PR02599,2023-02-23,P081,479,158.3,0,None
PR02600,2023-08-26,P098,51,15.42,0,None
PR02601,2024-08-29,P012,384,141.64,7,Defective Material
PR02602,2023-08-21,P007,83,23.21,0,None
PR02603,2023-05-16,P070,313,104.86,0,None
PR02604,2023-11-16,P083,230,89.09,0,None
PR02605,2023-01-17,P061,137,39.82,0,None
PR02606,2024-05-13,P005,215,41.8,0,None
PR02607,2024-11-27,P052,81,20.76,0,None
PR02608,2024-05-28,P095,219,106.57,0,None
PR02609,2024-04-27,P042,333,146.11,0,None
PR02610,2023-05-15,P059,479,57.02,0,None
PR02611,2024-02-24,P070,352,125.22,0,None
PR02612,2023-07-27,P085,296,61.46,0,None
PR02613,2023-12-29,P003,343,155.92,30,Production Error
PR02614,2023-01-06,P020,478,98.65,22,Defective Material
PR02615,2023-03-05,P043,189,73.94,0,None
PR02616,2024-05-16,P084,129,51.45,0,None
PR02617,2023-11-05,P054,438,213.63,0,None
PR02618,2024-05-31,P015,208,41.77,0,None
PR02619,2024-03-19,P083,307,140.68,19,Spoilage
PR02620,2024-12-19,P091,416,148.82,0,None
PR02621,2024-11-12,P050,376,143.09,0,None
PR02622,2024-12-10,P029,397,67.15,0,None
PR02623,2023-01-27,P055,270,29.59,0,None
PR02624,2023-06-02,P009,222,85.6,0,None
PR02625,2024-03-23,P098,283,42.9,0,None
PR02626,2023-04-16,P074,257,36.83,0,None
PR02627,2024-05-20,P022,440,163.12,0,None
PR02628,2023-12-09,P049,342,124.61,0,None
PR02629,2023-11-27,P056,377,88.84,0,None
PR02630,2023-05-18,P013,68,16.9,0,None
PR02631,2024-10-29,P034,143,41.48,0,None
PR02632,2023-09-07,P058,202,25.55,0,None
PR02633,2024-12-31,P034,359,63.75,0,None
PR02634,2023-09-09,P049,441,183.82,0,None
PR02635,2023-12-05,P020,177,87.25,0,None
PR02636,2024-04-28,P003,354,137.35,0,None
PR02637,2023-09-07,P017,155,57.27,0,None
PR02638,2024-06-05,P027,201,42.0,0,None
PR02639,2024-10-05,P073,469,147.3,14,Overproduction
PR02640,2023-10-18,P026,197,23.98,0,None
PR02641,2024-03-20,P038,79,12.31,0,None
PR02642,2023-09-20,P017,324,53.84,0,None
PR02643,2023-09-24,P008,479,231.31,1,Spoilage
PR02644,2024-12-04,P010,434,104.81,21,Spoilage
PR02645,2023-06-13,P003,377,53.86,36,Production Error
PR02646,2023-10-16,P078,494,90.18,0,None
PR02647,2024-05-22,P036,297,83.67,0,None
PR02648,2023-07-25,P045,300,134.33,22,Overproduction
PR02649,2024-11-13,P004,136,26.28,0,None
PR02650,2023-03-17,P073,288,134.64,0,None
PR02651,2024-09-09,P028,204,89.28,0,None
PR02652,2024-11-12,P077,312,99.82,0,None
PR02653,2024-02-28,P014,241,79.71,0,None
PR02654,2023-06-06,P056,461,48.99,0,None
PR02655,2023-08-15,P097,430,160.93,0,None
PR02656,2024-08-24,P095,274,105.24,0,None
PR02657,2024-06-05,P022,483,241.34,0,None
PR02658,2024-06-18,P037,464,67.78,0,None
PR02659,2024-01-08,P099,458,79.54,0,None
PR02660,2024-12-07,P013,60,26.53,0,None
PR02661,2024-04-06,P055,96,33.86,0,None
PR02662,2023-04-15,P086,254,82.95,2,Overproduction
PR02663,2023-10-25,P031,59,16.01,0,None
PR02664,2023-06-30,P098,374,91.13,0,None
PR02665,2024-07-12,P092,119,22.11,0,None
PR02666,2023-02-24,P063,284,135.18,0,None
PR02667,2023-07-25,P081,311,68.22,0,None
PR02668,2024-05-22,P048,184,28.76,0,None
PR02669,2024-10-08,P043,92,13.67,1,Defective Material
PR02670,2024-07-23,P091,351,122.62,0,None
PR02671,2023-12-07,P080,299,112.88,0,None
PR02672,2024-02-29,P021,107,25.52,0,None
PR02673,2024-02-04,P053,308,104.23,0,None
PR02674,2023-10-19,P079,476,79.1,25,Defective Material
PR02675,2023-12-27,P020,193,25.13,0,None
PR02676,2023-09-17,P092,249,43.73,0,None
PR02677,2024-12-28,P031,160,72.2,0,None
PR02678,2023-08-12,P084,65,14.99,0,None
PR02679,2024-05-05,P088,402,76.84,9,Spoilage
PR02680,2023-03-01,P081,312,36.38,0,None
PR02681,2023-05-04,P016,469,188.56,28,Spoilage
PR02682,2023-09-22,P072,343,145.5,0,None
PR02683,2024-12-05,P040,414,74.55,0,None
PR02684,2023-04-27,P098,213,89.77,0,None
PR02685,2023-04-27,P032,181,63.53,0,None
PR02686,2024-05-10,P020,70,14.84,0,None
PR02687,2023-07-11,P075,316,136.13,0,None
PR02688,2023-07-24,P090,441,196.72,0,None
PR02689,2024-03-31,P076,275,78.25,0,None
PR02690,2024-09-13,P033,68,31.28,0,None
PR02691,2023-03-11,P096,133,63.45,0,None
PR02692,2024-03-10,P007,440,91.5,0,None
PR02693,2023-06-14,P088,366,117.31,0,None
PR02694,2023-09-20,P083,196,62.8,0,None
PR02695,2024-12-14,P042,436,176.93,0,None
PR02696,2024-06-14,P089,260,42.37,0,None
PR02697,2024-03-01,P035,184,27.53,0,None
PR02698,2024-05-31,P023,235,89.73,0,None
PR02699,2023-01-23,P026,435,207.4,0,None
PR02700,2024-02-26,P068,179,42.69,0,None
PR02701,2023-09-20,P007,201,100.32,14,Production Error
PR02702,2023-12-24,P066,482,216.61,0,None
PR02703,2024-06-14,P011,51,22.95,0,None
PR02704,2023-04-13,P056,240,85.25,0,None
PR02705,2024-04-22,P051,438,52.46,0,None
PR02706,2024-07-31,P017,145,19.88,0,None
PR02707,2024-12-21,P057,80,12.42,0,None
PR02708,2024-01-11,P078,135,55.44,0,None
PR02709,2024-10-22,P021,488,148.1,15,Defective Material
PR02710,2023-01-01,P069,424,58.05,0,None
PR02711,2023-11-19,P064,93,30.09,0,None
PR02712,2023-11-29,P036,350,54.11,0,None
PR02713,2024-05-27,P066,366,55.99,0,None
PR02714,2023-02-15,P042,100,40.04,0,None
PR02715,2023-04-09,P044,108,11.01,5,Defective Material
PR02716,2023-02-15,P054,368,82.77,0,None
PR02717,2023-12-17,P062,256,51.31,0,None
PR02718,2023-05-16,P034,237,63.31,0,None
PR02719,2024-06-14,P088,490,187.49,0,None
PR02720,2024-04-03,P030,107,18.12,0,None
PR02721,2023-08-31,P017,384,130.32,0,None
PR02722,2024-08-19,P052,86,8.88,0,None
PR02723,2024-12-22,P073,193,24.45,0,None
PR02724,2023-09-16,P028,472,138.29,0,None
PR02725,2024-12-04,P024,429,191.37,0,None
PR02726,2024-02-14,P009,195,56.89,0,None
PR02727,2023-12-04,P074,417,152.22,0,None
PR02728,2024-08-02,P036,158,54.11,0,None
PR02729,2024-02-21,P057,64,20.01,0,None
PR02730,2023-10-12,P092,494,128.43,0,None
PR02731,2024-02-16,P070,82,30.36,7,Production Error
PR02732,2023-03-25,P052,200,76.5,0,None
PR02733,2023-08-02,P071,116,47.01,0,None
PR02734,2023-02-03,P013,414,96.28,0,None
PR02735,2023-06-22,P022,217,60.27,0,None
PR02736,2023-03-14,P055,329,79.04,0,None
PR02737,2024-11-19,P083,209,43.82,0,None
PR02738,2023-11-04,P038,314,61.61,0,None
PR02739,2024-01-01,P059,490,86.73,40,Overproduction
PR02740,2024-03-25,P019,150,50.01,3,Spoilage
PR02741,2024-05-04,P047,293,139.93,0,None
PR02742,2024-11-07,P090,212,98.58,0,None
PR02743,2024-11-11,P047,54,9.52,0,None
PR02744,2024-02-22,P010,475,118.61,0,None
PR02745,2023-04-21,P011,59,27.56,0,None
PR02746,2024-06-18,P081,397,131.98,0,None
PR02747,2024-04-03,P099,302,50.07,0,None
PR02748,2024-04-13,P033,324,59.11,0,None
PR02749,2024-06-20,P062,364,128.68,0,None
PR02750,2023-11-22,P092,181,38.73,0,None
PR02751,2024-08-13,P031,88,24.34,0,None
PR02752,2024-09-04,P042,326,105.35,0,None
PR02753,2023-02-18,P086,233,34.08,0,None
PR02754,2024-05-08,P098,421,203.45,0,None
PR02755,2023-12-28,P088,435,47.16,0,None
PR02756,2024-04-01,P079,93,33.24,0,None
PR02757,2024-11-09,P043,80,25.38,3,Overproduction
PR02758,2023-09-22,P077,195,33.35,17,Spoilage
PR02759,2024-06-26,P034,179,39.94,0,None
PR02760,2024-07-08,P039,92,24.22,0,None
PR02761,2024-09-17,P057,85,35.24,0,None
PR02762,2024-11-25,P100,442,57.6,0,None
PR02763,2024-09-22,P038,379,153.16,0,None
PR02764,2024-12-08,P099,382,97.8,0,None
PR02765,2023-11-19,P010,451,135.88,0,None
PR02766,2023-01-11,P088,371,74.88,23,Defective Material
PR02767,2023-05-15,P039,428,122.63,0,None
PR02768,2023-06-21,P083,181,23.33,0,None
PR02769,2024-06-22,P015,191,75.24,0,None
PR02770,2023-10-23,P095,69,27.49,4,Production Error
PR02771,2023-05-14,P022,215,89.55,0,None
PR02772,2023-05-11,P098,482,183.64,0,None
PR02773,2023-06-14,P090,111,53.85,0,None
PR02774,2024-01-31,P069,128,22.63,0,None
PR02775,2023-03-26,P034,358,53.18,0,None
PR02776,2024-01-31,P089,195,46.75,0,None
PR02777,2023-08-02,P029,442,60.78,0,None
PR02778,2023-01-20,P094,112,27.16,5,Overproduction
PR02779,2023-07-08,P003,224,24.44,0,None
PR02780,2024-06-14,P045,301,125.6,0,None
PR02781,2023-10-08,P002,322,56.95,0,None
PR02782,2024-06-21,P051,338,128.59,0,None
PR02783,2023-08-03,P001,294,63.52,0,None
PR02784,2024-12-19,P036,468,105.93,0,None
PR02785,2023-04-15,P069,471,182.39,0,None
PR02786,2023-06-03,P005,218,108.58,0,None
PR02787,2023-09-22,P072,256,57.25,0,None
PR02788,2023-07-02,P080,328,163.33,0,None
PR02789,2024-06-15,P081,325,114.4,0,None
PR02790,2023-04-15,P080,464,131.54,0,None
PR02791,2023-08-14,P021,116,22.68,0,None
PR02792,2023-06-23,P033,474,58.25,0,None
PR02793,2024-07-30,P032,218,56.61,9,Overproduction
PR02794,2024-09-05,P078,428,193.86,0,None
PR02795,2024-05-20,P035,76,26.79,0,None
PR02796,2023-05-08,P044,367,155.12,0,None
PR02797,2024-12-10,P096,410,115.2,0,None
PR02798,2023-06-01,P069,408,188.22,0,None
PR02799,2024-08-01,P048,67,30.91,0,None
PR02800,2024-05-01,P036,496,96.71,0,None
PR02801,2024-09-17,P080,66,13.54,0,None
PR02802,2023-10-11,P070,168,41.61,0,None
PR02803,2023-05-13,P032,308,65.44,0,None
PR02804,2024-09-20,P065,497,120.75,0,None
PR02805,2023-08-21,P042,185,84.23,0,None
PR02806,2024-01-17,P071,491,86.26,25,Overproduction
PR02807,2023-05-02,P039,167,49.04,0,None
PR02808,2024-07-26,P062,309,67.32,0,None
PR02809,2024-05-29,P044,496,64.45,0,None
PR02810,2024-11-08,P043,494,117.91,0,None
PR02811,2024-06-14,P072,203,73.69,0,None
PR02812,2024-10-05,P086,430,191.34,0,None
PR02813,2024-06-12,P028,413,83.19,0,None
PR02814,2023-07-25,P100,328,129.02,0,None
PR02815,2023-05-08,P054,181,77.02,5,Defective Material
PR02816,2023-10-21,P075,366,119.89,0,None
PR02817,2023-04-20,P075,305,104.07,0,None
PR02818,2024-07-14,P033,236,108.62,0,None
PR02819,2024-09-16,P003,484,222.72,0,None
PR02820,2023-05-31,P011,206,85.6,0,None
PR02821,2023-07-29,P085,361,69.06,0,None
PR02822,2023-11-11,P057,204,77.54,0,None
PR02823,2024-11-03,P033,387,50.36,0,None
PR02824,2024-10-07,P013,62,20.36,0,None
PR02825,2023-06-15,P086,230,30.2,0,None
PR02826,2023-03-24,P033,432,163.48,0,None
PR02827,2024-01-25,P069,178,50.35,6,Spoilage
PR02828,2023-11-24,P084,260,97.95,0,None
PR02829,2024-06-13,P017,139,51.49,0,None
PR02830,2024-07-21,P098,60,11.83,0,None
PR02831,2024-05-31,P047,115,44.13,0,None
PR02832,2023-02-19,P071,224,100.66,0,None
PR02833,2023-05-31,P074,223,103.82,0,None
PR02834,2024-07-15,P099,54,16.41,0,None
PR02835,2024-07-20,P072,410,96.25,0,None
PR02836,2023-08-16,P026,175,72.93,0,None
PR02837,2024-11-28,P078,373,104.8,0,None
PR02838,2023-05-06,P017,163,39.24,0,None
PR02839,2023-06-01,P047,331,95.51,0,None
PR02840,2023-03-02,P013,178,61.3,0,None
PR02841,2023-11-04,P004,97,38.52,0,None
PR02842,2023-05-20,P004,101,39.36,0,None
PR02843,2024-08-08,P091,187,62.14,2,Overproduction
PR02844,2024-06-08,P081,148,60.31,0,None
PR02845,2024-07-09,P020,433,64.92,0,None
PR02846,2023-05-29,P048,454,68.38,0,None
PR02847,2023-09-23,P055,137,42.81,0,None
PR02848,2023-12-17,P026,279,41.04,0,None
PR02849,2023-07-05,P067,400,96.49,0,None
PR02850,2024-01-18,P092,459,183.3,2,Production Error
PR02851,2024-08-28,P065,247,77.32,1,Production Error
PR02852,2023-06-09,P010,448,191.17,0,None
PR02853,2024-04-20,P084,385,188.85,0,None
PR02854,2024-03-16,P068,79,14.35,0,None
PR02855,2023-09-24,P079,244,118.02,0,None
PR02856,2024-02-14,P057,83,20.09,0,None
PR02857,2023-09-18,P034,228,107.61,0,None
PR02858,2024-05-03,P067,313,68.86,15,Spoilage
PR02859,2024-04-04,P048,196,71.83,1,Overproduction
PR02860,2023-06-30,P095,70,10.44,0,None
PR02861,2024-04-04,P051,392,154.12,0,None
PR02862,2023-02-02,P025,274,81.79,0,None
PR02863,2023-10-28,P082,118,48.95,0,None
PR02864,2024-04-23,P035,153,67.19,0,None
PR02865,2023-03-08,P062,407,142.18,4,Spoilage
PR02866,2024-08-31,P044,443,208.11,0,None
PR02867,2023-12-16,P011,388,97.41,0,None
PR02868,2023-10-28,P076,463,99.04,0,None
PR02869,2024-12-07,P040,79,25.89,0,None
PR02870,2024-07-31,P038,327,155.11,0,None
PR02871,2023-01-03,P023,85,41.31,0,None
PR02872,2024-06-28,P054,453,193.29,0,None
PR02873,2023-04-07,P018,325,124.59,0,None
PR02874,2024-04-10,P073,424,127.97,34,Overproduction
PR02875,2024-07-29,P022,299,65.11,0,None
PR02876,2024-10-20,P088,380,173.61,0,None
PR02877,2023-09-02,P056,337,116.03,13,Production Error
PR02878,2024-12-28,P061,231,64.87,0,None
PR02879,2023-02-04,P072,156,71.55,0,None
PR02880,2024-03-10,P037,181,32.33,13,Overproduction
PR02881,2024-03-05,P078,127,41.34,0,None
PR02882,2024-10-08,P036,480,176.96,26,Production Error
PR02883,2024-11-28,P014,158,36.8,2,Spoilage
PR02884,2024-06-05,P005,331,137.46,0,None
PR02885,2023-09-11,P055,110,28.62,0,None
PR02886,2023-07-14,P061,94,33.71,0,None
PR02887,2023-11-14,P015,418,149.14,0,None
PR02888,2024-09-05,P064,341,101.64,0,None
PR02889,2024-01-06,P028,341,110.07,26,Spoilage
PR02890,2023-08-04,P077,434,89.37,0,None
PR02891,2023-08-05,P027,287,64.42,0,None
PR02892,2024-02-05,P015,450,194.59,0,None
PR02893,2023-05-27,P095,83,35.4,0,None
PR02894,2024-10-17,P054,346,106.92,0,None
PR02895,2024-11-15,P033,85,29.43,0,None
PR02896,2024-06-18,P050,74,31.62,0,None
PR02897,2024-07-29,P001,465,128.9,0,None
PR02898,2023-02-14,P080,83,31.18,0,None
PR02899,2023-06-26,P098,262,43.06,0,None
PR02900,2023-10-09,P092,97,44.75,0,None
PR02901,2023-12-10,P095,230,70.7,7,Overproduction
PR02902,2023-02-17,P004,146,46.45,0,None
PR02903,2023-01-01,P072,402,79.52,0,None
PR02904,2023-10-24,P038,474,85.28,18,Defective Material
PR02905,2023-08-17,P009,431,176.74,0,None
PR02906,2023-05-23,P093,144,22.21,0,None
PR02907,2023-11-06,P071,242,91.73,0,None
PR02908,2024-05-14,P046,262,121.8,0,None
PR02909,2024-05-05,P032,326,116.22,17,Production Error
PR02910,2024-01-14,P065,247,94.5,0,None
PR02911,2023-06-07,P068,308,98.95,0,None
PR02912,2024-05-06,P037,391,77.65,0,None
PR02913,2023-12-04,P002,393,76.51,0,None
PR02914,2023-04-21,P076,380,54.92,0,None
PR02915,2023-05-05,P016,128,33.27,0,None
PR02916,2023-11-16,P087,65,11.32,0,None
PR02917,2023-01-03,P098,412,176.57,0,None
PR02918,2024-06-28,P012,331,77.79,0,None
PR02919,2023-06-30,P071,489,205.6,0,None
PR02920,2023-12-29,P081,91,18.93,0,None
PR02921,2024-07-31,P027,303,149.36,0,None
PR02922,2024-05-25,P062,78,29.63,5,Overproduction
PR02923,2024-06-03,P009,204,57.44,0,None
PR02924,2023-07-22,P046,97,15.61,0,None
PR02925,2024-07-29,P032,416,165.6,0,None
PR02926,2023-12-30,P063,242,120.7,0,None
PR02927,2024-05-27,P026,232,64.19,0,None
PR02928,2024-12-29,P017,77,7.72,0,None
PR02929,2023-03-17,P003,328,108.07,22,Overproduction
PR02930,2024-05-17,P015,369,97.04,0,None
PR02931,2023-05-13,P057,227,42.29,0,None
PR02932,2024-10-05,P009,221,44.03,0,None
PR02933,2023-09-02,P096,368,109.52,0,None
PR02934,2023-03-29,P031,318,132.81,0,None
PR02935,2023-05-24,P061,450,135.85,0,None
PR02936,2023-04-27,P039,243,54.9,0,None
PR02937,2023-11-20,P071,183,64.97,0,None
PR02938,2024-02-21,P029,327,111.77,22,Defective Material
PR02939,2023-05-28,P098,318,78.79,0,None
PR02940,2023-03-23,P012,63,28.05,0,None
PR02941,2024-06-11,P098,275,119.55,0,None
PR02942,2023-07-11,P001,449,93.07,0,None
PR02943,2024-07-23,P026,225,30.3,0,None
PR02944,2023-07-18,P061,332,37.26,28,Production Error
PR02945,2024-01-15,P015,101,37.99,0,None
PR02946,2024-05-24,P049,140,34.98,0,None
PR02947,2023-05-24,P068,195,23.57,0,None
PR02948,2023-09-18,P009,330,124.39,19,Production Error
PR02949,2024-07-15,P017,425,109.64,0,None
PR02950,2024-11-30,P075,213,57.16,0,None
PR02951,2023-04-01,P027,236,32.45,6,Production Error
PR02952,2024-04-29,P033,306,32.14,0,None
PR02953,2024-10-23,P073,315,56.39,0,None
PR02954,2024-09-30,P074,352,161.57,0,None
PR02955,2023-02-06,P061,278,50.0,0,None
PR02956,2023-04-16,P018,198,36.4,0,None
PR02957,2023-03-03,P047,166,54.05,0,None
PR02958,2024-11-05,P090,289,130.2,0,None
PR02959,2023-12-22,P074,450,80.45,0,None
PR02960,2023-06-15,P052,150,17.32,0,None
PR02961,2023-05-22,P079,316,77.37,0,None
PR02962,2023-06-11,P046,100,21.17,0,None
PR02963,2023-02-06,P019,187,87.84,0,None
PR02964,2023-08-12,P029,281,70.49,0,None
PR02965,2023-12-31,P015,441,192.39,0,None
PR02966,2024-03-02,P016,193,78.21,0,None
PR02967,2024-06-13,P087,88,21.17,0,None
PR02968,2023-08-27,P042,154,71.24,0,None
PR02969,2023-02-21,P036,370,81.17,27,Spoilage
PR02970,2024-05-17,P052,89,27.27,0,None
PR02971,2024-05-14,P083,174,54.75,5,Production Error
PR02972,2024-04-15,P066,73,28.79,0,None
PR02973,2024-04-23,P016,257,106.49,0,None
PR02974,2024-09-15,P052,214,88.18,0,None
PR02975,2023-01-31,P053,260,30.83,0,None
PR02976,2024-12-27,P008,434,190.89,29,Defective Material
PR02977,2023-10-11,P017,410,66.22,0,None
PR02978,2024-12-24,P028,354,119.49,0,None
PR02979,2023-08-02,P028,174,73.35,0,None
PR02980,2023-11-08,P086,77,24.85,0,None
PR02981,2024-07-04,P068,358,172.53,0,None
PR02982,2023-09-28,P097,71,26.48,0,None
PR02983,2024-09-05,P048,401,100.38,0,None
PR02984,2024-12-26,P099,460,169.41,0,None
PR02985,2023-10-17,P037,328,72.63,28,Defective Material
PR02986,2024-01-27,P044,459,175.35,0,None
PR02987,2023-05-24,P096,372,121.97,0,None
PR02988,2023-11-13,P023,488,184.65,0,None
PR02989,2024-10-22,P038,314,78.01,0,None
PR02990,2024-04-29,P007,462,161.08,0,None
PR02991,2024-11-01,P079,75,16.37,0,None
PR02992,2023-06-08,P063,260,37.06,2,Overproduction
PR02993,2024-02-23,P005,378,140.55,0,None
PR02994,2023-06-13,P009,319,134.87,2,Spoilage
PR02995,2023-12-09,P087,166,54.82,0,None
PR02996,2023-01-17,P070,329,161.82,0,None
PR02997,2024-05-25,P076,84,19.78,0,None
PR02998,2023-03-03,P020,371,124.26,0,None
PR02999,2023-12-05,P058,249,46.27,20,Overproduction
PR03000,2024-10-28,P082,131,46.49,0,None
PR03001,2024-08-10,P026,279,65.5,0,None
PR03002,2023-05-11,P067,308,70.93,0,None
PR03003,2023-10-25,P069,128,28.78,0,None
PR03004,2023-02-17,P014,197,45.76,0,None
PR03005,2024-07-26,P027,193,62.51,0,None
PR03006,2024-03-25,P060,442,210.46,0,None
PR03007,2024-08-02,P018,140,64.04,0,None
PR03008,2023-11-03,P095,426,199.77,0,None
PR03009,2023-11-01,P015,496,175.35,0,None
PR03010,2024-09-05,P014,223,37.24,0,None
PR03011,2024-01-29,P065,347,96.22,18,Defective Material
PR03012,2023-11-02,P010,309,48.07,17,Spoilage
PR03013,2023-02-11,P029,234,100.75,0,None
PR03014,2024-06-26,P040,370,161.95,0,None
PR03015,2023-06-06,P064,56,6.85,0,None
PR03016,2023-07-25,P067,451,193.02,0,None
PR03017,2024-11-02,P031,386,40.07,0,None
PR03018,2023-05-03,P100,348,88.88,0,None
PR03019,2023-03-25,P019,72,32.61,0,None
PR03020,2024-09-09,P095,370,114.81,10,Production Error
PR03021,2023-09-07,P036,488,179.44,0,None
PR03022,2023-07-05,P087,69,23.16,0,None
PR03023,2023-02-20,P001,301,65.44,24,Spoilage
PR03024,2024-12-01,P059,320,100.75,0,None
PR03025,2023-08-19,P094,271,125.65,0,None
PR03026,2023-11-26,P094,230,25.62,0,None
PR03027,2024-04-18,P028,182,88.52,0,None
PR03028,2024-05-25,P063,485,56.25,13,Spoilage
PR03029,2024-03-21,P039,64,30.17,0,None
PR03030,2024-05-30,P027,362,125.07,0,None
PR03031,2024-11-20,P028,313,141.12,0,None
PR03032,2023-11-02,P092,104,31.56,0,None
PR03033,2023-12-22,P048,154,55.23,0,None
PR03034,2024-01-29,P096,241,77.38,22,Overproduction
PR03035,2024-04-10,P019,113,49.89,0,None
PR03036,2023-05-21,P078,116,18.77,0,None
PR03037,2023-03-30,P097,123,23.11,0,None
PR03038,2023-07-16,P012,410,144.34,0,None
PR03039,2024-01-05,P012,85,15.61,0,None
PR03040,2024-04-30,P070,157,19.75,0,None
PR03041,2024-02-24,P076,53,7.79,0,None
PR03042,2023-03-29,P018,201,24.17,0,None
PR03043,2023-11-23,P014,438,173.46,0,None
PR03044,2023-07-06,P096,292,102.48,0,None
PR03045,2024-05-09,P046,322,86.25,0,None
PR03046,2023-12-25,P084,180,31.97,1,Defective Material
PR03047,2023-07-01,P032,155,51.46,0,None
PR03048,2024-04-13,P043,239,102.31,0,None
PR03049,2024-08-16,P069,420,73.01,17,Production Error
PR03050,2024-07-02,P003,270,117.91,0,None
PR03051,2023-01-13,P091,307,35.39,0,None
PR03052,2023-11-29,P061,66,18.03,0,None
PR03053,2024-06-12,P047,145,27.72,0,None
PR03054,2024-02-13,P026,102,29.92,0,None
PR03055,2024-03-07,P013,422,184.57,0,None
PR03056,2024-02-22,P056,294,107.86,0,None
PR03057,2024-06-22,P056,55,17.87,1,Defective Material
PR03058,2024-12-13,P027,357,159.14,0,None
PR03059,2024-07-16,P074,242,70.08,0,None
PR03060,2023-01-22,P072,385,82.85,0,None
PR03061,2023-02-18,P022,373,84.56,0,None
PR03062,2024-07-29,P037,389,175.56,0,None
PR03063,2024-03-28,P023,180,46.26,0,None
PR03064,2023-12-20,P048,234,66.63,0,None
PR03065,2024-10-23,P080,219,77.41,0,None
PR03066,2023-02-23,P044,477,213.95,0,None
PR03067,2024-11-27,P042,425,164.28,15,Overproduction
PR03068,2024-03-28,P056,291,64.14,0,None
PR03069,2023-05-29,P065,244,55.26,0,None
PR03070,2023-06-18,P026,56,6.01,0,None
PR03071,2024-05-31,P042,312,107.92,0,None
PR03072,2024-05-13,P069,70,9.33,0,None
PR03073,2023-12-13,P019,305,112.67,0,None
PR03074,2023-09-20,P015,467,176.1,0,None
PR03075,2023-09-08,P017,415,55.28,0,None
PR03076,2024-02-25,P069,296,117.88,0,None
PR03077,2023-06-30,P025,192,54.81,0,None
PR03078,2023-04-24,P008,69,26.19,0,None
PR03079,2024-08-04,P075,462,83.95,0,None
PR03080,2023-09-03,P046,279,86.18,0,None
PR03081,2023-08-07,P085,145,30.3,0,None
PR03082,2023-10-18,P035,355,59.64,0,None
PR03083,2023-07-28,P061,370,159.3,6,Spoilage
PR03084,2024-03-21,P077,372,162.53,0,None
PR03085,2024-07-28,P020,73,8.97,0,None
PR03086,2024-05-13,P013,478,128.51,0,None
PR03087,2023-10-13,P091,155,67.17,0,None
PR03088,2024-07-05,P028,195,91.04,0,None
PR03089,2023-09-13,P050,345,140.01,0,None
PR03090,2023-11-09,P068,114,27.54,0,None
PR03091,2024-02-21,P056,71,13.51,4,Defective Material
PR03092,2023-06-29,P031,427,208.02,0,None
PR03093,2023-03-28,P003,140,55.89,0,None
PR03094,2024-10-15,P026,349,44.7,0,None
PR03095,2024-09-26,P038,399,112.76,0,None
PR03096,2023-10-16,P023,451,122.05,0,None
PR03097,2023-01-06,P058,160,44.35,0,None
PR03098,2024-08-08,P044,361,114.34,0,None
PR03099,2024-12-11,P021,244,90.19,0,None
PR03100,2024-02-23,P056,378,70.26,0,None
PR03101,2023-09-15,P086,471,118.39,0,None
PR03102,2023-03-12,P057,53,14.49,0,None
PR03103,2023-12-24,P005,495,154.82,0,None
PR03104,2024-12-30,P081,91,34.71,0,None
PR03105,2024-10-30,P075,74,25.06,0,None
PR03106,2023-07-28,P095,443,150.22,0,None
PR03107,2024-01-28,P083,499,209.55,39,Production Error
PR03108,2023-11-11,P072,113,23.86,0,None
PR03109,2024-04-30,P015,258,90.88,0,None
PR03110,2024-10-20,P052,463,116.26,0,None
PR03111,2024-01-06,P080,446,93.95,0,None
PR03112,2023-08-22,P060,152,58.07,0,None
PR03113,2023-12-12,P071,132,54.81,6,Production Error
PR03114,2024-07-12,P077,318,42.16,0,None
PR03115,2023-01-01,P038,169,80.22,0,None
PR03116,2024-01-06,P019,377,50.42,0,None
PR03117,2024-11-09,P043,426,68.95,0,None
PR03118,2024-05-18,P024,168,54.26,4,Overproduction
PR03119,2024-04-15,P087,373,105.4,0,None
PR03120,2023-04-17,P036,484,184.01,0,None
PR03121,2023-11-29,P009,259,26.72,0,None
PR03122,2024-03-09,P007,487,75.91,35,Production Error
PR03123,2024-09-09,P017,107,18.11,0,None
PR03124,2023-07-29,P021,494,106.44,27,Overproduction
PR03125,2024-10-03,P020,331,58.4,0,None
PR03126,2024-09-01,P033,174,47.31,0,None
PR03127,2024-12-12,P008,164,26.96,0,None
PR03128,2023-09-26,P038,407,122.55,0,None
PR03129,2023-02-02,P065,162,41.28,0,None
PR03130,2023-08-05,P022,52,21.47,0,None
PR03131,2023-09-22,P080,455,184.05,0,None
PR03132,2023-11-14,P021,371,106.44,0,None
PR03133,2023-10-11,P076,207,45.19,0,None
PR03134,2023-05-29,P037,218,53.85,0,None
PR03135,2023-10-25,P003,70,28.95,0,None
PR03136,2024-08-10,P090,468,129.64,0,None
PR03137,2023-03-21,P041,141,37.8,0,None
PR03138,2024-12-11,P022,328,96.01,0,None
PR03139,2023-01-13,P073,169,70.77,0,None
PR03140,2024-04-11,P032,284,30.1,0,None
PR03141,2023-09-18,P063,391,148.01,0,None
PR03142,2024-05-26,P050,468,171.89,0,None
PR03143,2023-12-04,P097,315,111.36,0,None
PR03144,2023-04-26,P001,455,121.49,18,Production Error
PR03145,2023-10-31,P099,402,90.54,0,None
PR03146,2023-08-06,P055,108,49.97,0,None
PR03147,2024-05-06,P008,198,85.43,5,Spoilage
PR03148,2024-09-28,P058,81,27.11,7,Defective Material
PR03149,2023-10-07,P002,209,59.76,0,None
PR03150,2023-03-07,P097,482,176.41,0,None
PR03151,2023-09-16,P050,497,207.54,0,None
PR03152,2023-01-01,P063,274,98.21,0,None
PR03153,2023-10-12,P059,211,92.57,0,None
PR03154,2024-07-21,P051,185,30.94,0,None
PR03155,2023-02-23,P025,336,44.2,0,None
PR03156,2024-08-20,P002,380,74.86,0,None
PR03157,2023-02-08,P071,317,120.1,18,Defective Material
PR03158,2023-01-08,P005,126,56.33,0,None
PR03159,2023-07-17,P097,435,67.59,0,None
PR03160,2023-11-14,P089,491,104.01,0,None
PR03161,2024-04-10,P025,312,47.19,0,None
PR03162,2024-03-26,P047,356,62.31,0,None
PR03163,2024-09-28,P029,394,43.33,0,None
PR03164,2023-06-24,P079,301,51.83,0,None
PR03165,2023-04-20,P023,141,35.65,0,None
PR03166,2024-11-01,P097,397,170.06,0,None
PR03167,2023-03-27,P004,238,64.14,0,None
PR03168,2024-09-28,P051,357,79.94,0,None
PR03169,2023-11-29,P077,385,52.07,0,None
PR03170,2023-03-18,P100,174,32.87,0,None
PR03171,2024-10-18,P066,50,19.26,0,None
PR03172,2023-07-19,P073,243,30.8,16,Spoilage
PR03173,2023-08-11,P078,407,108.0,0,None
PR03174,2024-12-30,P007,187,78.59,0,None
PR03175,2023-08-20,P052,147,21.13,0,None
PR03176,2024-08-26,P083,459,79.07,0,None
PR03177,2023-12-26,P010,172,17.94,14,Defective Material
PR03178,2023-11-23,P045,114,46.61,0,None
PR03179,2024-09-05,P100,382,64.28,0,None
PR03180,2024-10-05,P086,304,70.93,0,None
PR03181,2023-11-27,P027,87,33.21,0,None
PR03182,2024-08-13,P078,407,142.44,39,Defective Material
PR03183,2024-12-16,P015,326,67.52,0,None
PR03184,2023-08-27,P057,60,20.06,0,None
PR03185,2023-05-14,P050,285,107.85,0,None
PR03186,2023-09-09,P042,425,130.69,0,None
PR03187,2023-02-06,P006,466,162.93,0,None
PR03188,2023-09-05,P075,60,16.82,0,None
PR03189,2023-03-28,P080,235,68.47,0,None
PR03190,2024-12-08,P061,383,157.74,0,None
PR03191,2023-05-19,P003,271,86.23,0,None
PR03192,2023-04-26,P027,250,120.74,0,None
PR03193,2024-06-02,P060,171,42.76,0,None
PR03194,2024-03-03,P023,420,125.32,29,Defective Material
PR03195,2024-06-29,P021,447,65.65,0,None
PR03196,2024-01-17,P083,76,23.99,0,None
PR03197,2024-01-07,P038,153,16.47,0,None
PR03198,2024-06-08,P064,340,166.13,0,None
PR03199,2024-08-24,P057,350,59.99,10,Overproduction
PR03200,2024-06-23,P045,395,142.67,0,None
PR03201,2024-03-26,P090,61,13.83,5,Production Error
PR03202,2024-05-23,P037,273,90.81,0,None
PR03203,2023-09-19,P054,323,48.04,14,Spoilage
PR03204,2023-01-03,P081,198,54.0,0,None
PR03205,2024-11-05,P067,161,67.82,9,Overproduction
PR03206,2023-06-15,P013,309,59.54,0,None
PR03207,2024-11-13,P045,163,40.09,0,None
PR03208,2023-06-26,P044,166,41.63,0,None
PR03209,2023-09-25,P028,398,112.73,0,None
PR03210,2024-04-11,P024,442,95.1,0,None
PR03211,2024-07-30,P100,81,13.68,0,None
PR03212,2024-08-04,P027,260,97.62,9,Spoilage
PR03213,2023-03-13,P088,154,55.3,0,None
PR03214,2023-10-11,P089,263,65.79,0,None
PR03215,2024-04-17,P016,130,62.65,0,None
PR03216,2024-05-27,P091,332,110.4,0,None
PR03217,2023-02-03,P054,209,78.33,0,None
PR03218,2023-01-27,P072,236,101.57,14,Defective Material
PR03219,2023-05-09,P080,236,61.81,0,None
PR03220,2024-04-21,P058,73,11.57,0,None
PR03221,2023-03-27,P094,459,47.29,3,Spoilage
PR03222,2024-07-16,P100,266,43.43,0,None
PR03223,2024-12-09,P093,378,92.5,0,None
PR03224,2023-06-07,P098,349,34.95,0,None
PR03225,2024-08-01,P075,260,56.44,0,None
PR03226,2024-11-12,P054,417,59.93,0,None
PR03227,2023-06-02,P004,380,174.42,0,None
PR03228,2023-04-01,P093,400,198.14,0,None
PR03229,2023-09-16,P054,465,52.86,0,None
PR03230,2023-04-25,P093,181,77.19,7,Spoilage
PR03231,2024-03-19,P074,80,26.64,0,None
PR03232,2023-07-06,P062,59,24.91,0,None
PR03233,2024-11-19,P028,92,13.98,0,None
PR03234,2023-09-21,P018,166,78.73,0,None
PR03235,2023-11-04,P046,380,53.94,0,None
PR03236,2023-11-19,P037,490,152.06,0,None
PR03237,2023-02-06,P040,282,85.2,0,None
PR03238,2023-04-15,P041,435,106.78,0,None
PR03239,2023-03-18,P072,290,102.07,0,None
PR03240,2023-10-16,P074,410,115.34,0,None
PR03241,2024-08-20,P099,481,204.11,0,None
PR03242,2023-03-02,P044,418,128.65,0,None
PR03243,2023-08-23,P003,145,39.0,0,None
PR03244,2023-12-09,P090,181,22.8,0,None
PR03245,2024-11-07,P035,331,102.09,0,None
PR03246,2023-11-20,P085,233,107.93,0,None
PR03247,2024-04-23,P094,198,92.94,0,None
PR03248,2023-12-19,P077,423,156.07,0,None
PR03249,2023-03-31,P042,384,174.9,0,None
PR03250,2023-08-13,P100,155,64.91,0,None
PR03251,2024-12-26,P023,481,67.51,43,Production Error
PR03252,2023-03-18,P018,185,27.13,0,None
PR03253,2023-05-05,P028,306,117.78,12,Overproduction
PR03254,2024-11-14,P042,234,38.61,0,None
PR03255,2023-04-24,P024,454,190.15,0,None
PR03256,2023-08-23,P047,262,121.42,0,None
PR03257,2024-05-19,P040,359,49.55,0,None
PR03258,2023-01-27,P073,305,90.13,0,None
PR03259,2023-10-26,P050,263,63.46,0,None
PR03260,2023-02-15,P070,159,70.81,0,None
PR03261,2024-10-21,P035,351,152.71,0,None
PR03262,2024-06-18,P040,132,57.19,0,None
PR03263,2023-09-08,P021,469,80.94,0,None
PR03264,2024-02-21,P065,430,100.47,0,None
PR03265,2023-12-13,P046,281,52.11,13,Defective Material
PR03266,2024-10-03,P029,328,112.95,0,None
PR03267,2024-02-02,P097,158,76.0,2,Defective Material
PR03268,2024-06-16,P066,89,29.64,0,None
PR03269,2024-10-11,P097,337,37.49,0,None
PR03270,2023-03-24,P043,409,160.54,0,None
PR03271,2024-09-28,P070,53,19.34,1,Spoilage
PR03272,2023-11-24,P006,189,84.18,4,Spoilage
PR03273,2024-10-24,P096,355,150.18,0,None
PR03274,2024-03-27,P062,468,190.02,0,None
PR03275,2024-09-05,P008,55,6.69,0,None
PR03276,2023-01-28,P068,138,67.19,0,None
PR03277,2024-01-17,P065,475,194.02,0,None
PR03278,2023-08-14,P085,86,17.05,0,None
PR03279,2023-07-26,P034,493,69.71,0,None
PR03280,2024-02-18,P016,454,62.63,0,None
PR03281,2023-07-11,P059,249,106.16,0,None
PR03282,2024-08-12,P020,428,156.73,0,None
PR03283,2024-06-10,P045,273,86.93,0,None
PR03284,2023-07-20,P025,224,95.88,0,None
PR03285,2024-09-30,P088,187,75.88,0,None
PR03286,2024-02-05,P063,448,126.01,0,None
PR03287,2023-02-03,P010,91,33.98,0,None
PR03288,2024-12-12,P077,269,89.38,0,None
PR03289,2023-07-27,P031,138,26.9,0,None
PR03290,2023-10-25,P034,68,25.65,0,None
PR03291,2023-10-15,P087,329,106.89,0,None
PR03292,2024-06-12,P058,430,144.93,0,None
PR03293,2024-03-02,P028,167,71.77,0,None
PR03294,2024-01-07,P068,69,32.32,0,None
PR03295,2024-12-27,P024,450,176.97,0,None
PR03296,2023-03-20,P065,257,33.67,0,None
PR03297,2024-09-26,P073,138,66.69,0,None
PR03298,2023-10-05,P094,276,125.47,0,None
PR03299,2023-05-18,P029,270,86.56,0,None
PR03300,2023-02-05,P022,374,131.47,0,None
PR03301,2023-09-10,P075,384,191.45,0,None
PR03302,2024-08-06,P082,134,26.24,0,None
PR03303,2023-12-13,P043,60,25.59,0,None
PR03304,2023-07-07,P099,256,121.97,0,None
PR03305,2023-08-31,P002,234,44.26,0,None
PR03306,2023-08-05,P075,456,136.93,3,Spoilage
PR03307,2023-02-04,P086,201,88.56,0,None
PR03308,2024-08-28,P074,442,187.43,25,Overproduction
PR03309,2023-03-23,P079,487,53.42,0,None
PR03310,2023-04-15,P053,302,128.97,0,None
PR03311,2023-05-01,P096,448,132.83,0,None
PR03312,2024-06-02,P056,471,81.48,0,None
PR03313,2024-10-06,P099,249,109.31,18,Overproduction
PR03314,2023-04-21,P093,56,17.43,0,None
PR03315,2023-07-18,P058,77,37.56,0,None
PR03316,2023-08-03,P004,154,45.01,0,None
PR03317,2023-01-22,P010,350,112.23,8,Overproduction
PR03318,2023-01-02,P052,354,75.27,0,None
PR03319,2024-09-16,P055,448,159.04,0,None
PR03320,2024-04-12,P063,340,126.38,0,None
PR03321,2023-04-11,P016,153,16.52,0,None
PR03322,2024-03-17,P040,190,94.91,0,None
PR03323,2023-01-12,P036,230,27.16,0,None
PR03324,2023-09-18,P051,206,20.84,0,None
PR03325,2024-05-22,P063,381,131.28,0,None
PR03326,2023-11-12,P065,298,78.91,0,None
PR03327,2024-07-30,P059,366,38.81,0,None
PR03328,2023-12-21,P036,81,14.7,0,None
PR03329,2024-03-24,P080,167,70.23,0,None
PR03330,2023-12-07,P001,106,35.87,0,None
PR03331,2024-08-04,P048,116,44.06,3,Production Error
PR03332,2024-07-30,P012,324,74.2,0,None
PR03333,2024-04-15,P009,142,33.55,0,None
PR03334,2023-04-17,P060,68,6.9,0,None
PR03335,2023-12-18,P078,142,34.9,0,None
PR03336,2023-12-12,P017,302,104.56,0,None
PR03337,2023-06-27,P088,328,134.37,0,None
PR03338,2024-04-16,P095,394,145.96,0,None
PR03339,2024-01-27,P011,136,41.27,0,None
PR03340,2024-11-02,P025,356,100.4,3,Production Error
PR03341,2024-12-27,P074,245,85.91,0,None
PR03342,2023-03-13,P002,286,97.93,0,None
PR03343,2023-02-23,P033,341,117.13,0,None
PR03344,2023-11-29,P077,87,33.96,0,None
PR03345,2023-10-18,P061,167,23.03,0,None
PR03346,2023-07-25,P016,470,55.37,0,None
PR03347,2023-11-27,P086,387,45.1,36,Defective Material
PR03348,2024-05-02,P024,80,29.05,0,None
PR03349,2024-12-11,P094,72,12.54,0,None
PR03350,2024-06-12,P046,278,61.99,0,None
PR03351,2024-09-24,P060,125,51.03,0,None
PR03352,2024-02-09,P063,173,28.76,0,None
PR03353,2024-07-03,P066,244,72.34,0,None
PR03354,2023-01-19,P090,137,40.16,0,None
PR03355,2024-05-01,P039,168,28.76,0,None
PR03356,2024-03-26,P082,165,29.17,0,None
PR03357,2024-06-10,P093,147,51.93,0,None
PR03358,2023-01-22,P009,280,61.61,21,Spoilage
PR03359,2024-11-12,P012,303,62.17,28,Spoilage
PR03360,2024-10-05,P021,464,64.7,0,None
PR03361,2024-06-29,P039,404,138.02,0,None
PR03362,2024-07-03,P044,280,68.9,0,None
PR03363,2024-06-13,P012,203,92.12,0,None
PR03364,2023-11-12,P059,258,88.93,0,None
PR03365,2023-08-24,P084,60,12.55,0,None
PR03366,2024-10-19,P002,57,10.46,0,None
PR03367,2023-08-25,P065,300,90.22,0,None
PR03368,2023-02-13,P066,161,36.93,0,None
PR03369,2024-01-28,P035,76,30.5,0,None
PR03370,2024-01-15,P013,161,35.77,9,Production Error
PR03371,2024-07-20,P017,303,70.05,0,None
PR03372,2023-12-01,P055,267,69.16,0,None
PR03373,2023-04-15,P054,129,37.81,5,Spoilage
PR03374,2023-02-26,P024,361,71.49,0,None
PR03375,2023-09-13,P045,383,138.75,0,None
PR03376,2024-06-25,P026,240,34.11,0,None
PR03377,2023-09-02,P076,316,109.87,0,None
PR03378,2024-12-16,P073,91,12.47,0,None
PR03379,2024-12-11,P100,134,41.81,0,None
PR03380,2023-09-17,P055,217,49.22,0,None
PR03381,2024-01-29,P029,428,102.37,0,None
PR03382,2023-01-30,P042,392,70.99,0,None
PR03383,2023-02-23,P085,435,151.94,0,None
PR03384,2024-12-20,P080,112,55.28,0,None
PR03385,2023-09-22,P008,56,22.29,0,None
PR03386,2024-01-08,P040,233,97.06,0,None
PR03387,2023-04-05,P025,98,44.08,0,None
PR03388,2024-07-19,P084,121,48.2,0,None
PR03389,2023-05-05,P100,230,52.1,0,None
PR03390,2023-11-05,P062,480,194.4,0,None
PR03391,2024-05-04,P029,387,73.5,24,Production Error
PR03392,2023-04-29,P006,280,55.5,0,None
PR03393,2023-08-25,P003,487,182.68,0,None
PR03394,2024-12-24,P002,393,182.07,0,None
PR03395,2024-09-10,P030,344,146.37,0,None
PR03396,2024-02-17,P100,295,80.4,0,None
PR03397,2024-10-20,P003,372,91.55,0,None
PR03398,2024-10-17,P005,349,72.94,0,None
PR03399,2024-01-29,P025,110,31.57,0,None
PR03400,2024-04-07,P045,168,44.23,0,None
PR03401,2024-12-03,P065,109,25.17,1,Production Error
PR03402,2024-07-24,P081,225,69.19,0,None
PR03403,2023-12-28,P092,260,105.29,1,Production Error
PR03404,2023-06-30,P087,221,101.46,21,Defective Material
PR03405,2023-11-03,P053,358,146.37,25,Spoilage
PR03406,2024-02-10,P062,84,20.15,0,None
PR03407,2024-04-14,P087,150,27.33,0,None
PR03408,2024-11-21,P029,448,71.71,0,None
PR03409,2024-10-10,P031,428,150.89,0,None
PR03410,2023-08-12,P097,349,36.12,0,None
PR03411,2024-01-02,P045,284,106.34,0,None
PR03412,2023-11-12,P008,458,131.52,0,None
PR03413,2024-04-19,P041,264,128.0,0,None
PR03414,2023-05-23,P012,454,56.32,0,None
PR03415,2024-11-12,P033,316,61.14,0,None
PR03416,2024-10-08,P029,117,41.41,0,None
PR03417,2024-02-17,P004,307,96.08,0,None
PR03418,2024-03-02,P024,51,22.83,0,None
PR03419,2023-12-20,P040,309,149.76,0,None
PR03420,2024-08-12,P072,191,38.98,0,None
PR03421,2024-09-23,P079,270,82.59,12,Spoilage
PR03422,2024-06-01,P013,195,49.44,0,None
PR03423,2023-02-27,P021,152,48.58,0,None
PR03424,2024-01-10,P041,361,36.97,0,None
PR03425,2023-10-27,P066,332,97.98,0,None
PR03426,2023-09-03,P074,279,135.07,0,None
PR03427,2024-10-01,P043,81,9.07,0,None
PR03428,2024-11-19,P062,320,157.17,0,None
PR03429,2024-02-27,P038,350,142.52,0,None
PR03430,2024-07-11,P075,352,48.93,0,None
PR03431,2023-03-31,P052,160,38.63,0,None
PR03432,2023-02-07,P043,223,47.49,0,None
PR03433,2023-03-01,P085,286,128.92,0,None
PR03434,2024-06-26,P094,429,71.11,0,None
PR03435,2024-12-29,P095,197,91.36,0,None
PR03436,2023-05-03,P079,475,140.98,0,None
PR03437,2023-04-01,P026,72,35.47,0,None
PR03438,2023-10-04,P085,262,62.92,0,None
PR03439,2023-01-17,P048,337,66.32,0,None
PR03440,2023-06-25,P077,259,56.55,0,None
PR03441,2023-07-15,P014,280,53.79,0,None
PR03442,2023-01-18,P059,286,110.74,0,None
PR03443,2024-08-21,P063,290,101.25,0,None
PR03444,2024-10-28,P084,67,23.42,0,None
PR03445,2023-09-16,P021,318,77.14,0,None
PR03446,2024-11-25,P024,302,73.65,14,Spoilage
PR03447,2023-01-09,P030,367,53.25,0,None
PR03448,2023-10-03,P083,308,100.37,0,None
PR03449,2024-11-17,P025,464,50.4,0,None
PR03450,2024-03-28,P006,498,117.09,0,None
PR03451,2023-04-30,P036,388,134.45,0,None
PR03452,2024-08-31,P099,453,88.12,0,None
PR03453,2024-03-15,P021,432,170.31,0,None
PR03454,2023-11-27,P048,331,44.84,0,None
PR03455,2023-12-02,P081,56,13.7,0,None
PR03456,2024-08-11,P095,344,116.62,0,None
PR03457,2023-04-26,P044,411,152.81,0,None
PR03458,2024-02-20,P099,403,188.21,0,None
PR03459,2023-07-25,P020,445,95.04,0,None
PR03460,2023-05-03,P002,366,53.84,0,None
PR03461,2023-08-09,P057,81,15.39,0,None
PR03462,2023-01-16,P042,50,24.26,0,None
PR03463,2023-02-04,P094,149,55.81,0,None
PR03464,2023-12-07,P016,472,76.55,0,None
PR03465,2024-04-03,P004,190,78.97,4,Overproduction
PR03466,2024-10-26,P020,362,124.45,0,None
PR03467,2023-08-06,P073,391,76.56,0,None
PR03468,2024-11-28,P099,124,50.71,0,None
PR03469,2023-08-16,P021,378,134.2,27,Overproduction
PR03470,2023-07-27,P035,94,45.39,0,None
PR03471,2024-11-13,P100,394,163.24,0,None
PR03472,2024-12-22,P056,398,101.83,25,Defective Material
PR03473,2023-12-08,P061,73,24.19,0,None
PR03474,2023-01-03,P060,210,99.5,0,None
PR03475,2023-03-22,P095,195,70.46,0,None
PR03476,2023-09-25,P059,56,18.41,2,Defective Material
PR03477,2024-05-01,P054,222,93.19,0,None
PR03478,2023-04-06,P023,415,149.77,0,None
PR03479,2024-12-20,P011,381,40.68,0,None
PR03480,2024-09-30,P040,119,49.73,0,None
PR03481,2023-05-26,P071,375,113.55,0,None
PR03482,2023-04-04,P064,329,130.18,0,None
PR03483,2024-03-19,P080,360,63.64,0,None
PR03484,2024-02-13,P018,316,86.99,0,None
PR03485,2024-11-12,P093,198,50.47,12,Defective Material
PR03486,2023-02-09,P024,101,25.28,0,None
PR03487,2024-04-17,P072,467,58.02,0,None
PR03488,2023-06-04,P098,304,47.09,0,None
PR03489,2023-07-07,P010,57,16.87,0,None
PR03490,2024-05-05,P016,85,14.1,0,None
PR03491,2024-10-20,P067,139,15.53,0,None
PR03492,2023-06-04,P075,442,136.82,0,None
PR03493,2023-08-06,P035,102,13.67,0,None
PR03494,2023-05-14,P079,455,107.83,0,None
PR03495,2024-03-09,P072,90,42.17,0,None
PR03496,2024-01-21,P028,161,75.1,0,None
PR03497,2023-10-07,P012,107,22.79,0,None
PR03498,2023-01-03,P009,271,78.68,0,None
PR03499,2023-05-13,P012,104,28.82,0,None
PR03500,2024-01-21,P055,365,174.66,0,None
PR03501,2023-06-19,P086,374,122.2,0,None
PR03502,2023-09-10,P031,242,106.17,0,None
PR03503,2023-04-10,P022,198,46.04,3,Overproduction
PR03504,2023-12-23,P076,324,141.36,0,None
PR03505,2024-05-05,P071,74,13.91,0,None
PR03506,2024-10-03,P079,165,23.41,0,None
PR03507,2023-09-17,P090,492,76.57,6,Production Error
PR03508,2023-02-24,P088,361,117.86,0,None
PR03509,2024-11-12,P065,193,70.74,0,None
PR03510,2024-07-15,P006,285,66.72,4,Production Error
PR03511,2024-07-02,P021,185,40.29,0,None
PR03512,2024-10-23,P003,318,137.6,26,Overproduction
PR03513,2023-10-28,P073,448,207.93,31,Production Error
PR03514,2023-07-19,P024,477,118.1,0,None
PR03515,2023-06-04,P082,74,34.05,0,None
PR03516,2023-10-22,P057,467,126.52,0,None
PR03517,2024-05-03,P099,452,57.35,0,None
PR03518,2023-12-14,P064,61,27.85,4,Spoilage
PR03519,2024-11-07,P041,182,86.43,11,Production Error
PR03520,2024-04-16,P037,50,18.47,0,None
PR03521,2023-07-19,P082,300,105.69,14,Defective Material
PR03522,2024-10-06,P078,155,45.93,3,Spoilage
PR03523,2023-07-26,P078,194,37.08,0,None
PR03524,2023-10-06,P083,352,94.58,0,None
PR03525,2024-09-09,P033,427,133.16,0,None
PR03526,2023-08-20,P042,219,71.74,0,None
PR03527,2023-04-20,P060,166,77.14,11,Defective Material
PR03528,2023-12-23,P020,59,28.35,0,None
PR03529,2024-07-23,P032,397,116.81,0,None
PR03530,2024-02-21,P053,429,176.97,0,None
PR03531,2024-03-05,P037,479,66.43,0,None
PR03532,2023-10-28,P060,461,182.58,0,None
PR03533,2024-08-07,P043,54,18.83,0,None
PR03534,2024-02-11,P098,72,28.92,4,Defective Material
PR03535,2024-03-16,P048,445,79.66,0,None
PR03536,2024-03-17,P077,430,104.75,24,Spoilage
PR03537,2023-10-05,P080,198,60.0,0,None
PR03538,2023-08-21,P012,307,32.72,0,None
PR03539,2023-12-26,P026,373,154.51,0,None
PR03540,2024-04-23,P028,417,180.64,0,None
PR03541,2024-04-23,P047,196,71.78,0,None
PR03542,2023-09-02,P073,340,148.46,0,None
PR03543,2024-01-13,P003,479,88.09,0,None
PR03544,2024-04-08,P049,275,103.73,0,None
PR03545,2023-02-02,P047,273,71.85,0,None
PR03546,2023-06-27,P089,185,52.33,0,None
PR03547,2024-05-11,P016,325,86.93,0,None
PR03548,2024-06-24,P019,264,117.19,0,None
PR03549,2023-03-17,P055,55,27.07,0,None
PR03550,2023-04-12,P014,433,156.09,0,None
PR03551,2024-06-17,P048,410,179.98,0,None
PR03552,2023-06-18,P095,421,161.67,0,None
PR03553,2024-01-23,P073,327,119.03,0,None
PR03554,2023-08-27,P024,447,107.17,0,None
PR03555,2024-12-27,P020,319,109.96,0,None
PR03556,2024-01-28,P085,472,131.81,0,None
PR03557,2023-05-18,P031,187,24.42,0,None
PR03558,2023-03-16,P028,238,100.29,0,None
PR03559,2024-12-21,P019,265,104.91,19,Spoilage
PR03560,2024-04-21,P085,234,91.47,0,None
PR03561,2023-12-13,P029,193,62.94,11,Spoilage
PR03562,2024-01-07,P080,496,186.18,0,None
PR03563,2024-02-20,P038,288,53.22,0,None
PR03564,2023-12-15,P058,141,26.41,8,Defective Material
PR03565,2023-11-21,P025,316,104.66,0,None
PR03566,2024-02-16,P032,80,28.13,0,None
PR03567,2024-09-22,P062,192,25.71,0,None
PR03568,2023-11-13,P034,59,11.65,0,None
PR03569,2024-05-11,P035,299,59.81,0,None
PR03570,2023-11-18,P045,478,82.43,0,None
PR03571,2023-06-25,P089,146,59.78,0,None
PR03572,2023-04-20,P003,228,82.44,0,None
PR03573,2023-08-31,P020,152,32.0,0,None
PR03574,2023-07-16,P067,309,52.12,0,None
PR03575,2023-09-22,P047,226,69.35,0,None
PR03576,2023-05-26,P099,274,60.89,15,Overproduction
PR03577,2024-07-26,P035,237,43.41,0,None
PR03578,2024-07-02,P023,322,157.94,0,None
PR03579,2024-07-19,P047,393,110.94,0,None
PR03580,2024-10-09,P090,234,25.96,0,None
PR03581,2024-09-04,P028,132,58.42,0,None
PR03582,2024-05-05,P018,421,117.99,0,None
PR03583,2024-03-27,P025,63,9.61,3,Spoilage
PR03584,2023-04-30,P065,54,20.17,4,Overproduction
PR03585,2024-11-17,P084,136,37.66,0,None
PR03586,2024-07-14,P048,314,121.5,0,None
PR03587,2024-04-16,P006,239,45.76,0,None
PR03588,2023-06-16,P099,134,33.39,0,None
PR03589,2023-12-18,P007,149,70.3,0,None
PR03590,2024-10-06,P050,471,84.32,0,None
PR03591,2024-09-06,P010,101,39.87,0,None
PR03592,2023-12-26,P087,211,99.87,11,Production Error
PR03593,2024-03-17,P058,284,46.31,18,Spoilage
PR03594,2023-10-21,P038,287,112.51,23,Defective Material
PR03595,2024-03-12,P007,344,82.36,0,None
PR03596,2023-08-27,P024,466,193.55,24,Production Error
PR03597,2024-04-01,P011,110,41.81,0,None
PR03598,2023-04-24,P018,114,36.12,0,None
PR03599,2023-02-24,P097,398,79.79,0,None
PR03600,2024-09-18,P070,471,113.55,0,None
PR03601,2024-11-19,P071,450,71.58,0,None
PR03602,2023-01-02,P001,492,138.52,0,None
PR03603,2024-04-06,P067,388,155.32,0,None
PR03604,2023-05-24,P093,430,143.72,0,None
PR03605,2024-10-09,P048,290,118.5,0,None
PR03606,2023-02-23,P065,115,26.7,0,None
PR03607,2024-07-24,P075,177,56.5,0,None
PR03608,2023-03-15,P080,335,147.64,0,None
PR03609,2024-04-27,P001,482,73.77,0,None
PR03610,2024-05-03,P014,422,207.45,0,None
PR03611,2024-11-04,P034,63,25.95,0,None
PR03612,2023-11-16,P044,261,80.64,13,Production Error
PR03613,2024-07-21,P068,175,53.81,0,None
PR03614,2023-09-15,P052,182,74.81,0,None
PR03615,2023-11-08,P073,338,97.76,0,None
PR03616,2023-01-30,P037,56,9.13,0,None
PR03617,2023-08-03,P010,290,38.27,0,None
PR03618,2024-01-19,P034,479,65.36,0,None
PR03619,2023-07-12,P023,419,190.86,0,None
PR03620,2024-12-25,P089,207,39.96,0,None
PR03621,2023-07-28,P034,406,104.4,0,None
PR03622,2024-02-28,P060,143,25.11,5,Spoilage
PR03623,2024-04-16,P059,293,84.78,0,None
PR03624,2024-06-22,P038,381,108.8,0,None
PR03625,2024-04-25,P009,148,40.24,0,None
PR03626,2024-07-22,P058,405,122.15,0,None
PR03627,2023-05-12,P089,494,177.77,0,None
PR03628,2024-10-22,P095,92,42.45,0,None
PR03629,2023-10-23,P074,157,24.66,0,None
PR03630,2023-04-21,P097,300,64.27,0,None
PR03631,2023-10-24,P082,386,55.28,0,None
PR03632,2024-09-08,P050,410,62.66,0,None
PR03633,2024-10-27,P052,193,39.03,0,None
PR03634,2024-08-05,P010,283,104.39,0,None
PR03635,2024-04-05,P050,72,33.87,0,None
PR03636,2023-10-24,P074,219,63.6,16,Spoilage
PR03637,2024-05-06,P064,71,23.42,0,None
PR03638,2024-06-28,P031,419,188.5,0,None
PR03639,2023-01-27,P027,176,80.32,0,None
PR03640,2023-11-10,P094,472,215.53,0,None
PR03641,2023-02-18,P046,490,211.88,0,None
PR03642,2023-10-05,P086,343,135.94,0,None
PR03643,2023-08-07,P084,92,25.36,0,None
PR03644,2024-02-12,P028,474,204.7,0,None
PR03645,2024-09-08,P079,232,113.15,0,None
PR03646,2024-08-22,P064,74,35.7,0,None
PR03647,2023-07-21,P077,215,63.82,20,Production Error
PR03648,2023-09-25,P086,417,101.73,16,Spoilage
PR03649,2024-07-08,P035,288,123.76,0,None
PR03650,2024-08-07,P063,387,40.51,0,None
PR03651,2023-07-04,P024,476,125.34,0,None
PR03652,2023-05-22,P031,219,59.61,0,None
PR03653,2024-10-24,P016,123,55.35,2,Production Error
PR03654,2023-04-09,P068,214,25.06,0,None
PR03655,2023-08-29,P067,243,96.59,0,None
PR03656,2023-02-24,P020,221,81.7,0,None
PR03657,2024-05-28,P034,406,162.38,0,None
PR03658,2024-10-02,P042,229,70.2,0,None
PR03659,2023-04-25,P092,267,77.65,0,None
PR03660,2023-02-26,P035,63,19.5,0,None
PR03661,2024-11-10,P034,97,26.99,0,None
PR03662,2024-05-24,P038,300,45.11,0,None
PR03663,2024-04-28,P094,482,203.78,0,None
PR03664,2023-06-29,P006,419,190.43,33,Overproduction
PR03665,2023-06-07,P092,374,162.69,0,None
PR03666,2024-06-29,P052,243,89.17,16,Production Error
PR03667,2024-09-04,P093,289,67.99,0,None
PR03668,2023-08-08,P050,64,29.8,0,None
PR03669,2024-04-15,P018,210,85.05,0,None
PR03670,2023-09-29,P003,357,82.55,0,None
PR03671,2024-02-28,P013,157,51.03,0,None
PR03672,2023-07-20,P013,131,33.74,0,None
PR03673,2024-09-20,P048,207,66.21,0,None
PR03674,2024-04-22,P016,259,107.52,0,None
PR03675,2024-10-21,P076,93,28.45,3,Defective Material
PR03676,2023-11-30,P049,464,161.12,0,None
PR03677,2023-09-27,P074,443,204.1,36,Spoilage
PR03678,2023-11-07,P075,129,53.77,5,Overproduction
PR03679,2023-08-25,P029,343,41.77,0,None
PR03680,2024-02-21,P068,268,32.01,0,None
PR03681,2023-02-10,P023,225,37.87,0,None
PR03682,2024-09-09,P069,61,23.97,0,None
PR03683,2023-05-09,P078,407,67.4,0,None
PR03684,2023-03-06,P066,325,37.96,0,None
PR03685,2024-10-10,P080,319,85.66,0,None
PR03686,2023-06-25,P058,379,122.13,0,None
PR03687,2023-12-24,P042,253,40.9,0,None
PR03688,2023-11-04,P094,463,214.42,0,None
PR03689,2024-11-22,P038,420,85.53,0,None
PR03690,2023-12-03,P099,335,111.62,0,None
PR03691,2024-05-10,P038,310,82.7,0,None
PR03692,2023-11-04,P022,118,14.15,0,None
PR03693,2024-02-13,P016,283,75.44,0,None
PR03694,2024-01-02,P085,397,95.31,34,Production Error
PR03695,2024-04-28,P015,78,14.4,6,Overproduction
PR03696,2024-12-18,P087,119,54.07,0,None
PR03697,2023-04-16,P071,156,54.51,0,None
PR03698,2024-04-12,P086,397,157.82,0,None
PR03699,2024-06-04,P045,184,81.19,9,Production Error
PR03700,2024-04-27,P085,184,33.27,0,None
PR03701,2024-11-13,P003,58,9.52,3,Overproduction
PR03702,2024-10-13,P093,441,64.19,0,None
PR03703,2024-10-27,P074,359,111.27,0,None
PR03704,2024-12-26,P066,172,53.66,0,None
PR03705,2024-09-23,P029,375,60.21,29,Overproduction
PR03706,2023-07-12,P071,179,20.72,0,None
PR03707,2023-09-18,P057,469,103.21,0,None
PR03708,2024-05-19,P067,476,215.8,0,None
PR03709,2023-08-22,P013,472,156.55,0,None
PR03710,2023-02-04,P029,318,85.22,25,Production Error
PR03711,2023-06-02,P042,470,81.86,0,None
PR03712,2024-05-11,P067,460,203.67,0,None
PR03713,2023-01-01,P082,204,82.81,0,None
PR03714,2024-09-12,P048,113,21.52,0,None
PR03715,2024-03-28,P084,70,24.51,0,None
PR03716,2023-05-02,P095,132,35.16,0,None
PR03717,2024-02-28,P030,273,122.48,0,None
PR03718,2024-04-29,P045,254,66.73,0,None
PR03719,2024-05-13,P018,235,29.89,0,None
PR03720,2024-01-29,P033,383,124.36,0,None
PR03721,2023-06-20,P064,98,25.11,0,None
PR03722,2023-10-15,P074,351,124.43,0,None
PR03723,2024-10-03,P051,131,57.27,0,None
PR03724,2023-03-20,P023,384,140.62,0,None
PR03725,2023-11-16,P009,59,19.64,0,None
PR03726,2023-04-01,P027,445,134.43,0,None
PR03727,2023-04-13,P013,195,94.44,15,Spoilage
PR03728,2024-12-16,P026,65,32.3,0,None
PR03729,2023-09-08,P049,368,148.11,0,None
PR03730,2024-09-20,P070,176,34.93,0,None
PR03731,2023-02-28,P080,353,107.36,0,None
PR03732,2023-06-19,P065,375,120.87,0,None
PR03733,2024-01-31,P005,286,136.83,0,None
PR03734,2024-04-05,P012,365,108.23,0,None
PR03735,2023-04-05,P010,346,50.71,14,Overproduction
PR03736,2023-06-25,P076,433,129.74,0,None
PR03737,2024-11-16,P050,379,178.0,0,None
PR03738,2024-06-01,P057,423,117.75,0,None
PR03739,2024-09-18,P014,193,65.55,0,None
PR03740,2024-05-25,P053,311,64.86,0,None
PR03741,2024-04-01,P057,241,95.57,0,None
PR03742,2024-01-05,P088,374,53.46,7,Spoilage
PR03743,2023-10-06,P073,213,38.31,0,None
PR03744,2023-06-25,P015,100,19.69,0,None
PR03745,2024-12-30,P054,217,59.77,0,None
PR03746,2024-07-02,P068,452,152.95,0,None
PR03747,2023-06-11,P029,293,71.67,0,None
PR03748,2023-07-14,P007,75,26.35,0,None
PR03749,2023-11-21,P021,312,75.46,0,None
PR03750,2024-02-28,P099,402,96.44,0,None
PR03751,2024-09-19,P008,153,54.48,0,None
PR03752,2023-09-29,P024,368,161.47,4,Overproduction
PR03753,2023-07-29,P085,240,33.41,0,None
PR03754,2023-09-24,P040,196,56.25,0,None
PR03755,2023-11-08,P017,409,154.44,0,None
PR03756,2024-09-29,P089,370,148.81,0,None
PR03757,2023-03-01,P023,286,83.36,0,None
PR03758,2023-05-15,P065,207,70.68,0,None
PR03759,2023-10-20,P036,158,22.38,0,None
PR03760,2024-03-17,P072,286,136.07,27,Overproduction
PR03761,2023-06-08,P043,203,33.45,0,None
PR03762,2024-03-12,P065,322,135.53,0,None
PR03763,2024-03-23,P018,118,25.76,0,None
PR03764,2023-02-08,P079,176,36.42,0,None
PR03765,2023-05-18,P030,246,26.01,0,None
PR03766,2024-04-18,P094,226,79.57,0,None
PR03767,2024-07-10,P067,340,87.79,0,None
PR03768,2023-02-28,P064,229,50.23,0,None
PR03769,2024-06-24,P074,462,89.8,0,None
PR03770,2023-07-16,P005,59,6.14,0,None
PR03771,2024-05-17,P100,481,141.03,0,None
PR03772,2024-09-13,P098,381,39.24,0,None
PR03773,2024-07-18,P062,207,79.6,0,None
PR03774,2024-06-02,P040,413,175.73,0,None
PR03775,2024-04-10,P086,250,53.65,0,None
PR03776,2024-01-16,P025,300,131.54,0,None
PR03777,2024-12-18,P039,320,53.34,0,None
PR03778,2023-12-10,P098,123,15.16,0,None
PR03779,2024-04-13,P043,488,95.27,0,None
PR03780,2024-09-10,P099,338,68.75,0,None
PR03781,2023-02-12,P069,95,34.09,0,None
PR03782,2023-10-12,P080,172,80.11,0,None
PR03783,2023-02-17,P025,407,177.17,0,None
PR03784,2023-08-26,P027,423,200.06,0,None
PR03785,2023-05-18,P085,237,41.83,0,None
PR03786,2024-03-11,P093,129,19.49,0,None
PR03787,2024-06-27,P095,200,88.13,0,None
PR03788,2024-10-23,P037,88,33.23,0,None
PR03789,2023-05-26,P053,292,113.99,22,Defective Material
PR03790,2024-08-04,P072,331,161.67,0,None
PR03791,2023-08-23,P098,259,66.32,0,None
PR03792,2023-06-10,P098,276,28.23,0,None
PR03793,2024-10-09,P018,233,111.79,0,None
PR03794,2024-04-12,P080,344,138.69,0,None
PR03795,2023-01-02,P043,294,86.71,0,None
PR03796,2023-09-01,P072,165,20.08,0,None
PR03797,2023-09-12,P082,498,163.24,0,None
PR03798,2023-07-13,P014,143,26.76,0,None
PR03799,2023-06-27,P052,449,48.55,38,Overproduction
PR03800,2024-04-13,P072,318,45.11,0,None
PR03801,2024-11-16,P025,123,20.4,0,None
PR03802,2023-01-07,P059,142,68.27,0,None
PR03803,2023-11-14,P081,208,48.61,0,None
PR03804,2024-12-22,P075,184,67.14,0,None
PR03805,2023-03-21,P084,139,38.46,0,None
PR03806,2024-05-01,P099,421,78.86,0,None
PR03807,2024-01-24,P036,487,79.3,0,None
PR03808,2023-06-20,P020,65,19.62,0,None
PR03809,2023-01-27,P027,300,94.61,0,None
PR03810,2023-01-04,P011,444,59.35,0,None
PR03811,2024-05-23,P065,443,80.21,10,Defective Material
PR03812,2024-07-09,P034,318,130.33,0,None
PR03813,2023-11-29,P077,355,36.92,0,None
PR03814,2024-07-15,P035,205,32.47,0,None
PR03815,2023-06-14,P004,81,39.23,0,None
PR03816,2024-05-20,P021,266,37.12,0,None
PR03817,2023-01-07,P038,157,32.69,0,None
PR03818,2023-03-23,P077,88,36.85,0,None
PR03819,2024-07-08,P023,336,148.36,0,None
PR03820,2023-02-01,P058,392,56.43,0,None
PR03821,2023-02-14,P016,157,17.17,0,None
PR03822,2024-05-12,P016,483,93.68,39,Spoilage
PR03823,2023-05-14,P015,122,54.48,6,Production Error
PR03824,2024-12-23,P038,214,97.62,4,Overproduction
PR03825,2024-10-22,P099,384,80.25,0,None
PR03826,2023-03-18,P002,96,40.58,0,None
PR03827,2024-08-05,P057,426,56.4,0,None
PR03828,2023-09-08,P022,63,8.33,0,None
PR03829,2024-11-12,P065,178,84.25,0,None
PR03830,2024-01-03,P064,189,24.11,0,None
PR03831,2023-10-26,P043,412,130.91,0,None
PR03832,2024-09-20,P008,109,14.41,0,None
PR03833,2023-05-09,P038,231,55.45,8,Production Error
PR03834,2024-04-21,P006,357,119.68,0,None
PR03835,2023-01-07,P047,281,51.53,0,None
PR03836,2024-05-07,P011,82,14.14,0,None
PR03837,2023-08-28,P004,477,171.63,0,None
PR03838,2023-07-29,P094,267,60.36,0,None
PR03839,2024-02-29,P039,270,83.5,0,None
PR03840,2024-03-07,P037,96,17.22,0,None
PR03841,2023-10-31,P070,212,69.98,0,None
PR03842,2024-11-20,P004,378,165.18,0,None
PR03843,2023-03-26,P081,196,76.97,0,None
PR03844,2023-03-18,P072,320,85.53,0,None
PR03845,2023-01-23,P056,119,48.83,0,None
PR03846,2023-03-09,P077,135,29.47,0,None
PR03847,2024-03-22,P062,209,79.22,0,None
PR03848,2024-03-25,P027,371,102.3,1,Production Error
PR03849,2024-12-12,P050,160,63.71,0,None
PR03850,2023-08-04,P015,121,43.12,0,None
PR03851,2024-05-04,P007,266,94.21,0,None
PR03852,2024-10-28,P054,327,153.11,0,None
PR03853,2024-01-06,P040,76,23.0,0,None
PR03854,2024-02-11,P078,376,95.1,0,None
PR03855,2024-07-27,P045,411,157.96,0,None
PR03856,2024-09-04,P015,404,134.02,0,None
PR03857,2023-12-25,P042,345,41.34,0,None
PR03858,2024-04-23,P007,180,27.6,13,Overproduction
PR03859,2023-10-18,P026,282,105.92,0,None
PR03860,2024-05-25,P004,130,44.73,0,None
PR03861,2024-06-27,P020,376,137.97,0,None
PR03862,2024-09-23,P036,441,196.56,0,None
PR03863,2024-08-19,P064,88,11.35,0,None
PR03864,2023-03-17,P046,206,23.99,0,None
PR03865,2024-04-11,P082,151,53.11,0,None
PR03866,2023-02-12,P036,181,29.96,0,None
PR03867,2024-11-26,P027,324,111.36,26,Overproduction
PR03868,2024-10-12,P011,488,61.58,0,None
PR03869,2023-04-15,P015,210,53.28,0,None
PR03870,2023-01-27,P077,304,70.0,0,None
PR03871,2024-12-17,P069,59,23.8,0,None
PR03872,2024-04-13,P007,241,29.77,0,None
PR03873,2024-05-20,P009,370,137.11,0,None
PR03874,2024-08-07,P069,321,144.85,0,None
PR03875,2023-12-03,P060,84,23.19,0,None
PR03876,2024-10-27,P022,161,51.32,0,None
PR03877,2023-10-09,P025,419,146.39,22,Spoilage
PR03878,2024-10-09,P089,130,31.78,4,Production Error
PR03879,2023-09-13,P028,367,109.23,14,Production Error
PR03880,2024-01-31,P072,373,111.85,0,None
PR03881,2023-07-27,P092,493,241.85,0,None
PR03882,2024-05-15,P045,347,48.44,0,None
PR03883,2023-09-25,P093,314,79.28,0,None
PR03884,2024-03-16,P097,437,49.23,0,None
PR03885,2023-09-27,P068,403,165.61,0,None
PR03886,2024-12-31,P039,123,52.66,7,Spoilage
PR03887,2024-01-25,P073,55,23.34,0,None
PR03888,2024-03-31,P044,163,71.17,0,None
PR03889,2024-05-20,P043,395,147.87,0,None
PR03890,2024-02-18,P079,447,127.66,0,None
PR03891,2024-11-22,P075,54,24.85,0,None
PR03892,2024-07-14,P022,430,108.22,0,None
PR03893,2023-12-14,P084,51,5.79,0,None
PR03894,2024-01-26,P029,157,62.99,1,Production Error
PR03895,2024-06-29,P068,118,54.9,0,None
PR03896,2024-01-26,P040,300,50.12,0,None
PR03897,2023-05-08,P004,81,22.58,3,Defective Material
PR03898,2024-12-24,P016,225,25.72,0,None
PR03899,2023-02-26,P076,436,49.72,0,None
PR03900,2023-12-24,P040,458,163.13,0,None
PR03901,2024-01-24,P076,98,46.17,0,None
PR03902,2024-03-08,P052,453,115.95,0,None
PR03903,2024-12-31,P059,170,66.54,13,Spoilage
PR03904,2023-08-16,P051,72,13.49,0,None
PR03905,2023-03-07,P009,59,8.28,1,Spoilage
PR03906,2023-07-29,P085,495,75.17,0,None
PR03907,2024-12-15,P081,101,24.28,0,None
PR03908,2023-11-01,P001,380,150.39,0,None
PR03909,2023-06-11,P050,482,161.27,0,None
PR03910,2023-05-07,P055,67,14.9,0,None
PR03911,2023-09-25,P087,97,43.56,0,None
PR03912,2024-09-16,P021,221,95.89,0,None
PR03913,2023-01-30,P056,481,149.52,0,None
PR03914,2024-03-01,P067,216,22.21,0,None
PR03915,2023-06-04,P055,411,116.79,0,None
PR03916,2024-06-17,P001,248,67.9,0,None
PR03917,2023-06-19,P039,94,32.86,0,None
PR03918,2023-01-09,P024,190,58.55,0,None
PR03919,2023-09-23,P070,312,128.15,3,Overproduction
PR03920,2023-07-22,P060,99,40.28,0,None
PR03921,2024-12-09,P097,195,40.26,0,None
PR03922,2023-02-16,P031,361,52.1,0,None
PR03923,2023-11-14,P002,195,21.96,0,None
PR03924,2023-05-30,P075,138,17.64,0,None
PR03925,2023-02-25,P028,212,86.31,0,None
PR03926,2024-11-15,P055,381,63.03,35,Defective Material
PR03927,2024-06-06,P028,133,54.3,0,None
PR03928,2024-07-17,P062,496,113.1,0,None
PR03929,2023-01-06,P031,343,123.93,0,None
PR03930,2024-07-11,P094,334,149.7,11,Overproduction
PR03931,2023-10-19,P027,253,98.43,0,None
PR03932,2023-08-25,P071,313,126.0,16,Defective Material
PR03933,2024-01-08,P066,399,185.77,0,None
PR03934,2024-03-10,P060,279,89.7,0,None
PR03935,2024-12-03,P019,308,98.63,0,None
PR03936,2023-09-10,P085,380,146.42,28,Production Error
PR03937,2023-12-25,P019,401,190.25,0,None
PR03938,2024-07-16,P003,89,44.17,0,None
PR03939,2023-06-01,P077,349,130.21,0,None
PR03940,2024-06-19,P017,384,117.99,0,None
PR03941,2023-01-26,P026,204,83.58,0,None
PR03942,2024-12-13,P034,467,187.52,0,None
PR03943,2024-05-24,P086,486,118.31,0,None
PR03944,2023-10-13,P093,464,97.42,23,Spoilage
PR03945,2024-12-02,P052,248,28.42,0,None
PR03946,2023-11-11,P099,317,71.22,0,None
PR03947,2023-05-23,P055,250,97.35,0,None
PR03948,2023-06-09,P092,220,93.78,0,None
PR03949,2024-06-19,P050,199,28.14,0,None
PR03950,2024-06-29,P008,156,71.19,10,Production Error
PR03951,2023-12-31,P069,306,59.81,11,Overproduction
PR03952,2024-09-02,P014,301,105.07,20,Production Error
PR03953,2023-12-15,P072,214,48.75,12,Spoilage
PR03954,2024-05-11,P095,117,34.58,0,None
PR03955,2023-06-09,P063,396,136.59,22,Production Error
PR03956,2023-01-27,P031,287,33.11,0,None
PR03957,2023-03-19,P077,354,106.97,0,None
PR03958,2024-03-20,P060,259,76.32,16,Spoilage
PR03959,2024-03-08,P095,385,132.47,0,None
PR03960,2023-03-05,P085,106,44.24,9,Defective Material
PR03961,2024-04-11,P089,380,178.56,0,None
PR03962,2023-06-05,P083,278,84.41,0,None
PR03963,2024-05-03,P091,257,39.31,0,None
PR03964,2024-05-16,P014,360,146.36,0,None
PR03965,2024-05-18,P044,382,189.37,0,None
PR03966,2024-01-10,P013,384,99.51,25,Spoilage
PR03967,2024-09-08,P053,128,60.34,0,None
PR03968,2024-02-07,P078,196,71.11,0,None
PR03969,2024-09-02,P090,255,75.31,0,None
PR03970,2024-01-22,P049,205,31.01,0,None
PR03971,2023-11-27,P091,278,68.27,0,None
PR03972,2023-06-06,P059,182,87.67,0,None
PR03973,2023-07-08,P004,65,14.74,0,None
PR03974,2024-11-09,P058,197,59.14,0,None
PR03975,2023-01-12,P009,230,100.19,0,None
PR03976,2023-07-15,P064,334,118.32,0,None
PR03977,2024-06-02,P061,302,66.06,29,Production Error
PR03978,2023-05-20,P027,486,51.91,0,None
PR03979,2024-08-20,P076,270,32.02,0,None
PR03980,2024-12-26,P050,67,19.77,0,None
PR03981,2023-06-30,P064,359,96.3,0,None
PR03982,2024-09-19,P039,87,16.83,0,None
PR03983,2023-09-06,P066,409,168.88,0,None
PR03984,2023-09-07,P027,330,98.99,28,Defective Material
PR03985,2024-12-20,P071,157,26.85,0,None
PR03986,2023-03-12,P017,306,143.88,0,None
PR03987,2024-08-03,P061,59,19.7,0,None
PR03988,2024-08-13,P097,150,39.46,0,None
PR03989,2024-02-24,P068,237,49.57,0,None
PR03990,2024-11-13,P008,366,150.44,8,Overproduction
PR03991,2024-09-05,P013,452,61.99,0,None
PR03992,2023-09-28,P025,410,61.66,0,None
PR03993,2023-03-15,P074,470,120.42,0,None
PR03994,2024-05-12,P028,74,25.96,0,None
PR03995,2024-03-20,P089,114,51.08,0,None
PR03996,2023-05-20,P001,445,89.65,0,None
PR03997,2023-11-16,P084,240,33.77,0,None
PR03998,2024-10-11,P065,104,46.64,0,None
PR03999,2024-01-03,P033,293,54.98,0,None
PR04000,2023-02-18,P008,443,133.76,43,Spoilage
PR04001,2024-12-25,P073,91,25.02,0,None
PR04002,2023-10-25,P060,278,76.25,0,None
PR04003,2024-04-11,P014,138,25.0,0,None
PR04004,2024-10-17,P085,393,127.58,0,None
PR04005,2023-06-20,P100,362,39.55,0,None
PR04006,2023-05-19,P092,401,184.24,0,None
PR04007,2023-01-05,P066,472,63.25,0,None
PR04008,2023-02-20,P017,379,183.5,29,Production Error
PR04009,2024-07-12,P003,472,159.05,0,None
PR04010,2023-05-07,P059,57,21.44,4,Production Error
PR04011,2024-11-13,P065,242,117.55,9,Overproduction
PR04012,2024-10-27,P067,209,76.51,0,None
PR04013,2024-03-02,P007,349,133.88,8,Spoilage
PR04014,2023-11-28,P007,435,182.97,0,None
PR04015,2023-04-15,P085,463,55.96,0,None
PR04016,2023-05-25,P028,265,60.6,20,Overproduction
PR04017,2023-12-05,P036,366,170.77,0,None
PR04018,2023-09-19,P059,213,54.69,0,None
PR04019,2024-01-24,P035,105,43.74,0,None
PR04020,2023-08-27,P035,325,50.44,0,None
PR04021,2024-03-17,P089,427,202.95,0,None
PR04022,2023-10-18,P033,469,215.23,0,None
PR04023,2024-08-24,P009,378,169.14,0,None
PR04024,2024-12-08,P095,397,78.15,27,Production Error
PR04025,2023-07-03,P064,313,140.9,19,Overproduction
PR04026,2023-12-19,P083,379,38.17,14,Overproduction
PR04027,2023-02-11,P041,156,54.87,0,None
PR04028,2023-11-08,P024,120,59.09,0,None
PR04029,2024-09-18,P089,300,31.53,0,None
PR04030,2024-06-08,P085,347,149.14,0,None
PR04031,2023-10-09,P034,487,227.78,0,None
PR04032,2024-12-08,P006,275,106.48,0,None
PR04033,2024-02-10,P047,170,21.73,0,None
PR04034,2024-01-06,P081,367,58.35,0,None
PR04035,2024-03-26,P015,373,125.65,0,None
PR04036,2024-12-26,P082,376,158.2,7,Spoilage
PR04037,2023-02-19,P088,487,153.99,0,None
PR04038,2023-12-23,P070,292,75.09,0,None
PR04039,2023-11-26,P065,485,180.11,0,None
PR04040,2024-04-03,P087,399,157.58,0,None
PR04041,2024-06-07,P051,428,42.99,0,None
PR04042,2024-09-20,P095,410,112.17,0,None
PR04043,2023-11-26,P100,407,80.26,0,None
PR04044,2024-04-04,P100,481,179.97,31,Spoilage
PR04045,2023-04-30,P035,415,204.26,0,None
PR04046,2023-03-23,P017,303,63.52,0,None
PR04047,2024-04-15,P097,322,96.23,1,Production Error
PR04048,2024-09-12,P022,444,104.83,4,Spoilage
PR04049,2024-10-07,P095,85,24.69,0,None
PR04050,2024-09-11,P095,363,163.61,0,None
PR04051,2024-01-09,P054,479,160.11,0,None
PR04052,2023-11-10,P083,345,159.24,0,None
PR04053,2024-03-11,P008,350,89.55,0,None
PR04054,2024-05-19,P097,123,44.96,0,None
PR04055,2024-10-19,P015,202,95.1,0,None
PR04056,2023-12-12,P088,155,31.31,0,None
PR04057,2023-09-03,P093,392,157.59,10,Production Error
PR04058,2024-11-20,P007,196,59.84,0,None
PR04059,2024-12-06,P032,424,158.05,37,Spoilage
PR04060,2024-01-23,P025,412,166.97,0,None
PR04061,2023-12-25,P032,455,53.35,0,None
PR04062,2023-03-29,P095,63,6.55,0,None
PR04063,2024-05-17,P069,129,28.35,0,None
PR04064,2023-11-18,P073,297,81.02,0,None
PR04065,2023-01-27,P044,498,190.69,0,None
PR04066,2024-02-25,P058,164,37.09,0,None
PR04067,2024-06-24,P036,287,29.41,16,Production Error
PR04068,2024-05-07,P033,285,68.93,0,None
PR04069,2023-11-02,P018,442,142.28,0,None
PR04070,2024-04-26,P081,78,13.26,0,None
PR04071,2023-01-13,P066,114,41.72,0,None
PR04072,2023-08-20,P086,132,50.88,0,None
PR04073,2024-10-07,P099,282,62.06,0,None
PR04074,2024-02-08,P032,303,36.38,0,None
PR04075,2024-11-09,P042,221,51.74,0,None
PR04076,2024-03-05,P068,344,113.53,0,None
PR04077,2024-09-02,P011,151,29.22,0,None
PR04078,2023-12-26,P071,296,116.71,0,None
PR04079,2023-05-15,P051,471,179.54,0,None
PR04080,2024-11-07,P045,354,168.24,24,Spoilage
PR04081,2024-11-09,P005,430,190.36,34,Spoilage
PR04082,2024-09-24,P090,367,146.58,0,None
PR04083,2024-04-05,P071,230,34.77,0,None
PR04084,2023-11-02,P033,130,14.14,11,Overproduction
PR04085,2023-04-15,P025,185,58.04,0,None
PR04086,2023-05-13,P062,303,141.48,0,None
PR04087,2023-09-07,P043,216,100.98,0,None
PR04088,2023-08-08,P043,475,143.95,0,None
PR04089,2024-08-07,P003,450,186.58,0,None
PR04090,2024-12-07,P030,271,73.27,0,None
PR04091,2024-10-12,P017,468,222.41,20,Spoilage
PR04092,2024-04-07,P064,295,125.31,0,None
PR04093,2023-04-01,P016,400,88.53,0,None
PR04094,2024-04-28,P020,477,101.55,0,None
PR04095,2023-01-12,P072,384,56.65,0,None
PR04096,2023-04-19,P044,319,52.64,0,None
PR04097,2024-12-16,P021,373,168.54,0,None
PR04098,2024-10-28,P022,201,30.7,0,None
PR04099,2024-12-06,P017,264,50.96,0,None
PR04100,2024-07-11,P084,197,50.22,0,None
PR04101,2023-04-12,P049,310,61.78,0,None
PR04102,2024-08-24,P015,480,225.0,0,None
PR04103,2024-07-15,P066,190,90.66,0,None
PR04104,2024-02-27,P028,411,86.78,0,None
PR04105,2024-02-20,P034,289,100.93,0,None
PR04106,2023-11-16,P044,92,28.38,0,None
PR04107,2024-03-28,P024,365,56.44,0,None
PR04108,2024-04-18,P088,168,21.03,0,None
PR04109,2024-10-15,P091,427,206.68,2,Spoilage
PR04110,2024-01-12,P016,331,127.4,0,None
PR04111,2024-05-31,P012,360,61.37,0,None
PR04112,2023-10-22,P061,166,30.73,0,None
PR04113,2024-08-09,P064,367,52.85,0,None
PR04114,2023-07-12,P058,259,35.16,0,None
PR04115,2024-02-02,P031,351,157.47,21,Overproduction
PR04116,2023-10-18,P041,84,17.03,0,None
PR04117,2023-05-07,P062,296,120.1,0,None
PR04118,2023-01-22,P073,457,168.34,0,None
PR04119,2024-11-20,P095,151,62.17,0,None
PR04120,2024-02-10,P041,288,118.98,0,None
PR04121,2024-07-16,P015,63,24.22,0,None
PR04122,2024-02-01,P070,387,80.35,0,None
PR04123,2023-09-26,P038,425,202.36,0,None
PR04124,2024-07-11,P013,219,41.93,0,None
PR04125,2023-12-26,P057,415,177.56,0,None
PR04126,2024-07-16,P002,212,27.51,0,None
PR04127,2023-06-30,P008,486,193.75,17,Production Error
PR04128,2024-08-25,P026,182,26.63,0,None
PR04129,2023-11-18,P099,393,42.96,0,None
PR04130,2024-01-17,P044,447,128.08,4,Production Error
PR04131,2023-06-13,P067,295,112.5,0,None
PR04132,2024-03-12,P024,123,35.34,0,None
PR04133,2024-04-12,P018,377,119.96,0,None
PR04134,2023-05-12,P085,178,88.82,0,None
PR04135,2024-02-17,P098,258,114.33,0,None
PR04136,2024-03-25,P081,83,37.22,0,None
PR04137,2023-12-03,P040,142,28.45,3,Spoilage
PR04138,2023-10-26,P066,197,63.63,0,None
PR04139,2024-04-11,P029,140,16.92,0,None
PR04140,2023-04-14,P080,376,139.64,0,None
PR04141,2024-10-16,P064,251,56.53,0,None
PR04142,2023-02-25,P073,52,25.54,0,None
PR04143,2023-04-15,P064,418,207.52,0,None
PR04144,2024-03-25,P024,170,32.13,1,Production Error
PR04145,2024-02-02,P083,216,87.06,0,None
PR04146,2024-06-05,P084,289,72.32,0,None
PR04147,2023-08-11,P068,407,49.36,2,Production Error
PR04148,2024-12-15,P087,56,8.5,0,None
PR04149,2023-02-08,P004,162,50.44,0,None
PR04150,2024-07-09,P061,147,36.83,0,None
PR04151,2023-02-21,P052,149,53.54,4,Defective Material
PR04152,2024-04-11,P009,464,205.9,24,Production Error
PR04153,2023-06-15,P065,174,81.3,0,None
PR04154,2023-01-18,P033,218,66.69,0,None
PR04155,2023-05-25,P041,478,92.54,44,Production Error
PR04156,2023-09-19,P065,138,58.07,10,Spoilage
PR04157,2023-03-17,P085,444,77.59,0,None
PR04158,2023-08-03,P077,267,109.44,23,Defective Material
PR04159,2024-12-05,P093,444,112.08,0,None
PR04160,2023-05-01,P075,202,31.98,0,None
PR04161,2023-11-16,P032,300,81.34,0,None
PR04162,2023-05-19,P034,385,131.04,0,None
PR04163,2023-02-10,P080,282,139.07,0,None
PR04164,2024-07-06,P013,411,203.64,0,None
PR04165,2023-09-10,P053,185,23.82,11,Defective Material
PR04166,2023-03-21,P017,409,197.79,37,Production Error
PR04167,2024-05-01,P063,483,107.95,0,None
PR04168,2023-08-02,P064,246,78.22,0,None
PR04169,2023-07-21,P097,233,108.67,0,None
PR04170,2024-05-20,P025,330,129.96,0,None
PR04171,2023-06-10,P013,224,56.36,18,Defective Material
PR04172,2023-04-01,P072,242,114.76,12,Overproduction
PR04173,2023-08-13,P081,415,82.02,0,None
PR04174,2023-04-13,P043,133,38.27,0,None
PR04175,2024-01-26,P064,79,38.85,0,None
PR04176,2023-10-02,P085,181,57.17,8,Overproduction
PR04177,2023-09-29,P031,228,85.48,0,None
PR04178,2024-01-31,P046,455,215.29,0,None
PR04179,2023-04-20,P072,274,64.92,0,None
PR04180,2024-06-27,P051,93,22.41,0,None
PR04181,2024-04-01,P044,455,167.96,0,None
PR04182,2024-08-08,P063,352,55.4,19,Spoilage
PR04183,2024-06-22,P011,450,145.88,0,None
PR04184,2024-03-23,P028,376,144.91,0,None
PR04185,2024-08-12,P042,230,97.26,0,None
PR04186,2024-02-01,P055,166,32.93,0,None
PR04187,2024-04-03,P025,396,67.38,0,None
PR04188,2024-05-31,P051,119,13.85,0,None
PR04189,2024-10-20,P013,287,99.91,27,Spoilage
PR04190,2024-03-16,P031,290,82.83,0,None
PR04191,2024-10-31,P058,166,21.8,0,None
PR04192,2023-05-22,P086,208,25.21,0,None
PR04193,2023-03-04,P061,456,186.68,0,None
PR04194,2024-07-22,P098,246,55.72,0,None
PR04195,2024-04-26,P018,181,83.17,0,None
PR04196,2023-08-04,P042,203,30.01,0,None
PR04197,2023-02-13,P058,221,28.04,0,None
PR04198,2024-05-08,P099,270,62.02,0,None
PR04199,2023-02-03,P099,219,59.76,0,None
PR04200,2023-08-08,P008,368,52.74,0,None
PR04201,2024-09-30,P067,79,36.07,0,None
PR04202,2024-12-12,P077,303,127.44,0,None
PR04203,2023-06-27,P059,368,112.3,0,None
PR04204,2024-01-11,P062,450,191.39,0,None
PR04205,2024-01-23,P029,271,74.15,0,None
PR04206,2024-12-16,P069,398,151.15,0,None
PR04207,2024-01-09,P007,367,149.2,0,None
PR04208,2023-05-22,P052,217,59.63,0,None
PR04209,2023-08-14,P005,66,15.14,0,None
PR04210,2024-05-02,P050,175,80.95,0,None
PR04211,2024-11-24,P076,427,109.11,0,None
PR04212,2024-10-02,P001,487,138.67,0,None
PR04213,2023-08-16,P014,211,65.45,0,None
PR04214,2024-05-19,P080,496,110.68,0,None
PR04215,2024-03-24,P037,220,49.94,0,None
PR04216,2024-04-11,P071,200,52.96,0,None
PR04217,2023-09-13,P088,364,118.1,34,Production Error
PR04218,2024-07-11,P028,471,171.91,0,None
PR04219,2024-08-09,P019,295,97.84,0,None
PR04220,2023-03-15,P087,218,30.87,0,None
PR04221,2023-03-24,P098,100,16.34,0,None
PR04222,2023-02-08,P050,496,123.67,0,None
PR04223,2023-07-21,P048,430,135.34,0,None
PR04224,2024-09-22,P068,162,19.82,0,None
PR04225,2023-09-19,P011,142,27.29,0,None
PR04226,2024-10-08,P078,167,58.62,0,None
PR04227,2023-01-08,P021,327,50.77,0,None
PR04228,2024-08-11,P016,302,35.73,0,None
PR04229,2024-07-27,P049,155,63.85,0,None
PR04230,2024-07-25,P071,383,66.55,0,None
PR04231,2024-09-27,P071,143,26.77,2,Spoilage
PR04232,2023-07-27,P037,433,163.58,17,Overproduction
PR04233,2024-11-17,P019,456,170.0,0,None
PR04234,2024-07-08,P028,57,6.7,0,None
PR04235,2023-02-01,P007,308,119.13,0,None
PR04236,2023-04-10,P073,61,15.2,0,None
PR04237,2023-02-14,P039,324,119.65,27,Production Error
PR04238,2024-02-02,P067,471,99.52,0,None
PR04239,2023-09-23,P100,114,52.77,0,None
PR04240,2024-07-18,P056,460,98.06,29,Spoilage
PR04241,2024-03-06,P081,398,106.96,0,None
PR04242,2024-11-10,P059,63,21.5,0,None
PR04243,2023-10-20,P043,353,68.19,22,Overproduction
PR04244,2024-05-25,P094,285,34.25,0,None
PR04245,2023-06-04,P016,106,15.93,0,None
PR04246,2024-01-05,P012,414,111.82,0,None
PR04247,2023-08-30,P024,213,53.79,0,None
PR04248,2024-10-03,P049,98,42.11,4,Defective Material
PR04249,2023-12-11,P056,477,93.11,0,None
PR04250,2023-01-05,P036,143,47.94,0,None
PR04251,2024-06-25,P094,52,7.1,0,None
PR04252,2024-01-19,P014,474,55.18,0,None
PR04253,2024-07-10,P051,304,47.17,0,None
PR04254,2023-05-26,P087,233,34.0,0,None
PR04255,2024-12-27,P071,201,53.89,0,None
PR04256,2024-05-21,P060,258,84.32,0,None
PR04257,2024-12-23,P055,416,102.52,38,Overproduction
PR04258,2024-10-19,P088,125,16.6,0,None
PR04259,2023-09-23,P033,459,59.83,0,None
PR04260,2023-10-15,P090,399,96.29,0,None
PR04261,2024-10-28,P002,152,62.73,3,Spoilage
PR04262,2023-08-15,P085,356,63.75,0,None
PR04263,2023-08-21,P028,287,34.3,0,None
PR04264,2024-07-11,P010,468,135.78,0,None
PR04265,2024-01-26,P042,272,92.71,2,Defective Material
PR04266,2024-11-02,P051,241,59.73,0,None
PR04267,2023-04-25,P093,383,162.59,0,None
PR04268,2024-01-21,P063,74,15.37,0,None
PR04269,2024-08-31,P063,113,31.74,0,None
PR04270,2024-09-18,P004,252,71.21,0,None
PR04271,2024-01-13,P013,314,115.14,21,Defective Material
PR04272,2023-08-29,P052,499,63.19,0,None
PR04273,2024-01-09,P039,398,60.41,0,None
PR04274,2023-04-26,P001,184,29.48,0,None
PR04275,2024-07-23,P052,494,175.75,0,None
PR04276,2023-10-08,P002,183,61.25,6,Overproduction
PR04277,2023-10-09,P040,136,59.76,0,None
PR04278,2024-12-28,P001,479,115.34,0,None
PR04279,2024-02-21,P001,102,30.34,0,None
PR04280,2023-08-22,P063,177,28.46,1,Defective Material
PR04281,2023-04-08,P022,345,84.34,0,None
PR04282,2024-01-11,P015,307,35.6,0,None
PR04283,2023-05-04,P060,390,72.28,19,Production Error
PR04284,2024-07-21,P053,196,64.98,0,None
PR04285,2023-05-16,P047,136,59.32,0,None
PR04286,2023-01-10,P009,146,50.21,0,None
PR04287,2023-09-15,P011,198,75.01,10,Spoilage
PR04288,2023-10-31,P069,338,138.73,0,None
PR04289,2024-09-27,P033,133,30.26,0,None
PR04290,2024-10-23,P058,419,132.16,20,Spoilage
PR04291,2024-11-05,P060,204,29.34,0,None
PR04292,2023-03-20,P047,481,234.76,0,None
PR04293,2023-12-31,P002,302,104.97,0,None
PR04294,2024-12-02,P081,304,67.42,0,None
PR04295,2024-11-08,P078,476,100.91,26,Defective Material
PR04296,2024-08-30,P055,87,23.73,0,None
PR04297,2023-07-30,P070,83,27.88,0,None
PR04298,2024-07-02,P016,399,132.6,0,None
PR04299,2023-01-24,P012,499,130.26,0,None
PR04300,2023-03-06,P036,319,123.75,9,Spoilage
PR04301,2023-07-11,P068,491,153.48,0,None
PR04302,2024-04-27,P030,178,69.58,0,None
PR04303,2023-10-17,P050,118,25.26,3,Spoilage
PR04304,2024-02-21,P060,352,58.57,14,Production Error
PR04305,2023-05-25,P017,369,96.47,0,None
PR04306,2023-02-10,P052,377,46.22,0,None
PR04307,2023-06-18,P086,290,93.65,0,None
PR04308,2023-02-20,P058,342,91.87,0,None
PR04309,2023-12-31,P093,407,198.59,0,None
PR04310,2023-03-10,P017,365,175.14,0,None
PR04311,2023-10-02,P012,433,102.87,0,None
PR04312,2024-11-06,P091,292,112.73,0,None
PR04313,2024-11-21,P083,217,46.69,0,None
PR04314,2023-10-25,P053,237,54.95,0,None
PR04315,2024-02-29,P042,397,179.91,0,None
PR04316,2024-09-21,P004,425,106.84,0,None
PR04317,2023-09-02,P040,452,90.16,0,None
PR04318,2023-12-27,P099,454,104.63,0,None
PR04319,2024-06-18,P007,211,88.1,18,Production Error
PR04320,2024-03-24,P076,220,24.65,21,Defective Material
PR04321,2024-05-05,P066,61,13.24,0,None
PR04322,2024-09-27,P070,497,116.54,0,None
PR04323,2023-04-29,P069,423,55.23,0,None
PR04324,2024-11-27,P098,234,32.42,0,None
PR04325,2024-10-31,P018,160,26.41,0,None
PR04326,2023-03-31,P081,281,80.28,21,Spoilage
PR04327,2024-06-01,P014,365,124.17,0,None
PR04328,2024-08-27,P086,174,57.48,0,None
PR04329,2023-12-11,P027,308,103.75,0,None
PR04330,2024-09-21,P054,348,124.07,0,None
PR04331,2024-03-03,P073,360,155.86,0,None
PR04332,2024-01-31,P047,229,107.24,0,None
PR04333,2023-03-30,P039,244,83.02,0,None
PR04334,2023-03-22,P038,183,18.45,0,None
PR04335,2023-09-04,P067,413,147.42,32,Defective Material
PR04336,2024-02-11,P063,265,26.88,0,None
PR04337,2023-02-19,P018,164,39.99,0,None
PR04338,2024-03-02,P040,62,9.21,0,None
PR04339,2024-08-15,P089,78,11.73,0,None
PR04340,2023-04-07,P016,309,126.16,0,None
PR04341,2024-04-12,P085,219,100.89,0,None
PR04342,2023-03-09,P059,173,73.42,0,None
PR04343,2024-07-16,P009,400,85.67,0,None
PR04344,2023-12-22,P055,493,99.13,0,None
PR04345,2024-05-30,P040,198,79.11,0,None
PR04346,2024-08-04,P001,360,100.73,12,Defective Material
PR04347,2023-01-11,P044,136,59.32,0,None
PR04348,2024-08-13,P030,465,196.48,0,None
PR04349,2023-11-08,P005,453,58.94,0,None
PR04350,2024-04-08,P031,288,59.42,0,None
PR04351,2023-07-28,P029,324,125.27,0,None
PR04352,2024-07-11,P099,179,80.67,8,Spoilage
PR04353,2023-05-29,P029,287,101.93,0,None
PR04354,2023-06-29,P025,119,53.05,0,None
PR04355,2024-06-08,P090,75,9.72,0,None
PR04356,2023-11-15,P054,407,155.01,7,Production Error
PR04357,2024-07-08,P089,465,124.42,25,Spoilage
PR04358,2023-10-10,P058,318,89.62,0,None
PR04359,2024-05-07,P070,178,81.08,15,Overproduction
PR04360,2023-07-12,P033,270,74.96,0,None
PR04361,2023-08-11,P096,172,25.93,0,None
PR04362,2024-09-03,P082,131,64.27,0,None
PR04363,2024-07-02,P008,421,140.5,39,Production Error
PR04364,2024-10-31,P052,361,160.2,0,None
PR04365,2024-06-16,P052,231,29.71,0,None
PR04366,2024-04-18,P080,337,160.21,0,None
PR04367,2023-01-15,P093,323,50.22,0,None
PR04368,2023-07-28,P077,156,72.73,0,None
PR04369,2023-06-05,P044,189,73.09,0,None
PR04370,2023-04-24,P039,93,31.82,0,None
PR04371,2024-02-16,P079,63,16.23,0,None
PR04372,2023-02-13,P019,59,21.1,0,None
PR04373,2023-12-22,P037,298,80.5,0,None
PR04374,2023-12-27,P097,58,22.02,1,Overproduction
PR04375,2023-04-04,P014,192,68.4,0,None
PR04376,2023-08-18,P074,199,38.07,0,None
PR04377,2023-12-04,P048,105,36.7,0,None
PR04378,2024-04-05,P082,474,116.83,0,None
PR04379,2023-08-18,P016,245,41.3,0,None
PR04380,2024-08-13,P080,51,6.74,0,None
PR04381,2023-01-03,P029,323,41.71,0,None
PR04382,2024-09-28,P050,472,62.23,0,None
PR04383,2024-10-13,P074,133,37.62,2,Spoilage
PR04384,2023-10-10,P097,57,11.13,0,None
PR04385,2024-09-25,P055,462,100.33,0,None
PR04386,2024-10-24,P023,181,89.74,0,None
PR04387,2023-08-29,P082,96,13.03,0,None
PR04388,2024-12-03,P036,293,42.88,10,Spoilage
PR04389,2024-11-28,P061,89,26.67,0,None
PR04390,2024-06-05,P021,373,119.7,30,Spoilage
PR04391,2024-10-26,P093,376,135.84,0,None
PR04392,2024-03-08,P030,176,85.56,0,None
PR04393,2023-02-25,P034,217,72.96,0,None
PR04394,2024-04-12,P042,92,45.64,0,None
PR04395,2023-01-17,P038,498,235.98,0,None
PR04396,2023-11-13,P065,358,45.18,0,None
PR04397,2024-02-22,P050,252,88.03,0,None
PR04398,2023-01-18,P023,148,66.77,0,None
PR04399,2024-10-07,P051,444,189.62,0,None
PR04400,2024-01-26,P009,221,30.75,0,None
PR04401,2024-06-11,P069,382,73.89,0,None
PR04402,2024-02-10,P080,285,54.84,0,None
PR04403,2023-11-29,P052,221,28.46,0,None
PR04404,2024-01-05,P066,279,117.9,7,Defective Material
PR04405,2023-01-25,P061,362,130.5,0,None
PR04406,2024-01-19,P067,139,41.14,0,None
PR04407,2024-09-07,P044,339,61.98,0,None
PR04408,2023-10-23,P064,270,103.27,0,None
PR04409,2023-02-11,P044,174,32.84,0,None
PR04410,2023-08-23,P005,238,86.46,0,None
PR04411,2023-12-01,P008,267,61.34,0,None
PR04412,2023-04-06,P060,178,77.35,0,None
PR04413,2023-10-08,P005,345,51.75,0,None
PR04414,2024-09-03,P029,364,94.61,0,None
PR04415,2023-01-28,P046,244,24.77,0,None
PR04416,2024-07-12,P050,248,48.32,0,None
PR04417,2023-11-11,P060,78,20.85,1,Overproduction
PR04418,2024-05-12,P027,421,186.52,28,Production Error
PR04419,2023-12-18,P047,348,103.31,0,None
PR04420,2023-09-27,P029,443,102.68,0,None
PR04421,2024-09-04,P082,53,22.09,0,None
PR04422,2024-01-21,P046,399,91.77,0,None
PR04423,2024-01-01,P001,145,66.27,0,None
PR04424,2024-05-08,P049,204,78.95,0,None
PR04425,2023-11-27,P087,256,84.51,22,Spoilage
PR04426,2024-01-21,P093,245,30.82,0,None
PR04427,2023-11-30,P016,434,108.2,0,None
PR04428,2023-09-21,P039,347,44.25,0,None
PR04429,2023-10-04,P073,390,141.88,0,None
PR04430,2024-05-27,P091,245,46.77,0,None
PR04431,2023-07-14,P062,439,170.52,0,None
PR04432,2023-06-27,P030,144,28.46,0,None
PR04433,2023-02-27,P001,191,19.99,0,None
PR04434,2024-02-27,P062,395,58.54,0,None
PR04435,2023-06-21,P100,222,101.5,0,None
PR04436,2024-07-05,P010,398,115.11,0,None
PR04437,2024-09-13,P071,472,198.51,0,None
PR04438,2023-09-24,P047,345,94.01,0,None
PR04439,2023-05-11,P048,57,7.3,0,None
PR04440,2024-07-26,P073,95,33.54,0,None
PR04441,2024-12-09,P077,488,54.02,0,None
PR04442,2024-10-07,P040,360,84.11,0,None
PR04443,2024-09-28,P090,430,199.46,0,None
PR04444,2024-04-24,P060,136,22.47,0,None
PR04445,2023-12-02,P010,123,15.39,0,None
PR04446,2024-11-08,P092,314,156.16,2,Overproduction
PR04447,2023-03-21,P094,318,149.73,0,None
PR04448,2024-11-01,P034,259,56.35,0,None
PR04449,2024-08-20,P073,397,158.21,20,Production Error
PR04450,2024-07-19,P068,229,76.75,0,None
PR04451,2023-01-10,P015,287,110.66,0,None
PR04452,2023-02-09,P088,280,111.43,0,None
PR04453,2024-02-24,P011,92,38.86,0,None
PR04454,2023-05-31,P021,138,44.85,0,None
PR04455,2024-08-04,P052,181,74.14,0,None
PR04456,2024-05-31,P012,423,181.29,31,Spoilage
PR04457,2024-10-07,P008,184,22.72,0,None
PR04458,2024-09-08,P030,77,24.71,6,Defective Material
PR04459,2023-02-25,P066,266,67.54,6,Overproduction
PR04460,2023-10-18,P100,398,58.72,15,Overproduction
PR04461,2024-07-23,P081,183,76.3,0,None
PR04462,2024-12-19,P092,242,61.13,0,None
PR04463,2023-08-10,P007,274,59.92,0,None
PR04464,2023-12-30,P057,335,138.75,0,None
PR04465,2023-09-06,P033,225,108.11,0,None
PR04466,2024-12-25,P063,224,49.34,0,None
PR04467,2024-03-13,P100,156,21.49,10,Overproduction
PR04468,2023-12-03,P039,141,58.7,1,Defective Material
PR04469,2024-12-04,P023,424,188.77,30,Production Error
PR04470,2023-11-04,P058,121,52.12,0,None
PR04471,2023-03-18,P024,130,14.51,0,None
PR04472,2024-05-28,P090,454,154.89,0,None
PR04473,2024-01-28,P053,264,78.69,0,None
PR04474,2023-03-20,P046,243,51.7,0,None
PR04475,2023-05-08,P060,176,83.62,0,None
PR04476,2023-12-01,P048,425,83.28,0,None
PR04477,2023-06-17,P001,430,134.62,0,None
PR04478,2023-11-19,P041,203,72.84,0,None
PR04479,2023-08-08,P011,482,197.56,36,Production Error
PR04480,2023-03-25,P011,95,29.64,0,None
PR04481,2023-09-02,P045,236,28.5,0,None
PR04482,2024-05-19,P055,287,119.57,0,None
PR04483,2024-03-17,P033,441,200.67,0,None
PR04484,2023-01-21,P081,367,108.05,0,None
PR04485,2024-03-09,P064,409,180.67,0,None
PR04486,2023-08-01,P062,284,54.78,0,None
PR04487,2023-01-21,P025,483,155.09,0,None
PR04488,2023-09-17,P035,337,52.96,0,None
PR04489,2024-07-01,P076,185,70.89,0,None
PR04490,2023-08-01,P091,323,48.17,0,None
PR04491,2023-12-07,P079,425,177.63,0,None
PR04492,2024-05-29,P037,167,43.32,0,None
PR04493,2024-10-10,P018,60,29.59,0,None
PR04494,2024-12-31,P003,270,122.9,0,None
PR04495,2024-11-17,P098,164,43.61,0,None
PR04496,2023-12-28,P051,369,61.51,25,Spoilage
PR04497,2023-04-16,P060,290,89.73,0,None
PR04498,2024-09-10,P025,58,11.44,0,None
PR04499,2024-10-22,P045,110,29.61,0,None
PR04500,2023-01-13,P069,312,84.46,0,None
PR04501,2024-06-19,P058,373,171.55,0,None
PR04502,2023-09-26,P087,490,160.27,0,None
PR04503,2023-08-04,P020,309,133.78,0,None
PR04504,2024-02-29,P029,126,41.81,0,None
PR04505,2024-09-07,P070,365,177.0,0,None
PR04506,2023-09-07,P011,497,110.77,0,None
PR04507,2024-08-04,P067,475,179.93,0,None
PR04508,2024-08-05,P094,143,52.51,0,None
PR04509,2024-12-30,P002,351,38.26,0,None
PR04510,2024-05-09,P084,316,38.07,0,None
PR04511,2023-05-05,P047,102,41.45,0,None
PR04512,2023-01-03,P024,315,128.58,0,None
PR04513,2024-10-13,P045,394,126.75,0,None
PR04514,2024-08-10,P054,374,68.37,0,None
PR04515,2023-05-03,P099,468,163.32,0,None
PR04516,2023-06-14,P005,388,95.73,0,None
PR04517,2024-12-23,P071,415,113.3,0,None
PR04518,2024-10-28,P026,390,60.5,0,None
PR04519,2024-03-10,P088,257,103.03,0,None
PR04520,2023-10-17,P064,415,160.04,38,Overproduction
PR04521,2023-08-08,P090,259,67.32,0,None
PR04522,2024-12-22,P011,113,12.16,0,None
PR04523,2024-08-14,P081,80,30.57,0,None
PR04524,2023-09-18,P100,74,12.71,0,None
PR04525,2023-06-20,P060,104,46.74,9,Spoilage
PR04526,2023-12-10,P063,454,54.28,0,None
PR04527,2023-04-01,P068,228,34.81,0,None
PR04528,2023-04-03,P015,446,114.97,0,None
PR04529,2023-07-07,P058,366,53.3,0,None
PR04530,2024-03-19,P045,255,117.16,0,None
PR04531,2023-03-08,P072,166,81.79,15,Overproduction
PR04532,2024-08-08,P072,216,32.92,0,None
PR04533,2023-06-12,P071,276,62.89,0,None
PR04534,2024-08-10,P005,148,35.47,2,Defective Material
PR04535,2024-06-04,P062,459,50.23,0,None
PR04536,2024-01-01,P021,325,49.06,0,None
PR04537,2023-03-16,P053,242,101.49,8,Production Error
PR04538,2023-03-14,P068,456,208.95,14,Spoilage
PR04539,2023-09-10,P068,320,120.63,22,Defective Material
PR04540,2023-05-30,P021,118,52.71,0,None
PR04541,2023-11-18,P047,109,28.18,0,None
PR04542,2024-07-24,P041,394,64.6,0,None
PR04543,2023-02-18,P081,140,65.44,0,None
PR04544,2023-03-18,P098,88,35.01,0,None
PR04545,2024-01-29,P099,398,137.87,0,None
PR04546,2023-04-18,P095,89,15.42,0,None
PR04547,2024-11-18,P096,334,38.76,0,None
PR04548,2024-07-06,P030,321,117.41,15,Spoilage
PR04549,2023-08-15,P072,159,64.76,0,None
PR04550,2023-01-11,P046,203,95.94,0,None
PR04551,2024-08-27,P092,209,81.03,0,None
PR04552,2024-10-10,P008,410,188.36,1,Production Error
PR04553,2024-03-06,P016,246,44.77,0,None
PR04554,2024-08-20,P049,483,84.7,20,Defective Material
PR04555,2023-11-15,P031,102,50.77,7,Production Error
PR04556,2024-06-20,P075,204,52.51,0,None
PR04557,2023-08-17,P043,224,101.65,0,None
PR04558,2024-05-08,P086,464,59.01,0,None
PR04559,2024-08-09,P099,493,54.26,0,None
PR04560,2023-09-05,P100,299,124.23,0,None
PR04561,2023-10-12,P096,138,45.44,0,None
PR04562,2024-05-18,P057,468,122.86,0,None
PR04563,2024-06-16,P063,242,113.94,0,None
PR04564,2024-01-06,P076,83,17.72,3,Spoilage
PR04565,2023-09-10,P082,466,114.23,0,None
PR04566,2024-04-20,P009,402,117.85,0,None
PR04567,2024-11-05,P015,168,82.34,0,None
PR04568,2023-11-12,P049,340,91.01,0,None
PR04569,2023-02-07,P004,480,228.88,29,Spoilage
PR04570,2023-02-13,P047,309,120.67,16,Defective Material
PR04571,2023-09-18,P073,188,45.73,0,None
PR04572,2023-12-18,P040,450,213.13,0,None
PR04573,2024-02-08,P049,277,57.64,0,None
PR04574,2023-07-27,P074,143,70.8,0,None
PR04575,2023-04-25,P064,177,28.07,0,None
PR04576,2023-06-03,P069,254,76.04,5,Production Error
PR04577,2024-08-13,P077,186,54.4,0,None
PR04578,2023-01-24,P019,55,20.45,2,Production Error
PR04579,2024-11-13,P057,270,117.65,0,None
PR04580,2023-08-05,P025,138,62.57,0,None
PR04581,2023-08-14,P052,328,81.69,0,None
PR04582,2023-09-14,P091,286,42.59,0,None
PR04583,2024-01-09,P074,352,61.02,0,None
PR04584,2023-03-23,P013,272,51.1,0,None
PR04585,2024-12-30,P072,140,46.54,0,None
PR04586,2023-08-02,P092,430,43.13,42,Production Error
PR04587,2023-08-21,P073,340,167.44,0,None
PR04588,2024-03-15,P028,211,103.88,0,None
PR04589,2023-04-23,P004,348,38.28,0,None
PR04590,2024-05-14,P020,52,14.24,2,Production Error
PR04591,2024-02-24,P066,179,20.59,0,None
PR04592,2023-05-10,P077,200,69.29,0,None
PR04593,2024-04-22,P088,329,101.63,0,None
PR04594,2023-11-24,P009,357,131.6,0,None
PR04595,2024-06-16,P005,242,93.74,0,None
PR04596,2024-10-25,P099,253,61.06,15,Production Error
PR04597,2023-09-23,P010,425,205.3,0,None
PR04598,2023-04-21,P065,325,118.97,0,None
PR04599,2024-11-03,P040,283,36.33,0,None
PR04600,2024-05-27,P038,190,92.4,0,None
PR04601,2024-05-31,P030,368,74.99,0,None
PR04602,2024-06-08,P074,334,137.76,0,None
PR04603,2024-01-06,P100,212,52.45,0,None
PR04604,2024-08-28,P086,184,22.42,0,None
PR04605,2023-06-11,P087,151,21.28,5,Production Error
PR04606,2023-06-13,P087,273,96.74,0,None
PR04607,2024-11-26,P072,246,46.62,0,None
PR04608,2023-12-11,P076,376,54.9,0,None
PR04609,2024-01-05,P071,58,15.01,0,None
PR04610,2023-04-17,P026,178,30.88,0,None
PR04611,2023-07-20,P077,151,64.02,0,None
PR04612,2024-03-09,P045,248,29.16,0,None
PR04613,2023-09-03,P068,393,61.34,0,None
PR04614,2023-01-04,P019,140,27.83,0,None
PR04615,2024-02-18,P047,223,75.67,0,None
PR04616,2024-10-23,P033,304,62.33,0,None
PR04617,2023-05-12,P001,375,140.24,9,Spoilage
PR04618,2024-02-17,P087,340,84.4,0,None
PR04619,2024-08-26,P015,320,74.55,0,None
PR04620,2023-12-15,P070,318,97.23,0,None
PR04621,2024-11-12,P043,264,106.01,0,None
PR04622,2024-06-05,P057,367,101.76,9,Defective Material
PR04623,2023-04-11,P068,316,117.15,3,Spoilage
PR04624,2023-05-23,P085,436,70.23,0,None
PR04625,2023-12-27,P049,128,55.17,0,None
PR04626,2024-08-11,P038,252,76.44,0,None
PR04627,2024-07-07,P006,85,35.59,0,None
PR04628,2023-11-29,P007,416,200.4,0,None
PR04629,2023-01-16,P053,377,136.56,0,None
PR04630,2024-09-30,P090,310,142.46,0,None
PR04631,2024-02-13,P022,378,77.21,0,None
PR04632,2024-04-16,P002,358,162.22,0,None
PR04633,2024-12-06,P013,228,90.88,18,Overproduction
PR04634,2023-03-10,P001,392,135.04,0,None
PR04635,2024-12-12,P016,488,154.93,0,None
PR04636,2023-03-23,P033,405,157.17,29,Overproduction
PR04637,2023-03-05,P095,336,132.33,0,None
PR04638,2024-08-15,P059,159,75.24,0,None
PR04639,2023-01-14,P093,371,136.55,0,None
PR04640,2024-01-10,P009,480,75.68,0,None
PR04641,2023-08-23,P049,350,157.53,0,None
PR04642,2023-12-06,P072,316,129.14,0,None
PR04643,2024-04-26,P051,415,118.45,0,None
PR04644,2024-12-02,P100,345,170.4,0,None
PR04645,2023-06-11,P049,425,116.29,25,Spoilage
PR04646,2024-04-28,P043,101,44.84,0,None
PR04647,2024-05-28,P031,295,128.02,0,None
PR04648,2023-10-11,P058,415,187.06,0,None
PR04649,2024-02-15,P040,226,58.72,0,None
PR04650,2024-03-07,P006,420,58.75,0,None
PR04651,2023-04-30,P058,146,61.03,0,None
PR04652,2024-06-22,P013,52,22.08,0,None
PR04653,2024-06-02,P072,245,57.44,0,None
PR04654,2024-01-20,P080,404,117.49,0,None
PR04655,2024-12-04,P088,105,17.04,0,None
PR04656,2024-10-18,P093,424,95.85,0,None
PR04657,2024-12-12,P020,159,58.35,0,None
PR04658,2024-08-05,P086,393,42.59,0,None
PR04659,2024-07-27,P076,302,85.94,0,None
PR04660,2024-09-18,P041,61,8.99,0,None
PR04661,2023-10-19,P025,250,119.79,3,Overproduction
PR04662,2023-06-05,P023,143,40.36,0,None
PR04663,2023-05-18,P042,381,79.89,0,None
PR04664,2023-08-24,P056,181,76.75,0,None
PR04665,2023-08-18,P081,404,57.63,38,Spoilage
PR04666,2024-03-10,P046,201,97.78,0,None
PR04667,2023-09-27,P026,190,82.14,17,Defective Material
PR04668,2023-08-10,P067,126,22.17,2,Production Error
PR04669,2023-12-25,P064,55,7.63,3,Defective Material
PR04670,2023-07-28,P097,267,111.12,0,None
PR04671,2023-12-08,P038,319,127.77,0,None
PR04672,2023-02-06,P031,113,33.37,0,None
PR04673,2024-11-29,P024,382,77.7,21,Overproduction
PR04674,2023-11-26,P094,352,100.25,0,None
PR04675,2024-01-18,P089,129,51.22,0,None
PR04676,2023-08-02,P036,293,53.2,0,None
PR04677,2024-02-02,P071,101,20.91,0,None
PR04678,2024-09-27,P008,277,78.7,18,Production Error
PR04679,2024-01-09,P089,247,78.16,0,None
PR04680,2024-09-17,P064,76,31.17,0,None
PR04681,2023-12-05,P089,369,71.34,0,None
PR04682,2023-06-12,P001,223,64.78,0,None
PR04683,2024-02-17,P067,263,53.71,4,Overproduction
PR04684,2023-12-06,P094,285,32.53,27,Overproduction
PR04685,2024-05-20,P067,74,8.9,0,None
PR04686,2023-08-02,P068,238,70.98,0,None
PR04687,2023-08-05,P004,221,44.36,17,Defective Material
PR04688,2024-05-09,P081,242,104.6,0,None
PR04689,2024-08-22,P002,297,91.7,0,None
PR04690,2024-06-17,P054,180,70.37,0,None
PR04691,2024-10-13,P091,464,51.01,0,None
PR04692,2024-05-07,P065,268,65.67,0,None
PR04693,2023-01-06,P083,429,136.23,0,None
PR04694,2024-02-26,P028,118,38.72,0,None
PR04695,2024-10-06,P057,288,57.06,0,None
PR04696,2024-06-22,P099,421,57.48,0,None
PR04697,2024-06-30,P071,333,106.1,0,None
PR04698,2023-04-03,P043,276,31.57,6,Production Error
PR04699,2023-03-02,P100,54,19.22,0,None
PR04700,2024-12-07,P096,391,186.26,0,None
PR04701,2024-06-01,P064,342,121.87,0,None
PR04702,2023-11-13,P026,86,19.33,0,None
PR04703,2024-09-12,P015,197,22.66,0,None
PR04704,2024-06-06,P018,165,75.73,0,None
PR04705,2023-02-19,P073,176,46.12,5,Defective Material
PR04706,2023-03-07,P099,498,150.26,0,None
PR04707,2023-06-22,P010,330,152.43,0,None
PR04708,2023-09-12,P015,194,22.1,0,None
PR04709,2024-12-22,P050,130,21.4,7,Defective Material
PR04710,2024-12-16,P094,332,57.3,0,None
PR04711,2024-10-05,P008,324,40.69,0,None
PR04712,2024-10-07,P070,56,17.25,0,None
PR04713,2024-06-09,P051,447,72.96,0,None
PR04714,2024-08-11,P068,271,48.41,14,Overproduction
PR04715,2024-11-13,P081,357,71.2,0,None
PR04716,2024-10-15,P077,233,60.68,0,None
PR04717,2024-06-28,P025,117,53.14,0,None
PR04718,2024-12-31,P047,188,83.25,8,Overproduction
PR04719,2023-02-10,P054,282,28.57,0,None
PR04720,2024-02-26,P035,417,142.14,0,None
PR04721,2023-07-01,P065,431,121.99,0,None
PR04722,2023-08-04,P089,158,51.28,0,None
PR04723,2023-12-29,P026,100,24.05,0,None
PR04724,2024-04-08,P021,446,71.52,0,None
PR04725,2024-04-07,P060,202,37.72,0,None
PR04726,2023-04-09,P025,268,44.11,0,None
PR04727,2023-05-02,P040,216,93.82,0,None
PR04728,2024-12-17,P008,89,10.31,0,None
PR04729,2024-09-10,P052,392,77.73,0,None
PR04730,2024-05-10,P052,347,37.86,10,Overproduction
PR04731,2024-03-03,P027,427,208.79,0,None
PR04732,2023-07-10,P057,218,66.66,0,None
PR04733,2023-08-10,P029,350,81.38,0,None
PR04734,2024-11-08,P085,208,91.13,0,None
PR04735,2024-08-27,P019,96,13.72,0,None
PR04736,2023-02-04,P088,141,15.18,11,Spoilage
PR04737,2024-02-20,P018,227,25.48,0,None
PR04738,2023-04-29,P080,212,37.6,0,None
PR04739,2023-11-03,P075,192,19.27,0,None
PR04740,2023-01-12,P082,384,67.16,0,None
PR04741,2024-09-10,P053,194,86.13,0,None
PR04742,2024-04-29,P013,271,39.51,4,Spoilage
PR04743,2024-05-09,P098,374,158.78,0,None
PR04744,2024-10-31,P002,273,63.23,0,None
PR04745,2024-12-22,P080,107,42.86,0,None
PR04746,2023-12-18,P035,342,128.23,0,None
PR04747,2023-07-05,P019,381,129.73,0,None
PR04748,2024-10-03,P026,417,177.65,0,None
PR04749,2024-10-27,P029,420,116.2,0,None
PR04750,2023-07-18,P036,334,123.0,0,None
PR04751,2023-12-25,P021,209,67.9,0,None
PR04752,2024-04-13,P058,259,26.98,0,None
PR04753,2023-08-20,P041,438,189.29,0,None
PR04754,2023-05-31,P044,253,73.18,0,None
PR04755,2024-09-22,P045,226,51.55,0,None
PR04756,2024-05-30,P033,361,110.84,0,None
PR04757,2023-01-30,P008,480,104.67,0,None
PR04758,2024-07-23,P058,111,37.09,0,None
PR04759,2023-09-19,P058,346,71.2,0,None
PR04760,2023-01-12,P011,311,114.12,0,None
PR04761,2023-03-21,P036,189,27.89,0,None
PR04762,2024-03-09,P069,107,27.63,6,Production Error
PR04763,2024-07-03,P081,237,108.54,0,None
PR04764,2024-11-03,P030,398,113.76,38,Spoilage
PR04765,2023-11-05,P070,425,159.91,0,None
PR04766,2023-02-22,P035,261,65.09,0,None
PR04767,2024-04-07,P082,169,82.18,0,None
PR04768,2023-08-02,P028,392,71.92,0,None
PR04769,2023-03-25,P023,226,26.04,0,None
PR04770,2024-06-28,P058,50,7.28,0,None
PR04771,2024-06-16,P068,57,25.28,0,None
PR04772,2024-01-15,P055,459,219.16,0,None
PR04773,2024-08-07,P081,164,31.38,0,None
PR04774,2023-09-23,P062,288,113.61,0,None
PR04775,2024-12-29,P051,183,68.02,0,None
PR04776,2023-11-09,P071,439,159.05,2,Production Error
PR04777,2023-09-23,P067,221,57.15,2,Overproduction
PR04778,2023-02-03,P008,442,186.76,0,None
PR04779,2024-07-24,P093,288,43.45,24,Production Error
PR04780,2023-11-28,P083,192,70.93,0,None
PR04781,2024-07-09,P056,453,62.74,16,Defective Material
PR04782,2023-03-20,P025,79,35.15,0,None
PR04783,2023-04-29,P018,100,19.55,0,None
PR04784,2024-05-11,P009,438,106.54,0,None
PR04785,2024-11-29,P018,79,30.18,0,None
PR04786,2023-08-22,P006,296,39.98,0,None
PR04787,2023-03-23,P013,492,59.68,0,None
PR04788,2023-05-07,P009,163,24.76,11,Spoilage
PR04789,2023-02-08,P061,143,50.31,5,Overproduction
PR04790,2023-07-10,P024,479,122.9,0,None
PR04791,2024-02-12,P014,299,60.13,0,None
PR04792,2023-12-07,P006,292,69.22,0,None
PR04793,2023-02-23,P040,441,172.05,0,None
PR04794,2024-12-22,P034,109,21.78,0,None
PR04795,2024-01-17,P083,60,7.1,0,None
PR04796,2023-12-30,P039,406,119.74,0,None
PR04797,2023-01-26,P095,206,65.03,0,None
PR04798,2024-07-23,P065,416,86.31,0,None
PR04799,2023-11-06,P035,405,182.04,0,None
PR04800,2023-12-14,P015,437,209.3,24,Defective Material
PR04801,2023-09-22,P044,190,37.17,0,None
PR04802,2023-12-20,P072,213,86.65,0,None
PR04803,2023-02-09,P028,281,133.34,20,Production Error
PR04804,2023-08-29,P081,266,116.14,0,None
PR04805,2023-10-24,P085,234,72.18,0,None
PR04806,2024-07-28,P015,206,75.28,0,None
PR04807,2024-02-04,P008,321,153.52,0,None
PR04808,2024-09-12,P067,384,161.4,0,None
PR04809,2024-01-24,P019,139,17.02,9,Defective Material
PR04810,2024-10-25,P021,454,97.9,0,None
PR04811,2024-10-22,P078,129,58.76,4,Spoilage
PR04812,2023-05-05,P075,247,89.27,0,None
PR04813,2024-11-23,P091,114,23.14,0,None
PR04814,2024-09-04,P011,106,25.08,0,None
PR04815,2023-03-18,P031,241,63.38,0,None
PR04816,2024-08-14,P100,330,77.91,0,None
PR04817,2024-08-30,P030,155,29.51,5,Overproduction
PR04818,2024-05-23,P086,440,71.76,0,None
PR04819,2023-02-04,P025,93,38.85,0,None
PR04820,2023-03-12,P089,193,78.32,0,None
PR04821,2023-04-03,P009,448,157.51,0,None
PR04822,2024-11-23,P052,334,64.76,0,None
PR04823,2024-03-07,P046,497,120.83,16,Overproduction
PR04824,2024-03-13,P093,179,26.04,0,None
PR04825,2023-09-26,P032,79,24.34,0,None
PR04826,2023-09-16,P055,210,24.38,0,None
PR04827,2023-11-30,P082,179,70.83,3,Production Error
PR04828,2023-07-29,P095,246,95.38,3,Defective Material
PR04829,2023-12-12,P095,298,142.36,0,None
PR04830,2023-03-31,P035,461,47.06,0,None
PR04831,2023-02-19,P058,354,134.86,0,None
PR04832,2023-09-01,P013,470,172.68,0,None
PR04833,2024-04-14,P088,207,98.24,0,None
PR04834,2023-04-14,P022,330,33.3,0,None
PR04835,2023-08-24,P002,192,93.51,0,None
PR04836,2023-11-07,P045,215,54.35,3,Defective Material
PR04837,2024-07-18,P029,94,43.87,0,None
PR04838,2023-10-11,P019,314,148.8,0,None
PR04839,2024-10-26,P070,406,67.57,0,None
PR04840,2023-01-25,P002,377,146.69,0,None
PR04841,2024-03-25,P036,202,69.81,18,Spoilage
PR04842,2023-05-22,P059,290,52.5,9,Production Error
PR04843,2024-02-23,P014,425,182.08,0,None
PR04844,2023-05-15,P080,488,49.08,0,None
PR04845,2024-12-20,P003,358,120.58,0,None
PR04846,2024-03-29,P009,449,149.55,23,Spoilage
PR04847,2023-12-20,P048,184,61.63,0,None
PR04848,2024-06-13,P005,225,37.1,0,None
PR04849,2023-09-04,P016,414,79.91,0,None
PR04850,2023-12-06,P096,363,130.51,0,None
PR04851,2023-12-21,P051,228,65.24,0,None
PR04852,2024-05-14,P006,490,96.65,0,None
PR04853,2024-11-05,P015,102,17.14,0,None
PR04854,2024-05-23,P043,316,132.18,0,None
PR04855,2024-02-17,P042,95,37.22,0,None
PR04856,2024-08-07,P078,492,130.88,0,None
PR04857,2023-03-18,P047,433,171.87,0,None
PR04858,2023-09-11,P086,241,112.97,5,Spoilage
PR04859,2023-10-02,P013,388,80.22,0,None
PR04860,2024-05-13,P038,230,100.1,0,None
PR04861,2023-08-10,P043,319,116.57,0,None
PR04862,2024-07-30,P052,124,48.4,0,None
PR04863,2023-12-15,P030,162,45.31,0,None
PR04864,2023-04-13,P098,178,61.89,0,None
PR04865,2023-01-18,P037,272,34.7,0,None
PR04866,2023-11-13,P082,162,37.11,0,None
PR04867,2024-10-17,P079,339,67.45,0,None
PR04868,2024-02-04,P083,321,41.42,0,None
PR04869,2024-04-03,P041,347,74.35,0,None
PR04870,2023-04-30,P038,113,14.23,10,Spoilage
PR04871,2023-05-11,P011,140,28.36,0,None
PR04872,2023-09-28,P049,63,22.8,0,None
PR04873,2023-05-19,P031,346,161.25,0,None
PR04874,2023-10-03,P007,381,114.75,31,Spoilage
PR04875,2023-06-25,P004,405,148.37,0,None
PR04876,2024-05-06,P080,383,107.23,0,None
PR04877,2024-12-25,P040,497,131.95,0,None
PR04878,2024-11-26,P092,452,211.32,0,None
PR04879,2023-10-18,P024,184,65.38,0,None
PR04880,2024-04-08,P004,429,129.31,0,None
PR04881,2024-07-08,P082,459,65.6,0,None
PR04882,2023-01-30,P030,334,111.19,0,None
PR04883,2023-04-09,P021,246,54.95,0,None
PR04884,2024-02-26,P032,478,213.52,0,None
PR04885,2023-05-17,P009,105,28.93,2,Production Error
PR04886,2023-09-22,P013,448,192.99,0,None
PR04887,2023-03-15,P054,353,161.36,0,None
PR04888,2024-03-05,P066,146,16.94,8,Production Error
PR04889,2024-01-11,P013,498,71.56,0,None
PR04890,2023-08-08,P026,54,24.42,4,Defective Material
PR04891,2023-11-19,P090,126,18.0,9,Overproduction
PR04892,2024-09-07,P033,222,103.32,1,Spoilage
PR04893,2023-07-10,P035,329,139.38,0,None
PR04894,2023-08-09,P031,367,160.23,0,None
PR04895,2023-04-18,P036,291,80.0,0,None
PR04896,2023-11-04,P077,232,40.16,0,None
PR04897,2024-01-05,P068,105,32.95,0,None
PR04898,2024-12-07,P054,65,13.08,0,None
PR04899,2024-02-14,P098,154,62.71,0,None
PR04900,2023-05-10,P054,93,38.38,0,None
PR04901,2023-08-23,P049,188,20.85,0,None
PR04902,2024-04-19,P022,480,119.32,34,Production Error
PR04903,2023-05-06,P084,54,23.8,0,None
PR04904,2023-10-08,P089,298,96.91,0,None
PR04905,2023-07-26,P086,213,102.05,0,None
PR04906,2023-01-20,P079,135,59.1,9,Spoilage
PR04907,2023-04-11,P085,337,75.39,15,Overproduction
PR04908,2024-09-20,P083,215,95.47,0,None
PR04909,2023-05-04,P076,237,103.22,0,None
PR04910,2023-05-02,P003,313,42.85,0,None
PR04911,2023-10-06,P094,155,39.22,0,None
PR04912,2023-09-01,P022,454,153.76,0,None
PR04913,2024-01-25,P032,84,31.45,0,None
PR04914,2023-02-16,P002,268,69.64,0,None
PR04915,2023-03-13,P034,206,71.96,0,None
PR04916,2024-08-25,P040,493,89.02,46,Overproduction
PR04917,2024-07-12,P096,107,45.6,0,None
PR04918,2024-08-05,P040,435,208.38,0,None
PR04919,2024-03-13,P032,229,26.31,4,Defective Material
PR04920,2024-01-20,P022,406,187.75,0,None
PR04921,2024-12-18,P020,375,97.91,0,None
PR04922,2024-05-21,P061,362,123.42,0,None
PR04923,2024-04-11,P087,245,83.31,0,None
PR04924,2024-11-10,P067,293,38.76,0,None
PR04925,2023-03-13,P091,57,9.8,0,None
PR04926,2023-09-06,P023,316,150.65,0,None
PR04927,2024-09-16,P078,332,117.64,0,None
PR04928,2023-08-03,P009,356,57.91,0,None
PR04929,2023-07-24,P095,499,80.43,0,None
PR04930,2023-12-12,P032,392,94.31,0,None
PR04931,2023-05-10,P036,293,100.05,0,None
PR04932,2023-10-16,P094,242,47.82,0,None
PR04933,2023-01-21,P003,126,54.72,0,None
PR04934,2024-08-29,P071,131,53.86,0,None
PR04935,2023-11-18,P090,101,38.05,8,Spoilage
PR04936,2023-10-09,P017,444,205.12,0,None
PR04937,2023-06-29,P021,497,172.19,15,Spoilage
PR04938,2023-09-28,P012,456,91.74,0,None
PR04939,2024-09-24,P014,140,40.48,0,None
PR04940,2024-02-21,P072,462,96.5,0,None
PR04941,2023-05-07,P012,327,102.65,0,None
PR04942,2023-12-13,P047,381,154.69,35,Spoilage
PR04943,2024-12-27,P053,313,102.39,0,None
PR04944,2024-12-02,P040,277,28.53,0,None
PR04945,2023-04-21,P079,193,33.01,0,None
PR04946,2024-01-07,P017,491,179.94,0,None
PR04947,2024-08-31,P037,107,39.62,0,None
PR04948,2023-09-09,P049,298,133.99,0,None
PR04949,2023-06-14,P097,169,54.15,0,None
PR04950,2024-03-08,P054,153,34.68,0,None
PR04951,2023-12-06,P089,56,25.05,0,None
PR04952,2023-02-18,P077,493,161.75,20,Defective Material
PR04953,2023-10-10,P058,217,78.32,0,None
PR04954,2024-07-08,P048,495,197.52,0,None
PR04955,2024-05-11,P086,183,49.82,0,None
PR04956,2024-03-31,P045,166,47.61,0,None
PR04957,2023-01-13,P062,294,115.56,0,None
PR04958,2023-06-18,P061,240,78.73,0,None
PR04959,2023-12-01,P065,413,189.59,11,Production Error
PR04960,2024-11-10,P007,312,99.87,0,None
PR04961,2023-08-22,P099,196,28.2,0,None
PR04962,2024-12-12,P049,171,82.38,11,Overproduction
PR04963,2024-06-06,P025,270,121.9,0,None
PR04964,2024-03-01,P049,379,108.37,0,None
PR04965,2023-03-14,P037,381,96.75,0,None
PR04966,2024-08-11,P008,428,206.18,0,None
PR04967,2024-08-09,P006,165,56.18,0,None
PR04968,2023-02-18,P059,321,105.09,0,None
PR04969,2023-11-28,P048,125,43.32,0,None
PR04970,2024-09-02,P079,433,192.92,0,None
PR04971,2024-06-24,P094,195,35.74,17,Defective Material
PR04972,2023-05-31,P087,193,77.84,0,None
PR04973,2023-08-07,P078,405,59.57,0,None
PR04974,2023-06-21,P082,134,22.99,7,Spoilage
PR04975,2023-04-20,P023,187,32.5,0,None
PR04976,2023-04-05,P065,192,34.09,0,None
PR04977,2023-09-17,P048,396,126.0,0,None
PR04978,2024-09-06,P062,373,40.19,0,None
PR04979,2023-10-23,P008,318,34.82,0,None
PR04980,2023-09-16,P060,484,176.83,0,None
PR04981,2023-10-07,P021,450,185.12,0,None
PR04982,2023-11-16,P044,181,69.1,0,None
PR04983,2024-10-29,P074,359,101.29,0,None
PR04984,2024-08-30,P076,337,148.31,4,Spoilage
PR04985,2023-01-14,P021,190,21.42,0,None
PR04986,2023-02-22,P048,302,127.1,0,None
PR04987,2024-02-20,P093,321,43.57,0,None
PR04988,2024-12-22,P041,433,195.95,0,None
PR04989,2024-07-21,P024,398,66.43,0,None
PR04990,2024-12-06,P009,164,53.1,0,None
PR04991,2023-08-16,P022,333,69.79,3,Spoilage
PR04992,2023-04-10,P024,131,59.07,10,Production Error
PR04993,2023-10-05,P099,439,215.67,0,None
PR04994,2023-03-18,P067,237,80.66,0,None
PR04995,2024-11-02,P059,348,173.39,12,Overproduction
PR04996,2024-07-07,P009,292,51.89,0,None
PR04997,2023-02-02,P020,79,11.72,0,None
PR04998,2024-12-09,P052,384,191.35,0,None
PR04999,2023-02-19,P002,296,106.92,0,None
PR05000,2024-05-31,P075,418,115.88,0,None
PR05001,2023-05-16,P002,242,47.47,0,None
PR05002,2023-01-12,P001,465,220.98,0,None
PR05003,2024-11-22,P072,461,49.96,0,None
PR05004,2023-08-01,P089,494,217.46,0,None
PR05005,2024-03-16,P051,444,130.42,0,None
PR05006,2024-07-26,P058,434,143.19,0,None
PR05007,2024-05-26,P064,270,88.5,0,None
PR05008,2024-11-01,P045,487,169.31,0,None
PR05009,2024-01-05,P039,398,191.93,0,None
PR05010,2023-11-10,P063,213,60.05,0,None
PR05011,2023-10-15,P079,382,104.14,0,None
PR05012,2024-06-13,P090,179,76.86,3,Overproduction
PR05013,2023-09-15,P055,297,125.48,0,None
PR05014,2023-07-10,P030,470,79.98,32,Production Error
PR05015,2024-11-19,P047,473,85.97,2,Overproduction
PR05016,2023-06-19,P021,206,62.17,0,None
PR05017,2024-08-04,P095,164,75.46,0,None
PR05018,2023-05-05,P013,153,61.5,4,Defective Material
PR05019,2023-02-13,P003,235,40.56,0,None
PR05020,2024-05-08,P041,113,41.37,0,None
PR05021,2023-06-16,P002,278,117.1,2,Spoilage
PR05022,2024-10-10,P012,75,30.34,0,None
PR05023,2024-01-25,P100,300,85.93,0,None
PR05024,2023-10-01,P093,312,92.91,0,None
PR05025,2023-01-01,P019,208,23.48,0,None
PR05026,2023-02-16,P038,389,72.39,0,None
PR05027,2023-04-21,P048,482,75.63,0,None
PR05028,2023-02-02,P004,434,181.48,0,None
PR05029,2023-05-24,P077,418,115.64,0,None
PR05030,2023-05-20,P031,358,63.01,0,None
PR05031,2023-03-11,P056,194,22.8,0,None
PR05032,2023-07-22,P066,368,150.9,0,None
PR05033,2023-04-20,P062,462,64.78,0,None
PR05034,2023-11-06,P088,305,133.28,0,None
PR05035,2024-12-12,P031,453,93.4,0,None
PR05036,2023-11-05,P009,120,17.27,11,Defective Material
PR05037,2023-05-26,P090,443,100.39,0,None
PR05038,2024-07-23,P035,308,97.32,0,None
PR05039,2023-03-24,P065,226,70.44,0,None
PR05040,2023-06-16,P026,406,117.19,0,None
PR05041,2023-02-11,P030,362,98.96,3,Defective Material
PR05042,2023-02-19,P096,236,88.99,12,Spoilage
PR05043,2024-07-21,P096,375,159.3,0,None
PR05044,2024-03-08,P065,271,75.08,0,None
PR05045,2023-11-06,P054,218,100.56,0,None
PR05046,2024-07-25,P021,459,156.71,0,None
PR05047,2023-01-22,P052,373,80.44,0,None
PR05048,2024-03-02,P037,435,102.43,0,None
PR05049,2023-03-10,P009,330,110.53,0,None
PR05050,2024-03-17,P097,159,58.74,0,None
PR05051,2024-11-23,P082,340,60.28,0,None
PR05052,2024-07-07,P085,380,41.46,0,None
PR05053,2023-05-21,P062,374,105.87,31,Production Error
PR05054,2024-02-01,P062,54,10.71,2,Overproduction
PR05055,2024-06-17,P035,269,56.54,0,None
PR05056,2023-03-26,P007,185,39.12,0,None
PR05057,2023-02-03,P046,444,221.59,0,None
PR05058,2023-01-01,P015,328,158.03,0,None
PR05059,2024-07-14,P020,459,199.54,0,None
PR05060,2023-01-12,P074,419,65.42,0,None
PR05061,2024-09-04,P017,188,47.16,0,None
PR05062,2024-10-01,P085,341,76.75,0,None
PR05063,2023-09-26,P011,104,14.52,0,None
PR05064,2023-06-19,P075,314,42.31,6,Defective Material
PR05065,2024-06-04,P024,490,197.18,0,None
PR05066,2024-10-03,P035,298,124.4,0,None
PR05067,2023-11-14,P084,205,38.28,0,None
PR05068,2023-05-17,P003,58,19.15,0,None
PR05069,2023-02-06,P037,85,25.35,0,None
PR05070,2024-06-30,P093,260,55.85,0,None
PR05071,2024-05-20,P037,204,49.87,0,None
PR05072,2024-12-20,P059,216,41.15,0,None
PR05073,2023-04-28,P084,299,62.1,20,Spoilage
PR05074,2023-07-19,P064,308,129.77,0,None
PR05075,2023-11-04,P059,278,33.17,0,None
PR05076,2024-01-09,P045,418,91.39,0,None
PR05077,2024-10-25,P062,341,65.33,0,None
PR05078,2023-05-20,P100,190,91.39,0,None
PR05079,2023-06-07,P017,352,117.66,0,None
PR05080,2023-08-14,P032,64,29.86,0,None
PR05081,2023-05-21,P095,267,118.46,0,None
PR05082,2023-12-15,P076,236,57.31,0,None
PR05083,2024-04-08,P084,137,34.55,0,None
PR05084,2024-08-25,P003,477,212.17,0,None
PR05085,2023-01-07,P083,199,91.92,0,None
PR05086,2024-08-28,P091,264,110.58,0,None
PR05087,2023-04-20,P024,330,123.38,0,None
PR05088,2024-01-04,P033,420,168.86,0,None
PR05089,2024-06-21,P078,95,47.0,0,None
PR05090,2024-11-03,P093,379,164.93,0,None
PR05091,2023-02-01,P036,312,53.39,0,None
PR05092,2023-02-07,P027,86,33.89,0,None
PR05093,2024-12-04,P006,429,49.41,0,None
PR05094,2024-03-17,P075,489,85.69,0,None
PR05095,2023-08-28,P058,435,152.97,0,None
PR05096,2023-10-24,P012,137,37.34,0,None
PR05097,2024-07-05,P056,74,25.22,0,None
PR05098,2023-06-16,P049,317,101.16,4,Production Error
PR05099,2023-11-04,P096,349,151.09,0,None
PR05100,2023-09-14,P019,469,149.76,0,None
PR05101,2024-06-08,P001,57,12.35,0,None
PR05102,2024-08-14,P076,119,22.63,0,None
PR05103,2024-01-23,P090,103,46.77,0,None
PR05104,2023-02-07,P026,92,12.18,0,None
PR05105,2024-11-19,P064,198,21.73,0,None
PR05106,2024-02-26,P072,397,92.75,1,Defective Material
PR05107,2024-04-13,P087,414,178.94,0,None
PR05108,2023-09-16,P030,134,27.75,2,Overproduction
PR05109,2023-12-08,P044,120,22.74,5,Overproduction
PR05110,2023-06-14,P096,359,50.67,0,None
PR05111,2024-10-14,P071,185,84.83,0,None
PR05112,2023-12-30,P100,402,93.41,0,None
PR05113,2023-02-10,P031,83,33.02,0,None
PR05114,2023-04-03,P074,384,75.58,0,None
PR05115,2023-05-08,P037,225,39.07,0,None
PR05116,2024-02-17,P030,309,51.47,0,None
PR05117,2023-04-20,P090,485,139.95,0,None
PR05118,2023-06-13,P010,141,30.39,0,None
PR05119,2024-11-26,P002,100,24.83,0,None
PR05120,2024-05-21,P093,460,68.08,0,None
PR05121,2024-09-19,P059,52,7.9,0,None
PR05122,2023-01-08,P065,114,22.79,10,Overproduction
PR05123,2023-07-09,P057,177,36.55,0,None
PR05124,2024-07-07,P097,395,133.18,0,None
PR05125,2023-09-10,P011,420,115.83,7,Defective Material
PR05126,2024-08-15,P091,90,24.13,0,None
PR05127,2024-05-02,P004,319,93.21,0,None
PR05128,2024-01-02,P020,67,19.07,0,None
PR05129,2023-08-30,P014,53,11.47,0,None
PR05130,2023-04-18,P083,141,36.93,9,Spoilage
PR05131,2024-05-14,P031,424,118.92,0,None
PR05132,2024-05-08,P044,246,113.37,0,None
PR05133,2024-08-06,P086,379,176.78,0,None
PR05134,2023-11-11,P027,257,56.41,0,None
PR05135,2024-07-28,P079,82,13.32,0,None
PR05136,2024-03-29,P020,419,83.55,9,Spoilage
PR05137,2023-11-10,P070,390,136.7,0,None
PR05138,2023-10-21,P042,256,95.34,0,None
PR05139,2024-07-06,P065,85,19.38,0,None
PR05140,2023-01-23,P067,302,78.18,0,None
PR05141,2024-01-15,P056,483,84.33,0,None
PR05142,2024-03-08,P023,376,133.05,0,None
PR05143,2024-08-01,P036,252,28.76,0,None
PR05144,2024-12-07,P094,493,61.82,0,None
PR05145,2023-05-23,P037,90,39.57,0,None
PR05146,2024-12-27,P084,412,48.23,0,None
PR05147,2024-04-07,P058,102,46.02,0,None
PR05148,2023-05-08,P071,144,36.39,0,None
PR05149,2023-08-28,P028,389,91.0,0,None
PR05150,2023-07-19,P006,285,57.26,0,None
PR05151,2024-11-22,P077,265,54.76,0,None
PR05152,2023-12-14,P064,328,65.71,0,None
PR05153,2023-03-04,P088,386,97.51,0,None
PR05154,2023-05-21,P035,119,32.39,0,None
PR05155,2024-08-11,P090,350,67.93,0,None
PR05156,2023-03-15,P018,201,36.8,2,Defective Material
PR05157,2024-05-29,P056,219,47.57,0,None
PR05158,2023-12-11,P061,410,179.98,0,None
PR05159,2023-05-28,P015,285,127.58,0,None
PR05160,2024-05-21,P075,92,40.57,0,None
PR05161,2024-12-07,P090,487,159.95,0,None
PR05162,2024-01-29,P083,94,18.02,0,None
PR05163,2024-07-12,P035,387,119.26,0,None
PR05164,2024-01-12,P076,290,77.55,0,None
PR05165,2023-07-19,P029,207,49.47,12,Spoilage
PR05166,2023-02-23,P004,164,29.46,0,None
PR05167,2024-06-14,P096,361,99.8,0,None
PR05168,2023-11-09,P025,288,33.72,0,None
PR05169,2024-12-11,P066,156,70.88,0,None
PR05170,2024-10-21,P006,439,77.57,0,None
PR05171,2023-06-19,P040,228,75.19,0,None
PR05172,2023-08-26,P058,61,16.97,0,None
PR05173,2023-12-02,P039,364,90.22,0,None
PR05174,2023-09-13,P065,227,37.51,0,None
PR05175,2024-06-28,P031,451,196.84,19,Overproduction
PR05176,2023-10-20,P028,332,133.07,0,None
PR05177,2023-04-07,P029,211,50.06,3,Production Error
PR05178,2023-07-28,P001,284,126.03,0,None
PR05179,2024-04-14,P036,493,164.98,0,None
PR05180,2024-11-07,P061,277,67.61,0,None
PR05181,2024-09-08,P082,443,61.35,0,None
PR05182,2023-06-17,P047,167,64.03,0,None
PR05183,2024-02-20,P079,231,75.62,10,Overproduction
PR05184,2023-04-15,P075,162,31.14,0,None
PR05185,2023-02-25,P039,372,145.19,21,Production Error
PR05186,2024-03-19,P014,376,46.44,0,None
PR05187,2024-10-19,P057,430,120.33,24,Defective Material
PR05188,2024-03-17,P085,354,109.85,0,None
PR05189,2024-04-29,P072,101,19.42,0,None
PR05190,2023-06-13,P059,386,103.03,0,None
PR05191,2024-04-03,P060,354,167.65,0,None
PR05192,2024-03-29,P021,343,92.55,0,None
PR05193,2023-11-09,P084,424,42.51,0,None
PR05194,2023-12-28,P061,316,76.87,0,None
PR05195,2024-06-08,P078,266,38.12,10,Overproduction
PR05196,2024-01-17,P021,412,124.15,0,None
PR05197,2024-08-01,P033,341,128.31,0,None
PR05198,2024-05-08,P022,372,86.29,22,Defective Material
PR05199,2024-11-14,P062,181,60.91,0,None
PR05200,2024-12-02,P040,427,125.86,0,None
PR05201,2023-12-10,P042,414,89.94,0,None
PR05202,2024-08-23,P002,343,85.32,0,None
PR05203,2023-06-18,P016,205,57.61,0,None
PR05204,2023-05-29,P073,300,92.96,24,Spoilage
PR05205,2023-01-02,P030,263,103.81,11,Production Error
PR05206,2023-09-03,P021,383,40.23,0,None
PR05207,2023-11-29,P041,305,51.33,0,None
PR05208,2023-09-20,P099,238,24.14,0,None
PR05209,2024-12-09,P002,417,96.66,0,None
PR05210,2023-06-24,P022,347,78.92,0,None
PR05211,2023-06-19,P068,85,28.51,0,None
PR05212,2024-04-22,P003,441,196.82,0,None
PR05213,2023-11-25,P089,149,68.18,0,None
PR05214,2024-02-06,P078,457,226.22,0,None
PR05215,2023-09-18,P051,226,95.48,0,None
PR05216,2024-11-04,P065,195,97.33,0,None
PR05217,2024-06-26,P002,92,18.64,0,None
PR05218,2024-06-12,P074,342,39.51,0,None
PR05219,2023-02-17,P100,153,25.4,0,None
PR05220,2023-02-21,P014,128,30.67,0,None
PR05221,2023-01-29,P024,429,130.26,0,None
PR05222,2023-11-14,P012,76,26.67,0,None
PR05223,2024-11-18,P036,389,131.56,0,None
PR05224,2023-11-10,P031,352,149.45,0,None
PR05225,2024-09-26,P034,338,127.84,0,None
PR05226,2023-05-03,P077,224,97.44,0,None
PR05227,2024-03-16,P060,474,235.41,0,None
PR05228,2024-10-03,P050,134,38.67,0,None
PR05229,2023-09-03,P047,384,104.81,0,None
PR05230,2023-06-05,P051,227,103.25,0,None
PR05231,2024-03-05,P023,301,51.04,4,Spoilage
PR05232,2023-01-06,P092,457,200.54,0,None
PR05233,2023-12-11,P029,331,59.94,0,None
PR05234,2023-08-02,P013,339,164.95,0,None
PR05235,2023-07-02,P058,263,113.11,0,None
PR05236,2023-11-23,P049,425,145.75,0,None
PR05237,2024-01-27,P089,284,65.73,3,Defective Material
PR05238,2023-08-07,P094,158,65.67,0,None
PR05239,2024-11-09,P090,332,67.96,0,None
PR05240,2024-07-15,P063,272,94.23,0,None
PR05241,2023-07-10,P010,58,18.5,0,None
PR05242,2023-11-25,P034,421,44.3,0,None
PR05243,2024-12-01,P044,401,176.24,5,Production Error
PR05244,2024-10-19,P041,499,171.45,0,None
PR05245,2024-07-09,P062,321,145.72,0,None
PR05246,2023-08-21,P040,134,40.35,0,None
PR05247,2024-09-29,P004,273,89.0,23,Spoilage
PR05248,2024-12-05,P046,56,8.94,0,None
PR05249,2023-05-01,P003,98,47.31,0,None
PR05250,2024-07-09,P006,258,96.62,0,None
PR05251,2023-03-23,P024,262,42.34,0,None
PR05252,2023-10-22,P046,496,178.94,0,None
PR05253,2023-01-06,P093,124,61.28,0,None
PR05254,2024-07-29,P090,432,212.77,34,Spoilage
PR05255,2023-10-02,P068,496,166.25,10,Spoilage
PR05256,2023-05-03,P073,166,17.69,0,None
PR05257,2024-05-06,P036,147,50.31,0,None
PR05258,2023-03-14,P017,281,82.06,0,None
PR05259,2023-01-11,P019,50,22.05,3,Overproduction
PR05260,2023-05-09,P071,376,155.14,0,None
PR05261,2023-07-21,P008,378,68.77,0,None
PR05262,2023-07-08,P078,216,31.55,0,None
PR05263,2023-06-18,P051,110,21.02,0,None
PR05264,2023-07-26,P044,171,69.32,0,None
PR05265,2023-09-01,P011,348,87.56,0,None
PR05266,2024-02-01,P082,188,29.06,2,Spoilage
PR05267,2023-06-10,P049,201,92.5,0,None
PR05268,2024-03-08,P095,321,92.46,0,None
PR05269,2024-01-13,P080,177,28.2,0,None
PR05270,2023-04-17,P061,436,184.63,0,None
PR05271,2024-08-27,P066,153,24.14,0,None
PR05272,2023-02-17,P071,90,37.35,0,None
PR05273,2024-10-19,P010,350,139.84,8,Overproduction
PR05274,2023-05-10,P067,440,94.89,0,None
PR05275,2023-12-29,P020,98,28.11,8,Spoilage
PR05276,2023-09-27,P020,405,128.37,0,None
PR05277,2023-11-08,P008,353,149.22,0,None
PR05278,2024-09-02,P051,406,199.36,0,None
PR05279,2024-06-08,P094,133,32.37,0,None
PR05280,2023-08-06,P053,109,30.74,0,None
PR05281,2024-03-17,P014,485,82.42,45,Production Error
PR05282,2023-05-29,P011,462,77.34,0,None
PR05283,2023-11-14,P072,422,112.29,0,None
PR05284,2024-09-10,P015,497,171.55,0,None
PR05285,2023-01-23,P003,134,58.7,0,None
PR05286,2023-04-27,P077,386,145.99,0,None
PR05287,2024-10-29,P100,435,141.82,0,None
PR05288,2024-12-22,P027,447,158.65,8,Spoilage
PR05289,2024-11-06,P077,145,46.04,0,None
PR05290,2024-10-24,P030,356,148.4,28,Production Error
PR05291,2023-06-03,P026,211,43.16,0,None
PR05292,2024-05-08,P017,271,87.78,0,None
PR05293,2023-02-06,P022,253,40.33,0,None
PR05294,2024-12-05,P075,366,138.0,0,None
PR05295,2023-02-28,P018,438,202.39,0,None
PR05296,2023-10-18,P056,364,169.64,0,None
PR05297,2024-07-29,P054,204,85.76,0,None
PR05298,2024-03-07,P097,279,121.72,0,None
PR05299,2023-06-25,P036,85,17.81,3,Defective Material
PR05300,2023-07-02,P007,224,76.56,0,None
PR05301,2023-04-12,P088,452,180.52,0,None
PR05302,2023-01-07,P090,304,78.81,0,None
PR05303,2023-03-03,P084,58,19.06,4,Spoilage
PR05304,2024-12-26,P055,327,102.89,0,None
PR05305,2024-01-24,P041,338,44.95,13,Defective Material
PR05306,2023-05-03,P016,450,94.39,0,None
PR05307,2024-01-31,P085,339,61.74,18,Spoilage
PR05308,2024-02-22,P026,328,42.48,0,None
PR05309,2023-10-26,P075,194,91.34,0,None
PR05310,2024-09-22,P065,420,100.72,0,None
PR05311,2024-10-05,P045,60,16.58,1,Production Error
PR05312,2023-09-24,P061,277,74.26,20,Production Error
PR05313,2024-05-21,P024,490,53.47,0,None
PR05314,2024-07-09,P047,85,12.95,0,None
PR05315,2024-12-31,P084,388,82.39,0,None
PR05316,2024-06-29,P056,285,70.78,1,Spoilage
PR05317,2024-08-23,P092,398,62.79,0,None
PR05318,2023-01-22,P044,165,40.25,0,None
PR05319,2024-11-08,P060,163,63.3,0,None
PR05320,2023-11-14,P005,188,29.17,0,None
PR05321,2024-01-08,P060,232,92.11,0,None
PR05322,2024-03-29,P099,312,37.14,0,None
PR05323,2023-08-22,P056,315,154.33,2,Overproduction
PR05324,2023-12-19,P009,149,35.74,0,None
PR05325,2024-04-10,P050,302,101.02,0,None
PR05326,2023-03-12,P020,135,38.4,4,Defective Material
PR05327,2024-08-22,P089,460,69.16,0,None
PR05328,2023-03-12,P094,476,124.97,0,None
PR05329,2023-03-13,P040,104,10.61,0,None
PR05330,2024-03-23,P021,231,87.13,15,Overproduction
PR05331,2023-04-18,P068,204,46.91,0,None
PR05332,2024-04-11,P006,334,47.7,0,None
PR05333,2024-05-09,P098,146,31.97,0,None
PR05334,2023-12-03,P085,458,62.07,38,Spoilage
PR05335,2024-08-08,P014,352,113.13,12,Defective Material
PR05336,2023-10-31,P051,262,98.24,18,Defective Material
PR05337,2024-11-04,P055,492,204.84,0,None
PR05338,2024-03-01,P006,412,45.07,1,Overproduction
PR05339,2023-07-07,P008,380,135.91,0,None
PR05340,2023-11-12,P056,423,144.69,0,None
PR05341,2024-12-15,P022,175,87.03,0,None
PR05342,2023-09-25,P100,331,44.79,0,None
PR05343,2023-05-09,P042,53,15.31,0,None
PR05344,2023-05-07,P019,94,35.64,0,None
PR05345,2024-03-06,P074,66,31.55,0,None
PR05346,2024-11-13,P084,407,87.25,0,None
PR05347,2023-03-24,P037,256,115.38,0,None
PR05348,2023-07-24,P011,172,81.55,0,None
PR05349,2024-04-08,P019,339,62.25,0,None
PR05350,2023-04-10,P018,443,190.41,0,None
PR05351,2024-08-16,P022,482,189.35,0,None
PR05352,2023-01-28,P004,77,24.28,0,None
PR05353,2024-10-01,P013,493,80.26,0,None
PR05354,2024-05-16,P085,164,31.19,0,None
PR05355,2024-08-05,P094,292,69.83,0,None
PR05356,2024-05-11,P064,77,27.59,0,None
PR05357,2023-10-21,P065,446,213.33,0,None
PR05358,2023-04-02,P023,153,46.76,0,None
PR05359,2023-11-09,P065,74,16.94,0,None
PR05360,2024-06-11,P038,405,171.84,0,None
PR05361,2023-09-26,P011,163,58.75,0,None
PR05362,2024-08-02,P051,419,122.38,0,None
PR05363,2023-12-28,P086,499,77.19,0,None
PR05364,2023-12-27,P011,329,33.94,0,None
PR05365,2023-07-06,P026,398,41.55,0,None
PR05366,2024-04-28,P022,470,158.84,0,None
PR05367,2024-07-31,P050,59,24.8,0,None
PR05368,2023-01-24,P016,340,168.38,0,None
PR05369,2024-10-13,P028,185,33.11,0,None
PR05370,2023-07-09,P096,65,18.42,0,None
PR05371,2024-08-20,P017,57,9.58,0,None
PR05372,2024-11-05,P011,269,62.69,0,None
PR05373,2023-02-27,P001,442,154.38,0,None
PR05374,2024-10-04,P098,52,9.97,0,None
PR05375,2023-02-21,P033,307,126.4,0,None
PR05376,2024-06-13,P030,201,41.73,0,None
PR05377,2023-08-12,P031,474,117.11,0,None
PR05378,2024-11-03,P014,165,27.59,9,Overproduction
PR05379,2024-06-02,P048,455,160.05,0,None
PR05380,2023-05-18,P057,272,119.09,0,None
PR05381,2023-11-17,P056,125,59.83,0,None
PR05382,2023-09-27,P043,220,45.92,0,None
PR05383,2023-05-27,P031,175,80.84,0,None
PR05384,2023-07-30,P094,68,23.11,0,None
PR05385,2024-07-14,P005,105,11.51,0,None
PR05386,2024-07-21,P030,268,116.59,0,None
PR05387,2024-06-15,P053,453,165.25,0,None
PR05388,2023-10-08,P081,278,109.21,0,None
PR05389,2023-03-26,P009,232,89.37,5,Overproduction
PR05390,2023-01-14,P040,427,59.26,0,None
PR05391,2024-11-22,P073,182,78.02,0,None
PR05392,2024-05-31,P096,308,58.37,0,None
PR05393,2023-06-16,P008,214,102.38,0,None
PR05394,2023-12-26,P099,363,41.33,35,Defective Material
PR05395,2023-01-09,P017,415,119.17,0,None
PR05396,2024-04-02,P100,106,25.89,5,Overproduction
PR05397,2023-01-08,P003,240,118.22,3,Overproduction
PR05398,2023-02-27,P018,185,39.06,1,Defective Material
PR05399,2023-07-16,P048,77,13.13,0,None
PR05400,2024-12-01,P011,363,128.99,0,None
PR05401,2024-06-12,P031,333,88.45,0,None
PR05402,2024-04-17,P001,284,67.27,0,None
PR05403,2023-11-15,P019,287,60.29,0,None
PR05404,2023-03-22,P012,168,27.62,0,None
PR05405,2024-06-11,P013,274,66.8,11,Spoilage
PR05406,2023-09-27,P086,66,9.57,0,None
PR05407,2024-04-15,P044,188,41.21,0,None
PR05408,2023-10-30,P003,149,31.33,0,None
PR05409,2023-10-31,P007,106,24.44,0,None
PR05410,2023-05-31,P004,499,64.06,0,None
PR05411,2023-05-26,P027,491,68.25,0,None
PR05412,2023-06-09,P088,228,76.7,0,None
PR05413,2023-04-03,P013,299,66.58,0,None
PR05414,2024-06-11,P086,54,12.64,0,None
PR05415,2023-09-17,P064,149,57.73,0,None
PR05416,2024-05-18,P030,474,114.33,0,None
PR05417,2023-06-11,P006,441,129.33,0,None
PR05418,2023-12-18,P039,485,116.23,0,None
PR05419,2023-07-04,P029,422,80.68,0,None
PR05420,2023-02-23,P009,124,46.91,0,None
PR05421,2023-01-09,P095,463,106.39,0,None
PR05422,2024-07-09,P008,137,63.57,0,None
PR05423,2023-06-08,P018,85,17.15,0,None
PR05424,2024-12-19,P024,187,54.25,0,None
PR05425,2023-08-13,P011,334,33.49,0,None
PR05426,2024-11-15,P072,363,113.88,0,None
PR05427,2024-02-22,P068,307,118.18,0,None
PR05428,2024-08-06,P023,277,98.56,0,None
PR05429,2024-10-12,P099,52,5.25,1,Overproduction
PR05430,2023-09-08,P027,245,108.0,0,None
PR05431,2024-08-30,P008,372,51.94,0,None
PR05432,2023-11-05,P053,120,51.45,0,None
PR05433,2024-04-08,P036,188,43.73,0,None
PR05434,2023-05-24,P047,334,96.26,0,None
PR05435,2023-12-14,P071,456,83.01,0,None
PR05436,2024-11-17,P003,460,200.25,0,None
PR05437,2024-10-15,P086,257,79.08,0,None
PR05438,2024-12-13,P100,78,8.73,0,None
PR05439,2023-06-13,P056,220,78.38,0,None
PR05440,2024-04-17,P091,296,45.15,0,None
PR05441,2023-08-17,P018,437,217.93,24,Defective Material
PR05442,2024-10-12,P027,168,59.38,0,None
PR05443,2024-12-31,P055,330,66.48,0,None
PR05444,2024-01-04,P028,95,45.74,0,None
PR05445,2023-07-08,P085,420,102.45,0,None
PR05446,2023-10-18,P056,351,112.31,0,None
PR05447,2023-06-12,P036,432,149.98,0,None
PR05448,2023-03-23,P085,367,175.45,0,None
PR05449,2024-05-20,P031,491,149.53,0,None
PR05450,2023-03-23,P087,489,228.53,0,None
PR05451,2023-10-09,P016,230,93.57,0,None
PR05452,2023-08-18,P080,224,109.11,0,None
PR05453,2023-07-28,P051,124,18.14,11,Production Error
PR05454,2024-11-08,P060,145,39.96,0,None
PR05455,2024-09-15,P082,353,167.32,0,None
PR05456,2024-09-25,P023,262,89.11,0,None
PR05457,2024-01-09,P100,261,35.66,0,None
PR05458,2023-01-06,P064,109,43.67,0,None
PR05459,2023-01-10,P033,319,98.45,0,None
PR05460,2024-12-23,P084,232,42.54,0,None
PR05461,2023-08-21,P063,112,32.65,0,None
PR05462,2024-04-21,P012,53,5.89,0,None
PR05463,2024-03-28,P077,288,75.2,0,None
PR05464,2023-07-09,P003,290,44.07,0,None
PR05465,2023-07-27,P038,360,51.21,26,Overproduction
PR05466,2023-10-14,P055,97,43.56,0,None
PR05467,2023-10-21,P022,410,189.53,0,None
PR05468,2024-06-02,P100,257,57.52,0,None
PR05469,2024-01-25,P078,166,63.24,0,None
PR05470,2023-05-10,P024,214,61.85,2,Production Error
PR05471,2024-12-25,P056,56,25.03,0,None
PR05472,2023-03-23,P088,96,25.06,0,None
PR05473,2023-08-03,P021,422,146.68,0,None
PR05474,2023-07-22,P002,71,9.71,0,None
PR05475,2024-10-14,P081,400,55.3,0,None
PR05476,2023-10-22,P039,285,139.91,0,None
PR05477,2023-01-19,P084,392,110.26,16,Production Error
PR05478,2024-03-02,P087,337,147.5,0,None
PR05479,2024-06-01,P018,73,15.33,0,None
PR05480,2024-07-13,P094,155,53.7,0,None
PR05481,2023-08-30,P043,405,72.4,0,None
PR05482,2023-01-29,P006,237,30.51,0,None
PR05483,2024-02-19,P055,80,29.33,0,None
PR05484,2024-01-17,P027,268,82.08,6,Defective Material
PR05485,2023-05-14,P006,202,94.15,0,None
PR05486,2023-04-04,P065,265,96.52,0,None
PR05487,2023-09-03,P072,253,39.42,0,None
PR05488,2024-09-08,P081,257,113.28,0,None
PR05489,2023-01-12,P021,73,36.14,0,None
PR05490,2024-03-15,P023,123,21.55,1,Overproduction
PR05491,2024-12-08,P027,120,18.06,0,None
PR05492,2024-03-21,P014,353,75.11,0,None
PR05493,2024-02-09,P054,474,107.9,0,None
PR05494,2023-10-05,P049,324,84.71,0,None
PR05495,2024-09-09,P064,181,82.15,0,None
PR05496,2024-06-21,P061,126,51.97,0,None
PR05497,2024-12-11,P067,476,228.94,0,None
PR05498,2023-05-07,P100,210,68.43,0,None
PR05499,2023-08-11,P080,190,58.29,0,None
PR05500,2024-07-08,P090,162,69.89,0,None
PR05501,2024-12-08,P048,438,189.45,0,None
PR05502,2024-04-28,P071,466,195.29,0,None
PR05503,2024-04-03,P005,342,134.15,0,None
PR05504,2023-05-09,P038,294,58.64,0,None
PR05505,2024-09-29,P038,379,162.7,0,None
PR05506,2023-12-12,P080,347,164.8,0,None
PR05507,2024-08-29,P040,83,34.27,0,None
PR05508,2024-05-04,P058,482,168.05,0,None
PR05509,2023-07-01,P023,68,10.93,0,None
PR05510,2024-01-15,P028,387,128.53,0,None
PR05511,2024-10-22,P071,198,51.45,0,None
PR05512,2024-01-21,P033,359,155.89,0,None
PR05513,2023-11-05,P053,472,100.29,27,Overproduction
PR05514,2024-05-19,P040,371,74.66,0,None
PR05515,2024-08-24,P058,249,40.0,0,None
PR05516,2024-04-14,P042,486,95.21,0,None
PR05517,2023-08-03,P013,107,38.25,0,None
PR05518,2023-09-09,P031,411,113.58,0,None
PR05519,2023-12-06,P068,361,79.09,0,None
PR05520,2023-09-10,P090,160,39.13,0,None
PR05521,2023-06-24,P088,376,117.49,0,None
PR05522,2023-04-24,P009,499,188.2,0,None
PR05523,2024-02-27,P003,325,68.62,0,None
PR05524,2023-03-04,P074,274,81.03,24,Overproduction
PR05525,2023-04-07,P089,413,134.21,0,None
PR05526,2023-05-21,P007,73,34.91,0,None
PR05527,2024-08-23,P085,224,60.0,0,None
PR05528,2024-02-11,P095,218,26.77,0,None
PR05529,2024-05-23,P072,209,39.54,0,None
PR05530,2024-12-12,P035,371,135.62,0,None
PR05531,2023-06-02,P072,166,43.67,0,None
PR05532,2023-01-22,P087,388,70.13,0,None
PR05533,2024-06-22,P032,361,164.52,0,None
PR05534,2024-05-03,P089,398,134.07,0,None
PR05535,2024-03-12,P052,482,163.11,0,None
PR05536,2024-02-26,P069,196,57.4,0,None
PR05537,2024-10-04,P015,364,70.52,0,None
PR05538,2023-02-02,P061,308,150.27,0,None
PR05539,2024-02-22,P067,202,72.04,0,None
PR05540,2023-03-09,P066,221,65.99,0,None
PR05541,2024-04-25,P065,162,23.38,0,None
PR05542,2023-01-27,P052,444,63.29,0,None
PR05543,2024-01-20,P100,407,170.05,0,None
PR05544,2023-11-29,P046,116,31.88,0,None
PR05545,2023-12-21,P049,371,104.8,10,Spoilage
PR05546,2023-03-07,P030,262,31.95,0,None
PR05547,2024-06-05,P024,137,52.43,0,None
PR05548,2023-09-05,P097,341,158.35,0,None
PR05549,2023-03-16,P040,318,102.1,0,None
PR05550,2023-12-31,P048,354,87.92,0,None
PR05551,2024-07-05,P091,103,25.4,0,None
PR05552,2023-09-03,P074,434,206.72,0,None
PR05553,2024-05-24,P100,179,22.65,0,None
PR05554,2024-11-25,P053,121,24.71,0,None
PR05555,2024-08-28,P029,179,33.48,0,None
PR05556,2023-01-23,P047,275,53.99,3,Defective Material
PR05557,2024-02-02,P064,200,54.43,13,Production Error
PR05558,2023-10-23,P009,176,39.48,0,None
PR05559,2023-02-16,P054,273,100.42,0,None
PR05560,2023-06-01,P063,329,163.98,0,None
PR05561,2023-04-25,P068,132,55.91,0,None
PR05562,2023-06-03,P084,202,52.73,0,None
PR05563,2023-08-24,P060,236,43.77,0,None
PR05564,2024-04-18,P051,200,34.36,0,None
PR05565,2024-09-13,P071,347,122.5,0,None
PR05566,2024-08-13,P033,243,118.27,0,None
PR05567,2023-09-24,P017,325,100.93,0,None
PR05568,2023-08-15,P084,463,68.62,0,None
PR05569,2024-11-24,P069,65,25.53,0,None
PR05570,2023-11-22,P014,79,11.47,0,None
PR05571,2023-07-04,P049,208,103.12,0,None
PR05572,2023-11-10,P058,114,35.81,0,None
PR05573,2024-01-25,P082,410,167.26,0,None
PR05574,2024-03-17,P075,244,99.86,0,None
PR05575,2024-04-11,P005,492,226.04,0,None
PR05576,2023-07-28,P081,59,19.26,0,None
PR05577,2024-12-20,P035,145,17.6,11,Production Error
PR05578,2023-06-05,P085,494,135.09,0,None
PR05579,2023-04-05,P002,94,32.87,0,None
PR05580,2024-10-01,P092,309,146.36,0,None
PR05581,2024-05-21,P097,140,28.84,0,None
PR05582,2023-03-03,P076,190,53.86,0,None
PR05583,2023-06-10,P011,365,165.68,0,None
PR05584,2023-08-12,P089,454,106.3,37,Spoilage
PR05585,2024-03-27,P085,123,35.81,0,None
PR05586,2023-08-03,P097,107,51.57,0,None
PR05587,2024-09-04,P057,370,174.61,0,None
PR05588,2024-12-04,P068,321,142.68,0,None
PR05589,2024-07-14,P034,442,218.81,0,None
PR05590,2024-06-03,P003,115,35.76,0,None
PR05591,2024-05-18,P068,53,16.85,0,None
PR05592,2023-10-19,P076,135,63.5,9,Production Error
PR05593,2023-08-21,P010,261,41.41,0,None
PR05594,2024-08-29,P059,225,65.53,0,None
PR05595,2023-12-19,P067,113,41.6,0,None
PR05596,2024-11-22,P077,303,70.23,0,None
PR05597,2024-02-13,P083,137,57.43,0,None
PR05598,2023-12-27,P098,454,201.21,0,None
PR05599,2023-08-22,P026,219,82.91,0,None
PR05600,2024-11-13,P015,296,31.7,0,None
PR05601,2023-11-22,P015,405,154.63,0,None
PR05602,2023-12-18,P075,315,57.33,0,None
PR05603,2024-11-08,P047,467,66.57,0,None
PR05604,2024-04-29,P001,141,27.39,7,Production Error
PR05605,2024-03-23,P007,353,165.06,0,None
PR05606,2023-07-23,P030,244,63.69,0,None
PR05607,2023-04-20,P046,449,177.02,14,Overproduction
PR05608,2023-06-20,P057,104,31.96,0,None
PR05609,2024-10-18,P098,68,21.39,0,None
PR05610,2023-10-13,P002,466,151.86,0,None
PR05611,2024-05-06,P075,332,149.45,14,Overproduction
PR05612,2024-06-06,P091,491,69.85,0,None
PR05613,2024-06-21,P061,451,171.01,0,None
PR05614,2023-08-23,P047,330,37.55,0,None
PR05615,2024-04-20,P022,429,111.7,0,None
PR05616,2024-04-07,P044,155,50.35,0,None
PR05617,2023-11-04,P066,282,71.18,4,Production Error
PR05618,2024-03-07,P064,52,24.43,1,Spoilage
PR05619,2023-07-10,P099,217,84.76,16,Spoilage
PR05620,2023-05-18,P016,403,200.19,0,None
PR05621,2023-10-11,P078,318,58.57,0,None
PR05622,2023-03-19,P098,282,108.37,0,None
PR05623,2024-08-09,P013,188,67.36,0,None
PR05624,2024-03-24,P098,76,19.2,0,None
PR05625,2024-04-07,P034,158,68.86,0,None
PR05626,2023-05-17,P037,167,70.89,0,None
PR05627,2023-10-08,P058,229,28.31,0,None
PR05628,2024-06-16,P039,108,34.27,0,None
PR05629,2023-11-11,P074,344,148.42,0,None
PR05630,2024-05-31,P086,122,54.4,0,None
PR05631,2023-03-30,P074,212,76.83,0,None
PR05632,2024-05-27,P065,462,72.75,0,None
PR05633,2024-11-20,P024,396,59.99,0,None
PR05634,2023-09-04,P086,126,26.75,0,None
PR05635,2023-04-09,P089,326,142.5,0,None
PR05636,2023-12-10,P025,170,50.78,0,None
PR05637,2024-12-16,P068,372,74.11,0,None
PR05638,2024-09-23,P029,410,195.15,0,None
PR05639,2024-05-25,P059,159,17.42,0,None
PR05640,2023-02-11,P031,308,115.87,0,None
PR05641,2023-11-19,P086,320,70.39,0,None
PR05642,2023-03-30,P069,450,114.59,0,None
PR05643,2024-06-03,P038,107,17.5,0,None
PR05644,2024-08-02,P063,437,58.26,0,None
PR05645,2024-07-03,P033,188,70.55,0,None
PR05646,2023-05-13,P014,248,65.33,0,None
PR05647,2024-07-30,P083,61,28.71,0,None
PR05648,2023-06-28,P020,174,43.75,0,None
PR05649,2024-02-16,P078,307,89.14,0,None
PR05650,2023-08-29,P077,471,127.37,0,None
PR05651,2023-06-23,P061,368,82.2,0,None
PR05652,2024-11-21,P057,171,62.93,0,None
PR05653,2024-03-29,P026,407,63.79,0,None
PR05654,2023-10-06,P014,322,145.46,0,None
PR05655,2024-07-25,P088,438,110.46,0,None
PR05656,2024-10-29,P043,284,99.69,0,None
PR05657,2024-01-23,P015,278,90.2,0,None
PR05658,2024-04-19,P034,415,200.73,0,None
PR05659,2023-02-15,P047,407,93.54,0,None
PR05660,2023-07-08,P043,271,50.13,0,None
PR05661,2024-09-20,P016,233,85.92,0,None
PR05662,2023-11-29,P032,491,125.15,40,Spoilage
PR05663,2024-08-25,P003,121,21.71,0,None
PR05664,2024-10-06,P002,441,96.87,0,None
PR05665,2023-05-10,P083,177,57.02,0,None
PR05666,2023-07-24,P041,393,70.82,0,None
PR05667,2024-03-09,P003,120,59.66,0,None
PR05668,2024-09-29,P071,135,52.18,0,None
PR05669,2024-08-28,P081,124,39.53,0,None
PR05670,2024-09-01,P060,284,28.62,0,None
PR05671,2023-03-22,P030,298,40.32,0,None
PR05672,2023-07-28,P042,224,32.15,0,None
PR05673,2023-10-28,P006,414,205.22,0,None
PR05674,2024-06-27,P025,379,156.99,0,None
PR05675,2023-01-20,P002,237,62.9,0,None
PR05676,2023-03-05,P068,152,44.88,9,Spoilage
PR05677,2023-06-15,P022,327,99.96,0,None
PR05678,2024-02-03,P030,97,26.99,0,None
PR05679,2023-05-28,P013,186,34.24,0,None
PR05680,2024-06-20,P071,471,111.7,0,None
PR05681,2023-04-02,P016,262,54.72,0,None
PR05682,2023-06-16,P097,315,49.68,0,None
PR05683,2023-02-05,P054,417,115.62,0,None
PR05684,2023-12-12,P099,59,7.67,0,None
PR05685,2023-10-04,P088,51,12.6,0,None
PR05686,2023-02-14,P081,193,41.74,0,None
PR05687,2024-04-01,P022,179,43.65,0,None
PR05688,2024-02-17,P087,314,69.95,0,None
PR05689,2024-12-19,P078,289,66.22,0,None
PR05690,2023-05-05,P059,185,74.02,0,None
PR05691,2024-03-19,P037,163,23.11,0,None
PR05692,2023-07-22,P057,236,58.7,1,Spoilage
PR05693,2024-04-05,P022,246,116.22,0,None
PR05694,2024-03-07,P063,112,20.18,0,None
PR05695,2023-05-01,P052,407,44.45,0,None
PR05696,2023-02-12,P049,104,21.51,0,None
PR05697,2024-06-17,P099,218,22.31,0,None
PR05698,2023-03-31,P093,302,67.33,0,None
PR05699,2024-01-18,P051,95,16.39,0,None
PR05700,2023-05-09,P062,208,31.88,0,None
PR05701,2023-10-09,P039,140,44.14,0,None
PR05702,2024-07-11,P015,363,122.47,0,None
PR05703,2024-01-02,P040,335,165.52,0,None
PR05704,2023-04-21,P015,152,44.54,0,None
PR05705,2024-09-03,P066,162,27.22,0,None
PR05706,2024-06-04,P062,200,92.17,0,None
PR05707,2023-04-12,P028,168,78.93,0,None
PR05708,2023-05-23,P069,239,32.51,0,None
PR05709,2024-10-06,P085,123,24.52,0,None
PR05710,2024-06-08,P096,94,32.95,0,None
PR05711,2023-12-13,P059,464,174.88,0,None
PR05712,2024-11-20,P065,245,81.32,0,None
PR05713,2024-01-31,P008,98,19.38,0,None
PR05714,2024-11-21,P040,474,216.1,0,None
PR05715,2023-03-06,P091,362,145.21,0,None
PR05716,2024-09-04,P001,156,30.11,0,None
PR05717,2023-12-18,P014,232,54.06,0,None
PR05718,2024-09-11,P047,199,88.43,0,None
PR05719,2023-02-09,P030,486,234.32,0,None
PR05720,2023-04-02,P051,166,19.5,0,None
PR05721,2024-02-15,P015,370,106.14,0,None
PR05722,2024-05-14,P096,159,41.16,0,None
PR05723,2024-01-19,P037,335,108.61,0,None
PR05724,2024-10-24,P035,122,34.62,1,Production Error
PR05725,2024-11-26,P075,327,132.66,18,Overproduction
PR05726,2023-05-05,P052,224,25.76,0,None
PR05727,2024-11-25,P012,404,133.86,0,None
PR05728,2023-02-15,P081,491,141.41,0,None
PR05729,2023-01-27,P030,119,22.25,0,None
PR05730,2023-12-20,P069,320,42.17,0,None
PR05731,2023-01-19,P027,171,82.1,0,None
PR05732,2023-03-15,P022,186,84.11,13,Spoilage
PR05733,2023-11-17,P013,281,65.17,0,None
PR05734,2024-05-20,P005,420,104.72,10,Spoilage
PR05735,2024-02-09,P028,75,7.83,0,None
PR05736,2024-12-26,P081,295,83.22,0,None
PR05737,2024-07-19,P006,301,37.08,0,None
PR05738,2024-08-28,P049,294,73.2,0,None
PR05739,2024-03-07,P100,208,42.57,0,None
PR05740,2024-11-21,P056,95,32.3,0,None
PR05741,2024-07-29,P002,125,40.62,5,Overproduction
PR05742,2024-07-11,P084,445,87.37,0,None
PR05743,2024-04-29,P081,488,197.22,0,None
PR05744,2024-08-18,P035,488,175.11,0,None
PR05745,2023-03-30,P064,76,25.54,0,None
PR05746,2023-08-15,P031,156,61.97,0,None
PR05747,2023-02-17,P040,450,198.14,0,None
PR05748,2024-03-26,P087,176,50.13,0,None
PR05749,2024-05-23,P089,173,18.14,0,None
PR05750,2023-11-28,P035,358,55.89,0,None
PR05751,2024-09-24,P005,405,126.09,30,Overproduction
PR05752,2024-12-04,P033,146,22.16,0,None
PR05753,2024-01-04,P050,432,163.68,0,None
PR05754,2024-11-05,P051,171,28.19,13,Defective Material
PR05755,2024-10-30,P069,232,105.26,0,None
PR05756,2024-04-23,P012,357,125.77,0,None
PR05757,2024-04-17,P077,128,23.85,0,None
PR05758,2023-11-29,P036,494,205.4,0,None
PR05759,2023-10-21,P001,262,44.82,0,None
PR05760,2023-08-22,P014,333,110.12,0,None
PR05761,2024-10-22,P061,388,69.48,0,None
PR05762,2023-03-01,P044,228,87.96,18,Overproduction
PR05763,2023-02-20,P093,412,135.12,0,None
PR05764,2024-01-30,P020,198,28.24,0,None
PR05765,2023-10-20,P100,455,191.73,0,None
PR05766,2023-01-22,P013,358,159.72,2,Spoilage
PR05767,2024-03-21,P033,268,107.59,0,None
PR05768,2023-11-25,P087,159,32.31,0,None
PR05769,2023-10-24,P090,318,126.77,0,None
PR05770,2023-04-11,P076,167,57.36,0,None
PR05771,2023-10-01,P015,171,41.24,0,None
PR05772,2024-12-11,P014,140,62.35,0,None
PR05773,2023-09-13,P053,475,71.32,38,Defective Material
PR05774,2023-11-01,P007,306,53.32,0,None
PR05775,2024-01-26,P093,423,134.56,0,None
PR05776,2024-10-02,P064,270,112.37,0,None
PR05777,2023-07-22,P038,390,131.39,0,None
PR05778,2023-02-02,P083,167,16.81,12,Production Error
PR05779,2024-10-07,P015,191,49.41,0,None
PR05780,2024-11-13,P094,147,52.58,0,None
PR05781,2023-07-30,P065,264,126.34,0,None
PR05782,2023-03-09,P024,272,104.93,0,None
PR05783,2024-01-27,P088,87,16.28,0,None
PR05784,2023-02-21,P086,301,53.57,0,None
PR05785,2023-01-22,P002,367,80.16,0,None
PR05786,2024-01-29,P042,225,109.1,10,Defective Material
PR05787,2024-02-18,P065,400,158.63,0,None
PR05788,2023-08-20,P064,130,63.41,0,None
PR05789,2024-06-29,P045,497,164.46,0,None
PR05790,2023-02-14,P077,260,91.73,0,None
PR05791,2023-05-23,P004,225,26.32,0,None
PR05792,2023-04-20,P017,166,24.92,0,None
PR05793,2024-12-02,P029,209,95.31,0,None
PR05794,2023-11-22,P046,259,26.65,0,None
PR05795,2024-09-03,P060,88,27.02,0,None
PR05796,2024-03-15,P050,129,29.65,0,None
PR05797,2023-07-24,P084,147,46.44,0,None
PR05798,2024-11-21,P063,300,125.76,0,None
PR05799,2023-09-21,P001,79,39.34,0,None
PR05800,2023-12-23,P067,162,65.76,0,None
PR05801,2024-04-17,P018,167,29.72,0,None
PR05802,2023-02-17,P036,154,63.23,9,Overproduction
PR05803,2023-12-24,P001,387,143.23,0,None
PR05804,2023-12-28,P028,388,43.51,0,None
PR05805,2023-07-28,P009,201,67.04,0,None
PR05806,2023-04-13,P094,333,37.89,0,None
PR05807,2024-04-17,P067,240,34.86,0,None
PR05808,2024-08-23,P007,420,116.14,0,None
PR05809,2023-06-12,P005,382,88.54,37,Overproduction
PR05810,2023-01-04,P096,344,109.48,0,None
PR05811,2024-03-29,P067,417,143.3,35,Overproduction
PR05812,2023-06-18,P004,212,100.51,12,Defective Material
PR05813,2023-03-14,P006,265,107.06,0,None
PR05814,2024-06-22,P035,127,45.26,0,None
PR05815,2024-09-12,P020,257,75.72,17,Production Error
PR05816,2024-11-25,P042,178,72.77,0,None
PR05817,2023-06-26,P009,474,126.38,45,Spoilage
PR05818,2024-10-29,P065,416,196.75,0,None
PR05819,2023-09-28,P099,445,55.61,17,Defective Material
PR05820,2023-03-23,P055,196,56.16,0,None
PR05821,2024-01-28,P047,244,45.08,0,None
PR05822,2024-03-24,P008,399,147.54,0,None
PR05823,2024-08-30,P090,172,61.95,0,None
PR05824,2023-12-19,P070,142,36.93,7,Spoilage
PR05825,2024-11-18,P080,246,44.92,0,None
PR05826,2023-04-21,P086,453,109.93,0,None
PR05827,2023-09-12,P098,436,164.79,0,None
PR05828,2024-07-31,P073,95,27.0,0,None
PR05829,2024-06-02,P021,89,13.43,6,Overproduction
PR05830,2024-06-10,P094,131,38.16,0,None
PR05831,2024-09-10,P094,332,136.05,0,None
PR05832,2024-04-30,P019,311,53.35,0,None
PR05833,2024-07-07,P052,403,90.18,0,None
PR05834,2024-09-02,P013,283,129.96,0,None
PR05835,2024-08-06,P093,466,165.87,0,None
PR05836,2023-01-21,P100,345,36.95,0,None
PR05837,2023-09-04,P033,489,159.41,0,None
PR05838,2024-11-20,P083,281,104.16,0,None
PR05839,2024-07-26,P081,474,224.49,0,None
PR05840,2024-05-12,P083,465,204.04,0,None
PR05841,2023-07-05,P020,74,28.5,0,None
PR05842,2024-12-30,P073,467,100.07,0,None
PR05843,2023-11-11,P046,359,155.31,0,None
PR05844,2024-05-04,P022,418,63.47,14,Spoilage
PR05845,2024-07-15,P081,326,43.51,0,None
PR05846,2023-09-25,P084,344,114.7,0,None
PR05847,2023-05-27,P061,351,116.16,0,None
PR05848,2023-05-21,P099,171,68.51,16,Spoilage
PR05849,2024-07-02,P052,450,58.14,0,None
PR05850,2023-09-15,P003,143,20.65,7,Production Error
PR05851,2024-09-13,P088,267,99.23,0,None
PR05852,2024-06-16,P065,72,33.21,0,None
PR05853,2023-07-23,P096,388,136.05,9,Production Error
PR05854,2024-03-19,P038,177,28.97,0,None
PR05855,2024-03-05,P087,222,78.36,0,None
PR05856,2023-03-07,P068,453,139.04,0,None
PR05857,2023-11-11,P057,137,60.35,0,None
PR05858,2023-12-26,P056,422,56.8,0,None
PR05859,2024-05-25,P045,328,75.03,0,None
PR05860,2023-10-26,P001,147,50.72,0,None
PR05861,2023-10-24,P009,471,128.33,0,None
PR05862,2024-11-15,P039,296,101.14,3,Overproduction
PR05863,2024-02-12,P052,80,33.65,0,None
PR05864,2023-01-13,P082,273,81.24,0,None
PR05865,2024-12-07,P061,360,96.95,0,None
PR05866,2024-03-29,P007,206,90.41,11,Defective Material
PR05867,2024-06-14,P012,491,155.9,0,None
PR05868,2023-10-13,P032,389,85.89,0,None
PR05869,2024-04-08,P093,209,33.93,0,None
PR05870,2023-12-24,P004,184,41.63,0,None
PR05871,2023-06-06,P025,370,53.65,0,None
PR05872,2024-11-10,P032,455,144.38,0,None
PR05873,2024-04-05,P037,126,17.4,0,None
PR05874,2024-08-28,P021,113,32.52,0,None
PR05875,2024-11-09,P084,226,84.28,0,None
PR05876,2024-01-12,P061,184,53.81,0,None
PR05877,2024-08-21,P094,390,100.91,0,None
PR05878,2024-03-01,P046,59,24.21,0,None
PR05879,2023-08-14,P090,413,186.51,0,None
PR05880,2024-04-13,P076,158,28.48,0,None
PR05881,2024-03-11,P065,474,158.22,0,None
PR05882,2024-03-04,P049,469,175.02,0,None
PR05883,2023-08-15,P065,60,24.41,0,None
PR05884,2024-08-10,P039,243,101.08,0,None
PR05885,2023-11-13,P014,171,66.61,0,None
PR05886,2023-10-25,P073,445,101.26,0,None
PR05887,2024-01-19,P043,80,12.49,0,None
PR05888,2024-11-22,P021,396,102.06,0,None
PR05889,2024-06-07,P024,64,7.03,2,Production Error
PR05890,2023-07-01,P033,213,45.9,17,Overproduction
PR05891,2023-02-02,P011,373,98.71,0,None
PR05892,2023-10-01,P087,148,58.2,0,None
PR05893,2024-05-05,P020,195,31.3,0,None
PR05894,2024-10-21,P017,477,111.19,0,None
PR05895,2024-08-22,P017,206,32.82,0,None
PR05896,2024-09-22,P055,458,148.69,0,None
PR05897,2023-12-12,P008,211,94.9,0,None
PR05898,2024-10-05,P060,70,14.74,0,None
PR05899,2023-10-18,P093,98,42.01,0,None
PR05900,2023-10-24,P097,83,24.22,0,None
PR05901,2024-10-18,P073,309,142.87,0,None
PR05902,2024-07-28,P041,464,212.08,0,None
PR05903,2024-01-09,P009,388,133.34,0,None
PR05904,2023-07-13,P050,173,64.07,0,None
PR05905,2024-12-01,P070,466,175.46,0,None
PR05906,2023-07-28,P053,163,39.3,0,None
PR05907,2023-06-19,P097,300,83.24,0,None
PR05908,2024-01-28,P002,143,58.73,0,None
PR05909,2023-04-21,P089,323,55.6,0,None
PR05910,2024-08-11,P053,417,124.32,0,None
PR05911,2024-09-04,P023,359,159.19,13,Spoilage
PR05912,2024-05-12,P044,198,56.06,10,Overproduction
PR05913,2023-06-28,P088,302,122.72,3,Spoilage
PR05914,2024-12-20,P085,221,87.89,0,None
PR05915,2024-06-20,P005,425,55.72,0,None
PR05916,2023-11-12,P060,196,49.57,0,None
PR05917,2024-03-31,P046,83,32.12,1,Overproduction
PR05918,2023-09-22,P083,172,65.13,0,None
PR05919,2024-08-11,P080,430,127.62,0,None
PR05920,2023-03-14,P059,472,235.31,0,None
PR05921,2024-08-29,P095,348,111.66,0,None
PR05922,2023-02-09,P033,114,28.85,0,None
PR05923,2024-10-20,P069,401,131.34,0,None
PR05924,2024-06-02,P084,184,71.99,0,None
PR05925,2023-08-03,P058,122,37.7,0,None
PR05926,2024-07-24,P099,305,102.68,0,None
PR05927,2024-01-15,P048,454,195.85,4,Defective Material
PR05928,2023-11-23,P014,107,37.55,0,None
PR05929,2024-07-22,P002,293,34.92,0,None
PR05930,2024-05-18,P035,126,57.03,0,None
PR05931,2024-03-28,P045,264,29.17,0,None
PR05932,2023-09-19,P018,340,108.2,0,None
PR05933,2024-07-28,P030,457,139.23,0,None
PR05934,2024-11-30,P088,328,141.12,0,None
PR05935,2024-09-19,P011,432,80.64,0,None
PR05936,2023-02-25,P070,470,206.58,0,None
PR05937,2024-09-30,P004,413,115.79,0,None
PR05938,2024-04-17,P092,470,115.52,0,None
PR05939,2023-01-29,P043,234,52.69,0,None
PR05940,2024-06-25,P050,285,135.31,0,None
PR05941,2023-11-09,P092,77,28.62,0,None
PR05942,2024-04-13,P069,441,132.41,0,None
PR05943,2023-11-28,P060,83,16.29,5,Spoilage
PR05944,2024-08-19,P094,82,37.32,0,None
PR05945,2024-01-20,P017,315,58.19,30,Production Error
PR05946,2023-01-21,P040,184,32.89,0,None
PR05947,2024-07-10,P073,323,62.45,0,None
PR05948,2023-02-23,P074,473,82.31,0,None
PR05949,2024-01-11,P016,447,105.77,0,None
PR05950,2023-03-12,P022,127,42.7,0,None
PR05951,2023-12-11,P083,336,51.84,28,Spoilage
PR05952,2023-11-15,P093,88,41.69,0,None
PR05953,2024-09-29,P092,66,22.31,0,None
PR05954,2024-02-21,P025,188,88.7,0,None
PR05955,2023-12-30,P077,242,56.49,0,None
PR05956,2024-02-22,P091,369,71.43,0,None
PR05957,2023-02-12,P002,84,29.51,0,None
PR05958,2023-03-11,P096,175,49.59,0,None
PR05959,2024-09-21,P059,364,43.5,0,None
PR05960,2024-01-16,P014,491,206.57,0,None
PR05961,2023-04-16,P080,437,117.65,0,None
PR05962,2023-04-26,P073,464,109.3,0,None
PR05963,2023-09-13,P091,142,68.03,0,None
PR05964,2023-09-10,P065,187,51.93,3,Spoilage
PR05965,2024-04-05,P030,276,29.95,0,None
PR05966,2024-09-30,P098,196,71.72,0,None
PR05967,2024-01-17,P007,91,41.42,0,None
PR05968,2023-09-21,P057,437,152.47,0,None
PR05969,2023-06-30,P059,242,41.95,17,Spoilage
PR05970,2023-10-22,P034,292,125.54,0,None
PR05971,2023-06-09,P024,157,69.16,0,None
PR05972,2024-06-20,P025,483,79.88,0,None
PR05973,2023-05-01,P089,142,43.21,0,None
PR05974,2023-05-01,P087,176,58.66,0,None
PR05975,2023-01-17,P028,322,95.03,0,None
PR05976,2023-07-17,P042,140,51.08,0,None
PR05977,2023-08-07,P095,85,14.85,0,None
PR05978,2024-01-15,P025,192,69.2,16,Defective Material
PR05979,2023-07-10,P029,110,29.56,0,None
PR05980,2024-10-08,P092,444,221.26,0,None
PR05981,2024-03-15,P071,95,17.1,0,None
PR05982,2024-01-13,P041,296,45.16,18,Spoilage
PR05983,2024-09-11,P015,400,100.59,0,None
PR05984,2024-11-20,P088,487,53.7,0,None
PR05985,2023-03-19,P022,129,51.07,0,None
PR05986,2023-11-18,P082,421,105.92,0,None
PR05987,2023-08-26,P087,181,70.67,6,Overproduction
PR05988,2023-01-31,P032,319,116.58,0,None
PR05989,2024-08-16,P066,118,31.28,0,None
PR05990,2024-01-30,P042,284,54.92,0,None
PR05991,2023-10-27,P058,475,118.3,0,None
PR05992,2024-03-08,P015,58,22.0,0,None
PR05993,2023-04-26,P033,66,19.89,0,None
PR05994,2023-10-26,P006,82,12.31,0,None
PR05995,2023-09-15,P044,158,63.8,0,None
PR05996,2024-09-06,P091,154,24.23,0,None
PR05997,2023-12-24,P020,214,48.98,0,None
PR05998,2023-08-11,P059,308,133.25,0,None
PR05999,2024-01-27,P031,224,111.71,0,None
PR06000,2024-12-21,P092,145,36.05,0,None
PR06001,2024-06-03,P071,230,88.42,0,None
PR06002,2024-09-12,P081,198,31.91,0,None
PR06003,2023-09-25,P054,425,59.8,15,Overproduction
PR06004,2024-01-16,P007,80,38.63,0,None
PR06005,2024-12-27,P008,414,76.78,0,None
PR06006,2024-08-28,P081,80,39.9,5,Overproduction
PR06007,2023-01-07,P017,472,205.79,0,None
PR06008,2024-04-03,P100,334,125.96,0,None
PR06009,2024-02-09,P069,480,238.83,0,None
PR06010,2023-05-17,P025,464,211.25,0,None
PR06011,2023-01-10,P016,469,74.57,0,None
PR06012,2023-02-19,P060,477,139.51,0,None
PR06013,2024-11-14,P044,395,139.98,0,None
PR06014,2024-05-11,P076,409,60.23,32,Spoilage
PR06015,2024-04-27,P094,249,99.52,14,Production Error
PR06016,2023-07-21,P027,146,62.28,0,None
PR06017,2023-02-23,P078,295,110.02,0,None
PR06018,2024-07-16,P010,279,77.61,0,None
PR06019,2023-01-08,P077,441,197.0,0,None
PR06020,2024-10-07,P014,328,157.03,0,None
PR06021,2023-10-02,P089,394,97.51,0,None
PR06022,2023-09-18,P095,230,68.86,0,None
PR06023,2024-11-02,P019,109,47.85,0,None
PR06024,2024-12-30,P007,379,114.59,0,None
PR06025,2023-10-18,P064,184,33.91,0,None
PR06026,2024-09-18,P011,182,26.46,0,None
PR06027,2023-03-20,P002,102,22.51,0,None
PR06028,2023-02-19,P039,480,80.0,0,None
PR06029,2023-07-10,P072,275,77.81,0,None
PR06030,2023-02-19,P027,418,76.11,0,None
PR06031,2023-12-27,P041,88,32.09,0,None
PR06032,2023-04-05,P096,210,64.63,0,None
PR06033,2023-01-30,P070,457,141.67,0,None
PR06034,2024-05-22,P059,422,127.18,0,None
PR06035,2023-04-21,P027,334,98.1,0,None
PR06036,2024-05-17,P020,88,31.17,0,None
PR06037,2023-12-04,P005,315,31.86,0,None
PR06038,2024-01-16,P020,243,50.15,0,None
PR06039,2023-01-22,P019,165,59.21,0,None
PR06040,2024-10-12,P095,254,61.97,5,Spoilage
PR06041,2024-09-24,P089,90,31.33,0,None
PR06042,2024-05-12,P100,338,46.29,0,None
PR06043,2023-09-05,P090,70,33.65,0,None
PR06044,2023-03-24,P055,383,90.46,0,None
PR06045,2023-10-06,P035,114,21.3,9,Production Error
PR06046,2024-12-03,P035,256,115.82,0,None
PR06047,2024-07-21,P067,290,92.28,0,None
PR06048,2024-03-07,P010,437,192.09,0,None
PR06049,2024-08-15,P075,118,17.67,5,Defective Material
PR06050,2023-09-15,P017,297,126.99,8,Defective Material
PR06051,2024-11-12,P060,390,167.79,0,None
PR06052,2024-11-29,P058,495,148.76,32,Production Error
PR06053,2024-07-02,P025,244,50.11,0,None
PR06054,2023-10-11,P044,238,78.14,0,None
PR06055,2023-04-21,P057,289,116.21,0,None
PR06056,2024-11-16,P013,351,125.1,0,None
PR06057,2024-10-12,P087,347,172.39,0,None
PR06058,2023-08-19,P038,72,26.08,0,None
PR06059,2023-11-27,P098,206,60.53,0,None
PR06060,2024-06-22,P088,431,102.32,24,Spoilage
PR06061,2024-02-05,P031,411,162.99,0,None
PR06062,2024-05-14,P044,328,136.25,0,None
PR06063,2024-10-26,P049,167,74.32,0,None
PR06064,2023-02-15,P027,205,46.28,0,None
PR06065,2024-07-19,P034,227,53.52,0,None
PR06066,2024-08-10,P010,300,85.18,0,None
PR06067,2024-11-05,P070,402,140.52,0,None
PR06068,2023-12-29,P065,287,72.67,0,None
PR06069,2023-02-19,P093,246,111.69,0,None
PR06070,2023-05-10,P012,420,159.8,0,None
PR06071,2023-08-24,P010,195,43.21,0,None
PR06072,2023-07-17,P049,154,31.58,0,None
PR06073,2023-11-09,P063,188,79.18,0,None
PR06074,2023-04-05,P005,317,152.31,0,None
PR06075,2023-02-18,P074,205,25.08,0,None
PR06076,2023-07-18,P077,242,35.95,0,None
PR06077,2023-07-08,P062,487,200.82,0,None
PR06078,2024-06-13,P023,376,95.63,0,None
PR06079,2024-09-23,P014,357,71.2,26,Spoilage
PR06080,2024-12-06,P031,115,42.67,0,None
PR06081,2023-04-28,P049,220,103.95,0,None
PR06082,2023-12-09,P014,115,17.52,0,None
PR06083,2024-10-30,P079,246,111.12,0,None
PR06084,2024-10-01,P070,161,67.9,0,None
PR06085,2024-03-06,P099,399,63.68,0,None
PR06086,2024-10-10,P029,118,31.88,9,Overproduction
PR06087,2023-09-24,P044,232,97.95,0,None
PR06088,2024-03-10,P050,231,70.82,0,None
PR06089,2023-11-17,P094,281,130.01,0,None
PR06090,2023-03-27,P031,236,45.67,0,None
PR06091,2024-04-12,P072,161,24.43,0,None
PR06092,2023-01-17,P021,267,113.11,0,None
PR06093,2024-08-18,P015,362,179.56,0,None
PR06094,2024-09-07,P030,302,85.5,0,None
PR06095,2023-08-26,P052,173,77.52,0,None
PR06096,2024-02-29,P050,203,28.86,0,None
PR06097,2023-04-14,P011,390,127.68,3,Defective Material
PR06098,2023-07-14,P031,478,215.38,0,None
PR06099,2023-03-28,P002,196,48.77,0,None
PR06100,2023-03-31,P011,236,48.16,0,None
PR06101,2024-06-04,P042,159,67.6,0,None
PR06102,2024-02-18,P020,305,133.73,0,None
PR06103,2023-06-01,P056,234,65.84,0,None
PR06104,2024-11-24,P067,67,25.08,0,None
PR06105,2023-01-05,P088,491,89.51,0,None
PR06106,2024-11-25,P033,370,119.18,0,None
PR06107,2024-10-20,P056,230,63.38,0,None
PR06108,2023-05-12,P049,87,40.14,0,None
PR06109,2024-06-18,P064,331,90.9,0,None
PR06110,2024-05-06,P045,244,97.16,0,None
PR06111,2024-10-24,P063,129,28.35,0,None
PR06112,2024-10-10,P069,82,9.57,0,None
PR06113,2024-12-09,P052,82,23.49,0,None
PR06114,2024-10-04,P011,155,45.27,0,None
PR06115,2024-10-23,P072,331,36.43,0,None
PR06116,2023-10-23,P068,165,30.32,0,None
PR06117,2023-07-11,P051,425,182.46,1,Defective Material
PR06118,2023-04-18,P015,177,47.26,0,None
PR06119,2024-11-16,P035,274,47.31,0,None
PR06120,2023-03-11,P097,248,123.27,0,None
PR06121,2023-01-31,P095,308,136.29,0,None
PR06122,2024-09-18,P071,334,39.69,0,None
PR06123,2024-07-29,P095,429,137.86,0,None
PR06124,2023-04-21,P083,250,93.93,0,None
PR06125,2023-07-28,P042,85,29.71,6,Production Error
PR06126,2024-06-29,P034,357,53.85,0,None
PR06127,2023-10-11,P045,328,150.13,0,None
PR06128,2024-07-25,P021,427,158.95,0,None
PR06129,2023-03-02,P045,416,93.37,0,None
PR06130,2023-08-19,P058,485,192.13,0,None
PR06131,2024-02-25,P024,227,37.18,3,Spoilage
PR06132,2024-04-26,P072,223,81.28,0,None
PR06133,2023-09-02,P067,395,153.73,0,None
PR06134,2023-09-20,P003,288,137.41,7,Overproduction
PR06135,2023-07-04,P009,283,39.18,0,None
PR06136,2023-11-14,P086,268,56.69,0,None
PR06137,2024-03-28,P059,215,41.5,2,Spoilage
PR06138,2024-09-05,P095,422,98.51,0,None
PR06139,2023-02-09,P079,228,56.94,0,None
PR06140,2024-02-28,P014,331,99.69,0,None
PR06141,2024-02-08,P089,424,164.73,0,None
PR06142,2024-01-20,P092,477,222.55,0,None
PR06143,2024-09-22,P017,350,134.42,0,None
PR06144,2024-04-27,P043,212,33.85,0,None
PR06145,2024-06-16,P048,468,67.57,37,Production Error
PR06146,2024-03-01,P029,268,42.91,0,None
PR06147,2023-11-15,P056,182,72.97,0,None
PR06148,2024-08-18,P043,226,91.75,0,None
PR06149,2024-06-24,P002,84,19.92,0,None
PR06150,2024-02-01,P019,126,20.41,0,None
PR06151,2024-01-11,P009,465,73.11,0,None
PR06152,2023-06-30,P057,348,90.68,0,None
PR06153,2023-02-09,P008,203,99.29,0,None
PR06154,2023-02-07,P089,51,21.02,0,None
PR06155,2024-03-10,P017,165,38.84,11,Production Error
PR06156,2023-03-15,P093,218,81.66,0,None
PR06157,2023-09-18,P042,317,80.63,0,None
PR06158,2023-11-28,P019,124,51.17,0,None
PR06159,2023-01-21,P020,420,93.62,0,None
PR06160,2023-02-22,P099,425,59.92,0,None
PR06161,2024-01-26,P089,423,78.37,0,None
PR06162,2024-11-01,P075,224,101.77,0,None
PR06163,2023-10-28,P012,102,42.64,0,None
PR06164,2024-07-11,P046,191,29.22,0,None
PR06165,2023-10-18,P002,282,140.61,0,None
PR06166,2023-02-18,P092,82,36.07,0,None
PR06167,2023-07-04,P038,379,181.57,0,None
PR06168,2024-07-22,P006,134,52.94,0,None
PR06169,2023-12-25,P037,180,85.43,0,None
PR06170,2023-12-21,P030,109,48.37,0,None
PR06171,2024-04-23,P081,304,114.21,0,None
PR06172,2024-10-01,P016,166,50.96,0,None
PR06173,2024-11-14,P020,138,20.76,0,None
PR06174,2024-04-01,P042,379,168.57,0,None
PR06175,2024-09-14,P014,317,154.27,0,None
PR06176,2024-09-15,P060,495,241.36,0,None
PR06177,2023-03-25,P099,105,47.55,8,Spoilage
PR06178,2023-01-07,P091,295,72.9,0,None
PR06179,2023-01-31,P029,271,75.83,0,None
PR06180,2023-07-21,P091,75,19.06,0,None
PR06181,2023-11-04,P024,145,38.46,11,Defective Material
PR06182,2024-05-08,P031,495,152.03,34,Spoilage
PR06183,2023-09-17,P097,458,145.41,0,None
PR06184,2023-01-06,P030,271,39.87,22,Production Error
PR06185,2024-04-07,P083,210,85.13,0,None
PR06186,2024-04-30,P090,131,63.42,7,Overproduction
PR06187,2023-03-22,P073,399,116.99,0,None
PR06188,2024-06-12,P021,99,24.82,0,None
PR06189,2023-07-09,P058,286,93.83,0,None
PR06190,2024-04-02,P095,350,141.36,0,None
PR06191,2024-01-18,P075,409,66.29,0,None
PR06192,2023-08-24,P018,187,73.17,0,None
PR06193,2024-05-26,P039,152,59.61,0,None
PR06194,2023-12-07,P053,187,60.88,0,None
PR06195,2024-04-03,P043,428,138.85,0,None
PR06196,2023-02-23,P078,161,67.45,0,None
PR06197,2023-06-07,P081,371,60.68,0,None
PR06198,2024-09-09,P091,395,70.11,0,None
PR06199,2024-06-23,P020,342,112.25,13,Overproduction
PR06200,2024-05-13,P084,113,47.44,0,None
PR06201,2023-03-18,P022,182,31.18,0,None
PR06202,2024-11-04,P041,274,49.41,0,None
PR06203,2024-10-13,P027,422,122.83,0,None
PR06204,2024-12-03,P014,99,37.17,0,None
PR06205,2024-10-18,P057,121,46.74,10,Production Error
PR06206,2023-11-22,P078,256,27.75,0,None
PR06207,2023-01-09,P065,438,46.37,0,None
PR06208,2024-05-28,P064,219,83.44,0,None
PR06209,2024-11-09,P071,137,15.01,0,None
PR06210,2023-05-12,P033,201,58.77,2,Production Error
PR06211,2023-06-27,P028,398,194.09,0,None
PR06212,2024-05-01,P041,460,156.86,0,None
PR06213,2023-03-15,P005,489,214.47,0,None
PR06214,2023-03-05,P073,385,70.29,0,None
PR06215,2024-11-04,P073,190,47.18,2,Production Error
PR06216,2023-10-06,P091,401,185.21,0,None
PR06217,2023-08-13,P024,267,86.14,19,Production Error
PR06218,2023-09-01,P056,65,20.3,0,None
PR06219,2023-04-16,P100,381,159.06,0,None
PR06220,2023-10-18,P058,432,132.54,0,None
PR06221,2023-10-21,P005,239,81.08,0,None
PR06222,2023-11-19,P081,193,34.54,0,None
PR06223,2023-09-11,P001,147,36.08,0,None
PR06224,2023-03-08,P001,244,83.91,0,None
PR06225,2023-09-12,P088,210,29.72,0,None
PR06226,2024-07-09,P035,470,139.95,0,None
PR06227,2023-08-27,P009,128,32.99,0,None
PR06228,2023-10-31,P035,255,49.78,0,None
PR06229,2023-05-03,P072,439,121.54,0,None
PR06230,2024-10-10,P010,443,155.0,14,Spoilage
PR06231,2024-04-11,P051,437,92.29,0,None
PR06232,2024-09-17,P035,86,8.77,0,None
PR06233,2023-06-09,P006,159,20.07,0,None
PR06234,2024-04-26,P015,63,22.43,0,None
PR06235,2024-01-07,P082,275,102.38,0,None
PR06236,2024-10-13,P075,419,50.32,0,None
PR06237,2024-11-18,P059,315,76.22,0,None
PR06238,2024-11-28,P070,446,50.59,13,Spoilage
PR06239,2024-06-14,P026,468,131.31,0,None
PR06240,2024-11-18,P005,296,64.64,0,None
PR06241,2023-11-29,P014,346,54.8,0,None
PR06242,2024-02-29,P042,187,51.46,17,Production Error
PR06243,2023-09-01,P001,193,20.79,0,None
PR06244,2024-12-18,P077,231,40.37,0,None
PR06245,2023-09-02,P012,210,96.36,0,None
PR06246,2024-04-18,P079,326,101.87,0,None
PR06247,2024-09-05,P010,401,118.72,0,None
PR06248,2024-09-02,P018,51,24.66,0,None
PR06249,2023-10-15,P093,331,117.04,0,None
PR06250,2024-12-21,P073,440,115.54,0,None
PR06251,2024-05-17,P062,383,104.03,0,None
PR06252,2024-10-03,P065,434,208.76,0,None
PR06253,2024-03-22,P005,470,117.3,0,None
PR06254,2024-02-07,P043,308,125.74,0,None
PR06255,2023-12-31,P021,279,129.57,0,None
PR06256,2023-04-06,P099,363,137.53,0,None
PR06257,2024-08-31,P004,431,130.89,0,None
PR06258,2024-05-01,P094,240,73.79,0,None
PR06259,2023-12-03,P012,403,101.45,0,None
PR06260,2024-09-14,P066,370,76.91,0,None
PR06261,2024-01-16,P086,307,136.0,0,None
PR06262,2023-02-08,P058,84,25.1,0,None
PR06263,2023-03-26,P028,245,105.19,0,None
PR06264,2024-11-09,P093,379,141.85,0,None
PR06265,2024-05-01,P075,377,185.98,0,None
PR06266,2023-11-22,P052,93,27.63,8,Production Error
PR06267,2023-07-04,P081,321,139.06,0,None
PR06268,2023-01-20,P003,268,65.84,0,None
PR06269,2024-04-16,P005,322,153.57,0,None
PR06270,2023-11-16,P050,470,205.27,0,None
PR06271,2024-03-21,P088,357,37.49,0,None
PR06272,2023-04-09,P036,79,13.91,0,None
PR06273,2023-11-18,P013,102,28.32,0,None
PR06274,2023-07-22,P004,451,131.74,0,None
PR06275,2023-05-29,P062,427,188.47,0,None
PR06276,2024-10-09,P094,147,51.26,0,None
PR06277,2024-01-20,P088,290,49.2,0,None
PR06278,2024-12-10,P067,494,125.34,0,None
PR06279,2023-04-08,P053,387,107.34,0,None
PR06280,2024-01-01,P007,97,31.22,0,None
PR06281,2023-11-17,P003,215,69.52,0,None
PR06282,2024-07-22,P020,368,39.48,0,None
PR06283,2023-08-09,P036,446,102.61,0,None
PR06284,2024-03-12,P026,198,57.54,0,None
PR06285,2023-12-03,P033,482,224.69,0,None
PR06286,2023-07-26,P052,400,187.21,0,None
PR06287,2023-11-05,P046,170,57.78,1,Spoilage
PR06288,2023-10-05,P005,401,145.62,0,None
PR06289,2024-12-02,P024,280,48.86,0,None
PR06290,2024-05-25,P058,93,23.18,0,None
PR06291,2023-08-02,P057,176,32.96,0,None
PR06292,2023-10-09,P044,234,89.77,0,None
PR06293,2024-05-18,P092,382,64.73,0,None
PR06294,2023-04-14,P043,405,162.18,0,None
PR06295,2024-11-22,P008,433,135.63,0,None
PR06296,2023-10-19,P061,292,123.2,11,Overproduction
PR06297,2024-07-18,P012,295,51.9,0,None
PR06298,2023-05-05,P012,370,154.96,0,None
PR06299,2023-03-13,P017,276,32.03,0,None
PR06300,2024-02-18,P068,242,57.55,0,None
PR06301,2023-09-21,P094,214,79.99,0,None
PR06302,2024-12-26,P090,460,105.88,0,None
PR06303,2024-05-11,P072,176,44.64,0,None
PR06304,2024-07-18,P067,194,83.08,0,None
PR06305,2024-08-01,P012,407,96.91,0,None
PR06306,2023-09-10,P005,271,131.43,0,None
PR06307,2024-04-04,P054,249,91.0,0,None
PR06308,2023-02-04,P032,107,43.18,0,None
PR06309,2024-11-03,P059,83,24.31,7,Production Error
PR06310,2023-09-29,P027,492,178.38,0,None
PR06311,2024-10-24,P067,316,58.46,0,None
PR06312,2023-08-30,P073,127,31.2,0,None
PR06313,2024-03-08,P045,109,26.23,0,None
PR06314,2023-01-18,P069,342,83.77,0,None
PR06315,2024-04-07,P082,73,30.91,0,None
PR06316,2023-04-23,P033,427,203.44,15,Spoilage
PR06317,2024-09-02,P046,346,153.03,0,None
PR06318,2023-02-14,P060,315,122.4,0,None
PR06319,2023-07-28,P060,322,92.91,0,None
PR06320,2024-06-11,P066,358,149.99,31,Spoilage
PR06321,2024-03-03,P036,361,83.65,0,None
PR06322,2024-06-15,P081,256,59.11,21,Defective Material
PR06323,2023-03-16,P003,171,60.93,0,None
PR06324,2023-02-21,P077,65,30.4,5,Spoilage
PR06325,2024-05-19,P098,204,50.44,0,None
PR06326,2024-03-27,P054,430,147.11,0,None
PR06327,2024-10-25,P090,411,140.86,0,None
PR06328,2024-06-01,P033,249,69.63,0,None
PR06329,2024-10-13,P053,387,110.1,0,None
PR06330,2024-08-07,P018,308,81.49,0,None
PR06331,2024-01-10,P009,436,185.48,0,None
PR06332,2024-07-19,P004,335,89.99,15,Production Error
PR06333,2023-12-25,P011,108,49.95,0,None
PR06334,2023-09-29,P078,222,77.89,0,None
PR06335,2024-12-21,P049,164,77.16,0,None
PR06336,2023-06-16,P019,309,148.91,0,None
PR06337,2023-05-18,P091,242,67.4,0,None
PR06338,2023-10-12,P058,496,84.82,0,None
PR06339,2024-04-02,P022,60,28.37,0,None
PR06340,2024-01-17,P096,240,72.51,0,None
PR06341,2024-10-27,P029,423,178.93,0,None
PR06342,2023-11-05,P092,212,28.25,0,None
PR06343,2023-04-06,P048,129,24.75,0,None
PR06344,2023-10-19,P087,349,146.6,0,None
PR06345,2024-11-05,P042,182,64.01,0,None
PR06346,2023-03-05,P069,350,126.83,0,None
PR06347,2023-06-14,P051,302,91.86,24,Defective Material
PR06348,2023-08-14,P084,416,206.34,0,None
PR06349,2023-07-10,P012,179,26.94,0,None
PR06350,2023-02-02,P062,402,107.44,0,None
PR06351,2023-09-23,P093,456,46.83,0,None
PR06352,2024-02-06,P016,218,45.85,0,None
PR06353,2023-10-09,P033,230,72.8,0,None
PR06354,2023-10-01,P095,95,30.35,0,None
PR06355,2023-11-14,P035,187,67.32,0,None
PR06356,2024-12-25,P076,406,74.72,0,None
PR06357,2024-07-03,P038,309,124.48,0,None
PR06358,2023-04-24,P017,238,25.43,12,Production Error
PR06359,2024-05-16,P045,215,93.11,0,None
PR06360,2024-08-26,P008,306,41.73,0,None
PR06361,2024-12-26,P041,102,50.59,6,Overproduction
PR06362,2024-08-09,P056,205,65.48,0,None
PR06363,2024-02-01,P065,82,32.03,0,None
PR06364,2023-01-22,P081,384,182.45,0,None
PR06365,2023-01-05,P043,249,41.02,0,None
PR06366,2024-06-20,P035,409,199.86,0,None
PR06367,2023-07-22,P100,421,160.87,0,None
PR06368,2024-03-16,P075,284,46.48,0,None
PR06369,2023-11-11,P018,115,55.9,0,None
PR06370,2024-07-01,P028,353,92.89,0,None
PR06371,2023-07-06,P099,388,174.25,0,None
PR06372,2023-08-26,P073,260,49.26,0,None
PR06373,2024-09-04,P017,447,103.86,0,None
PR06374,2024-03-03,P063,327,121.05,0,None
PR06375,2023-05-04,P085,337,120.23,0,None
PR06376,2023-10-03,P058,221,62.75,0,None
PR06377,2023-11-01,P042,202,67.96,0,None
PR06378,2023-11-29,P009,184,19.47,0,None
PR06379,2024-04-19,P011,122,14.34,4,Overproduction
PR06380,2024-11-16,P009,139,48.29,0,None
PR06381,2024-04-15,P003,287,45.88,0,None
PR06382,2023-08-22,P097,64,21.45,0,None
PR06383,2023-01-03,P077,472,225.59,0,None
PR06384,2024-01-08,P002,265,127.77,0,None
PR06385,2023-09-16,P083,54,19.08,0,None
PR06386,2023-11-04,P050,483,81.46,14,Overproduction
PR06387,2023-09-27,P046,234,34.15,0,None
PR06388,2023-08-17,P063,371,84.55,0,None
PR06389,2024-04-09,P073,197,90.68,0,None
PR06390,2024-03-14,P008,194,62.39,0,None
PR06391,2024-12-01,P007,273,88.13,22,Spoilage
PR06392,2023-11-03,P007,373,180.29,14,Production Error
PR06393,2023-05-05,P084,432,164.12,0,None
PR06394,2023-01-28,P039,175,85.95,0,None
PR06395,2023-12-08,P098,468,74.13,0,None
PR06396,2024-01-07,P029,265,74.33,0,None
PR06397,2024-02-14,P033,96,44.71,0,None
PR06398,2023-07-18,P048,465,181.48,0,None
PR06399,2023-10-04,P003,147,27.95,1,Overproduction
PR06400,2024-08-28,P085,282,136.13,14,Defective Material
PR06401,2024-09-26,P079,447,68.38,0,None
PR06402,2024-10-29,P011,55,21.21,0,None
PR06403,2023-03-15,P058,142,60.96,0,None
PR06404,2023-11-05,P054,146,15.01,9,Production Error
PR06405,2023-01-08,P046,171,22.99,0,None
PR06406,2023-11-12,P052,409,122.18,0,None
PR06407,2023-05-04,P098,107,38.83,0,None
PR06408,2023-08-09,P064,365,61.23,0,None
PR06409,2023-10-16,P006,496,219.78,0,None
PR06410,2024-06-28,P077,258,49.97,0,None
PR06411,2024-11-24,P073,320,93.45,0,None
PR06412,2023-01-24,P061,377,166.61,0,None
PR06413,2023-01-27,P049,189,94.1,0,None
PR06414,2023-08-28,P085,149,36.65,0,None
PR06415,2024-11-22,P058,89,42.01,0,None
PR06416,2023-02-20,P045,192,38.44,0,None
PR06417,2024-07-16,P059,444,99.11,0,None
PR06418,2024-11-30,P092,133,32.41,0,None
PR06419,2024-08-31,P046,135,41.49,0,None
PR06420,2023-02-21,P093,120,44.3,0,None
PR06421,2024-11-15,P038,289,95.41,0,None
PR06422,2024-10-13,P008,262,117.92,0,None
PR06423,2023-08-27,P031,237,83.67,6,Overproduction
PR06424,2024-10-18,P084,331,45.6,0,None
PR06425,2023-01-15,P078,144,23.95,8,Defective Material
PR06426,2024-07-11,P037,495,82.04,0,None
PR06427,2023-10-08,P075,102,21.68,0,None
PR06428,2023-06-06,P054,445,167.23,0,None
PR06429,2024-06-21,P085,181,43.85,0,None
PR06430,2024-02-03,P055,299,78.43,3,Production Error
PR06431,2023-01-27,P074,378,184.91,0,None
PR06432,2023-03-14,P099,134,27.47,0,None
PR06433,2023-10-28,P039,380,172.01,0,None
PR06434,2024-07-26,P095,472,131.72,0,None
PR06435,2024-01-15,P010,306,60.14,26,Overproduction
PR06436,2024-05-08,P080,144,57.15,0,None
PR06437,2024-09-09,P012,104,29.68,0,None
PR06438,2023-11-20,P029,488,151.73,0,None
PR06439,2024-03-08,P077,225,64.66,0,None
PR06440,2024-08-13,P071,233,69.32,0,None
PR06441,2023-05-23,P045,335,148.01,0,None
PR06442,2023-04-28,P066,434,184.28,32,Overproduction
PR06443,2024-06-10,P084,444,176.04,0,None
PR06444,2024-05-28,P034,130,27.79,0,None
PR06445,2024-09-23,P026,496,213.74,0,None
PR06446,2024-05-25,P094,138,43.89,0,None
PR06447,2024-02-12,P020,477,79.93,0,None
PR06448,2023-06-28,P018,485,70.28,0,None
PR06449,2024-05-15,P041,263,35.69,0,None
PR06450,2023-08-26,P059,218,85.71,0,None
PR06451,2024-11-30,P026,472,142.69,0,None
PR06452,2023-05-17,P092,207,57.29,0,None
PR06453,2023-03-30,P083,235,36.55,0,None
PR06454,2023-01-30,P004,347,148.52,25,Production Error
PR06455,2024-12-11,P036,163,51.08,0,None
PR06456,2023-02-19,P087,141,55.27,0,None
PR06457,2023-07-17,P073,93,10.34,0,None
PR06458,2024-07-14,P020,126,24.76,9,Spoilage
PR06459,2024-07-25,P045,332,37.54,0,None
PR06460,2023-03-30,P020,327,50.19,0,None
PR06461,2024-03-07,P016,118,19.41,0,None
PR06462,2023-05-14,P072,51,7.22,0,None
PR06463,2024-09-19,P016,477,128.84,0,None
PR06464,2024-04-07,P036,221,107.94,0,None
PR06465,2023-04-18,P020,185,87.28,0,None
PR06466,2023-08-27,P085,61,19.7,0,None
PR06467,2024-05-08,P009,164,46.28,0,None
PR06468,2024-07-21,P099,85,23.97,0,None
PR06469,2024-12-18,P073,296,129.01,0,None
PR06470,2023-09-20,P090,62,22.83,2,Spoilage
PR06471,2024-08-24,P034,57,15.24,0,None
PR06472,2023-07-22,P051,121,48.45,0,None
PR06473,2024-01-17,P052,156,65.24,0,None
PR06474,2023-11-19,P028,266,31.67,0,None
PR06475,2024-04-09,P060,102,14.29,0,None
PR06476,2023-12-13,P032,455,51.7,0,None
PR06477,2023-05-06,P092,488,141.29,0,None
PR06478,2023-02-05,P019,244,32.45,10,Defective Material
PR06479,2023-12-19,P079,147,38.15,0,None
PR06480,2023-01-10,P094,331,68.27,0,None
PR06481,2023-06-15,P056,129,59.56,0,None
PR06482,2024-04-26,P023,463,188.15,28,Production Error
PR06483,2024-12-10,P075,81,21.05,0,None
PR06484,2023-12-31,P055,311,141.92,0,None
PR06485,2023-05-06,P023,217,66.75,0,None
PR06486,2023-09-21,P046,466,125.35,0,None
PR06487,2024-01-19,P011,58,11.71,0,None
PR06488,2023-12-27,P032,421,141.98,0,None
PR06489,2024-03-28,P085,194,54.69,0,None
PR06490,2024-05-27,P065,326,77.94,0,None
PR06491,2023-09-19,P045,287,82.31,0,None
PR06492,2024-08-25,P083,486,127.23,0,None
PR06493,2023-02-08,P067,141,58.18,0,None
PR06494,2024-11-27,P018,261,78.0,0,None
PR06495,2024-03-19,P045,362,101.49,0,None
PR06496,2023-12-20,P026,274,60.92,2,Overproduction
PR06497,2024-03-24,P042,444,71.64,0,None
PR06498,2023-07-07,P029,446,161.31,0,None
PR06499,2024-12-26,P012,192,33.85,0,None
PR06500,2023-08-23,P001,312,133.11,0,None
PR06501,2024-11-12,P052,256,122.0,0,None
PR06502,2024-09-18,P072,69,28.18,0,None
PR06503,2023-04-25,P020,417,111.3,4,Defective Material
PR06504,2023-06-27,P057,492,172.1,0,None
PR06505,2024-03-09,P076,75,19.64,0,None
PR06506,2024-08-07,P044,484,61.13,0,None
PR06507,2023-10-18,P097,465,72.49,0,None
PR06508,2024-12-05,P052,358,43.69,0,None
PR06509,2023-10-31,P043,218,60.1,0,None
PR06510,2023-09-28,P059,193,95.65,0,None
PR06511,2024-01-03,P098,326,135.09,28,Spoilage
PR06512,2023-02-26,P022,340,80.7,0,None
PR06513,2023-05-17,P056,407,77.48,0,None
PR06514,2023-01-03,P092,78,19.9,0,None
PR06515,2023-12-05,P016,394,136.61,0,None
PR06516,2024-08-30,P064,382,184.2,0,None
PR06517,2023-01-03,P007,285,122.82,0,None
PR06518,2024-09-15,P093,96,12.47,0,None
PR06519,2023-10-12,P007,118,51.14,0,None
PR06520,2024-08-02,P100,59,12.88,0,None
PR06521,2024-04-19,P013,135,40.99,0,None
PR06522,2024-03-25,P016,198,61.86,0,None
PR06523,2024-05-02,P021,400,73.62,0,None
PR06524,2023-02-03,P020,472,130.07,0,None
PR06525,2023-09-18,P047,448,87.95,0,None
PR06526,2024-05-07,P027,278,44.75,0,None
PR06527,2023-10-28,P074,310,70.66,0,None
PR06528,2024-12-01,P051,246,30.39,0,None
PR06529,2024-11-24,P074,494,141.06,0,None
PR06530,2024-02-01,P066,477,108.15,12,Overproduction
PR06531,2024-01-22,P048,149,28.83,0,None
PR06532,2024-02-29,P047,114,28.14,0,None
PR06533,2024-09-19,P026,262,113.98,0,None
PR06534,2024-09-23,P003,155,24.21,0,None
PR06535,2024-01-14,P030,281,130.41,0,None
PR06536,2023-06-20,P098,364,156.24,0,None
PR06537,2024-05-26,P072,343,167.82,0,None
PR06538,2024-04-07,P080,58,11.28,0,None
PR06539,2023-05-25,P011,432,94.82,23,Production Error
PR06540,2023-05-08,P070,181,36.95,0,None
PR06541,2024-02-04,P002,289,52.95,0,None
PR06542,2023-10-09,P089,303,89.24,0,None
PR06543,2023-10-31,P005,89,23.97,0,None
PR06544,2023-11-05,P068,282,55.49,0,None
PR06545,2023-01-24,P038,210,57.02,0,None
PR06546,2023-08-01,P087,142,34.24,0,None
PR06547,2023-02-18,P024,102,38.07,0,None
PR06548,2023-09-11,P055,482,181.85,5,Spoilage
PR06549,2023-12-06,P002,125,20.13,0,None
PR06550,2024-09-20,P012,288,86.9,0,None
PR06551,2023-08-06,P017,185,67.37,2,Production Error
PR06552,2024-01-06,P073,377,105.63,0,None
PR06553,2024-10-18,P001,321,52.53,0,None
PR06554,2023-12-26,P012,261,48.87,1,Production Error
PR06555,2023-08-11,P067,434,199.43,0,None
PR06556,2024-07-08,P083,305,92.17,0,None
PR06557,2024-09-29,P067,403,77.31,0,None
PR06558,2024-10-06,P060,223,96.1,0,None
PR06559,2024-06-07,P041,59,10.53,3,Spoilage
PR06560,2024-11-25,P050,225,76.95,0,None
PR06561,2024-08-09,P062,397,42.57,0,None
PR06562,2024-03-17,P073,350,53.56,0,None
PR06563,2024-03-14,P059,229,84.98,8,Production Error
PR06564,2024-05-15,P048,263,65.21,0,None
PR06565,2024-11-06,P041,384,117.94,0,None
PR06566,2024-10-09,P031,326,113.09,0,None
PR06567,2024-11-04,P096,370,70.86,27,Spoilage
PR06568,2023-03-27,P039,499,173.32,46,Defective Material
PR06569,2023-11-09,P074,236,60.56,0,None
PR06570,2024-11-11,P023,449,183.55,0,None
PR06571,2023-11-09,P073,278,82.55,0,None
PR06572,2023-07-07,P007,407,83.11,0,None
PR06573,2024-04-01,P046,423,116.61,0,None
PR06574,2023-12-06,P073,455,117.92,0,None
PR06575,2024-03-17,P078,470,72.68,0,None
PR06576,2023-02-04,P058,377,78.74,15,Spoilage
PR06577,2024-10-04,P069,197,76.46,0,None
PR06578,2024-10-03,P071,426,174.56,0,None
PR06579,2024-01-04,P013,224,40.16,0,None
PR06580,2023-06-13,P027,302,145.63,0,None
PR06581,2023-09-11,P037,194,38.81,3,Spoilage
PR06582,2024-11-18,P043,152,49.22,0,None
PR06583,2024-09-20,P098,359,66.73,0,None
PR06584,2023-02-22,P033,460,71.55,0,None
PR06585,2024-04-02,P052,234,56.62,0,None
PR06586,2024-10-17,P056,52,20.66,3,Defective Material
PR06587,2023-07-26,P038,141,42.89,13,Overproduction
PR06588,2023-08-03,P094,82,23.85,7,Spoilage
PR06589,2024-10-21,P016,69,20.33,0,None
PR06590,2024-02-11,P009,330,104.0,17,Production Error
PR06591,2023-03-31,P023,282,136.17,0,None
PR06592,2023-03-07,P070,380,69.52,0,None
PR06593,2024-02-07,P037,350,76.79,3,Defective Material
PR06594,2024-10-12,P072,181,48.34,0,None
PR06595,2024-10-17,P008,166,70.19,0,None
PR06596,2024-04-07,P089,498,130.65,0,None
PR06597,2024-09-08,P036,385,69.98,0,None
PR06598,2023-05-22,P011,204,40.6,0,None
PR06599,2024-12-23,P025,192,21.19,16,Defective Material
PR06600,2024-02-21,P096,203,35.39,0,None
PR06601,2023-06-09,P026,471,140.1,0,None
PR06602,2024-02-20,P012,334,99.78,31,Production Error
PR06603,2024-07-08,P038,118,27.23,0,None
PR06604,2023-12-14,P003,373,75.39,0,None
PR06605,2024-02-06,P052,402,136.07,0,None
PR06606,2024-01-05,P080,313,62.23,0,None
PR06607,2023-12-08,P044,82,29.35,0,None
PR06608,2024-01-05,P001,117,18.32,0,None
PR06609,2024-05-18,P081,410,146.44,25,Overproduction
PR06610,2024-08-13,P057,454,105.2,15,Spoilage
PR06611,2024-06-12,P027,269,132.47,0,None
PR06612,2024-05-05,P047,206,22.03,0,None
PR06613,2023-08-07,P007,88,15.72,2,Spoilage
PR06614,2024-07-08,P057,140,26.39,0,None
PR06615,2023-03-05,P072,327,89.74,0,None
PR06616,2023-10-25,P037,245,55.58,0,None
PR06617,2024-04-21,P082,85,21.5,4,Defective Material
PR06618,2024-12-08,P004,141,26.65,0,None
PR06619,2024-06-20,P007,194,27.83,0,None
PR06620,2024-11-07,P020,208,27.26,1,Overproduction
PR06621,2024-12-19,P038,463,68.36,0,None
PR06622,2024-08-21,P081,356,176.5,0,None
PR06623,2024-11-02,P008,340,116.5,0,None
PR06624,2024-07-13,P053,391,126.32,0,None
PR06625,2023-07-23,P050,139,63.11,0,None
PR06626,2023-12-18,P027,452,91.22,43,Overproduction
PR06627,2024-09-08,P063,379,129.0,0,None
PR06628,2023-07-14,P006,477,126.28,0,None
PR06629,2023-02-14,P028,206,96.85,0,None
PR06630,2023-03-07,P084,107,50.18,0,None
PR06631,2023-02-18,P013,176,32.99,0,None
PR06632,2023-06-05,P096,200,50.44,0,None
PR06633,2023-04-14,P063,358,103.71,0,None
PR06634,2023-09-30,P081,291,40.14,0,None
PR06635,2024-08-18,P030,58,19.51,0,None
PR06636,2024-02-06,P019,93,14.34,0,None
PR06637,2024-10-31,P020,171,47.06,0,None
PR06638,2024-01-19,P083,95,19.39,0,None
PR06639,2023-07-11,P034,268,54.18,0,None
PR06640,2023-05-11,P099,120,27.91,0,None
PR06641,2023-10-17,P043,323,79.06,1,Defective Material
PR06642,2024-05-24,P017,219,44.91,0,None
PR06643,2024-09-10,P059,388,123.79,0,None
PR06644,2024-09-27,P015,485,68.91,0,None
PR06645,2024-09-11,P088,212,75.73,0,None
PR06646,2024-01-26,P038,232,28.29,0,None
PR06647,2024-02-10,P071,296,86.59,2,Defective Material
PR06648,2024-06-27,P064,463,155.68,0,None
PR06649,2024-06-03,P046,436,92.39,0,None
PR06650,2023-10-05,P065,253,116.0,0,None
PR06651,2023-09-29,P075,331,83.32,16,Spoilage
PR06652,2023-06-10,P096,462,47.63,32,Spoilage
PR06653,2024-06-22,P020,214,71.78,0,None
PR06654,2024-02-01,P001,95,46.57,0,None
PR06655,2024-06-23,P078,77,34.13,0,None
PR06656,2024-05-21,P059,131,39.08,0,None
PR06657,2024-01-07,P022,101,35.57,0,None
PR06658,2024-02-27,P028,297,64.39,5,Defective Material
PR06659,2023-06-17,P032,354,76.4,0,None
PR06660,2024-06-26,P024,157,28.19,0,None
PR06661,2023-06-10,P039,137,15.2,10,Spoilage
PR06662,2023-03-27,P045,181,68.88,0,None
PR06663,2024-06-06,P082,385,133.1,0,None
PR06664,2024-11-03,P094,303,30.49,0,None
PR06665,2023-01-16,P031,494,75.25,0,None
PR06666,2024-09-28,P034,149,53.02,0,None
PR06667,2024-02-12,P064,56,27.32,0,None
PR06668,2023-06-17,P100,160,24.98,0,None
PR06669,2023-06-24,P031,357,88.62,0,None
PR06670,2024-01-27,P027,442,129.61,0,None
PR06671,2023-01-14,P013,197,24.56,0,None
PR06672,2024-08-26,P024,150,62.31,0,None
PR06673,2023-10-25,P028,420,193.33,0,None
PR06674,2024-05-08,P020,489,229.58,0,None
PR06675,2023-05-18,P016,374,55.63,0,None
PR06676,2024-11-29,P089,394,139.75,0,None
PR06677,2024-01-11,P074,251,91.16,0,None
PR06678,2024-03-31,P088,484,168.91,0,None
PR06679,2023-11-09,P030,478,102.92,0,None
PR06680,2023-01-01,P061,71,15.44,0,None
PR06681,2024-11-21,P031,344,37.63,2,Defective Material
PR06682,2023-11-02,P043,243,64.49,0,None
PR06683,2024-11-03,P039,466,231.07,0,None
PR06684,2024-05-08,P057,156,36.45,0,None
PR06685,2023-01-18,P076,223,58.46,0,None
PR06686,2024-07-08,P067,458,140.07,0,None
PR06687,2023-10-28,P035,168,64.85,3,Spoilage
PR06688,2023-12-18,P097,451,159.55,0,None
PR06689,2023-07-14,P032,472,91.61,0,None
PR06690,2024-01-01,P055,489,124.59,0,None
PR06691,2024-08-16,P005,448,61.96,17,Defective Material
PR06692,2023-07-26,P007,135,50.46,0,None
PR06693,2024-12-09,P069,299,70.25,0,None
PR06694,2023-10-19,P006,188,53.7,0,None
PR06695,2023-12-27,P053,344,58.03,0,None
PR06696,2023-11-20,P031,307,118.45,0,None
PR06697,2024-09-29,P024,407,113.84,0,None
PR06698,2024-07-20,P050,252,90.84,3,Overproduction
PR06699,2023-08-03,P080,437,177.24,0,None
PR06700,2023-10-27,P020,54,24.14,0,None
PR06701,2024-09-20,P032,453,118.54,0,None
PR06702,2023-08-08,P022,338,73.45,0,None
PR06703,2024-08-25,P054,299,119.35,0,None
PR06704,2023-09-25,P079,370,98.26,0,None
PR06705,2024-12-14,P093,115,44.41,0,None
PR06706,2024-12-03,P035,171,40.86,0,None
PR06707,2023-11-25,P079,410,120.33,0,None
PR06708,2023-11-06,P086,470,227.35,0,None
PR06709,2024-09-15,P059,481,156.48,0,None
PR06710,2024-06-09,P021,123,28.35,0,None
PR06711,2024-03-10,P097,142,36.93,0,None
PR06712,2024-07-07,P038,188,38.64,0,None
PR06713,2024-07-02,P034,493,81.39,0,None
PR06714,2024-01-02,P024,499,96.48,0,None
PR06715,2023-12-31,P062,461,82.22,0,None
PR06716,2023-07-01,P079,309,113.71,10,Defective Material
PR06717,2023-09-10,P018,437,56.88,0,None
PR06718,2023-07-20,P003,185,61.04,0,None
PR06719,2023-10-26,P020,185,67.38,0,None
PR06720,2024-12-05,P059,399,159.4,0,None
PR06721,2024-10-13,P041,223,33.15,0,None
PR06722,2024-03-21,P008,349,74.23,0,None
PR06723,2023-08-10,P084,298,107.76,0,None
PR06724,2024-01-30,P069,85,35.19,0,None
PR06725,2024-04-12,P034,459,162.83,0,None
PR06726,2024-09-19,P051,335,144.67,0,None
PR06727,2023-07-30,P008,77,38.07,3,Spoilage
PR06728,2023-04-28,P026,421,58.39,0,None
PR06729,2023-12-04,P080,253,28.57,0,None
PR06730,2023-05-29,P028,358,147.14,0,None
PR06731,2024-09-29,P002,146,52.77,4,Overproduction
PR06732,2024-09-28,P007,295,103.69,0,None
PR06733,2024-05-14,P032,252,56.58,0,None
PR06734,2023-03-28,P006,357,158.44,0,None
PR06735,2024-02-22,P036,467,93.39,0,None
PR06736,2023-05-09,P080,322,79.29,25,Overproduction
PR06737,2024-07-01,P057,137,50.1,0,None
PR06738,2024-05-26,P018,316,41.16,0,None
PR06739,2023-09-17,P067,80,31.73,0,None
PR06740,2024-11-06,P075,164,73.51,0,None
PR06741,2023-07-10,P003,206,71.96,10,Defective Material
PR06742,2023-07-26,P046,286,125.17,0,None
PR06743,2024-09-03,P064,449,158.44,0,None
PR06744,2023-06-12,P072,148,23.61,0,None
PR06745,2023-11-25,P001,84,10.61,0,None
PR06746,2023-07-29,P059,215,65.16,0,None
PR06747,2024-09-29,P049,283,69.78,0,None
PR06748,2024-03-27,P026,382,89.84,0,None
PR06749,2023-02-01,P065,115,44.28,0,None
PR06750,2024-10-05,P046,307,62.14,0,None
PR06751,2023-05-20,P012,445,196.53,0,None
PR06752,2023-06-25,P022,375,85.52,0,None
PR06753,2024-06-02,P097,340,90.83,0,None
PR06754,2024-11-14,P016,490,113.82,0,None
PR06755,2024-01-02,P045,373,165.42,0,None
PR06756,2023-06-13,P079,103,22.99,1,Production Error
PR06757,2024-07-21,P060,431,45.94,0,None
PR06758,2023-08-21,P085,170,17.83,0,None
PR06759,2024-01-23,P092,243,32.66,17,Spoilage
PR06760,2023-08-27,P029,180,25.54,0,None
PR06761,2023-06-18,P005,435,166.1,0,None
PR06762,2023-12-12,P027,399,60.42,0,None
PR06763,2024-03-02,P088,292,37.45,0,None
PR06764,2023-07-11,P014,401,156.77,0,None
PR06765,2024-03-11,P016,58,22.73,0,None
PR06766,2024-01-05,P084,483,90.66,0,None
PR06767,2023-02-27,P035,85,22.1,0,None
PR06768,2023-05-22,P040,246,107.52,0,None
PR06769,2024-12-19,P050,394,94.48,0,None
PR06770,2023-01-09,P043,147,46.42,5,Defective Material
PR06771,2023-02-15,P079,80,35.48,4,Production Error
PR06772,2024-08-07,P047,76,16.92,0,None
PR06773,2023-04-09,P017,469,101.4,0,None
PR06774,2024-10-23,P044,492,60.98,0,None
PR06775,2023-06-11,P014,116,31.25,5,Production Error
PR06776,2023-12-28,P030,270,129.86,0,None
PR06777,2023-06-21,P073,392,145.04,0,None
PR06778,2024-07-05,P038,224,58.34,19,Defective Material
PR06779,2023-10-12,P096,136,52.1,0,None
PR06780,2023-09-26,P062,492,60.64,0,None
PR06781,2023-01-05,P065,110,48.79,0,None
PR06782,2024-05-19,P042,493,245.34,0,None
PR06783,2024-08-06,P080,386,141.04,0,None
PR06784,2023-02-18,P074,469,180.71,0,None
PR06785,2024-08-21,P019,360,64.61,0,None
PR06786,2023-04-27,P066,481,175.67,0,None
PR06787,2023-04-27,P090,221,75.95,0,None
PR06788,2024-01-26,P029,300,133.9,0,None
PR06789,2024-01-08,P035,51,14.64,0,None
PR06790,2024-09-23,P046,102,21.4,0,None
PR06791,2024-10-04,P095,114,14.02,0,None
PR06792,2023-05-02,P007,174,55.02,6,Overproduction
PR06793,2024-01-22,P029,107,32.66,0,None
PR06794,2023-04-28,P051,396,117.19,31,Defective Material
PR06795,2024-04-20,P037,91,9.13,0,None
PR06796,2023-02-26,P051,371,133.6,34,Production Error
PR06797,2023-06-05,P094,306,105.82,0,None
PR06798,2024-04-12,P097,329,111.13,16,Production Error
PR06799,2024-04-18,P052,108,18.22,0,None
PR06800,2023-07-01,P086,277,53.84,0,None
PR06801,2024-05-18,P063,193,49.05,0,None
PR06802,2023-05-04,P066,422,170.61,35,Defective Material
PR06803,2023-05-07,P036,285,96.09,0,None
PR06804,2024-03-04,P009,400,158.38,0,None
PR06805,2023-10-12,P059,183,72.02,0,None
PR06806,2024-11-14,P004,433,91.89,0,None
PR06807,2024-03-18,P012,100,48.69,0,None
PR06808,2023-04-05,P079,242,34.4,0,None
PR06809,2024-08-11,P076,142,22.54,0,None
PR06810,2023-07-10,P054,306,53.61,25,Spoilage
PR06811,2024-08-01,P010,243,91.57,19,Spoilage
PR06812,2023-02-13,P100,400,66.01,0,None
PR06813,2023-05-05,P046,219,59.68,0,None
PR06814,2023-08-23,P092,385,59.01,3,Defective Material
PR06815,2023-06-10,P032,149,43.26,0,None
PR06816,2023-09-28,P060,465,186.88,0,None
PR06817,2023-04-18,P002,481,122.96,0,None
PR06818,2023-09-15,P064,235,38.55,0,None
PR06819,2024-08-29,P015,454,92.69,0,None
PR06820,2023-08-12,P047,214,66.38,0,None
PR06821,2023-07-18,P049,220,72.47,0,None
PR06822,2023-10-04,P040,393,141.54,0,None
PR06823,2024-02-17,P057,293,72.55,0,None
PR06824,2023-07-31,P018,299,64.41,0,None
PR06825,2024-11-09,P090,213,43.89,0,None
PR06826,2024-09-12,P034,350,83.29,0,None
PR06827,2023-02-21,P026,65,22.18,0,None
PR06828,2024-05-09,P049,373,122.51,0,None
PR06829,2023-05-29,P049,188,56.32,0,None
PR06830,2023-08-31,P059,475,160.22,0,None
PR06831,2024-05-13,P056,431,119.99,0,None
PR06832,2024-04-23,P056,299,75.58,0,None
PR06833,2023-05-12,P077,72,25.75,0,None
PR06834,2024-04-19,P036,278,30.92,0,None
PR06835,2024-09-14,P053,153,72.39,0,None
PR06836,2023-04-13,P054,126,39.76,0,None
PR06837,2023-05-03,P021,124,17.43,0,None
PR06838,2024-05-13,P054,485,233.17,20,Defective Material
PR06839,2024-02-04,P035,196,81.98,0,None
PR06840,2024-11-09,P072,438,166.0,0,None
PR06841,2024-04-10,P065,121,29.79,0,None
PR06842,2023-02-28,P097,364,39.84,0,None
PR06843,2023-04-06,P063,411,108.91,0,None
PR06844,2023-01-20,P062,261,81.92,0,None
PR06845,2023-05-03,P076,376,43.01,0,None
PR06846,2023-11-06,P098,214,30.79,0,None
PR06847,2023-03-24,P004,405,188.9,0,None
PR06848,2024-01-06,P013,387,178.77,0,None
PR06849,2024-01-08,P066,375,175.2,0,None
PR06850,2023-06-05,P049,330,137.23,0,None
PR06851,2023-08-08,P040,354,97.1,0,None
PR06852,2023-05-05,P012,328,75.59,0,None
PR06853,2024-07-27,P012,258,82.68,0,None
PR06854,2023-04-19,P039,345,50.74,0,None
PR06855,2024-05-22,P006,317,61.6,0,None
PR06856,2024-04-27,P023,78,9.34,2,Production Error
PR06857,2024-12-09,P054,291,40.88,19,Production Error
PR06858,2023-02-20,P040,330,132.38,0,None
PR06859,2024-07-31,P021,400,185.38,0,None
PR06860,2023-09-26,P077,101,44.0,0,None
PR06861,2023-03-31,P076,367,178.97,0,None
PR06862,2023-09-05,P046,334,79.19,0,None
PR06863,2024-01-30,P097,55,18.51,0,None
PR06864,2024-05-15,P001,469,222.74,0,None
PR06865,2023-03-13,P085,167,40.54,0,None
PR06866,2024-10-29,P007,266,70.69,0,None
PR06867,2024-07-08,P098,218,93.84,0,None
PR06868,2024-05-13,P046,352,170.37,0,None
PR06869,2024-07-14,P068,359,36.59,0,None
PR06870,2023-09-28,P044,152,53.2,0,None
PR06871,2023-03-24,P030,442,147.39,9,Defective Material
PR06872,2023-09-20,P097,85,39.24,0,None
PR06873,2023-08-02,P083,128,54.42,0,None
PR06874,2023-03-18,P076,73,10.86,0,None
PR06875,2023-01-08,P001,436,44.53,33,Spoilage
PR06876,2023-08-25,P079,347,83.28,0,None
PR06877,2024-04-03,P058,137,32.0,0,None
PR06878,2023-06-16,P072,274,47.33,0,None
PR06879,2023-11-01,P094,270,110.58,0,None
PR06880,2023-04-28,P063,191,33.94,0,None
PR06881,2024-01-07,P090,391,80.71,0,None
PR06882,2024-11-29,P055,374,142.96,0,None
PR06883,2024-11-15,P038,388,178.6,0,None
PR06884,2023-04-06,P020,76,8.48,0,None
PR06885,2024-08-16,P039,240,111.36,0,None
PR06886,2024-12-03,P100,461,171.86,29,Spoilage
PR06887,2023-09-28,P014,427,82.57,0,None
PR06888,2024-02-08,P096,480,195.29,0,None
PR06889,2024-05-08,P082,428,124.25,0,None
PR06890,2024-12-01,P093,175,68.24,0,None
PR06891,2024-02-19,P040,303,109.81,0,None
PR06892,2024-11-14,P031,143,60.2,0,None
PR06893,2024-05-15,P039,373,70.77,0,None
PR06894,2023-04-02,P087,99,30.41,0,None
PR06895,2024-12-11,P035,119,19.0,0,None
PR06896,2023-10-13,P009,249,92.17,0,None
PR06897,2024-02-20,P028,490,173.17,0,None
PR06898,2024-11-23,P021,270,45.98,0,None
PR06899,2023-10-23,P032,203,55.79,0,None
PR06900,2024-12-11,P029,194,72.42,0,None
PR06901,2024-05-03,P049,443,108.62,0,None
PR06902,2023-12-21,P076,179,75.49,0,None
PR06903,2023-01-11,P054,402,48.15,29,Overproduction
PR06904,2023-07-13,P064,370,68.42,11,Spoilage
PR06905,2024-02-09,P068,368,155.61,0,None
PR06906,2023-03-12,P041,295,101.52,11,Production Error
PR06907,2023-05-05,P035,131,56.63,0,None
PR06908,2023-04-28,P073,456,166.85,0,None
PR06909,2024-05-06,P092,343,163.78,0,None
PR06910,2023-05-19,P008,195,59.16,0,None
PR06911,2024-07-02,P095,261,121.53,2,Spoilage
PR06912,2023-09-20,P084,390,95.28,0,None
PR06913,2023-02-06,P002,205,44.08,0,None
PR06914,2024-04-30,P029,454,106.98,0,None
PR06915,2023-04-15,P059,450,76.68,44,Overproduction
PR06916,2023-12-20,P016,146,61.26,0,None
PR06917,2023-08-24,P081,118,35.79,0,None
PR06918,2023-11-15,P011,152,63.72,0,None
PR06919,2024-04-24,P070,209,97.52,0,None
PR06920,2023-11-03,P051,330,138.8,0,None
PR06921,2024-05-30,P013,476,111.06,0,None
PR06922,2024-12-19,P050,358,139.95,0,None
PR06923,2024-06-26,P039,170,49.63,0,None
PR06924,2023-03-27,P099,451,124.47,0,None
PR06925,2023-06-25,P044,262,58.19,0,None
PR06926,2023-11-14,P003,93,18.47,0,None
PR06927,2023-03-28,P072,73,13.36,0,None
PR06928,2024-03-18,P014,205,90.73,7,Defective Material
PR06929,2023-01-29,P044,382,52.24,0,None
PR06930,2024-05-19,P083,251,122.03,0,None
PR06931,2023-08-06,P098,176,85.71,0,None
PR06932,2023-05-21,P037,428,81.2,0,None
PR06933,2023-07-05,P029,246,100.94,0,None
PR06934,2023-01-13,P095,371,172.82,0,None
PR06935,2024-11-13,P056,311,47.95,0,None
PR06936,2023-08-27,P056,297,32.24,0,None
PR06937,2024-02-08,P075,294,41.44,0,None
PR06938,2023-05-14,P065,180,83.46,0,None
PR06939,2024-11-11,P075,401,66.34,0,None
PR06940,2023-05-12,P004,60,6.17,0,None
PR06941,2024-04-13,P061,228,75.57,0,None
PR06942,2023-09-28,P090,121,53.43,0,None
PR06943,2023-03-30,P004,434,135.58,0,None
PR06944,2024-10-23,P004,128,26.03,0,None
PR06945,2024-02-10,P057,56,7.97,0,None
PR06946,2024-07-02,P059,211,90.44,0,None
PR06947,2023-05-17,P092,446,131.29,0,None
PR06948,2024-08-02,P033,336,153.47,31,Spoilage
PR06949,2024-04-23,P094,225,48.39,0,None
PR06950,2023-04-02,P001,188,22.46,0,None
PR06951,2024-08-23,P010,61,23.63,0,None
PR06952,2024-11-16,P098,257,31.06,0,None
PR06953,2024-10-05,P021,236,41.28,0,None
PR06954,2024-12-21,P097,59,27.56,0,None
PR06955,2024-02-06,P074,152,30.25,0,None
PR06956,2024-10-14,P078,295,94.39,0,None
PR06957,2023-05-04,P081,85,17.94,0,None
PR06958,2024-12-04,P036,322,110.81,0,None
PR06959,2023-08-09,P074,311,95.92,0,None
PR06960,2024-07-30,P021,56,26.07,0,None
PR06961,2024-08-13,P073,227,26.5,0,None
PR06962,2024-06-01,P009,220,95.06,0,None
PR06963,2023-08-22,P060,262,64.39,0,None
PR06964,2024-02-14,P099,376,141.73,0,None
PR06965,2024-08-27,P017,259,27.93,0,None
PR06966,2024-07-20,P034,113,36.24,0,None
PR06967,2024-03-11,P095,452,57.62,0,None
PR06968,2024-11-03,P018,359,47.66,0,None
PR06969,2023-08-16,P019,81,12.57,0,None
PR06970,2023-05-21,P005,61,25.3,0,None
PR06971,2024-01-17,P032,493,54.05,0,None
PR06972,2023-02-24,P031,193,28.01,2,Spoilage
PR06973,2024-04-07,P075,74,18.05,0,None
PR06974,2024-01-14,P052,280,41.91,0,None
PR06975,2023-01-07,P051,265,75.66,0,None
PR06976,2024-04-08,P051,151,67.93,0,None
PR06977,2023-03-18,P077,468,216.85,0,None
PR06978,2023-08-07,P100,364,148.21,0,None
PR06979,2024-03-21,P054,488,140.92,0,None
PR06980,2023-05-07,P048,292,80.44,0,None
PR06981,2023-08-01,P050,337,144.39,0,None
PR06982,2023-06-15,P017,82,30.29,6,Defective Material
PR06983,2023-03-05,P060,128,55.29,0,None
PR06984,2024-02-05,P083,308,87.46,0,None
PR06985,2024-10-11,P069,114,13.42,8,Overproduction
PR06986,2023-10-16,P096,189,51.82,0,None
PR06987,2023-02-05,P021,65,22.38,2,Spoilage
PR06988,2024-09-14,P075,304,92.68,0,None
PR06989,2023-04-01,P003,127,40.44,0,None
PR06990,2024-08-03,P013,476,62.46,0,None
PR06991,2023-10-04,P058,460,182.53,0,None
PR06992,2023-04-20,P047,451,133.56,34,Spoilage
PR06993,2024-11-24,P086,244,100.82,11,Overproduction
PR06994,2024-04-13,P085,175,82.68,0,None
PR06995,2024-01-20,P019,431,186.77,0,None
PR06996,2024-12-14,P040,112,26.4,0,None
PR06997,2024-11-22,P025,284,76.4,9,Production Error
PR06998,2024-12-19,P090,459,145.05,34,Overproduction
PR06999,2023-12-12,P089,110,45.36,0,None
PR07000,2024-11-26,P094,459,158.64,0,None
PR07001,2024-06-16,P090,353,40.55,0,None
PR07002,2023-03-18,P032,154,40.69,0,None
PR07003,2024-02-10,P041,238,114.43,0,None
PR07004,2023-07-13,P023,118,38.26,8,Production Error
PR07005,2024-12-18,P061,229,100.21,0,None
PR07006,2024-12-13,P002,476,151.87,0,None
PR07007,2024-08-20,P084,248,87.32,0,None
PR07008,2023-10-06,P070,267,34.06,0,None
PR07009,2023-09-10,P030,324,142.53,0,None
PR07010,2023-08-28,P052,69,31.03,0,None
PR07011,2023-12-17,P010,388,159.66,0,None
PR07012,2023-08-04,P035,339,117.47,0,None
PR07013,2024-05-26,P095,75,8.37,0,None
PR07014,2024-06-17,P088,82,15.7,0,None
PR07015,2023-06-14,P047,348,38.37,1,Production Error
PR07016,2024-05-01,P079,380,52.2,0,None
PR07017,2024-07-01,P069,336,63.67,0,None
PR07018,2023-11-08,P005,468,158.89,0,None
PR07019,2024-06-09,P095,314,94.62,0,None
PR07020,2024-11-28,P046,259,63.08,0,None
PR07021,2023-03-09,P017,237,61.47,0,None
PR07022,2023-11-22,P006,249,109.92,0,None
PR07023,2023-10-29,P012,104,23.95,0,None
PR07024,2024-05-27,P055,134,29.85,9,Defective Material
PR07025,2024-01-28,P037,172,22.54,11,Production Error
PR07026,2024-04-22,P031,151,27.43,0,None
PR07027,2024-01-04,P084,127,42.44,0,None
PR07028,2023-07-12,P075,129,19.4,0,None
PR07029,2024-03-26,P071,213,30.82,0,None
PR07030,2023-04-09,P076,282,41.76,0,None
PR07031,2023-09-02,P074,190,44.23,0,None
PR07032,2023-01-11,P058,243,47.5,1,Spoilage
PR07033,2024-03-12,P064,78,29.48,0,None
PR07034,2023-05-30,P099,321,152.81,29,Overproduction
PR07035,2023-07-27,P023,195,81.09,0,None
PR07036,2023-10-06,P071,127,42.33,0,None
PR07037,2023-08-01,P016,396,180.32,0,None
PR07038,2024-04-18,P069,228,25.35,0,None
PR07039,2023-08-28,P082,110,36.2,0,None
PR07040,2023-02-19,P081,440,210.69,0,None
PR07041,2023-08-26,P069,353,129.13,0,None
PR07042,2023-06-16,P058,470,65.07,0,None
PR07043,2024-01-01,P055,71,29.39,0,None
PR07044,2024-05-20,P074,110,51.65,0,None
PR07045,2024-11-06,P024,342,76.81,0,None
PR07046,2023-02-07,P016,451,189.99,0,None
PR07047,2024-01-18,P094,494,235.27,0,None
PR07048,2024-08-30,P026,387,44.56,0,None
PR07049,2023-08-03,P051,335,129.79,0,None
PR07050,2023-05-27,P042,363,56.83,0,None
PR07051,2023-09-15,P058,118,20.06,0,None
PR07052,2023-05-26,P075,395,80.15,0,None
PR07053,2023-12-24,P083,50,15.81,0,None
PR07054,2023-01-10,P048,315,91.97,0,None
PR07055,2024-06-03,P050,161,30.82,0,None
PR07056,2023-12-29,P085,394,158.88,18,Overproduction
PR07057,2024-10-01,P021,471,172.7,0,None
PR07058,2023-04-02,P054,460,135.33,44,Overproduction
PR07059,2024-12-26,P010,308,124.01,0,None
PR07060,2024-11-01,P042,143,67.0,0,None
PR07061,2023-04-04,P039,236,86.24,0,None
PR07062,2023-12-07,P033,436,70.63,0,None
PR07063,2023-10-29,P080,289,50.38,0,None
PR07064,2024-09-08,P045,245,52.34,0,None
PR07065,2023-10-15,P099,364,165.58,0,None
PR07066,2024-11-25,P094,141,46.94,0,None
PR07067,2023-12-07,P097,410,117.55,34,Overproduction
PR07068,2023-11-23,P060,339,36.2,0,None
PR07069,2023-06-15,P067,444,104.84,0,None
PR07070,2023-06-30,P059,221,85.26,0,None
PR07071,2023-05-21,P001,458,147.65,15,Overproduction
PR07072,2024-08-12,P078,415,144.33,34,Overproduction
PR07073,2024-06-01,P048,391,77.44,0,None
PR07074,2024-08-29,P098,488,243.56,0,None
PR07075,2024-08-11,P075,153,33.0,0,None
PR07076,2024-07-01,P049,340,132.96,0,None
PR07077,2023-12-24,P067,301,70.79,0,None
PR07078,2023-11-22,P010,408,107.38,0,None
PR07079,2023-04-01,P012,336,90.46,0,None
PR07080,2024-02-18,P075,227,78.46,0,None
PR07081,2023-03-25,P015,422,174.15,0,None
PR07082,2023-08-01,P048,74,30.06,0,None
PR07083,2023-12-26,P079,145,70.09,0,None
PR07084,2023-08-21,P064,119,39.34,0,None
PR07085,2024-11-17,P023,168,64.39,6,Defective Material
PR07086,2024-07-05,P057,95,15.97,0,None
PR07087,2023-03-08,P072,306,104.88,0,None
PR07088,2024-07-14,P032,296,54.52,0,None
PR07089,2023-10-31,P042,197,66.77,0,None
PR07090,2023-09-13,P060,129,21.71,0,None
PR07091,2024-03-30,P026,240,51.38,0,None
PR07092,2023-12-25,P033,280,115.55,0,None
PR07093,2024-03-25,P046,400,159.48,0,None
PR07094,2024-02-01,P055,114,20.86,0,None
PR07095,2023-10-21,P047,87,30.2,0,None
PR07096,2024-02-24,P017,229,35.38,7,Defective Material
PR07097,2023-05-09,P021,137,66.71,0,None
PR07098,2024-06-29,P044,338,148.63,0,None
PR07099,2023-02-10,P057,240,103.53,0,None
PR07100,2024-10-18,P100,116,38.49,0,None
PR07101,2024-11-16,P064,301,52.54,0,None
PR07102,2024-01-17,P034,161,43.71,0,None
PR07103,2023-07-09,P069,210,61.12,0,None
PR07104,2023-07-19,P033,199,94.6,0,None
PR07105,2023-06-14,P065,462,68.17,0,None
PR07106,2023-08-05,P028,178,82.62,1,Overproduction
PR07107,2024-01-05,P068,249,78.66,0,None
PR07108,2024-02-07,P014,188,19.71,0,None
PR07109,2023-08-26,P098,166,30.11,8,Spoilage
PR07110,2024-03-26,P033,285,128.49,0,None
PR07111,2023-06-11,P061,255,36.07,0,None
PR07112,2023-03-13,P071,363,71.63,0,None
PR07113,2024-11-16,P062,252,34.43,0,None
PR07114,2024-04-23,P028,295,39.42,0,None
PR07115,2023-07-10,P004,409,150.39,0,None
PR07116,2024-07-11,P007,191,59.31,17,Spoilage
PR07117,2023-11-05,P043,115,21.54,0,None
PR07118,2023-12-17,P014,81,31.41,0,None
PR07119,2023-06-03,P099,204,88.68,0,None
PR07120,2023-11-22,P044,120,21.68,0,None
PR07121,2024-11-18,P090,277,56.21,0,None
PR07122,2023-10-01,P003,348,137.3,0,None
PR07123,2024-05-05,P037,52,5.32,0,None
PR07124,2024-07-19,P031,254,38.35,0,None
PR07125,2023-06-29,P070,169,37.26,0,None
PR07126,2024-05-11,P044,362,178.08,0,None
PR07127,2023-08-19,P066,300,99.0,19,Overproduction
PR07128,2023-02-16,P057,461,158.09,0,None
PR07129,2023-11-18,P058,277,30.91,0,None
PR07130,2023-01-01,P064,90,40.33,0,None
PR07131,2023-09-10,P096,307,117.89,0,None
PR07132,2023-07-01,P020,419,119.05,23,Spoilage
PR07133,2024-02-08,P095,183,50.73,0,None
PR07134,2023-08-07,P037,225,109.67,0,None
PR07135,2024-10-29,P030,496,76.27,0,None
PR07136,2024-06-04,P088,353,50.8,0,None
PR07137,2023-06-14,P038,452,159.3,0,None
PR07138,2023-08-20,P069,326,59.13,0,None
PR07139,2023-08-31,P012,109,32.78,0,None
PR07140,2023-09-21,P039,209,90.02,0,None
PR07141,2023-03-06,P001,241,93.39,0,None
PR07142,2024-03-07,P010,199,27.79,0,None
PR07143,2023-01-02,P064,482,129.3,0,None
PR07144,2023-08-05,P076,136,49.06,0,None
PR07145,2024-07-13,P025,265,71.42,0,None
PR07146,2024-10-14,P003,140,53.91,0,None
PR07147,2023-02-13,P033,376,73.66,24,Overproduction
PR07148,2023-03-04,P083,275,85.49,0,None
PR07149,2023-12-18,P065,224,44.91,0,None
PR07150,2023-12-05,P041,288,115.81,0,None
PR07151,2024-01-08,P087,451,208.44,0,None
PR07152,2024-03-01,P062,284,105.53,0,None
PR07153,2023-05-08,P088,183,82.5,0,None
PR07154,2024-04-02,P006,84,27.39,0,None
PR07155,2024-05-03,P092,275,56.33,0,None
PR07156,2023-12-13,P081,324,39.15,0,None
PR07157,2024-10-19,P008,189,37.71,0,None
PR07158,2024-07-10,P084,377,187.09,0,None
PR07159,2023-04-27,P070,300,65.15,0,None
PR07160,2024-06-16,P050,246,35.89,8,Production Error
PR07161,2023-07-12,P017,443,52.06,17,Defective Material
PR07162,2023-02-08,P041,380,159.44,0,None
PR07163,2024-09-08,P081,490,192.56,0,None
PR07164,2023-07-21,P073,259,57.74,0,None
PR07165,2024-10-28,P080,186,74.6,0,None
PR07166,2023-06-28,P072,78,27.05,0,None
PR07167,2023-10-13,P034,177,79.22,0,None
PR07168,2023-08-26,P100,350,108.12,0,None
PR07169,2023-11-04,P020,252,68.34,0,None
PR07170,2023-10-19,P073,175,72.64,0,None
PR07171,2024-02-13,P031,297,136.2,0,None
PR07172,2024-05-29,P062,104,14.9,0,None
PR07173,2023-03-28,P054,446,207.53,0,None
PR07174,2024-11-07,P031,331,95.64,0,None
PR07175,2024-08-18,P068,127,61.98,0,None
PR07176,2023-04-29,P070,63,6.85,0,None
PR07177,2023-03-10,P074,439,193.13,0,None
PR07178,2023-03-04,P072,194,63.37,0,None
PR07179,2024-02-05,P094,423,200.14,0,None
PR07180,2024-10-10,P079,349,61.81,0,None
PR07181,2024-03-21,P085,394,178.33,0,None
PR07182,2024-09-21,P018,305,112.57,17,Overproduction
PR07183,2024-06-01,P033,305,135.61,0,None
PR07184,2023-11-24,P033,253,103.72,12,Defective Material
PR07185,2024-11-13,P001,65,23.65,5,Spoilage
PR07186,2023-11-04,P019,409,98.31,2,Defective Material
PR07187,2024-05-16,P003,77,35.07,0,None
PR07188,2024-02-15,P077,85,33.72,0,None
PR07189,2024-06-11,P084,374,92.26,0,None
PR07190,2023-11-13,P074,392,120.99,0,None
PR07191,2023-06-10,P076,197,84.91,0,None
PR07192,2024-09-13,P045,169,66.52,0,None
PR07193,2024-08-17,P029,423,154.36,0,None
PR07194,2024-03-09,P032,248,94.06,0,None
PR07195,2023-04-21,P098,198,40.66,0,None
PR07196,2024-10-04,P038,324,52.4,0,None
PR07197,2023-05-23,P054,484,219.61,0,None
PR07198,2024-03-19,P052,165,24.85,0,None
PR07199,2023-05-24,P043,118,52.3,0,None
PR07200,2024-12-27,P079,93,20.43,0,None
PR07201,2023-03-17,P045,64,30.19,0,None
PR07202,2024-08-17,P098,276,58.08,0,None
PR07203,2024-12-17,P003,226,29.07,6,Production Error
PR07204,2024-04-24,P094,205,49.34,0,None
PR07205,2024-12-28,P016,444,152.19,0,None
PR07206,2023-05-10,P036,352,132.32,0,None
PR07207,2024-07-02,P066,399,171.18,0,None
PR07208,2024-02-08,P047,271,118.6,0,None
PR07209,2024-09-22,P093,237,26.41,22,Overproduction
PR07210,2024-06-26,P074,272,95.93,0,None
PR07211,2024-09-22,P054,226,36.2,0,None
PR07212,2024-07-25,P017,59,28.32,0,None
PR07213,2023-04-17,P064,377,131.36,0,None
PR07214,2024-07-23,P003,402,125.4,2,Defective Material
PR07215,2024-10-24,P038,499,68.74,0,None
PR07216,2024-03-27,P037,143,71.04,0,None
PR07217,2023-06-29,P099,109,24.43,0,None
PR07218,2024-09-08,P005,478,80.5,0,None
PR07219,2024-01-02,P083,174,41.69,0,None
PR07220,2024-08-03,P066,251,94.58,0,None
PR07221,2023-10-21,P087,315,51.16,0,None
PR07222,2024-01-11,P071,400,108.69,0,None
PR07223,2023-08-27,P049,59,17.75,0,None
PR07224,2024-04-03,P079,60,23.82,0,None
PR07225,2024-08-05,P001,476,54.42,0,None
PR07226,2023-08-08,P015,283,109.9,0,None
PR07227,2024-08-22,P071,404,89.48,0,None
PR07228,2023-07-18,P099,383,85.01,0,None
PR07229,2023-09-16,P063,95,46.67,0,None
PR07230,2024-12-04,P057,151,67.56,0,None
PR07231,2024-05-22,P046,431,63.66,0,None
PR07232,2023-07-11,P018,391,113.82,32,Production Error
PR07233,2024-12-10,P075,355,44.88,0,None
PR07234,2023-09-11,P032,344,93.76,0,None
PR07235,2024-05-01,P094,465,76.64,0,None
PR07236,2024-08-18,P066,337,143.13,0,None
PR07237,2024-10-07,P084,194,68.6,0,None
PR07238,2023-08-04,P097,249,113.71,10,Defective Material
PR07239,2023-02-21,P033,70,13.91,0,None
PR07240,2024-11-21,P064,50,10.73,1,Overproduction
PR07241,2024-01-26,P053,352,154.72,0,None
PR07242,2024-05-07,P054,459,162.37,0,None
PR07243,2023-06-09,P002,324,129.8,0,None
PR07244,2023-04-22,P092,337,56.16,0,None
PR07245,2024-07-14,P070,352,43.05,0,None
PR07246,2023-02-26,P069,58,7.83,0,None
PR07247,2023-01-24,P080,252,57.13,0,None
PR07248,2024-05-19,P046,267,43.89,0,None
PR07249,2023-05-01,P038,186,51.32,0,None
PR07250,2024-11-02,P051,72,15.85,1,Spoilage
PR07251,2024-01-21,P072,324,130.56,0,None
PR07252,2023-01-02,P097,134,62.04,0,None
PR07253,2023-05-25,P097,287,113.08,0,None
PR07254,2023-04-12,P043,390,63.48,0,None
PR07255,2024-04-11,P090,166,43.89,0,None
PR07256,2024-02-16,P048,462,230.77,0,None
PR07257,2023-11-16,P013,298,48.61,0,None
PR07258,2024-05-17,P046,316,60.09,22,Spoilage
PR07259,2024-08-22,P060,56,14.78,0,None
PR07260,2023-10-08,P043,378,147.72,0,None
PR07261,2024-02-19,P036,163,38.04,0,None
PR07262,2024-03-27,P075,100,39.11,0,None
PR07263,2024-02-13,P035,178,33.71,0,None
PR07264,2024-05-08,P042,288,90.54,1,Overproduction
PR07265,2023-08-04,P031,361,153.14,0,None
PR07266,2024-08-24,P075,481,210.98,0,None
PR07267,2024-10-19,P021,123,14.06,0,None
PR07268,2023-06-23,P087,447,85.86,0,None
PR07269,2023-05-27,P007,242,47.32,0,None
PR07270,2023-09-11,P021,104,32.05,0,None
PR07271,2023-09-05,P015,429,65.43,0,None
PR07272,2024-04-17,P032,450,143.3,0,None
PR07273,2023-01-25,P096,375,131.26,0,None
PR07274,2023-04-15,P093,346,134.69,0,None
PR07275,2024-10-04,P046,194,34.83,0,None
PR07276,2024-04-05,P085,102,30.99,7,Production Error
PR07277,2024-01-17,P017,308,78.58,2,Defective Material
PR07278,2023-08-14,P068,237,71.13,0,None
PR07279,2024-12-05,P001,499,229.6,0,None
PR07280,2023-05-14,P077,171,29.85,0,None
PR07281,2024-02-24,P003,56,24.09,0,None
PR07282,2024-06-16,P082,58,7.56,0,None
PR07283,2024-02-17,P078,130,58.36,11,Production Error
PR07284,2024-12-11,P012,486,95.78,0,None
PR07285,2023-08-12,P044,252,59.71,18,Overproduction
PR07286,2024-09-17,P027,86,29.43,0,None
PR07287,2024-09-06,P067,371,63.49,0,None
PR07288,2024-10-24,P041,474,51.75,0,None
PR07289,2024-07-11,P034,160,65.81,0,None
PR07290,2024-07-10,P044,498,218.11,0,None
PR07291,2023-07-13,P056,494,52.05,0,None
PR07292,2023-12-26,P090,313,51.74,0,None
PR07293,2024-05-25,P005,372,176.12,0,None
PR07294,2023-09-16,P095,106,38.28,0,None
PR07295,2024-06-05,P003,208,34.43,0,None
PR07296,2023-06-13,P068,87,14.61,0,None
PR07297,2023-08-03,P057,190,41.73,0,None
PR07298,2023-01-10,P100,455,199.54,4,Spoilage
PR07299,2023-07-11,P046,340,60.11,0,None
PR07300,2023-02-23,P064,368,108.8,0,None
PR07301,2023-06-04,P083,121,42.01,0,None
PR07302,2024-06-24,P071,123,35.9,0,None
PR07303,2023-12-14,P012,189,68.26,0,None
PR07304,2024-01-25,P015,250,34.06,0,None
PR07305,2023-08-13,P023,62,16.86,0,None
PR07306,2024-10-07,P062,495,219.89,2,Production Error
PR07307,2023-12-08,P041,260,123.63,11,Production Error
PR07308,2024-08-17,P048,304,39.14,0,None
PR07309,2024-01-04,P037,384,102.18,0,None
PR07310,2024-07-22,P072,424,92.69,0,None
PR07311,2023-12-13,P017,251,108.62,0,None
PR07312,2023-10-16,P068,473,194.73,29,Overproduction
PR07313,2023-05-06,P022,119,57.63,0,None
PR07314,2023-12-18,P056,149,35.06,0,None
PR07315,2024-02-20,P002,105,33.39,2,Defective Material
PR07316,2024-11-22,P081,482,219.19,0,None
PR07317,2023-04-05,P084,65,16.81,0,None
PR07318,2023-01-26,P091,305,106.96,0,None
PR07319,2023-08-31,P100,392,146.22,0,None
PR07320,2023-05-04,P020,408,157.44,0,None
PR07321,2024-03-18,P010,243,28.48,14,Defective Material
PR07322,2024-11-11,P076,187,88.58,0,None
PR07323,2023-03-31,P004,235,88.66,0,None
PR07324,2023-03-30,P085,314,83.42,0,None
PR07325,2024-03-31,P031,143,37.44,0,None
PR07326,2024-11-02,P088,176,51.8,0,None
PR07327,2024-10-25,P018,305,70.08,0,None
PR07328,2023-10-22,P063,431,109.34,35,Production Error
PR07329,2023-05-07,P077,496,109.47,0,None
PR07330,2024-07-01,P045,82,10.11,0,None
PR07331,2024-10-27,P038,254,25.47,0,None
PR07332,2023-12-25,P040,245,73.61,0,None
PR07333,2023-03-17,P039,75,16.34,0,None
PR07334,2024-07-12,P097,205,25.61,0,None
PR07335,2023-11-13,P047,283,70.19,0,None
PR07336,2023-01-16,P004,410,116.03,0,None
PR07337,2024-01-29,P063,313,60.07,0,None
PR07338,2024-12-15,P002,430,211.6,0,None
PR07339,2023-05-01,P068,258,46.82,0,None
PR07340,2024-05-01,P066,128,21.45,0,None
PR07341,2023-06-13,P004,499,174.34,0,None
PR07342,2023-05-21,P045,130,62.73,0,None
PR07343,2023-07-24,P053,451,166.49,0,None
PR07344,2023-07-07,P066,214,106.73,0,None
PR07345,2023-08-28,P040,497,93.65,0,None
PR07346,2023-03-17,P045,112,40.42,0,None
PR07347,2024-10-21,P090,408,184.09,0,None
PR07348,2024-10-03,P074,258,44.72,0,None
PR07349,2024-11-27,P098,183,86.83,0,None
PR07350,2024-10-12,P038,417,145.49,0,None
PR07351,2024-12-18,P029,77,19.33,0,None
PR07352,2023-01-09,P011,204,21.69,12,Spoilage
PR07353,2024-03-16,P024,385,49.29,0,None
PR07354,2023-03-16,P073,470,160.11,0,None
PR07355,2023-09-26,P025,389,115.94,0,None
PR07356,2024-07-11,P090,167,41.29,0,None
PR07357,2023-12-17,P021,168,43.06,0,None
PR07358,2023-06-07,P006,272,122.27,0,None
PR07359,2023-08-05,P097,366,62.89,0,None
PR07360,2024-03-06,P094,219,62.94,0,None
PR07361,2024-07-20,P065,423,208.01,0,None
PR07362,2024-05-31,P055,139,39.45,0,None
PR07363,2024-11-22,P092,298,86.03,0,None
PR07364,2024-04-02,P056,62,10.65,2,Production Error
PR07365,2023-11-29,P007,319,81.21,0,None
PR07366,2024-02-03,P094,347,72.69,0,None
PR07367,2023-03-30,P076,339,140.17,0,None
PR07368,2023-07-04,P096,323,116.41,0,None
PR07369,2023-10-11,P083,254,76.8,0,None
PR07370,2023-01-14,P050,178,63.11,0,None
PR07371,2024-08-23,P084,111,45.51,0,None
PR07372,2023-04-13,P051,85,29.5,7,Spoilage
PR07373,2024-11-24,P096,102,36.44,0,None
PR07374,2024-07-11,P056,416,186.79,0,None
PR07375,2023-09-23,P015,337,85.52,0,None
PR07376,2023-01-08,P053,191,44.32,0,None
PR07377,2024-10-12,P012,355,43.52,0,None
PR07378,2023-08-15,P001,458,151.69,0,None
PR07379,2024-12-08,P066,489,224.76,0,None
PR07380,2024-10-15,P011,140,37.75,0,None
PR07381,2023-01-29,P044,479,212.65,0,None
PR07382,2023-03-23,P039,400,40.62,0,None
PR07383,2023-03-15,P054,90,22.24,0,None
PR07384,2023-09-09,P049,420,184.43,38,Spoilage
PR07385,2023-12-20,P027,282,122.61,0,None
PR07386,2023-09-20,P027,417,129.56,0,None
PR07387,2023-09-27,P081,133,28.56,0,None
PR07388,2023-01-13,P075,229,40.71,0,None
PR07389,2024-12-26,P067,128,19.48,0,None
PR07390,2024-11-25,P012,319,114.35,0,None
PR07391,2023-01-16,P050,73,32.76,0,None
PR07392,2024-05-06,P075,435,137.34,0,None
PR07393,2024-04-17,P040,335,34.39,0,None
PR07394,2024-01-13,P050,363,44.52,0,None
PR07395,2024-10-02,P090,309,48.39,0,None
PR07396,2024-08-08,P051,308,50.64,14,Spoilage
PR07397,2023-05-12,P070,363,95.16,22,Spoilage
PR07398,2024-03-07,P002,229,23.04,0,None
PR07399,2024-02-20,P059,208,46.46,0,None
PR07400,2024-09-27,P044,325,70.77,0,None
PR07401,2023-05-17,P063,176,32.06,0,None
PR07402,2024-12-07,P025,240,40.17,0,None
PR07403,2023-09-15,P080,136,20.2,0,None
PR07404,2024-11-28,P086,494,73.42,0,None
PR07405,2023-08-31,P055,244,99.77,21,Defective Material
PR07406,2024-04-19,P063,452,69.55,0,None
PR07407,2023-11-08,P037,399,112.03,0,None
PR07408,2024-10-23,P027,176,28.36,13,Defective Material
PR07409,2023-01-24,P019,382,185.84,0,None
PR07410,2023-07-05,P073,188,24.38,0,None
PR07411,2023-07-16,P083,425,208.07,0,None
PR07412,2024-12-31,P094,451,119.28,0,None
PR07413,2024-12-03,P012,444,56.42,0,None
PR07414,2023-01-13,P096,391,74.49,0,None
PR07415,2024-12-29,P013,244,107.15,0,None
PR07416,2024-05-11,P016,290,56.72,3,Production Error
PR07417,2024-08-07,P004,404,180.33,0,None
PR07418,2023-01-20,P074,326,108.47,0,None
PR07419,2024-06-05,P001,199,43.3,0,None
PR07420,2023-07-31,P014,331,146.86,0,None
PR07421,2023-05-02,P078,193,27.32,0,None
PR07422,2024-03-22,P006,108,38.8,0,None
PR07423,2024-11-05,P083,386,89.94,0,None
PR07424,2023-08-15,P003,121,26.28,0,None
PR07425,2023-05-24,P068,287,59.14,0,None
PR07426,2024-11-21,P012,463,149.25,17,Defective Material
PR07427,2024-04-15,P020,476,191.72,0,None
PR07428,2024-06-29,P028,278,31.24,14,Production Error
PR07429,2023-07-01,P058,213,41.08,0,None
PR07430,2024-03-27,P076,288,100.38,0,None
PR07431,2023-09-09,P040,492,194.77,0,None
PR07432,2023-07-09,P002,422,48.37,0,None
PR07433,2023-02-13,P008,126,25.16,0,None
PR07434,2023-07-22,P081,173,56.45,0,None
PR07435,2023-11-09,P062,121,59.68,0,None
PR07436,2024-11-27,P100,454,220.24,0,None
PR07437,2024-12-15,P059,425,95.34,0,None
PR07438,2024-10-02,P056,194,34.02,1,Overproduction
PR07439,2023-02-06,P075,74,31.36,6,Production Error
PR07440,2024-08-18,P035,294,37.29,0,None
PR07441,2023-04-19,P012,150,56.55,0,None
PR07442,2023-12-23,P004,99,28.07,2,Production Error
PR07443,2023-07-26,P065,247,48.93,0,None
PR07444,2024-07-12,P056,130,14.48,0,None
PR07445,2024-12-10,P014,333,123.76,0,None
PR07446,2023-10-24,P047,102,29.99,2,Overproduction
PR07447,2023-08-11,P052,419,199.41,0,None
PR07448,2023-04-01,P052,198,25.56,0,None
PR07449,2023-11-22,P017,75,25.37,0,None
PR07450,2023-03-01,P091,430,119.98,0,None
PR07451,2023-02-08,P066,118,21.05,0,None
PR07452,2024-09-20,P066,387,118.83,0,None
PR07453,2024-09-09,P008,363,137.62,0,None
PR07454,2023-10-28,P037,313,96.9,0,None
PR07455,2023-02-27,P023,323,152.54,0,None
PR07456,2023-01-21,P063,401,61.2,0,None
PR07457,2024-01-26,P059,458,119.08,0,None
PR07458,2024-07-17,P048,191,82.02,0,None
PR07459,2024-08-13,P054,78,20.65,0,None
PR07460,2024-06-08,P074,327,99.17,0,None
PR07461,2023-04-15,P072,488,89.51,0,None
PR07462,2024-05-16,P098,406,141.97,0,None
PR07463,2024-07-05,P024,157,43.88,0,None
PR07464,2024-05-24,P090,116,51.38,0,None
PR07465,2023-05-22,P062,390,104.1,0,None
PR07466,2023-08-12,P023,404,182.22,0,None
PR07467,2023-05-28,P087,273,38.56,0,None
PR07468,2023-10-10,P007,485,86.72,0,None
PR07469,2024-11-08,P002,472,97.67,0,None
PR07470,2023-08-12,P040,208,36.93,0,None
PR07471,2024-02-02,P065,100,40.25,0,None
PR07472,2023-05-13,P001,407,53.9,0,None
PR07473,2023-10-16,P009,101,10.52,0,None
PR07474,2024-08-02,P086,329,89.41,0,None
PR07475,2023-07-27,P020,163,35.33,0,None
PR07476,2023-07-19,P013,455,47.76,0,None
PR07477,2023-04-25,P066,140,65.18,0,None
PR07478,2024-07-21,P011,195,91.77,14,Defective Material
PR07479,2024-12-28,P028,349,124.12,0,None
PR07480,2023-10-24,P056,71,9.26,0,None
PR07481,2023-09-03,P057,306,41.23,0,None
PR07482,2023-05-06,P023,68,28.76,0,None
PR07483,2024-06-18,P098,177,74.58,0,None
PR07484,2024-11-12,P072,52,25.85,0,None
PR07485,2024-04-15,P039,111,51.23,0,None
PR07486,2023-04-21,P073,100,14.61,0,None
PR07487,2024-12-12,P098,352,166.34,7,Spoilage
PR07488,2024-06-29,P098,156,43.95,0,None
PR07489,2023-10-09,P064,383,185.56,0,None
PR07490,2024-02-09,P072,150,17.06,9,Overproduction
PR07491,2024-03-13,P022,442,189.54,0,None
PR07492,2024-06-28,P040,441,102.4,0,None
PR07493,2023-02-23,P026,319,146.36,0,None
PR07494,2023-04-05,P080,343,104.6,0,None
PR07495,2024-03-02,P022,94,42.96,2,Defective Material
PR07496,2024-03-06,P021,267,115.66,0,None
PR07497,2024-12-22,P089,175,61.01,0,None
PR07498,2024-04-09,P055,335,72.03,0,None
PR07499,2024-05-30,P012,407,164.46,0,None
PR07500,2024-01-02,P030,192,82.72,15,Spoilage
PR07501,2023-05-23,P050,497,197.16,44,Production Error
PR07502,2024-12-15,P017,217,48.23,12,Spoilage
PR07503,2024-09-15,P064,291,85.57,0,None
PR07504,2024-09-24,P007,73,27.61,0,None
PR07505,2024-06-15,P010,483,119.98,0,None
PR07506,2023-08-26,P011,121,18.55,0,None
PR07507,2023-10-17,P068,440,67.94,0,None
PR07508,2023-03-15,P048,66,27.83,0,None
PR07509,2024-02-28,P056,127,25.66,0,None
PR07510,2023-11-28,P086,224,34.12,0,None
PR07511,2024-10-10,P016,319,128.3,0,None
PR07512,2023-03-21,P057,309,34.13,0,None
PR07513,2023-07-15,P073,498,111.88,0,None
PR07514,2024-10-25,P022,429,178.66,0,None
PR07515,2024-05-20,P021,77,34.94,0,None
PR07516,2024-06-07,P067,373,175.47,0,None
PR07517,2023-01-25,P095,490,109.01,0,None
PR07518,2024-09-16,P064,120,13.29,0,None
PR07519,2024-03-04,P037,110,15.65,0,None
PR07520,2024-12-29,P004,426,172.57,0,None
PR07521,2023-06-18,P078,225,77.57,0,None
PR07522,2024-01-29,P067,168,20.05,0,None
PR07523,2023-07-04,P095,247,98.66,0,None
PR07524,2023-01-22,P074,221,94.78,0,None
PR07525,2023-08-22,P084,271,36.45,0,None
PR07526,2023-09-29,P027,380,50.52,0,None
PR07527,2023-08-02,P086,82,27.6,0,None
PR07528,2024-12-08,P020,336,148.83,0,None
PR07529,2023-09-09,P093,238,89.65,0,None
PR07530,2024-08-31,P065,499,140.21,0,None
PR07531,2024-12-13,P063,402,41.15,0,None
PR07532,2024-02-02,P059,491,234.88,0,None
PR07533,2024-09-22,P083,421,193.9,34,Overproduction
PR07534,2023-04-29,P005,362,104.79,0,None
PR07535,2023-06-03,P038,229,28.4,7,Spoilage
PR07536,2024-01-26,P074,304,60.47,0,None
PR07537,2024-10-22,P068,342,38.36,0,None
PR07538,2023-11-27,P019,97,48.1,0,None
PR07539,2024-05-04,P046,217,105.22,0,None
PR07540,2023-04-01,P014,261,55.82,18,Defective Material
PR07541,2023-11-26,P074,280,59.98,0,None
PR07542,2024-09-15,P003,439,80.55,0,None
PR07543,2023-09-26,P096,285,78.36,0,None
PR07544,2024-09-28,P063,53,11.32,0,None
PR07545,2024-11-05,P057,204,23.56,0,None
PR07546,2024-08-10,P099,224,48.04,0,None
PR07547,2024-08-17,P100,234,108.33,10,Production Error
PR07548,2024-11-27,P036,499,54.48,0,None
PR07549,2023-02-09,P026,56,21.48,0,None
PR07550,2024-10-30,P015,429,172.83,0,None
PR07551,2024-01-02,P044,50,15.17,0,None
PR07552,2023-05-06,P070,464,93.12,37,Defective Material
PR07553,2023-09-23,P036,498,67.08,0,None
PR07554,2023-08-13,P036,460,201.9,0,None
PR07555,2023-10-27,P093,260,121.94,0,None
PR07556,2023-03-11,P098,200,20.55,4,Spoilage
PR07557,2023-10-27,P052,182,56.53,3,Spoilage
PR07558,2023-08-01,P005,274,84.16,0,None
PR07559,2023-09-03,P070,139,33.43,0,None
PR07560,2023-07-28,P027,365,157.75,0,None
PR07561,2024-04-08,P007,57,19.97,0,None
PR07562,2024-02-13,P090,483,152.01,34,Defective Material
PR07563,2024-01-29,P042,167,63.46,0,None
PR07564,2023-12-15,P092,475,108.57,0,None
PR07565,2024-09-16,P013,62,12.89,0,None
PR07566,2024-06-21,P051,232,39.55,0,None
PR07567,2023-05-21,P039,273,110.5,0,None
PR07568,2024-09-06,P096,317,78.81,0,None
PR07569,2023-02-03,P077,455,225.65,0,None
PR07570,2023-01-16,P050,87,36.74,0,None
PR07571,2024-02-25,P021,298,135.71,2,Overproduction
PR07572,2023-08-01,P077,441,156.06,0,None
PR07573,2023-12-05,P091,155,52.67,0,None
PR07574,2023-08-29,P094,272,33.13,0,None
PR07575,2024-02-29,P051,470,201.48,0,None
PR07576,2023-03-24,P032,391,192.9,7,Spoilage
PR07577,2023-12-01,P002,165,29.82,0,None
PR07578,2023-06-18,P025,185,88.63,0,None
PR07579,2024-02-22,P030,366,78.54,0,None
PR07580,2023-01-16,P004,426,160.44,0,None
PR07581,2024-01-02,P032,333,85.9,0,None
PR07582,2023-10-23,P047,50,8.7,0,None
PR07583,2023-05-09,P058,446,86.11,0,None
PR07584,2024-11-08,P025,319,73.62,0,None
PR07585,2024-08-07,P024,68,29.43,0,None
PR07586,2023-02-11,P022,205,39.47,1,Production Error
PR07587,2024-02-06,P076,227,99.55,0,None
PR07588,2023-08-04,P085,387,55.28,0,None
PR07589,2023-10-15,P005,243,39.17,0,None
PR07590,2024-10-11,P016,114,43.41,3,Production Error
PR07591,2023-05-05,P024,473,74.54,0,None
PR07592,2023-09-10,P030,207,40.62,0,None
PR07593,2023-09-13,P051,274,103.19,3,Production Error
PR07594,2024-12-19,P098,222,75.03,15,Production Error
PR07595,2023-11-15,P067,58,23.18,0,None
PR07596,2024-05-23,P047,171,55.8,0,None
PR07597,2023-09-06,P084,465,124.45,0,None
PR07598,2024-06-02,P040,260,44.77,0,None
PR07599,2023-05-29,P023,280,79.96,0,None
PR07600,2024-02-06,P079,188,59.01,3,Overproduction
PR07601,2023-05-19,P025,336,94.36,0,None
PR07602,2023-07-26,P100,203,58.27,0,None
PR07603,2024-08-23,P082,149,39.2,4,Overproduction
PR07604,2023-09-01,P084,147,21.94,0,None
PR07605,2023-02-13,P037,274,127.65,0,None
PR07606,2023-08-30,P063,494,90.37,34,Spoilage
PR07607,2024-08-29,P014,287,110.95,21,Production Error
PR07608,2023-07-03,P078,425,130.15,26,Production Error
PR07609,2023-03-03,P001,124,46.75,0,None
PR07610,2024-09-05,P059,424,119.7,0,None
PR07611,2024-05-21,P079,300,104.96,0,None
PR07612,2023-11-01,P030,496,143.07,0,None
PR07613,2023-03-02,P015,246,24.73,0,None
PR07614,2024-06-11,P028,65,15.3,0,None
PR07615,2023-05-29,P071,140,64.54,0,None
PR07616,2024-12-20,P040,436,149.56,0,None
PR07617,2023-12-08,P074,401,84.1,0,None
PR07618,2024-08-17,P031,104,37.32,7,Spoilage
PR07619,2023-05-22,P012,481,215.63,0,None
PR07620,2024-02-19,P023,489,209.5,0,None
PR07621,2024-04-23,P015,429,45.03,0,None
PR07622,2023-03-23,P079,334,140.28,0,None
PR07623,2024-01-09,P074,235,102.16,0,None
PR07624,2024-07-05,P003,222,32.0,0,None
PR07625,2024-08-26,P052,83,12.52,2,Overproduction
PR07626,2023-11-27,P079,499,235.83,29,Defective Material
PR07627,2024-11-13,P028,148,62.67,0,None
PR07628,2024-03-03,P064,102,11.67,0,None
PR07629,2023-11-18,P022,371,94.1,0,None
PR07630,2024-01-07,P002,458,85.99,0,None
PR07631,2023-09-12,P094,488,141.31,0,None
PR07632,2024-03-02,P023,425,93.2,0,None
PR07633,2023-05-12,P014,377,180.41,0,None
PR07634,2023-08-07,P012,437,189.97,0,None
PR07635,2023-02-13,P070,304,77.63,0,None
PR07636,2024-09-11,P037,375,177.89,0,None
PR07637,2024-05-20,P028,180,87.28,17,Production Error
PR07638,2023-04-07,P007,229,103.81,0,None
PR07639,2023-05-14,P074,419,82.57,23,Spoilage
PR07640,2024-04-25,P039,241,97.67,0,None
PR07641,2024-03-15,P051,194,81.08,6,Spoilage
PR07642,2023-07-01,P028,68,28.31,0,None
PR07643,2023-12-15,P064,295,40.31,0,None
PR07644,2023-12-31,P073,139,49.55,0,None
PR07645,2023-04-10,P077,476,175.29,42,Overproduction
PR07646,2023-12-08,P066,253,41.83,0,None
PR07647,2023-05-10,P041,343,68.82,0,None
PR07648,2023-01-05,P057,51,18.31,0,None
PR07649,2024-01-01,P086,206,87.39,0,None
PR07650,2024-03-04,P025,475,226.08,0,None
PR07651,2023-11-18,P083,475,221.76,0,None
PR07652,2024-12-24,P098,141,27.86,0,None
PR07653,2023-03-13,P057,347,106.93,0,None
PR07654,2023-10-14,P020,102,18.43,0,None
PR07655,2024-10-29,P011,271,60.66,10,Spoilage
PR07656,2023-08-04,P098,129,61.69,0,None
PR07657,2023-09-25,P012,83,24.93,0,None
PR07658,2024-12-31,P071,331,123.9,0,None
PR07659,2024-03-08,P025,213,31.88,0,None
PR07660,2024-03-04,P014,432,178.19,0,None
PR07661,2024-11-16,P002,184,43.35,7,Defective Material
PR07662,2023-03-07,P018,357,49.15,0,None
PR07663,2024-07-17,P080,200,87.3,0,None
PR07664,2024-06-14,P060,265,52.86,0,None
PR07665,2024-01-28,P036,350,101.7,0,None
PR07666,2024-10-01,P072,307,79.47,0,None
PR07667,2024-03-02,P006,497,236.75,0,None
PR07668,2023-11-07,P031,109,34.67,0,None
PR07669,2024-10-13,P054,398,124.67,0,None
PR07670,2024-01-20,P073,302,44.85,0,None
PR07671,2023-04-21,P055,57,18.0,0,None
PR07672,2023-08-04,P089,257,69.2,0,None
PR07673,2024-10-25,P086,421,119.37,0,None
PR07674,2024-01-23,P082,475,62.89,0,None
PR07675,2024-04-03,P036,423,200.72,37,Spoilage
PR07676,2023-02-04,P015,330,86.55,0,None
PR07677,2023-10-27,P067,316,53.63,0,None
PR07678,2024-05-21,P006,450,53.88,0,None
PR07679,2024-07-13,P077,80,27.41,0,None
PR07680,2024-03-21,P095,249,118.99,0,None
PR07681,2023-05-01,P038,334,100.48,0,None
PR07682,2024-01-23,P046,427,150.96,0,None
PR07683,2023-11-11,P018,465,174.01,0,None
PR07684,2024-08-19,P004,244,79.9,0,None
PR07685,2024-07-22,P059,95,16.14,0,None
PR07686,2024-05-05,P015,299,33.57,24,Production Error
PR07687,2023-01-12,P026,269,90.09,0,None
PR07688,2024-01-22,P010,80,35.49,0,None
PR07689,2023-08-10,P071,311,67.44,0,None
PR07690,2024-09-12,P079,196,32.09,0,None
PR07691,2024-03-06,P054,95,32.91,1,Overproduction
PR07692,2024-12-01,P015,477,161.92,0,None
PR07693,2023-11-17,P065,321,92.62,0,None
PR07694,2024-06-26,P084,450,138.09,0,None
PR07695,2023-07-31,P082,469,102.62,0,None
PR07696,2023-12-16,P008,467,199.07,0,None
PR07697,2024-04-21,P037,257,95.18,0,None
PR07698,2024-10-19,P038,353,127.56,0,None
PR07699,2024-08-03,P012,418,134.19,0,None
PR07700,2023-12-09,P092,159,29.75,0,None
PR07701,2024-04-25,P032,284,32.97,0,None
PR07702,2023-12-19,P019,455,149.42,0,None
PR07703,2023-09-25,P096,197,81.88,0,None
PR07704,2023-06-17,P063,64,17.51,0,None
PR07705,2024-08-08,P014,225,45.78,0,None
PR07706,2023-10-19,P091,106,41.54,0,None
PR07707,2023-09-23,P078,305,144.29,0,None
PR07708,2023-09-27,P044,416,104.07,0,None
PR07709,2023-12-10,P048,377,56.05,0,None
PR07710,2024-10-09,P084,215,45.21,0,None
PR07711,2023-03-21,P005,399,71.06,0,None
PR07712,2024-07-14,P016,376,51.53,0,None
PR07713,2023-08-08,P067,99,40.22,0,None
PR07714,2023-04-02,P038,497,108.12,0,None
PR07715,2023-08-07,P026,395,149.8,16,Spoilage
PR07716,2024-10-29,P086,387,96.75,0,None
PR07717,2024-11-17,P083,490,84.81,0,None
PR07718,2023-08-20,P091,480,126.87,0,None
PR07719,2023-11-23,P086,346,63.06,0,None
PR07720,2024-08-12,P018,73,14.55,0,None
PR07721,2024-03-26,P027,215,45.03,7,Overproduction
PR07722,2023-10-09,P046,196,96.62,0,None
PR07723,2024-04-12,P094,68,12.36,1,Production Error
PR07724,2024-10-12,P032,173,41.98,0,None
PR07725,2024-04-19,P042,434,89.17,0,None
PR07726,2024-08-02,P075,340,93.58,0,None
PR07727,2024-07-20,P076,403,121.1,0,None
PR07728,2023-01-18,P042,131,40.48,0,None
PR07729,2024-07-02,P060,271,29.94,0,None
PR07730,2024-09-23,P090,227,70.47,0,None
PR07731,2024-11-08,P057,308,119.2,0,None
PR07732,2024-07-08,P071,238,104.99,0,None
PR07733,2024-05-27,P065,125,54.94,0,None
PR07734,2023-01-14,P016,400,190.6,0,None
PR07735,2024-07-27,P012,370,173.47,0,None
PR07736,2024-12-10,P076,386,190.25,0,None
PR07737,2024-08-07,P057,123,35.39,6,Overproduction
PR07738,2023-01-28,P038,400,152.89,0,None
PR07739,2023-07-11,P010,89,10.12,0,None
PR07740,2024-07-03,P032,255,31.41,0,None
PR07741,2024-07-13,P005,486,49.51,0,None
PR07742,2024-03-17,P037,201,54.04,0,None
PR07743,2023-06-27,P057,367,84.38,0,None
PR07744,2023-07-25,P009,132,32.09,0,None
PR07745,2023-06-28,P056,53,9.91,0,None
PR07746,2023-05-07,P020,300,53.82,0,None
PR07747,2023-10-21,P008,87,36.84,0,None
PR07748,2023-11-19,P015,484,202.04,0,None
PR07749,2024-11-01,P041,78,9.51,0,None
PR07750,2024-03-09,P080,432,58.12,0,None
PR07751,2023-05-17,P090,177,78.06,0,None
PR07752,2024-07-16,P008,424,144.28,0,None
PR07753,2023-05-15,P053,470,124.68,0,None
PR07754,2024-02-26,P085,56,14.79,0,None
PR07755,2024-08-30,P051,224,24.11,0,None
PR07756,2023-11-23,P074,349,136.08,0,None
PR07757,2023-08-14,P093,389,163.84,0,None
PR07758,2024-07-26,P053,292,40.75,0,None
PR07759,2024-12-26,P051,110,17.76,0,None
PR07760,2023-04-08,P072,223,73.3,0,None
PR07761,2023-10-10,P004,199,39.02,0,None
PR07762,2024-11-16,P004,448,53.55,0,None
PR07763,2023-12-28,P015,270,93.48,0,None
PR07764,2024-03-24,P040,283,84.0,0,None
PR07765,2024-09-30,P051,479,131.05,0,None
PR07766,2023-06-06,P011,379,174.14,0,None
PR07767,2024-12-16,P025,96,46.07,0,None
PR07768,2024-11-06,P030,453,193.39,0,None
PR07769,2023-11-02,P022,391,90.83,0,None
PR07770,2024-09-17,P053,432,144.82,0,None
PR07771,2024-04-19,P034,195,88.55,0,None
PR07772,2023-10-15,P003,140,38.63,1,Spoilage
PR07773,2023-08-23,P023,340,128.07,0,None
PR07774,2023-11-10,P025,368,84.77,0,None
PR07775,2024-06-29,P033,470,118.47,0,None
PR07776,2024-12-28,P099,121,51.04,0,None
PR07777,2023-04-14,P037,272,98.24,0,None
PR07778,2024-08-07,P005,400,136.17,15,Defective Material
PR07779,2023-10-21,P042,186,62.01,0,None
PR07780,2024-08-04,P023,102,43.0,0,None
PR07781,2024-08-29,P066,450,195.74,16,Defective Material
PR07782,2023-10-03,P059,449,62.19,0,None
PR07783,2023-07-27,P027,133,60.69,0,None
PR07784,2023-01-23,P094,141,69.66,0,None
PR07785,2024-08-11,P081,478,168.39,0,None
PR07786,2023-06-27,P028,163,72.11,0,None
PR07787,2023-10-29,P073,411,69.34,0,None
PR07788,2024-09-04,P024,427,174.79,0,None
PR07789,2024-11-25,P002,206,95.34,0,None
PR07790,2023-07-02,P062,148,48.15,0,None
PR07791,2024-11-02,P013,254,55.7,0,None
PR07792,2023-06-07,P040,281,129.85,0,None
PR07793,2024-09-28,P053,344,57.46,0,None
PR07794,2023-08-17,P070,350,120.89,25,Production Error
PR07795,2023-08-02,P074,110,20.82,0,None
PR07796,2023-05-26,P062,100,13.03,4,Defective Material
PR07797,2023-12-22,P036,265,108.49,0,None
PR07798,2024-10-24,P064,204,69.91,0,None
PR07799,2023-06-05,P002,360,165.9,0,None
PR07800,2023-11-23,P074,389,160.92,0,None
PR07801,2023-10-30,P007,389,149.18,0,None
PR07802,2023-06-03,P052,74,20.55,4,Production Error
PR07803,2023-07-23,P012,117,44.04,0,None
PR07804,2024-12-16,P031,316,75.2,0,None
PR07805,2024-03-10,P066,257,40.17,0,None
PR07806,2023-07-20,P053,259,50.96,0,None
PR07807,2024-05-03,P038,227,58.65,0,None
PR07808,2024-10-19,P019,248,39.25,0,None
PR07809,2023-03-20,P064,376,111.05,0,None
PR07810,2023-04-09,P047,104,38.32,0,None
PR07811,2024-05-24,P037,377,163.67,31,Defective Material
PR07812,2023-12-02,P035,469,216.29,0,None
PR07813,2024-03-06,P094,71,31.7,0,None
PR07814,2023-05-14,P063,188,43.27,0,None
PR07815,2023-07-31,P053,363,161.32,0,None
PR07816,2023-04-03,P088,412,86.09,0,None
PR07817,2024-08-26,P080,388,55.79,0,None
PR07818,2024-06-17,P053,289,140.41,0,None
PR07819,2023-04-07,P012,303,77.64,0,None
PR07820,2023-12-22,P051,273,113.47,0,None
PR07821,2023-10-27,P007,320,152.96,0,None
PR07822,2023-03-24,P065,376,85.04,0,None
PR07823,2024-12-08,P094,247,38.37,0,None
PR07824,2023-06-04,P045,303,147.14,0,None
PR07825,2024-09-16,P010,368,47.66,28,Spoilage
PR07826,2023-06-25,P019,105,32.26,0,None
PR07827,2023-06-08,P068,236,111.49,0,None
PR07828,2024-04-01,P043,384,161.42,0,None
PR07829,2024-11-28,P058,328,70.13,12,Production Error
PR07830,2023-06-15,P046,126,38.03,0,None
PR07831,2023-02-15,P015,96,44.32,3,Spoilage
PR07832,2024-03-06,P063,376,111.26,0,None
PR07833,2023-10-27,P085,250,74.96,16,Spoilage
PR07834,2023-01-21,P058,156,73.75,0,None
PR07835,2024-02-25,P074,303,132.08,0,None
PR07836,2024-12-02,P076,473,57.9,0,None
PR07837,2023-03-12,P098,317,113.41,0,None
PR07838,2024-12-10,P038,404,157.67,0,None
PR07839,2024-07-10,P007,86,28.89,0,None
PR07840,2024-10-04,P066,215,92.75,0,None
PR07841,2023-04-14,P063,312,120.23,0,None
PR07842,2023-03-01,P058,370,98.55,0,None
PR07843,2023-06-01,P077,448,185.21,0,None
PR07844,2023-07-05,P062,279,97.54,2,Spoilage
PR07845,2024-03-23,P043,136,66.85,0,None
PR07846,2024-08-22,P033,328,137.21,0,None
PR07847,2023-09-24,P009,61,15.63,0,None
PR07848,2023-04-09,P077,266,40.18,0,None
PR07849,2024-10-19,P055,98,25.04,2,Spoilage
PR07850,2023-05-26,P082,148,64.88,0,None
PR07851,2024-05-25,P038,487,241.44,0,None
PR07852,2024-09-16,P058,187,25.1,11,Spoilage
PR07853,2024-12-25,P001,143,23.38,0,None
PR07854,2023-05-27,P087,299,38.11,0,None
PR07855,2023-11-13,P028,483,193.41,0,None
PR07856,2023-01-21,P081,125,23.99,0,None
PR07857,2024-11-04,P042,289,33.98,0,None
PR07858,2024-01-07,P099,476,206.34,0,None
PR07859,2023-08-18,P053,261,62.43,0,None
PR07860,2023-07-12,P045,120,52.87,0,None
PR07861,2023-10-15,P005,203,83.52,0,None
PR07862,2023-01-25,P030,350,53.43,0,None
PR07863,2024-12-08,P018,244,48.24,0,None
PR07864,2023-06-15,P031,67,18.22,4,Production Error
PR07865,2024-01-07,P018,58,14.32,0,None
PR07866,2024-09-07,P077,287,69.07,0,None
PR07867,2023-07-27,P081,311,39.11,0,None
PR07868,2024-10-09,P002,336,58.06,0,None
PR07869,2023-12-09,P070,174,79.5,0,None
PR07870,2024-04-21,P073,205,79.31,0,None
PR07871,2024-09-06,P043,439,193.38,0,None
PR07872,2023-02-27,P065,124,18.82,8,Defective Material
PR07873,2023-02-10,P028,277,107.77,0,None
PR07874,2023-09-29,P061,349,74.4,0,None
PR07875,2024-09-13,P089,223,43.8,0,None
PR07876,2024-02-19,P037,420,182.62,0,None
PR07877,2024-05-15,P059,428,79.06,0,None
PR07878,2024-02-26,P080,187,25.27,0,None
PR07879,2024-04-14,P025,487,102.64,0,None
PR07880,2024-04-10,P098,236,44.68,0,None
PR07881,2023-12-26,P026,372,120.66,0,None
PR07882,2023-06-02,P071,198,98.33,0,None
PR07883,2023-02-12,P066,233,45.06,0,None
PR07884,2023-11-08,P051,228,41.75,0,None
PR07885,2023-05-11,P079,66,26.96,0,None
PR07886,2023-05-12,P051,66,12.67,0,None
PR07887,2023-08-10,P045,491,92.22,0,None
PR07888,2023-03-31,P026,119,24.88,0,None
PR07889,2024-04-28,P079,275,78.44,0,None
PR07890,2023-05-12,P017,158,27.54,0,None
PR07891,2023-08-27,P067,55,24.02,0,None
PR07892,2023-06-17,P068,184,50.33,0,None
PR07893,2023-06-02,P015,191,84.4,0,None
PR07894,2024-01-18,P054,266,122.97,0,None
PR07895,2023-05-20,P036,125,27.28,0,None
PR07896,2024-06-25,P011,64,12.69,0,None
PR07897,2023-12-15,P038,203,66.9,0,None
PR07898,2024-03-16,P073,192,23.81,0,None
PR07899,2023-06-05,P079,169,32.42,0,None
PR07900,2023-12-08,P043,254,43.81,0,None
PR07901,2024-10-16,P085,296,107.1,0,None
PR07902,2023-09-29,P081,366,116.43,0,None
PR07903,2024-11-26,P022,220,62.5,0,None
PR07904,2024-08-20,P031,275,66.03,0,None
PR07905,2024-07-06,P005,357,145.43,0,None
PR07906,2023-02-26,P045,469,196.96,0,None
PR07907,2023-09-13,P076,348,170.88,0,None
PR07908,2023-08-08,P023,302,147.04,0,None
PR07909,2024-11-23,P069,177,30.71,0,None
PR07910,2024-11-22,P088,149,20.7,0,None
PR07911,2024-12-21,P044,368,117.36,0,None
PR07912,2023-07-09,P048,216,107.95,0,None
PR07913,2023-10-23,P073,187,36.07,0,None
PR07914,2023-01-10,P016,247,87.82,0,None
PR07915,2023-02-24,P100,333,77.17,0,None
PR07916,2023-03-29,P096,130,50.85,0,None
PR07917,2023-08-15,P004,397,104.32,0,None
PR07918,2023-11-19,P097,381,80.63,0,None
PR07919,2023-11-20,P024,181,87.1,0,None
PR07920,2023-12-19,P028,346,169.76,0,None
PR07921,2023-03-27,P095,102,19.68,0,None
PR07922,2024-07-03,P066,143,30.15,0,None
PR07923,2023-03-29,P017,299,37.77,0,None
PR07924,2024-06-23,P077,117,39.14,0,None
PR07925,2023-03-23,P085,413,134.89,0,None
PR07926,2024-10-25,P010,405,84.25,20,Defective Material
PR07927,2023-08-08,P045,124,29.63,0,None
PR07928,2024-12-24,P081,383,64.49,0,None
PR07929,2023-10-03,P047,430,90.98,4,Production Error
PR07930,2023-01-30,P008,58,14.29,0,None
PR07931,2023-05-20,P025,400,107.82,38,Defective Material
PR07932,2023-05-01,P039,403,104.17,0,None
PR07933,2023-07-22,P040,336,84.74,0,None
PR07934,2023-06-14,P049,342,119.87,0,None
PR07935,2024-03-17,P094,175,31.96,6,Overproduction
PR07936,2024-09-04,P065,146,54.14,0,None
PR07937,2024-05-20,P030,493,102.77,0,None
PR07938,2024-07-03,P040,320,57.11,1,Spoilage
PR07939,2024-06-28,P086,182,45.47,0,None
PR07940,2024-10-24,P081,231,29.03,0,None
PR07941,2024-04-15,P042,186,52.72,0,None
PR07942,2023-06-30,P087,405,160.5,0,None
PR07943,2024-11-16,P056,181,46.13,0,None
PR07944,2023-12-18,P005,476,218.36,10,Spoilage
PR07945,2024-01-29,P030,71,27.26,0,None
PR07946,2024-07-17,P023,311,115.73,0,None
PR07947,2024-02-01,P078,347,61.67,0,None
PR07948,2024-10-17,P097,458,188.36,30,Spoilage
PR07949,2024-01-29,P055,176,71.14,0,None
PR07950,2024-04-01,P081,241,37.27,0,None
PR07951,2024-09-06,P038,82,28.19,0,None
PR07952,2024-05-20,P025,186,36.71,0,None
PR07953,2023-03-21,P045,144,29.33,11,Spoilage
PR07954,2023-06-15,P069,470,148.73,9,Overproduction
PR07955,2024-11-30,P043,409,199.06,0,None
PR07956,2024-01-03,P045,492,102.69,0,None
PR07957,2024-10-04,P032,174,55.89,0,None
PR07958,2023-01-06,P031,420,172.56,0,None
PR07959,2023-12-19,P059,378,69.99,0,None
PR07960,2023-08-24,P082,494,161.09,0,None
PR07961,2024-10-31,P032,378,177.81,0,None
PR07962,2023-12-11,P024,174,18.13,0,None
PR07963,2023-09-14,P092,158,70.58,5,Production Error
PR07964,2023-12-17,P008,242,52.17,0,None
PR07965,2023-05-25,P060,384,100.47,0,None
PR07966,2024-05-08,P041,488,149.98,0,None
PR07967,2023-01-26,P062,224,69.25,0,None
PR07968,2024-09-24,P066,461,179.04,0,None
PR07969,2023-12-19,P040,340,34.38,0,None
PR07970,2024-05-02,P052,357,177.57,27,Overproduction
PR07971,2023-07-06,P035,340,107.03,0,None
PR07972,2023-05-24,P019,290,142.58,2,Defective Material
PR07973,2023-04-20,P073,445,106.14,0,None
PR07974,2024-07-24,P011,490,91.7,0,None
PR07975,2024-04-15,P030,78,26.62,0,None
PR07976,2023-04-20,P087,352,124.1,0,None
PR07977,2023-09-08,P024,175,28.62,5,Spoilage
PR07978,2024-09-30,P007,134,35.23,0,None
PR07979,2023-05-20,P063,298,120.72,0,None
PR07980,2023-06-02,P007,78,23.19,0,None
PR07981,2023-09-25,P080,421,45.25,30,Production Error
PR07982,2023-10-13,P031,114,16.35,0,None
PR07983,2024-06-08,P018,238,50.88,0,None
PR07984,2023-08-07,P032,247,57.55,0,None
PR07985,2024-10-16,P023,293,118.76,11,Production Error
PR07986,2023-02-20,P090,279,58.36,0,None
PR07987,2024-04-24,P094,245,43.27,0,None
PR07988,2024-12-24,P023,362,79.71,0,None
PR07989,2024-05-20,P055,220,60.32,0,None
PR07990,2024-10-08,P078,403,181.65,0,None
PR07991,2023-08-18,P060,439,125.87,0,None
PR07992,2023-12-29,P001,479,66.44,0,None
PR07993,2024-12-05,P075,174,65.13,0,None
PR07994,2024-08-28,P073,215,28.31,0,None
PR07995,2023-09-14,P036,255,80.2,0,None
PR07996,2023-06-01,P076,68,8.28,0,None
PR07997,2024-03-28,P100,184,87.9,0,None
PR07998,2024-07-29,P099,206,24.68,12,Spoilage
PR07999,2024-03-09,P040,408,153.96,0,None
PR08000,2023-06-14,P036,169,74.88,0,None
PR08001,2024-08-15,P008,225,42.65,5,Spoilage
PR08002,2024-01-08,P052,402,84.25,0,None
PR08003,2024-09-29,P059,208,95.87,0,None
PR08004,2024-12-23,P081,165,66.06,0,None
PR08005,2024-02-15,P085,162,79.79,0,None
PR08006,2024-09-07,P008,159,27.13,0,None
PR08007,2023-01-21,P038,168,62.44,0,None
PR08008,2024-10-31,P039,487,201.6,0,None
PR08009,2024-04-27,P088,264,29.49,0,None
PR08010,2023-07-12,P100,462,47.08,0,None
PR08011,2023-12-30,P066,400,170.51,0,None
PR08012,2023-02-01,P062,159,58.92,0,None
PR08013,2023-01-05,P009,139,38.29,0,None
PR08014,2023-06-08,P049,326,128.75,0,None
PR08015,2024-08-24,P046,280,71.76,0,None
PR08016,2024-08-24,P008,265,60.33,0,None
PR08017,2024-03-13,P053,256,73.32,0,None
PR08018,2023-11-25,P066,135,32.59,0,None
PR08019,2023-03-06,P071,282,78.2,0,None
PR08020,2024-10-03,P094,478,234.31,0,None
PR08021,2024-07-26,P098,75,27.43,0,None
PR08022,2024-07-17,P076,171,79.95,0,None
PR08023,2023-03-25,P079,440,48.27,0,None
PR08024,2023-03-29,P010,309,41.85,5,Defective Material
PR08025,2023-08-05,P004,200,88.34,0,None
PR08026,2023-08-31,P027,379,57.21,0,None
PR08027,2024-12-01,P028,101,13.34,0,None
PR08028,2024-09-27,P035,89,38.93,0,None
PR08029,2024-12-21,P076,213,33.54,0,None
PR08030,2024-11-01,P098,225,59.97,0,None
PR08031,2024-12-02,P029,83,25.63,0,None
PR08032,2023-03-11,P089,459,181.25,0,None
PR08033,2023-04-06,P049,431,210.49,0,None
PR08034,2023-09-15,P051,270,91.91,0,None
PR08035,2024-01-16,P053,464,69.78,17,Defective Material
PR08036,2024-06-12,P014,220,98.08,0,None
PR08037,2024-07-18,P094,291,67.71,0,None
PR08038,2023-04-10,P001,278,123.32,0,None
PR08039,2024-04-16,P028,443,137.69,0,None
PR08040,2024-08-19,P021,141,32.58,0,None
PR08041,2023-01-02,P094,404,81.28,0,None
PR08042,2023-03-30,P054,196,75.32,0,None
PR08043,2024-05-21,P034,332,61.6,0,None
PR08044,2024-10-06,P014,499,96.56,0,None
PR08045,2024-11-13,P066,374,68.67,0,None
PR08046,2024-09-07,P048,311,92.52,0,None
PR08047,2023-03-12,P010,279,130.85,0,None
PR08048,2023-05-31,P089,108,25.45,0,None
PR08049,2023-05-22,P058,109,44.62,0,None
PR08050,2024-11-24,P088,349,150.76,0,None
PR08051,2023-12-31,P054,191,51.68,0,None
PR08052,2024-08-01,P020,340,143.7,0,None
PR08053,2024-03-27,P088,113,24.48,0,None
PR08054,2023-09-12,P072,472,196.68,0,None
PR08055,2024-03-06,P066,209,21.88,0,None
PR08056,2024-06-29,P096,315,82.05,0,None
PR08057,2024-04-26,P014,224,99.7,0,None
PR08058,2024-10-28,P062,176,58.76,0,None
PR08059,2024-04-16,P079,400,117.85,0,None
PR08060,2024-07-12,P032,228,39.94,20,Production Error
PR08061,2024-05-24,P043,407,74.79,0,None
PR08062,2024-03-28,P024,147,36.75,0,None
PR08063,2023-12-05,P020,190,89.38,0,None
PR08064,2023-08-31,P053,64,19.83,0,None
PR08065,2024-05-07,P012,240,95.12,5,Production Error
PR08066,2023-06-08,P063,470,170.89,0,None
PR08067,2023-03-04,P085,332,33.3,0,None
PR08068,2023-12-14,P099,80,39.32,7,Overproduction
PR08069,2023-05-24,P056,119,22.11,0,None
PR08070,2023-05-05,P099,62,7.12,0,None
PR08071,2024-04-30,P075,136,61.38,0,None
PR08072,2024-12-15,P050,131,21.43,0,None
PR08073,2023-04-19,P002,470,124.64,42,Overproduction
PR08074,2023-07-03,P054,380,68.95,0,None
PR08075,2024-07-05,P010,240,77.09,0,None
PR08076,2024-01-10,P080,451,121.63,0,None
PR08077,2023-08-14,P009,421,177.38,15,Production Error
PR08078,2024-03-04,P066,478,178.81,0,None
PR08079,2024-09-11,P019,366,130.66,0,None
PR08080,2024-07-08,P001,493,239.99,0,None
PR08081,2024-03-12,P094,258,77.55,0,None
PR08082,2024-04-08,P043,206,31.17,0,None
PR08083,2024-11-26,P013,473,53.64,0,None
PR08084,2024-05-17,P028,488,185.73,0,None
PR08085,2023-03-21,P049,376,157.98,0,None
PR08086,2024-07-09,P012,70,19.23,0,None
PR08087,2023-02-07,P010,113,48.06,8,Spoilage
PR08088,2023-02-09,P079,342,41.43,0,None
PR08089,2024-08-07,P057,477,127.03,0,None
PR08090,2024-12-22,P090,352,104.05,0,None
PR08091,2024-03-21,P054,415,199.24,0,None
PR08092,2023-05-01,P015,389,68.92,0,None
PR08093,2023-03-11,P026,439,197.81,0,None
PR08094,2023-08-11,P008,397,127.25,0,None
PR08095,2023-07-06,P087,476,50.12,0,None
PR08096,2024-03-02,P015,163,24.02,0,None
PR08097,2024-12-16,P056,283,124.41,0,None
PR08098,2023-05-01,P035,111,15.65,0,None
PR08099,2024-12-24,P087,100,10.74,0,None
PR08100,2023-02-02,P031,113,19.52,0,None
PR08101,2024-01-16,P051,177,33.86,0,None
PR08102,2024-11-20,P090,333,84.36,23,Overproduction
PR08103,2023-01-10,P062,472,118.78,0,None
PR08104,2024-01-24,P096,51,15.01,0,None
PR08105,2024-07-17,P059,248,64.17,0,None
PR08106,2023-02-18,P040,54,26.52,3,Defective Material
PR08107,2023-06-02,P071,155,71.71,0,None
PR08108,2023-12-02,P049,192,79.66,0,None
PR08109,2024-04-08,P036,220,58.19,0,None
PR08110,2024-03-06,P039,416,138.17,0,None
PR08111,2023-01-20,P085,368,158.52,0,None
PR08112,2023-06-09,P026,484,190.33,0,None
PR08113,2023-01-03,P042,174,35.71,11,Production Error
PR08114,2023-11-17,P079,111,53.41,0,None
PR08115,2023-08-10,P033,447,98.75,0,None
PR08116,2024-12-05,P084,325,76.22,0,None
PR08117,2023-02-08,P066,276,32.19,0,None
PR08118,2023-09-19,P019,264,52.67,0,None
PR08119,2024-05-01,P062,319,73.19,4,Overproduction
PR08120,2023-10-30,P045,102,34.86,1,Production Error
PR08121,2023-09-20,P080,249,28.66,0,None
PR08122,2024-11-15,P095,357,38.34,0,None
PR08123,2024-01-21,P024,399,153.22,0,None
PR08124,2023-12-05,P022,212,45.05,0,None
PR08125,2023-02-12,P076,451,112.86,0,None
PR08126,2023-05-09,P077,198,56.65,0,None
PR08127,2024-06-29,P025,267,40.01,0,None
PR08128,2023-07-14,P100,418,170.38,40,Production Error
PR08129,2024-04-09,P070,81,25.21,0,None
PR08130,2023-06-29,P055,473,235.17,28,Spoilage
PR08131,2023-01-27,P081,311,145.31,0,None
PR08132,2023-08-07,P060,243,29.51,0,None
PR08133,2024-02-23,P019,276,122.75,0,None
PR08134,2023-10-01,P071,128,45.92,0,None
PR08135,2024-10-29,P059,178,52.4,16,Production Error
PR08136,2023-05-11,P024,429,122.54,0,None
PR08137,2024-11-14,P071,492,106.46,13,Defective Material
PR08138,2024-03-26,P084,171,47.52,0,None
PR08139,2023-03-05,P085,350,81.8,0,None
PR08140,2024-06-29,P053,353,90.3,17,Spoilage
PR08141,2023-10-03,P056,311,97.06,0,None
PR08142,2023-11-27,P061,412,82.75,0,None
PR08143,2024-11-06,P092,99,41.67,0,None
PR08144,2024-07-11,P053,144,47.15,0,None
PR08145,2023-03-23,P070,164,69.91,0,None
PR08146,2024-07-30,P076,398,51.6,0,None
PR08147,2023-01-13,P028,151,20.27,9,Spoilage
PR08148,2024-05-28,P026,148,19.52,8,Production Error
PR08149,2023-11-19,P015,138,30.94,0,None
PR08150,2024-10-01,P051,311,54.73,0,None
PR08151,2024-10-04,P038,69,16.38,0,None
PR08152,2024-12-27,P008,445,52.67,0,None
PR08153,2024-07-08,P072,487,138.78,0,None
PR08154,2023-05-16,P072,86,31.44,0,None
PR08155,2024-01-18,P088,383,159.92,27,Production Error
PR08156,2023-06-23,P085,272,63.34,0,None
PR08157,2023-07-23,P092,292,60.24,6,Overproduction
PR08158,2024-06-05,P005,399,162.02,0,None
PR08159,2024-06-01,P097,261,93.76,0,None
PR08160,2024-01-13,P003,437,207.76,0,None
PR08161,2024-09-08,P057,459,89.42,0,None
PR08162,2024-09-03,P032,152,17.77,0,None
PR08163,2024-09-11,P073,70,18.81,0,None
PR08164,2024-09-21,P028,450,129.34,0,None
PR08165,2024-11-24,P051,142,55.46,0,None
PR08166,2024-07-14,P036,389,119.99,0,None
PR08167,2023-05-23,P072,175,20.05,0,None
PR08168,2023-03-03,P063,263,94.57,0,None
PR08169,2023-09-17,P093,202,96.73,0,None
PR08170,2024-07-05,P061,116,47.34,0,None
PR08171,2024-01-18,P070,432,43.86,0,None
PR08172,2024-02-29,P029,140,46.89,0,None
PR08173,2023-11-18,P047,151,44.09,0,None
PR08174,2024-07-14,P088,486,200.15,0,None
PR08175,2024-09-18,P035,349,77.21,24,Defective Material
PR08176,2024-09-20,P021,180,19.44,7,Overproduction
PR08177,2024-06-10,P042,84,35.5,0,None
PR08178,2023-03-21,P018,401,111.12,0,None
PR08179,2024-06-05,P033,111,15.67,0,None
PR08180,2023-02-15,P069,464,196.95,0,None
PR08181,2023-06-09,P062,337,89.23,0,None
PR08182,2024-03-10,P014,255,108.28,8,Defective Material
PR08183,2024-10-25,P076,143,32.18,0,None
PR08184,2024-06-25,P041,302,101.9,0,None
PR08185,2024-07-05,P075,474,236.19,0,None
PR08186,2023-03-26,P100,440,55.56,0,None
PR08187,2024-10-07,P055,151,53.26,0,None
PR08188,2024-10-11,P011,97,41.45,0,None
PR08189,2024-10-10,P033,459,49.13,0,None
PR08190,2024-11-17,P060,479,110.03,0,None
PR08191,2023-02-03,P048,380,132.83,37,Spoilage
PR08192,2023-08-14,P084,355,114.34,0,None
PR08193,2023-03-07,P035,415,101.36,0,None
PR08194,2023-11-20,P028,248,47.22,0,None
PR08195,2024-12-25,P075,128,55.89,0,None
PR08196,2023-01-30,P006,202,26.31,0,None
PR08197,2023-03-02,P085,360,122.35,0,None
PR08198,2023-08-13,P066,214,23.87,0,None
PR08199,2024-01-02,P062,355,120.13,0,None
PR08200,2024-09-21,P020,443,62.28,0,None
PR08201,2023-07-07,P028,313,65.41,0,None
PR08202,2023-06-05,P009,244,38.61,1,Defective Material
PR08203,2023-07-07,P017,488,90.56,0,None
PR08204,2023-06-09,P027,260,81.61,0,None
PR08205,2024-06-29,P012,263,41.23,12,Spoilage
PR08206,2023-07-15,P089,312,119.11,0,None
PR08207,2024-10-13,P087,90,10.68,0,None
PR08208,2023-04-21,P074,63,15.65,0,None
PR08209,2023-11-19,P037,267,68.47,0,None
PR08210,2023-08-02,P092,289,95.15,0,None
PR08211,2024-07-18,P096,258,74.85,0,None
PR08212,2024-10-20,P087,111,52.66,8,Defective Material
PR08213,2023-11-30,P081,365,165.06,0,None
PR08214,2024-09-29,P095,150,57.45,0,None
PR08215,2023-12-07,P055,227,26.39,0,None
PR08216,2024-11-14,P002,311,110.29,0,None
PR08217,2024-11-14,P003,257,121.07,0,None
PR08218,2024-04-18,P007,440,92.44,0,None
PR08219,2023-08-17,P005,70,22.36,0,None
PR08220,2023-12-20,P053,149,43.75,0,None
PR08221,2024-11-08,P038,321,109.91,0,None
PR08222,2023-07-02,P014,163,65.91,0,None
PR08223,2024-02-03,P049,336,133.55,0,None
PR08224,2024-02-28,P007,77,36.87,1,Spoilage
PR08225,2023-05-03,P100,168,19.87,6,Overproduction
PR08226,2023-02-19,P056,228,103.68,21,Overproduction
PR08227,2023-10-02,P020,222,79.48,0,None
PR08228,2023-02-05,P039,261,88.38,0,None
PR08229,2024-11-18,P031,186,90.91,0,None
PR08230,2024-07-21,P089,242,115.41,0,None
PR08231,2023-01-17,P016,494,209.19,0,None
PR08232,2023-07-11,P064,494,138.08,0,None
PR08233,2023-12-22,P036,430,192.66,0,None
PR08234,2024-05-17,P085,472,51.21,0,None
PR08235,2024-01-28,P052,479,110.26,0,None
PR08236,2023-05-24,P045,166,72.36,0,None
PR08237,2024-02-21,P046,345,110.7,0,None
PR08238,2024-09-30,P006,142,68.29,11,Spoilage
PR08239,2024-02-12,P087,276,103.94,0,None
PR08240,2023-05-25,P093,425,113.97,0,None
PR08241,2024-05-12,P024,207,20.78,0,None
PR08242,2023-06-20,P077,105,28.49,9,Defective Material
PR08243,2024-09-11,P023,448,77.08,0,None
PR08244,2024-05-05,P049,354,36.74,0,None
PR08245,2024-11-01,P034,385,59.02,0,None
PR08246,2024-05-13,P033,123,26.7,0,None
PR08247,2023-01-09,P071,287,59.46,0,None
PR08248,2024-03-15,P032,159,25.99,0,None
PR08249,2024-12-03,P071,444,132.71,0,None
PR08250,2024-06-30,P018,100,37.3,0,None
PR08251,2023-07-09,P040,220,88.55,0,None
PR08252,2024-01-27,P073,314,124.46,26,Production Error
PR08253,2023-08-05,P030,261,121.87,0,None
PR08254,2023-03-06,P098,57,8.3,0,None
PR08255,2024-10-04,P095,494,106.93,0,None
PR08256,2024-10-24,P053,474,210.3,0,None
PR08257,2023-10-25,P016,60,27.73,0,None
PR08258,2023-03-05,P032,224,49.36,0,None
PR08259,2024-08-28,P040,448,159.38,0,None
PR08260,2024-04-25,P031,217,33.55,0,None
PR08261,2024-02-27,P015,383,47.47,0,None
PR08262,2024-10-04,P031,71,29.65,1,Production Error
PR08263,2023-06-25,P001,381,143.17,0,None
PR08264,2024-07-06,P072,342,74.61,0,None
PR08265,2024-12-30,P031,333,81.58,0,None
PR08266,2024-11-11,P042,172,60.08,0,None
PR08267,2024-06-22,P062,156,72.3,0,None
PR08268,2024-05-18,P061,426,120.48,0,None
PR08269,2023-09-01,P066,139,21.69,0,None
PR08270,2024-11-06,P049,248,25.07,0,None
PR08271,2023-07-30,P056,446,174.64,0,None
PR08272,2024-02-08,P046,52,17.16,2,Production Error
PR08273,2024-03-21,P055,374,156.2,0,None
PR08274,2024-07-24,P075,415,148.05,0,None
PR08275,2024-07-20,P098,256,27.41,0,None
PR08276,2024-01-22,P023,406,68.76,0,None
PR08277,2024-11-26,P025,246,118.35,0,None
PR08278,2024-08-07,P041,345,72.64,0,None
PR08279,2024-04-14,P037,154,41.81,8,Overproduction
PR08280,2024-04-17,P007,422,91.64,0,None
PR08281,2024-07-19,P064,73,24.83,0,None
PR08282,2024-10-09,P041,153,47.32,0,None
PR08283,2023-08-25,P039,360,107.03,0,None
PR08284,2023-02-17,P046,437,133.07,0,None
PR08285,2023-05-09,P097,170,80.18,0,None
PR08286,2023-07-20,P005,475,192.69,0,None
PR08287,2023-06-01,P038,175,36.03,4,Spoilage
PR08288,2024-12-14,P068,88,33.17,0,None
PR08289,2023-04-16,P016,310,153.95,0,None
PR08290,2023-11-15,P050,439,191.34,0,None
PR08291,2023-04-10,P089,113,53.32,0,None
PR08292,2023-12-08,P073,83,35.14,0,None
PR08293,2024-03-26,P045,126,28.23,8,Overproduction
PR08294,2023-09-07,P060,457,203.11,0,None
PR08295,2024-08-09,P012,226,94.5,0,None
PR08296,2023-05-16,P064,79,36.58,0,None
PR08297,2024-05-05,P029,59,20.74,0,None
PR08298,2023-02-23,P070,73,7.63,0,None
PR08299,2024-11-30,P096,197,52.68,0,None
PR08300,2023-07-17,P013,475,146.24,0,None
PR08301,2023-12-16,P095,393,146.37,0,None
PR08302,2023-12-11,P031,212,84.83,10,Spoilage
PR08303,2024-09-29,P029,413,110.07,0,None
PR08304,2023-10-26,P065,169,55.61,0,None
PR08305,2023-06-27,P081,462,198.55,0,None
PR08306,2024-06-11,P096,73,30.39,0,None
PR08307,2023-05-20,P028,297,94.02,0,None
PR08308,2023-12-22,P003,248,87.61,0,None
PR08309,2023-03-25,P072,255,86.72,14,Overproduction
PR08310,2023-12-17,P087,97,46.35,0,None
PR08311,2024-10-12,P051,290,133.94,5,Production Error
PR08312,2023-11-07,P072,345,147.71,0,None
PR08313,2023-04-26,P038,321,124.33,0,None
PR08314,2024-01-22,P066,221,103.96,0,None
PR08315,2024-01-20,P031,372,125.66,0,None
PR08316,2023-07-17,P081,72,15.04,0,None
PR08317,2024-03-14,P064,375,186.59,0,None
PR08318,2024-12-03,P008,272,47.41,0,None
PR08319,2023-06-07,P090,423,134.81,0,None
PR08320,2024-02-20,P021,450,69.84,0,None
PR08321,2024-09-24,P049,323,107.23,0,None
PR08322,2023-05-07,P097,409,126.13,0,None
PR08323,2024-10-18,P001,446,195.47,21,Production Error
PR08324,2024-01-15,P066,336,58.62,0,None
PR08325,2023-08-01,P053,280,131.13,0,None
PR08326,2024-01-22,P096,480,100.68,0,None
PR08327,2024-10-22,P052,372,45.48,0,None
PR08328,2024-10-03,P001,209,50.68,0,None
PR08329,2023-12-20,P061,77,18.36,0,None
PR08330,2024-03-07,P006,302,34.74,0,None
PR08331,2023-11-02,P099,268,124.53,0,None
PR08332,2023-03-22,P083,261,101.16,17,Overproduction
PR08333,2024-07-22,P021,190,39.64,0,None
PR08334,2024-03-02,P044,149,31.79,0,None
PR08335,2023-11-18,P052,362,39.82,0,None
PR08336,2023-09-19,P078,226,22.99,0,None
PR08337,2024-07-17,P060,172,25.99,0,None
PR08338,2024-03-11,P035,154,36.55,0,None
PR08339,2024-01-01,P030,187,70.75,0,None
PR08340,2024-09-13,P047,388,77.46,0,None
PR08341,2024-03-03,P094,184,57.91,0,None
PR08342,2023-10-15,P018,180,35.13,0,None
PR08343,2024-09-24,P096,184,89.52,0,None
PR08344,2024-04-11,P022,193,91.97,9,Defective Material
PR08345,2023-05-09,P084,101,14.11,0,None
PR08346,2024-07-27,P100,297,78.97,25,Spoilage
PR08347,2024-08-15,P061,477,108.41,0,None
PR08348,2024-12-08,P081,446,86.38,0,None
PR08349,2024-01-16,P051,51,24.64,0,None
PR08350,2024-01-12,P025,292,52.93,2,Overproduction
PR08351,2023-03-26,P057,149,28.3,0,None
PR08352,2023-02-12,P006,216,40.26,0,None
PR08353,2024-11-22,P097,308,146.44,25,Production Error
PR08354,2023-08-10,P054,124,36.1,0,None
PR08355,2023-04-30,P013,308,116.63,0,None
PR08356,2023-07-04,P044,421,156.78,0,None
PR08357,2024-07-26,P087,304,58.98,10,Overproduction
PR08358,2024-11-27,P075,104,11.07,0,None
PR08359,2024-10-03,P073,118,17.24,0,None
PR08360,2023-12-24,P072,152,61.81,0,None
PR08361,2023-04-02,P064,385,92.55,0,None
PR08362,2024-04-20,P093,417,191.96,0,None
PR08363,2024-06-24,P032,339,43.07,0,None
PR08364,2023-07-19,P061,103,29.1,0,None
PR08365,2023-03-06,P076,141,28.46,0,None
PR08366,2024-10-11,P058,101,41.12,0,None
PR08367,2023-12-08,P007,427,119.98,0,None
PR08368,2023-10-22,P075,170,31.39,0,None
PR08369,2023-03-26,P091,267,81.68,0,None
PR08370,2023-04-30,P015,460,201.35,0,None
PR08371,2024-08-13,P034,426,149.76,0,None
PR08372,2023-10-27,P057,241,62.41,6,Spoilage
PR08373,2023-09-05,P029,394,167.82,0,None
PR08374,2024-05-07,P089,398,101.37,11,Spoilage
PR08375,2023-09-07,P075,492,141.06,0,None
PR08376,2024-08-13,P027,340,61.92,0,None
PR08377,2023-04-07,P074,151,20.81,0,None
PR08378,2024-02-12,P025,118,22.83,0,None
PR08379,2023-04-27,P068,104,25.81,0,None
PR08380,2023-05-01,P097,487,82.7,0,None
PR08381,2024-06-16,P085,249,36.88,0,None
PR08382,2023-09-25,P054,460,124.91,0,None
PR08383,2024-04-30,P074,478,204.47,0,None
PR08384,2024-09-19,P077,117,36.71,7,Defective Material
PR08385,2024-08-10,P068,247,70.33,0,None
PR08386,2023-09-09,P060,477,184.57,0,None
PR08387,2024-11-24,P044,133,63.18,0,None
PR08388,2023-06-25,P039,271,40.14,0,None
PR08389,2023-03-17,P027,455,117.09,0,None
PR08390,2023-01-05,P028,142,48.39,3,Spoilage
PR08391,2023-07-16,P038,98,32.04,1,Overproduction
PR08392,2024-04-14,P008,498,87.92,0,None
PR08393,2024-03-06,P037,331,141.76,0,None
PR08394,2024-10-03,P063,125,41.16,0,None
PR08395,2024-08-06,P012,419,160.9,0,None
PR08396,2023-11-17,P058,103,47.09,0,None
PR08397,2023-12-09,P092,106,18.21,0,None
PR08398,2024-10-18,P033,93,17.63,0,None
PR08399,2023-04-05,P097,496,196.67,0,None
PR08400,2024-03-09,P012,120,59.65,3,Overproduction
PR08401,2023-10-10,P093,359,92.55,0,None
PR08402,2024-04-03,P060,181,62.38,0,None
PR08403,2024-09-03,P022,170,40.92,0,None
PR08404,2023-07-01,P031,51,10.58,0,None
PR08405,2024-10-21,P021,344,71.71,6,Production Error
PR08406,2023-06-10,P048,491,126.7,0,None
PR08407,2024-01-06,P049,249,37.55,6,Production Error
PR08408,2024-11-21,P073,91,18.37,0,None
PR08409,2023-07-17,P034,449,70.05,0,None
PR08410,2023-09-24,P064,134,26.15,0,None
PR08411,2023-02-20,P089,103,18.37,0,None
PR08412,2024-04-04,P074,58,18.37,0,None
PR08413,2023-09-17,P013,480,170.42,0,None
PR08414,2024-04-02,P030,161,71.15,2,Spoilage
PR08415,2024-10-26,P050,136,22.68,0,None
PR08416,2023-03-15,P015,422,152.56,0,None
PR08417,2023-06-27,P057,156,36.43,0,None
PR08418,2023-11-22,P038,298,44.47,0,None
PR08419,2023-09-16,P057,110,33.36,0,None
PR08420,2023-01-06,P061,337,139.1,31,Defective Material
PR08421,2023-01-01,P085,201,38.46,0,None
PR08422,2024-09-27,P006,96,42.95,0,None
PR08423,2023-12-20,P080,107,25.31,0,None
PR08424,2023-09-14,P009,394,79.29,0,None
PR08425,2024-12-23,P019,125,33.68,2,Overproduction
PR08426,2023-12-26,P079,153,53.82,0,None
PR08427,2023-01-10,P090,81,36.76,0,None
PR08428,2023-02-21,P064,116,43.06,8,Overproduction
PR08429,2023-05-23,P038,383,150.89,0,None
PR08430,2024-05-19,P016,334,73.86,0,None
PR08431,2024-08-27,P027,217,70.52,0,None
PR08432,2023-02-07,P088,95,19.92,0,None
PR08433,2024-03-19,P013,481,92.38,0,None
PR08434,2023-05-09,P057,353,171.53,0,None
PR08435,2024-10-27,P056,241,36.84,0,None
PR08436,2023-04-10,P015,496,152.4,0,None
PR08437,2023-01-04,P021,354,86.19,0,None
PR08438,2024-04-24,P010,388,178.78,0,None
PR08439,2023-05-16,P010,356,75.92,0,None
PR08440,2024-07-03,P065,197,82.77,0,None
PR08441,2023-01-02,P056,52,21.22,0,None
PR08442,2023-03-20,P014,50,16.78,0,None
PR08443,2024-05-07,P097,156,60.19,0,None
PR08444,2023-09-01,P017,238,75.78,0,None
PR08445,2024-08-07,P004,457,118.64,0,None
PR08446,2023-02-13,P064,237,31.72,0,None
PR08447,2023-02-14,P045,273,104.31,25,Defective Material
PR08448,2024-11-17,P034,82,29.13,0,None
PR08449,2024-05-31,P044,214,35.17,15,Spoilage
PR08450,2024-10-09,P021,165,60.62,0,None
PR08451,2024-07-30,P086,53,25.22,0,None
PR08452,2024-01-04,P035,157,18.47,0,None
PR08453,2023-01-25,P040,388,82.56,0,None
PR08454,2024-05-07,P021,169,73.31,0,None
PR08455,2023-05-01,P090,159,26.8,13,Production Error
PR08456,2023-08-18,P010,241,36.41,0,None
PR08457,2024-06-06,P069,287,89.08,0,None
PR08458,2023-11-25,P003,243,115.2,0,None
PR08459,2024-10-22,P093,373,98.74,0,None
PR08460,2023-12-11,P090,154,31.38,0,None
PR08461,2024-08-01,P096,332,157.05,0,None
PR08462,2023-08-03,P006,463,130.75,0,None
PR08463,2024-02-06,P019,333,54.21,0,None
PR08464,2023-12-14,P036,451,178.83,0,None
PR08465,2023-02-22,P041,193,40.95,0,None
PR08466,2024-05-14,P068,481,238.01,0,None
PR08467,2023-12-12,P084,407,71.56,0,None
PR08468,2023-01-16,P095,491,240.54,0,None
PR08469,2023-11-04,P045,282,28.34,0,None
PR08470,2024-09-16,P086,280,86.53,0,None
PR08471,2024-09-15,P060,379,155.13,0,None
PR08472,2023-12-16,P040,107,41.21,6,Overproduction
PR08473,2024-10-13,P091,486,117.28,22,Spoilage
PR08474,2024-03-24,P037,399,153.42,0,None
PR08475,2023-09-18,P081,196,48.48,0,None
PR08476,2023-02-27,P083,130,18.99,0,None
PR08477,2023-03-10,P021,260,54.38,0,None
PR08478,2024-05-11,P049,81,8.38,0,None
PR08479,2023-11-23,P066,453,82.09,0,None
PR08480,2023-09-29,P054,241,31.34,0,None
PR08481,2023-05-05,P060,230,83.36,0,None
PR08482,2024-02-02,P022,212,61.0,0,None
PR08483,2024-10-04,P084,421,120.0,6,Defective Material
PR08484,2024-03-29,P071,292,109.79,0,None
PR08485,2024-04-14,P099,283,107.76,0,None
PR08486,2023-03-08,P022,337,143.57,1,Spoilage
PR08487,2024-09-29,P066,309,38.55,0,None
PR08488,2024-07-08,P076,364,68.22,0,None
PR08489,2023-11-29,P047,148,33.46,0,None
PR08490,2023-04-19,P051,353,89.61,0,None
PR08491,2024-10-06,P016,84,20.07,0,None
PR08492,2023-10-06,P007,338,164.06,0,None
PR08493,2024-04-23,P033,276,125.39,0,None
PR08494,2024-12-12,P045,163,40.83,2,Production Error
PR08495,2023-01-08,P060,185,30.11,3,Spoilage
PR08496,2024-03-31,P008,274,136.31,0,None
PR08497,2023-03-06,P056,333,33.81,0,None
PR08498,2023-08-10,P050,384,159.12,0,None
PR08499,2023-04-25,P027,267,91.75,0,None
PR08500,2023-08-15,P035,207,76.13,12,Defective Material
PR08501,2024-08-24,P031,327,68.09,16,Production Error
PR08502,2024-03-22,P075,295,134.47,0,None
PR08503,2024-07-13,P080,233,36.15,0,None
PR08504,2024-01-17,P044,358,143.24,0,None
PR08505,2024-10-02,P060,254,95.7,0,None
PR08506,2023-12-31,P023,385,84.96,0,None
PR08507,2024-03-16,P012,306,80.3,0,None
PR08508,2024-01-10,P028,84,40.72,0,None
PR08509,2023-03-03,P006,60,14.45,0,None
PR08510,2024-08-17,P007,444,208.47,27,Production Error
PR08511,2024-07-19,P090,278,37.98,0,None
PR08512,2024-08-12,P027,215,61.03,0,None
PR08513,2023-10-02,P020,391,72.41,0,None
PR08514,2024-12-28,P041,277,73.57,0,None
PR08515,2024-10-29,P003,498,214.85,28,Spoilage
PR08516,2024-11-10,P088,431,117.48,0,None
PR08517,2023-03-13,P066,424,199.01,0,None
PR08518,2024-04-14,P071,462,152.5,0,None
PR08519,2024-10-17,P078,424,175.65,0,None
PR08520,2024-06-13,P037,303,79.69,0,None
PR08521,2024-07-24,P024,279,68.0,0,None
PR08522,2024-10-26,P031,477,58.44,0,None
PR08523,2023-09-12,P016,325,126.07,17,Defective Material
PR08524,2023-12-03,P099,67,21.91,3,Defective Material
PR08525,2024-03-28,P022,117,37.46,0,None
PR08526,2024-08-20,P067,416,101.89,0,None
PR08527,2023-08-22,P030,466,167.28,0,None
PR08528,2023-01-10,P001,171,30.4,0,None
PR08529,2024-10-19,P053,277,87.59,0,None
PR08530,2023-03-13,P043,341,97.68,0,None
PR08531,2023-02-02,P006,288,122.15,0,None
PR08532,2024-07-22,P064,289,94.25,0,None
PR08533,2024-03-04,P018,164,37.91,0,None
PR08534,2023-03-05,P031,311,40.75,0,None
PR08535,2024-12-16,P059,482,184.69,0,None
PR08536,2023-12-23,P058,493,180.52,33,Defective Material
PR08537,2023-10-11,P096,385,69.07,0,None
PR08538,2024-07-22,P015,398,81.8,0,None
PR08539,2024-04-01,P020,385,164.2,0,None
PR08540,2023-06-08,P062,228,35.6,6,Overproduction
PR08541,2023-03-12,P022,461,169.03,0,None
PR08542,2024-12-27,P007,192,87.26,4,Overproduction
PR08543,2024-04-18,P062,250,58.68,0,None
PR08544,2024-03-29,P051,154,64.19,0,None
PR08545,2024-09-01,P038,161,58.94,0,None
PR08546,2023-12-11,P078,226,27.06,13,Production Error
PR08547,2024-11-19,P072,386,43.94,0,None
PR08548,2023-06-03,P053,84,23.11,0,None
PR08549,2024-08-15,P048,76,14.29,0,None
PR08550,2024-10-27,P024,76,28.24,0,None
PR08551,2024-08-16,P089,118,44.8,1,Overproduction
PR08552,2024-07-09,P016,298,52.07,0,None
PR08553,2023-08-20,P024,417,159.28,18,Production Error
PR08554,2023-07-21,P083,483,204.61,0,None
PR08555,2024-11-05,P059,208,93.45,0,None
PR08556,2023-02-24,P031,227,107.2,6,Spoilage
PR08557,2023-04-26,P029,371,97.29,0,None
PR08558,2024-07-22,P029,226,99.45,0,None
PR08559,2023-11-18,P044,201,34.77,2,Overproduction
PR08560,2023-11-27,P082,379,183.57,24,Defective Material
PR08561,2023-12-24,P036,426,147.86,0,None
PR08562,2024-10-11,P076,494,137.9,41,Overproduction
PR08563,2023-01-15,P026,135,56.74,0,None
PR08564,2024-09-01,P071,231,80.98,2,Spoilage
PR08565,2023-02-04,P074,120,35.56,0,None
PR08566,2024-09-14,P080,69,31.66,0,None
PR08567,2024-09-30,P045,206,95.82,0,None
PR08568,2023-04-27,P022,362,54.8,30,Spoilage
PR08569,2023-08-25,P087,130,51.08,4,Spoilage
PR08570,2024-01-06,P078,241,62.19,0,None
PR08571,2024-04-02,P072,313,116.98,30,Defective Material
PR08572,2023-06-11,P014,126,14.43,0,None
PR08573,2024-10-03,P025,366,181.89,0,None
PR08574,2024-08-11,P058,186,80.64,0,None
PR08575,2024-07-21,P056,339,92.65,26,Spoilage
PR08576,2024-12-16,P034,258,33.22,0,None
PR08577,2024-09-17,P074,58,10.84,0,None
PR08578,2023-04-23,P059,234,73.02,0,None
PR08579,2023-08-04,P044,207,21.84,0,None
PR08580,2023-08-29,P067,123,39.58,0,None
PR08581,2023-02-28,P099,75,9.6,4,Spoilage
PR08582,2023-11-02,P094,432,195.54,0,None
PR08583,2023-01-07,P056,291,83.42,0,None
PR08584,2023-09-22,P041,374,96.75,7,Production Error
PR08585,2023-09-05,P083,448,153.12,0,None
PR08586,2024-10-29,P056,307,47.39,0,None
PR08587,2024-04-23,P011,205,95.73,0,None
PR08588,2023-09-06,P032,425,177.18,0,None
PR08589,2024-07-03,P100,97,44.94,0,None
PR08590,2023-08-27,P004,219,67.59,0,None
PR08591,2024-09-25,P071,356,114.92,0,None
PR08592,2024-10-16,P094,116,53.14,6,Production Error
PR08593,2023-04-28,P047,356,125.98,0,None
PR08594,2023-12-23,P036,85,16.45,0,None
PR08595,2023-08-14,P088,314,139.27,27,Production Error
PR08596,2023-01-05,P019,335,51.32,0,None
PR08597,2023-07-29,P087,203,65.81,0,None
PR08598,2023-10-15,P076,404,127.73,0,None
PR08599,2024-07-24,P014,90,10.46,0,None
PR08600,2023-07-27,P095,364,137.39,0,None
PR08601,2024-10-02,P046,120,32.81,5,Defective Material
PR08602,2024-10-27,P025,450,83.05,41,Spoilage
PR08603,2023-04-26,P100,384,98.02,22,Overproduction
PR08604,2024-05-06,P017,414,63.11,0,None
PR08605,2024-01-12,P042,119,55.65,0,None
PR08606,2023-07-25,P067,205,44.24,0,None
PR08607,2023-05-01,P018,347,160.2,0,None
PR08608,2024-05-25,P048,164,65.73,0,None
PR08609,2023-10-23,P098,122,50.7,0,None
PR08610,2024-11-08,P091,56,16.52,0,None
PR08611,2023-03-01,P071,369,98.8,0,None
PR08612,2024-08-15,P072,232,80.51,0,None
PR08613,2023-02-06,P100,61,13.39,0,None
PR08614,2024-03-13,P088,309,55.67,0,None
PR08615,2023-03-04,P020,57,25.82,0,None
PR08616,2024-01-29,P034,441,112.14,0,None
PR08617,2024-10-05,P070,157,46.67,0,None
PR08618,2024-03-21,P095,201,40.98,0,None
PR08619,2023-11-16,P100,245,95.94,0,None
PR08620,2024-03-20,P095,257,91.22,23,Spoilage
PR08621,2023-05-17,P051,77,35.35,0,None
PR08622,2024-09-09,P015,499,178.75,0,None
PR08623,2024-04-22,P045,218,88.86,0,None
PR08624,2023-02-12,P033,384,58.15,0,None
PR08625,2024-02-04,P050,161,18.97,0,None
PR08626,2024-07-19,P064,272,93.74,0,None
PR08627,2024-03-22,P055,143,18.2,0,None
PR08628,2023-04-16,P040,313,63.39,11,Overproduction
PR08629,2023-05-22,P045,469,48.09,0,None
PR08630,2023-04-07,P089,298,49.73,0,None
PR08631,2023-09-28,P034,241,101.45,0,None
PR08632,2024-06-28,P053,291,114.61,0,None
PR08633,2024-02-20,P027,499,194.38,0,None
PR08634,2023-01-24,P012,57,10.44,2,Production Error
PR08635,2023-12-20,P019,323,124.72,0,None
PR08636,2023-07-30,P010,325,131.47,0,None
PR08637,2024-04-29,P088,331,125.44,2,Spoilage
PR08638,2023-04-13,P011,152,74.13,0,None
PR08639,2023-08-23,P081,365,50.22,0,None
PR08640,2024-01-17,P024,57,9.6,2,Production Error
PR08641,2024-02-01,P072,367,73.89,0,None
PR08642,2023-03-10,P046,190,34.8,0,None
PR08643,2023-02-18,P044,398,49.21,0,None
PR08644,2023-07-13,P026,402,54.11,0,None
PR08645,2024-11-21,P072,240,112.67,0,None
PR08646,2024-07-15,P058,470,165.5,0,None
PR08647,2023-07-04,P045,465,81.2,0,None
PR08648,2024-04-16,P018,283,59.14,0,None
PR08649,2023-01-03,P026,235,92.31,0,None
PR08650,2023-08-26,P042,494,202.67,0,None
PR08651,2024-02-01,P069,299,59.63,0,None
PR08652,2024-05-21,P058,278,98.17,5,Defective Material
PR08653,2023-10-12,P021,218,81.43,12,Overproduction
PR08654,2024-06-16,P062,53,10.73,0,None
PR08655,2023-11-07,P004,333,123.14,0,None
PR08656,2024-02-08,P034,370,139.87,0,None
PR08657,2024-04-16,P097,466,143.02,0,None
PR08658,2023-12-15,P059,399,54.16,0,None
PR08659,2024-05-26,P045,247,66.81,0,None
PR08660,2024-07-10,P029,131,42.35,0,None
PR08661,2024-07-26,P015,173,73.03,9,Spoilage
PR08662,2023-07-12,P043,453,211.02,0,None
PR08663,2023-09-04,P024,320,87.38,0,None
PR08664,2024-07-22,P013,85,26.94,0,None
PR08665,2023-10-07,P056,331,51.31,0,None
PR08666,2023-02-12,P037,423,103.17,14,Spoilage
PR08667,2024-01-12,P014,182,79.95,0,None
PR08668,2024-09-27,P092,454,220.05,0,None
PR08669,2023-10-08,P001,77,35.91,0,None
PR08670,2023-09-09,P020,328,152.15,0,None
PR08671,2023-01-29,P058,199,22.33,0,None
PR08672,2024-09-20,P086,421,116.49,0,None
PR08673,2023-02-12,P068,119,14.3,0,None
PR08674,2023-04-29,P035,222,108.62,0,None
PR08675,2023-03-05,P079,371,68.4,0,None
PR08676,2024-01-07,P093,285,78.53,0,None
PR08677,2024-07-09,P049,60,7.9,0,None
PR08678,2024-02-06,P008,329,73.21,0,None
PR08679,2024-10-08,P053,195,81.77,0,None
PR08680,2023-03-31,P001,377,51.23,9,Overproduction
PR08681,2023-08-08,P039,113,44.24,0,None
PR08682,2023-06-13,P026,356,86.55,15,Defective Material
PR08683,2023-12-21,P020,404,190.78,0,None
PR08684,2023-12-04,P047,206,91.96,0,None
PR08685,2024-09-11,P067,228,103.95,0,None
PR08686,2024-02-22,P071,297,98.73,0,None
PR08687,2023-04-21,P022,176,41.45,0,None
PR08688,2023-09-02,P001,298,65.31,0,None
PR08689,2024-12-26,P024,133,50.22,0,None
PR08690,2024-06-09,P082,337,44.63,0,None
PR08691,2023-09-22,P035,141,56.28,0,None
PR08692,2024-04-12,P020,420,59.04,0,None
PR08693,2024-08-08,P003,416,61.03,0,None
PR08694,2023-12-05,P035,439,150.52,0,None
PR08695,2024-06-29,P068,424,205.76,0,None
PR08696,2023-10-26,P069,292,80.84,0,None
PR08697,2023-06-22,P071,296,108.24,0,None
PR08698,2024-11-01,P094,295,58.6,0,None
PR08699,2023-11-26,P010,215,60.28,0,None
PR08700,2024-09-09,P008,254,38.58,0,None
PR08701,2024-06-09,P066,322,66.66,0,None
PR08702,2023-12-06,P010,190,57.46,0,None
PR08703,2023-03-15,P073,195,37.41,0,None
PR08704,2024-11-07,P094,56,26.83,0,None
PR08705,2024-09-04,P076,209,23.46,0,None
PR08706,2024-06-23,P087,63,29.25,0,None
PR08707,2024-04-22,P062,259,121.37,0,None
PR08708,2023-04-21,P016,382,126.13,0,None
PR08709,2024-03-24,P017,119,26.42,0,None
PR08710,2024-07-17,P019,376,158.63,0,None
PR08711,2024-10-25,P033,298,101.34,0,None
PR08712,2024-11-07,P044,112,21.96,0,None
PR08713,2024-11-10,P042,420,158.97,24,Defective Material
PR08714,2023-01-12,P043,473,211.94,0,None
PR08715,2023-10-17,P018,297,92.51,1,Production Error
PR08716,2023-11-21,P065,114,20.67,2,Spoilage
PR08717,2024-01-19,P029,417,114.19,0,None
PR08718,2024-09-16,P060,172,81.41,12,Overproduction
PR08719,2024-02-10,P007,275,98.16,0,None
PR08720,2023-03-29,P005,322,99.57,5,Overproduction
PR08721,2024-05-16,P032,151,69.47,0,None
PR08722,2024-04-30,P016,160,43.21,0,None
PR08723,2023-02-16,P049,483,63.74,0,None
PR08724,2024-01-01,P060,305,149.97,22,Overproduction
PR08725,2023-07-04,P078,367,171.47,0,None
PR08726,2024-10-16,P060,180,55.92,0,None
PR08727,2023-07-28,P023,224,74.4,0,None
PR08728,2024-10-06,P060,180,24.41,0,None
PR08729,2023-06-08,P089,279,64.46,0,None
PR08730,2023-06-23,P038,71,16.42,0,None
PR08731,2023-07-01,P085,178,54.51,13,Production Error
PR08732,2023-04-13,P095,270,33.34,0,None
PR08733,2024-07-22,P016,401,52.67,0,None
PR08734,2024-11-21,P083,393,120.57,0,None
PR08735,2024-02-29,P065,460,210.4,38,Spoilage
PR08736,2023-02-14,P096,222,107.58,0,None
PR08737,2024-09-20,P012,173,36.86,0,None
PR08738,2024-04-12,P007,325,68.92,0,None
PR08739,2024-07-11,P038,157,35.22,0,None
PR08740,2023-08-23,P093,458,188.09,0,None
PR08741,2023-10-22,P088,174,86.07,0,None
PR08742,2024-02-22,P056,391,142.8,0,None
PR08743,2024-06-16,P055,196,32.06,0,None
PR08744,2024-10-11,P063,262,117.6,0,None
PR08745,2023-01-15,P010,335,48.88,0,None
PR08746,2024-02-01,P095,192,93.09,0,None
PR08747,2024-10-15,P018,259,64.0,18,Overproduction
PR08748,2023-01-17,P093,57,25.87,0,None
PR08749,2023-09-04,P041,295,79.42,0,None
PR08750,2023-10-14,P041,170,31.66,0,None
PR08751,2023-08-04,P076,410,97.31,0,None
PR08752,2024-08-23,P069,259,101.35,0,None
PR08753,2024-05-30,P034,380,167.26,0,None
PR08754,2023-04-23,P063,94,21.63,0,None
PR08755,2024-02-12,P094,408,179.24,0,None
PR08756,2023-12-06,P024,185,34.47,0,None
PR08757,2023-10-29,P041,488,228.69,0,None
PR08758,2023-07-19,P083,72,34.36,5,Spoilage
PR08759,2023-08-25,P004,194,51.48,0,None
PR08760,2023-01-14,P089,321,33.57,0,None
PR08761,2023-01-19,P044,137,51.79,11,Spoilage
PR08762,2024-12-03,P070,220,31.15,0,None
PR08763,2024-12-09,P059,328,52.69,15,Production Error
PR08764,2024-10-18,P046,433,188.8,0,None
PR08765,2023-04-15,P098,209,80.38,0,None
PR08766,2024-12-07,P072,180,84.24,0,None
PR08767,2023-07-15,P015,181,24.15,0,None
PR08768,2024-05-22,P051,370,122.19,30,Spoilage
PR08769,2024-05-29,P075,332,82.74,0,None
PR08770,2024-05-03,P013,89,32.49,0,None
PR08771,2023-01-25,P044,495,76.65,0,None
PR08772,2024-02-15,P098,226,40.74,0,None
PR08773,2024-10-04,P046,94,34.74,0,None
PR08774,2023-07-22,P010,492,108.19,0,None
PR08775,2023-01-23,P084,336,86.29,31,Production Error
PR08776,2024-01-22,P077,274,46.13,0,None
PR08777,2023-11-13,P085,57,6.37,1,Overproduction
PR08778,2023-12-09,P040,61,13.31,0,None
PR08779,2024-11-13,P014,420,150.83,3,Spoilage
PR08780,2023-04-13,P043,389,45.58,0,None
PR08781,2023-06-21,P099,126,20.68,0,None
PR08782,2024-12-03,P014,473,83.34,0,None
PR08783,2024-12-21,P063,172,66.18,0,None
PR08784,2024-12-19,P055,461,166.19,0,None
PR08785,2023-03-18,P012,294,120.67,0,None
PR08786,2024-11-12,P027,114,34.03,0,None
PR08787,2023-10-04,P100,494,150.58,0,None
PR08788,2024-03-04,P093,66,10.26,0,None
PR08789,2024-07-09,P090,369,37.34,0,None
PR08790,2023-11-28,P096,385,154.38,0,None
PR08791,2024-12-23,P033,299,131.32,0,None
PR08792,2023-05-07,P025,352,134.96,0,None
PR08793,2023-02-23,P089,356,175.02,0,None
PR08794,2023-12-02,P087,486,131.17,0,None
PR08795,2024-03-13,P058,327,95.98,0,None
PR08796,2024-08-10,P029,293,84.31,0,None
PR08797,2024-01-30,P070,440,117.73,0,None
PR08798,2023-01-09,P084,306,111.43,0,None
PR08799,2024-02-29,P075,204,94.34,0,None
PR08800,2023-04-04,P009,150,42.79,0,None
PR08801,2024-09-02,P058,260,85.97,5,Defective Material
PR08802,2023-11-29,P023,491,164.64,12,Overproduction
PR08803,2023-08-30,P052,398,142.86,0,None
PR08804,2023-03-01,P055,57,25.48,0,None
PR08805,2023-05-27,P085,224,93.94,0,None
PR08806,2023-10-11,P017,102,47.55,0,None
PR08807,2024-03-13,P060,303,127.71,16,Spoilage
PR08808,2023-04-16,P081,499,176.32,8,Spoilage
PR08809,2024-10-16,P037,408,133.0,0,None
PR08810,2023-08-18,P058,323,89.49,0,None
PR08811,2023-03-05,P074,164,77.83,0,None
PR08812,2024-06-20,P032,242,82.36,0,None
PR08813,2023-01-21,P078,280,130.33,0,None
PR08814,2023-04-23,P053,391,113.7,30,Overproduction
PR08815,2024-07-02,P022,173,22.25,6,Spoilage
PR08816,2024-02-02,P099,420,200.91,0,None
PR08817,2024-07-25,P095,183,89.5,0,None
PR08818,2024-08-06,P033,313,136.89,0,None
PR08819,2024-10-14,P020,154,36.39,0,None
PR08820,2023-09-25,P076,237,83.1,0,None
PR08821,2024-03-07,P011,151,40.31,0,None
PR08822,2023-06-28,P094,209,103.15,4,Production Error
PR08823,2024-02-09,P059,319,83.05,12,Overproduction
PR08824,2023-10-20,P016,219,52.21,0,None
PR08825,2024-02-23,P097,82,18.63,0,None
PR08826,2023-12-05,P008,264,73.87,0,None
PR08827,2024-01-10,P100,187,39.28,0,None
PR08828,2024-09-27,P093,362,96.33,12,Overproduction
PR08829,2024-04-20,P079,423,74.14,0,None
PR08830,2024-03-28,P005,493,133.41,36,Defective Material
PR08831,2023-01-08,P078,355,80.7,0,None
PR08832,2023-06-21,P053,181,39.61,0,None
PR08833,2024-11-19,P100,313,92.6,0,None
PR08834,2024-01-15,P093,471,87.67,0,None
PR08835,2024-08-24,P039,193,39.38,0,None
PR08836,2024-12-03,P030,450,111.44,0,None
PR08837,2024-08-04,P080,349,115.86,0,None
PR08838,2024-10-21,P080,146,54.48,0,None
PR08839,2024-10-28,P002,162,66.12,9,Defective Material
PR08840,2024-04-13,P017,128,42.9,0,None
PR08841,2024-07-16,P050,170,53.13,0,None
PR08842,2024-04-01,P057,247,91.01,0,None
PR08843,2024-06-26,P030,384,106.8,13,Overproduction
PR08844,2023-02-10,P043,115,35.59,0,None
PR08845,2023-02-18,P025,319,68.82,0,None
PR08846,2024-05-01,P098,212,101.13,0,None
PR08847,2024-03-09,P071,78,30.66,0,None
PR08848,2024-02-01,P053,375,63.47,0,None
PR08849,2023-11-14,P090,193,55.45,16,Overproduction
PR08850,2023-10-06,P093,119,56.11,0,None
PR08851,2024-06-03,P077,281,114.0,0,None
PR08852,2024-10-17,P060,176,43.75,0,None
PR08853,2023-05-09,P018,214,79.72,0,None
PR08854,2023-04-21,P061,97,28.05,0,None
PR08855,2024-01-28,P035,355,127.76,0,None
PR08856,2023-03-25,P009,77,25.06,0,None
PR08857,2024-09-18,P023,140,68.11,0,None
PR08858,2024-07-21,P031,453,151.8,0,None
PR08859,2023-10-20,P081,219,69.58,0,None
PR08860,2023-07-10,P015,237,30.29,11,Defective Material
PR08861,2023-05-20,P056,315,45.28,8,Overproduction
PR08862,2023-12-18,P035,144,23.33,0,None
PR08863,2024-01-04,P058,475,56.09,0,None
PR08864,2023-04-03,P075,274,43.69,25,Defective Material
PR08865,2023-09-20,P061,463,83.18,0,None
PR08866,2024-04-15,P006,76,21.2,0,None
PR08867,2023-05-18,P049,62,26.52,0,None
PR08868,2024-03-18,P016,149,32.47,0,None
PR08869,2024-10-18,P008,306,130.33,0,None
PR08870,2024-06-03,P064,155,19.48,0,None
PR08871,2023-07-31,P060,404,94.19,0,None
PR08872,2024-10-22,P053,289,84.79,0,None
PR08873,2023-02-04,P098,437,202.64,0,None
PR08874,2023-08-13,P001,474,140.18,0,None
PR08875,2024-01-25,P035,361,70.15,29,Defective Material
PR08876,2024-04-25,P001,219,39.28,0,None
PR08877,2024-05-20,P081,400,183.08,0,None
PR08878,2024-02-17,P026,129,13.51,11,Spoilage
PR08879,2024-05-29,P089,238,41.18,0,None
PR08880,2024-10-31,P027,224,58.34,0,None
PR08881,2024-06-01,P044,369,150.03,0,None
PR08882,2023-08-15,P044,273,37.89,0,None
PR08883,2024-12-17,P077,424,97.5,0,None
PR08884,2024-11-07,P064,117,24.37,0,None
PR08885,2023-11-13,P040,368,172.53,17,Spoilage
PR08886,2024-12-27,P035,181,45.76,0,None
PR08887,2024-02-05,P052,194,38.19,0,None
PR08888,2024-08-05,P034,122,38.21,0,None
PR08889,2024-09-18,P069,343,149.69,10,Defective Material
PR08890,2024-05-19,P077,239,32.5,0,None
PR08891,2023-12-14,P087,343,167.14,0,None
PR08892,2023-10-08,P056,396,144.13,0,None
PR08893,2023-02-13,P037,213,55.39,0,None
PR08894,2024-02-02,P050,57,23.64,0,None
PR08895,2024-10-08,P011,80,19.76,0,None
PR08896,2023-10-29,P074,135,40.11,11,Overproduction
PR08897,2024-03-11,P036,101,28.1,7,Production Error
PR08898,2024-07-08,P048,122,33.09,0,None
PR08899,2023-01-27,P074,153,69.74,12,Overproduction
PR08900,2024-02-06,P094,95,44.33,2,Production Error
PR08901,2023-11-28,P016,456,164.09,0,None
PR08902,2023-01-06,P085,80,39.86,0,None
PR08903,2023-08-07,P036,487,239.19,0,None
PR08904,2023-09-21,P034,240,96.13,0,None
PR08905,2024-03-25,P093,454,71.63,0,None
PR08906,2024-04-01,P061,182,18.35,0,None
PR08907,2023-07-08,P077,394,156.72,0,None
PR08908,2024-10-28,P006,357,88.38,30,Production Error
PR08909,2023-05-12,P095,112,33.41,0,None
PR08910,2023-10-25,P014,338,86.42,8,Defective Material
PR08911,2023-05-22,P060,170,81.32,6,Overproduction
PR08912,2023-07-06,P064,102,19.4,0,None
PR08913,2024-11-11,P036,480,98.29,0,None
PR08914,2023-04-26,P042,147,21.13,0,None
PR08915,2023-03-23,P090,341,58.91,32,Defective Material
PR08916,2023-09-17,P039,248,96.25,0,None
PR08917,2023-08-10,P080,113,50.84,0,None
PR08918,2023-03-20,P098,486,144.32,0,None
PR08919,2024-09-12,P067,202,25.7,0,None
PR08920,2024-09-25,P011,204,48.86,0,None
PR08921,2023-04-05,P073,194,83.39,10,Overproduction
PR08922,2023-09-09,P047,282,133.7,0,None
PR08923,2024-02-20,P034,391,118.92,0,None
PR08924,2024-01-04,P048,119,18.01,0,None
PR08925,2024-05-11,P016,228,55.16,0,None
PR08926,2023-08-21,P016,398,100.03,0,None
PR08927,2024-05-31,P061,58,27.86,0,None
PR08928,2024-03-27,P014,93,15.33,0,None
PR08929,2023-10-21,P075,299,111.47,0,None
PR08930,2024-01-13,P090,335,113.87,0,None
PR08931,2024-08-17,P035,127,39.58,0,None
PR08932,2023-12-29,P005,492,131.62,0,None
PR08933,2023-09-03,P080,434,194.4,0,None
PR08934,2024-05-07,P009,265,126.4,0,None
PR08935,2023-08-16,P010,260,71.85,0,None
PR08936,2023-12-11,P093,240,43.91,0,None
PR08937,2023-03-18,P080,353,135.29,0,None
PR08938,2024-05-15,P074,242,98.13,0,None
PR08939,2023-12-18,P050,256,66.22,0,None
PR08940,2023-11-06,P092,265,54.1,0,None
PR08941,2023-09-04,P058,96,21.65,0,None
PR08942,2024-05-21,P070,499,125.68,0,None
PR08943,2024-11-12,P066,151,55.88,0,None
PR08944,2024-05-12,P029,387,175.66,0,None
PR08945,2024-07-28,P075,219,33.19,0,None
PR08946,2024-03-03,P080,305,152.06,0,None
PR08947,2024-10-31,P001,207,84.86,0,None
PR08948,2023-12-12,P042,259,127.88,0,None
PR08949,2024-12-31,P098,59,22.4,0,None
PR08950,2023-04-12,P059,327,46.97,0,None
PR08951,2023-07-28,P046,423,110.02,0,None
PR08952,2024-06-07,P035,220,58.77,0,None
PR08953,2024-01-05,P018,484,218.19,0,None
PR08954,2024-07-26,P090,447,152.01,0,None
PR08955,2024-10-18,P095,444,171.83,0,None
PR08956,2023-06-25,P098,451,201.41,0,None
PR08957,2023-09-30,P093,206,36.48,0,None
PR08958,2023-06-18,P100,93,40.69,4,Spoilage
PR08959,2023-12-21,P012,335,70.41,0,None
PR08960,2024-10-28,P070,448,71.02,0,None
PR08961,2023-03-01,P059,329,118.9,0,None
PR08962,2023-04-21,P004,104,28.55,6,Spoilage
PR08963,2023-02-11,P082,69,23.03,0,None
PR08964,2023-09-09,P072,314,88.43,0,None
PR08965,2023-05-19,P047,79,13.22,0,None
PR08966,2023-05-01,P013,384,160.21,0,None
PR08967,2024-08-16,P018,61,17.69,0,None
PR08968,2023-04-14,P002,434,206.99,0,None
PR08969,2023-10-11,P020,437,82.27,0,None
PR08970,2023-02-03,P025,272,43.28,0,None
PR08971,2023-04-28,P093,147,65.38,0,None
PR08972,2023-05-26,P037,413,148.67,0,None
PR08973,2023-05-03,P083,486,75.54,39,Production Error
PR08974,2024-08-09,P035,407,175.48,0,None
PR08975,2023-09-26,P082,87,38.16,0,None
PR08976,2023-10-22,P008,342,40.42,0,None
PR08977,2023-11-09,P027,354,66.81,0,None
PR08978,2024-03-14,P025,414,199.23,0,None
PR08979,2024-01-15,P030,135,60.37,0,None
PR08980,2024-07-30,P029,139,50.83,0,None
PR08981,2024-05-28,P014,304,119.93,0,None
PR08982,2024-04-10,P018,233,55.59,0,None
PR08983,2023-09-24,P042,278,120.88,0,None
PR08984,2024-11-25,P079,361,47.15,0,None
PR08985,2024-02-11,P098,82,15.2,1,Overproduction
PR08986,2023-09-17,P060,120,41.77,0,None
PR08987,2023-12-03,P027,350,66.75,0,None
PR08988,2023-10-04,P037,303,31.41,0,None
PR08989,2024-01-23,P029,416,90.05,0,None
PR08990,2023-01-17,P079,423,132.22,0,None
PR08991,2023-08-23,P055,162,59.32,0,None
PR08992,2023-09-02,P007,134,52.13,0,None
PR08993,2024-09-24,P024,290,128.03,0,None
PR08994,2024-07-01,P100,255,100.88,0,None
PR08995,2023-01-27,P004,53,23.25,0,None
PR08996,2023-05-19,P010,390,118.65,0,None
PR08997,2024-04-05,P012,164,66.28,0,None
PR08998,2024-06-04,P030,66,27.55,0,None
PR08999,2023-01-26,P024,477,82.21,0,None
PR09000,2023-11-25,P033,190,76.18,0,None
PR09001,2024-11-02,P027,131,18.61,0,None
PR09002,2024-02-16,P068,182,65.15,11,Defective Material
PR09003,2024-05-16,P053,126,58.87,0,None
PR09004,2024-09-23,P051,429,104.02,32,Defective Material
PR09005,2023-08-29,P073,95,27.45,0,None
PR09006,2023-01-17,P039,168,66.18,0,None
PR09007,2023-02-03,P057,188,49.86,0,None
PR09008,2024-12-17,P057,198,78.25,0,None
PR09009,2023-08-05,P070,340,116.21,0,None
PR09010,2024-02-06,P079,222,97.08,0,None
PR09011,2024-04-12,P006,293,88.92,0,None
PR09012,2023-06-26,P050,457,194.26,0,None
PR09013,2023-10-24,P039,163,65.11,0,None
PR09014,2023-08-26,P053,282,88.6,0,None
PR09015,2023-07-30,P077,344,87.63,0,None
PR09016,2024-12-27,P010,443,122.14,0,None
PR09017,2024-07-19,P057,324,114.87,0,None
PR09018,2023-07-13,P003,188,34.14,0,None
PR09019,2024-08-17,P043,386,75.25,0,None
PR09020,2023-09-17,P068,202,47.39,0,None
PR09021,2024-04-08,P073,456,207.27,0,None
PR09022,2023-05-17,P066,469,162.08,0,None
PR09023,2024-04-16,P092,109,44.03,0,None
PR09024,2023-05-05,P041,406,54.69,0,None
PR09025,2023-07-09,P064,433,193.53,33,Spoilage
PR09026,2024-11-28,P092,374,109.95,0,None
PR09027,2023-12-23,P045,494,243.63,0,None
PR09028,2024-04-29,P065,310,72.07,0,None
PR09029,2024-12-08,P066,115,41.83,0,None
PR09030,2023-08-13,P030,82,19.96,0,None
PR09031,2023-07-19,P072,82,19.59,0,None
PR09032,2023-08-26,P020,338,51.54,0,None
PR09033,2024-09-11,P079,61,25.61,0,None
PR09034,2023-02-17,P037,247,67.0,0,None
PR09035,2023-05-29,P066,340,119.77,0,None
PR09036,2024-10-06,P089,443,163.48,40,Defective Material
PR09037,2023-07-28,P024,410,47.71,17,Defective Material
PR09038,2023-05-23,P014,389,66.26,13,Spoilage
PR09039,2023-02-23,P075,131,44.12,0,None
PR09040,2024-09-26,P055,461,176.81,0,None
PR09041,2023-09-22,P053,106,50.42,0,None
PR09042,2024-03-14,P010,306,110.4,0,None
PR09043,2024-10-22,P018,367,44.24,0,None
PR09044,2024-12-30,P099,120,15.43,0,None
PR09045,2024-05-04,P087,398,183.41,0,None
PR09046,2023-06-16,P034,275,94.42,0,None
PR09047,2024-02-23,P017,162,54.92,0,None
PR09048,2024-06-19,P099,286,106.5,0,None
PR09049,2023-05-01,P062,423,100.32,0,None
PR09050,2023-12-09,P085,101,21.23,0,None
PR09051,2023-08-22,P084,412,78.08,25,Defective Material
PR09052,2024-01-07,P033,248,117.12,16,Spoilage
PR09053,2023-03-26,P080,264,101.81,24,Production Error
PR09054,2024-05-23,P023,449,47.68,0,None
PR09055,2023-04-13,P100,157,17.78,0,None
PR09056,2023-11-22,P065,389,105.36,0,None
PR09057,2024-11-06,P012,378,116.95,0,None
PR09058,2023-11-07,P028,213,75.3,0,None
PR09059,2023-03-06,P082,494,88.99,44,Overproduction
PR09060,2023-01-23,P060,420,122.78,0,None
PR09061,2023-07-18,P025,437,84.27,0,None
PR09062,2023-04-03,P003,139,49.4,0,None
PR09063,2024-10-03,P061,191,85.59,0,None
PR09064,2023-08-13,P021,210,67.2,0,None
PR09065,2024-03-20,P068,327,54.51,0,None
PR09066,2024-11-16,P076,440,46.44,0,None
PR09067,2023-06-14,P012,264,111.39,0,None
PR09068,2023-04-22,P004,297,47.21,24,Overproduction
PR09069,2024-03-05,P013,294,120.67,0,None
PR09070,2024-12-10,P054,395,115.66,3,Spoilage
PR09071,2024-03-28,P059,231,63.94,14,Defective Material
PR09072,2024-05-27,P093,162,50.25,7,Defective Material
PR09073,2023-11-29,P015,192,72.65,0,None
PR09074,2024-07-24,P053,443,68.81,0,None
PR09075,2024-10-31,P080,473,64.31,0,None
PR09076,2024-01-18,P091,131,41.42,0,None
PR09077,2023-02-18,P058,404,74.08,0,None
PR09078,2023-03-22,P092,392,139.04,7,Overproduction
PR09079,2024-05-19,P090,200,41.16,0,None
PR09080,2024-04-28,P006,166,46.74,0,None
PR09081,2024-04-09,P061,156,25.96,0,None
PR09082,2023-08-04,P059,294,68.48,0,None
PR09083,2024-03-04,P077,188,35.57,0,None
PR09084,2023-04-05,P077,411,78.24,0,None
PR09085,2024-11-26,P017,91,41.9,0,None
PR09086,2023-01-14,P016,67,33.12,0,None
PR09087,2023-03-10,P022,455,70.73,0,None
PR09088,2024-11-11,P048,160,28.34,0,None
PR09089,2023-01-01,P017,480,209.27,0,None
PR09090,2023-03-01,P035,395,51.46,0,None
PR09091,2024-05-29,P037,110,28.46,0,None
PR09092,2024-04-26,P002,230,105.37,0,None
PR09093,2023-01-19,P034,130,21.99,0,None
PR09094,2023-06-06,P011,57,12.56,0,None
PR09095,2023-09-25,P017,225,82.98,8,Defective Material
PR09096,2024-09-17,P029,248,114.31,0,None
PR09097,2023-11-10,P014,358,53.11,0,None
PR09098,2023-08-25,P080,267,66.76,0,None
PR09099,2023-06-15,P083,428,114.78,0,None
PR09100,2023-02-06,P082,221,88.43,0,None
PR09101,2023-03-13,P072,270,59.02,0,None
PR09102,2023-12-25,P006,102,37.62,0,None
PR09103,2024-08-23,P036,312,98.76,0,None
PR09104,2024-11-11,P026,186,87.27,0,None
PR09105,2023-11-02,P042,193,49.14,13,Overproduction
PR09106,2024-06-13,P009,68,18.51,0,None
PR09107,2024-09-28,P024,290,31.32,0,None
PR09108,2023-10-02,P026,220,49.69,10,Defective Material
PR09109,2023-07-20,P081,131,40.22,0,None
PR09110,2023-03-11,P051,196,39.9,0,None
PR09111,2023-06-18,P065,236,38.98,0,None
PR09112,2024-12-16,P004,119,48.38,0,None
PR09113,2024-02-26,P041,460,221.97,0,None
PR09114,2023-03-11,P034,427,111.23,0,None
PR09115,2023-11-21,P066,65,16.16,0,None
PR09116,2023-11-22,P074,295,109.47,0,None
PR09117,2024-12-01,P024,480,124.41,0,None
PR09118,2024-01-09,P069,60,6.03,0,None
PR09119,2023-09-17,P007,264,39.95,0,None
PR09120,2024-03-15,P043,307,108.46,0,None
PR09121,2023-05-06,P070,220,41.06,0,None
PR09122,2023-10-12,P047,131,18.58,0,None
PR09123,2023-07-30,P099,404,70.09,0,None
PR09124,2023-06-05,P036,248,113.53,0,None
PR09125,2023-09-07,P030,319,114.03,0,None
PR09126,2024-07-22,P041,245,82.24,0,None
PR09127,2024-07-17,P040,159,52.41,0,None
PR09128,2023-08-31,P052,63,21.4,1,Defective Material
PR09129,2024-04-20,P044,262,80.05,0,None
PR09130,2024-01-19,P013,335,159.79,0,None
PR09131,2023-11-26,P034,437,110.58,8,Production Error
PR09132,2024-10-28,P002,360,36.68,0,None
PR09133,2023-07-20,P052,349,58.68,0,None
PR09134,2023-08-30,P015,251,33.54,0,None
PR09135,2023-12-21,P060,56,13.3,0,None
PR09136,2023-06-17,P022,119,33.97,0,None
PR09137,2023-08-21,P041,434,161.92,0,None
PR09138,2023-09-05,P007,255,77.98,0,None
PR09139,2024-01-22,P044,182,20.91,0,None
PR09140,2024-10-18,P046,191,40.53,0,None
PR09141,2024-02-15,P077,86,25.14,0,None
PR09142,2023-05-21,P039,481,161.81,0,None
PR09143,2024-07-28,P093,433,97.79,7,Spoilage
PR09144,2024-06-21,P046,125,57.03,0,None
PR09145,2024-03-27,P066,375,126.68,9,Defective Material
PR09146,2023-11-02,P072,181,68.96,0,None
PR09147,2023-12-29,P032,257,120.69,0,None
PR09148,2024-02-02,P085,290,128.66,7,Defective Material
PR09149,2023-11-01,P021,197,29.57,0,None
PR09150,2023-05-25,P025,68,21.98,0,None
PR09151,2023-06-05,P075,409,143.85,0,None
PR09152,2023-12-12,P052,157,25.86,5,Overproduction
PR09153,2024-11-19,P015,477,189.1,0,None
PR09154,2023-12-30,P077,254,49.85,19,Overproduction
PR09155,2024-05-04,P022,416,66.11,0,None
PR09156,2024-12-07,P095,427,135.34,0,None
PR09157,2024-11-11,P002,296,35.79,0,None
PR09158,2024-11-11,P014,248,36.24,0,None
PR09159,2023-10-25,P047,68,9.87,0,None
PR09160,2024-06-24,P087,495,151.8,0,None
PR09161,2023-03-02,P072,257,116.08,0,None
PR09162,2023-04-23,P037,97,18.14,3,Defective Material
PR09163,2024-10-29,P017,131,62.39,0,None
PR09164,2023-12-12,P040,389,56.75,0,None
PR09165,2023-02-02,P077,418,125.21,0,None
PR09166,2024-11-19,P006,281,71.75,0,None
PR09167,2023-03-01,P046,119,52.0,0,None
PR09168,2024-09-17,P023,416,92.0,3,Defective Material
PR09169,2023-10-05,P028,50,17.58,0,None
PR09170,2023-03-10,P042,210,96.81,12,Spoilage
PR09171,2024-04-11,P002,226,61.27,10,Defective Material
PR09172,2023-12-25,P058,75,14.86,6,Production Error
PR09173,2024-07-05,P091,489,195.49,0,None
PR09174,2024-05-27,P066,141,65.64,13,Overproduction
PR09175,2023-11-29,P030,69,15.19,0,None
PR09176,2023-01-30,P099,108,24.16,0,None
PR09177,2024-06-24,P051,127,29.92,0,None
PR09178,2023-01-13,P035,339,136.65,0,None
PR09179,2023-11-15,P051,312,128.39,6,Defective Material
PR09180,2023-04-03,P006,210,72.9,15,Production Error
PR09181,2024-11-05,P048,113,15.29,0,None
PR09182,2024-03-09,P086,164,65.84,0,None
PR09183,2023-10-28,P074,174,68.38,0,None
PR09184,2024-03-29,P070,377,78.17,0,None
PR09185,2024-12-10,P016,51,5.38,0,None
PR09186,2024-12-30,P017,88,14.08,0,None
PR09187,2024-01-31,P005,326,45.46,7,Defective Material
PR09188,2023-12-27,P070,238,54.06,0,None
PR09189,2024-11-20,P082,248,37.77,0,None
PR09190,2023-07-23,P001,175,61.49,0,None
PR09191,2024-04-21,P009,144,19.79,0,None
PR09192,2023-11-15,P074,145,40.99,0,None
PR09193,2024-05-12,P023,89,10.76,0,None
PR09194,2023-06-25,P028,171,51.28,0,None
PR09195,2023-03-28,P018,142,31.3,0,None
PR09196,2024-06-10,P096,224,48.79,2,Production Error
PR09197,2024-03-21,P007,288,131.75,0,None
PR09198,2024-06-05,P024,343,69.48,0,None
PR09199,2024-09-08,P075,246,42.36,0,None
PR09200,2024-11-16,P084,416,181.21,0,None
PR09201,2024-06-04,P009,424,91.18,0,None
PR09202,2023-09-02,P079,196,67.25,0,None
PR09203,2023-03-12,P003,181,19.69,2,Production Error
PR09204,2024-12-22,P024,88,40.98,0,None
PR09205,2023-09-26,P056,417,46.72,0,None
PR09206,2024-07-03,P076,70,24.96,0,None
PR09207,2023-11-23,P095,298,113.64,21,Production Error
PR09208,2024-08-05,P042,175,39.37,0,None
PR09209,2023-05-30,P065,253,88.91,0,None
PR09210,2023-08-16,P083,335,81.06,0,None
PR09211,2024-10-03,P094,123,29.9,0,None
PR09212,2023-11-14,P003,251,115.54,0,None
PR09213,2023-12-01,P081,148,73.05,0,None
PR09214,2023-12-25,P040,292,85.49,16,Defective Material
PR09215,2023-09-24,P010,125,59.15,0,None
PR09216,2023-09-16,P023,335,49.06,0,None
PR09217,2024-08-03,P012,361,115.81,19,Defective Material
PR09218,2024-08-14,P047,233,73.55,0,None
PR09219,2024-06-07,P041,130,38.7,9,Production Error
PR09220,2023-04-02,P069,252,89.77,0,None
PR09221,2024-02-04,P059,398,48.39,0,None
PR09222,2024-08-24,P021,247,94.06,0,None
PR09223,2024-05-09,P060,334,94.41,12,Overproduction
PR09224,2023-05-14,P037,218,107.42,0,None
PR09225,2024-03-22,P096,219,88.13,0,None
PR09226,2023-08-02,P055,360,81.97,0,None
PR09227,2023-09-27,P054,496,97.81,0,None
PR09228,2023-09-24,P080,406,79.43,0,None
PR09229,2024-09-08,P040,352,56.07,0,None
PR09230,2024-10-25,P065,444,194.21,37,Overproduction
PR09231,2024-01-23,P095,386,93.48,0,None
PR09232,2023-12-22,P017,497,199.35,0,None
PR09233,2023-12-19,P028,290,95.81,0,None
PR09234,2024-04-21,P035,378,108.68,30,Overproduction
PR09235,2024-09-11,P083,280,133.27,0,None
PR09236,2023-01-02,P022,249,99.38,0,None
PR09237,2024-10-27,P100,341,78.03,0,None
PR09238,2023-07-06,P020,376,136.67,0,None
PR09239,2023-10-29,P004,332,132.46,0,None
PR09240,2023-05-17,P042,68,19.89,0,None
PR09241,2024-04-26,P014,371,53.53,0,None
PR09242,2023-07-14,P071,248,37.0,0,None
PR09243,2024-03-08,P064,169,41.05,0,None
PR09244,2024-11-03,P012,243,88.62,0,None
PR09245,2024-10-29,P012,368,113.58,0,None
PR09246,2023-10-05,P092,126,30.69,0,None
PR09247,2023-05-06,P012,102,47.89,0,None
PR09248,2024-11-20,P084,73,36.3,0,None
PR09249,2023-01-19,P094,90,42.71,8,Production Error
PR09250,2024-01-13,P038,55,23.97,0,None
PR09251,2024-12-10,P042,127,44.1,0,None
PR09252,2023-05-29,P014,310,140.55,0,None
PR09253,2024-11-10,P091,494,168.28,0,None
PR09254,2023-10-19,P032,174,66.69,0,None
PR09255,2024-04-21,P034,81,18.11,0,None
PR09256,2024-02-22,P033,126,35.29,0,None
PR09257,2023-06-24,P070,448,163.65,0,None
PR09258,2023-04-22,P099,478,120.74,0,None
PR09259,2024-12-14,P018,455,96.3,0,None
PR09260,2024-02-17,P095,189,65.72,0,None
PR09261,2024-11-17,P100,67,16.75,0,None
PR09262,2024-11-28,P051,217,50.23,11,Overproduction
PR09263,2024-07-22,P052,390,78.25,0,None
PR09264,2023-08-07,P028,343,137.19,0,None
PR09265,2024-07-31,P001,140,62.5,0,None
PR09266,2024-01-07,P057,302,142.5,0,None
PR09267,2023-04-29,P067,433,108.75,0,None
PR09268,2024-06-15,P043,426,140.44,0,None
PR09269,2023-11-13,P100,448,45.19,0,None
PR09270,2023-05-30,P066,313,76.82,0,None
PR09271,2023-11-26,P100,266,91.44,0,None
PR09272,2023-07-30,P082,114,36.21,0,None
PR09273,2024-12-11,P077,253,44.25,0,None
PR09274,2024-09-10,P089,344,62.6,0,None
PR09275,2024-06-24,P039,272,70.12,0,None
PR09276,2023-03-06,P090,278,29.99,0,None
PR09277,2023-06-16,P002,296,43.13,0,None
PR09278,2023-09-04,P015,244,110.23,19,Overproduction
PR09279,2024-09-19,P011,414,197.97,0,None
PR09280,2023-06-11,P017,50,10.16,0,None
PR09281,2024-06-06,P025,84,32.08,0,None
PR09282,2024-10-02,P049,417,109.93,0,None
PR09283,2024-09-11,P081,466,150.71,0,None
PR09284,2024-08-13,P087,72,10.52,3,Production Error
PR09285,2024-12-15,P098,386,101.37,0,None
PR09286,2023-08-23,P025,142,22.43,0,None
PR09287,2024-01-09,P012,405,122.45,0,None
PR09288,2024-09-11,P009,305,102.96,0,None
PR09289,2023-01-12,P094,446,56.17,0,None
PR09290,2024-12-17,P040,142,45.11,0,None
PR09291,2023-06-16,P012,172,49.57,0,None
PR09292,2024-07-17,P098,310,85.87,0,None
PR09293,2023-11-15,P061,468,122.59,0,None
PR09294,2023-09-18,P033,188,51.98,0,None
PR09295,2023-11-12,P094,498,83.58,24,Overproduction
PR09296,2023-12-19,P015,393,103.22,0,None
PR09297,2023-01-15,P087,137,59.7,0,None
PR09298,2023-03-16,P068,216,63.22,0,None
PR09299,2024-10-13,P018,221,84.85,0,None
PR09300,2024-12-25,P055,93,20.04,0,None
PR09301,2024-01-30,P092,312,147.07,0,None
PR09302,2024-04-02,P013,403,57.51,20,Spoilage
PR09303,2024-04-30,P071,204,84.94,0,None
PR09304,2024-04-26,P048,399,48.54,0,None
PR09305,2023-11-25,P046,93,26.8,0,None
PR09306,2024-09-25,P019,359,50.87,0,None
PR09307,2024-01-05,P069,364,66.96,8,Overproduction
PR09308,2023-06-19,P053,227,67.05,0,None
PR09309,2024-08-05,P069,311,106.32,0,None
PR09310,2023-06-23,P009,103,19.29,0,None
PR09311,2023-12-13,P073,313,72.04,0,None
PR09312,2024-03-18,P094,324,100.09,0,None
PR09313,2024-11-05,P005,200,20.05,0,None
PR09314,2024-09-02,P029,190,70.81,0,None
PR09315,2023-02-01,P073,393,153.73,0,None
PR09316,2024-02-16,P040,397,168.68,0,None
PR09317,2023-04-02,P018,229,38.05,0,None
PR09318,2023-12-24,P014,471,130.56,0,None
PR09319,2023-07-06,P074,474,180.14,0,None
PR09320,2024-06-13,P091,147,56.23,0,None
PR09321,2024-11-12,P054,407,165.8,0,None
PR09322,2023-04-29,P065,377,154.9,0,None
PR09323,2023-05-19,P055,55,18.5,0,None
PR09324,2023-03-26,P095,479,155.54,29,Overproduction
PR09325,2024-07-31,P095,481,77.73,0,None
PR09326,2024-11-23,P054,89,31.34,0,None
PR09327,2023-05-23,P078,139,15.52,0,None
PR09328,2023-06-10,P063,474,115.12,0,None
PR09329,2024-03-28,P099,331,155.9,0,None
PR09330,2024-01-14,P070,245,36.43,0,None
PR09331,2023-06-25,P073,81,27.18,0,None
PR09332,2023-12-17,P035,180,59.8,0,None
PR09333,2024-01-28,P014,246,121.15,10,Spoilage
PR09334,2024-02-23,P033,175,25.39,3,Spoilage
PR09335,2024-06-10,P097,464,56.43,32,Defective Material
PR09336,2023-10-10,P043,362,80.06,0,None
PR09337,2023-03-17,P019,204,99.47,0,None
PR09338,2023-08-29,P014,367,116.21,0,None
PR09339,2023-06-09,P081,461,47.68,0,None
PR09340,2023-06-15,P014,363,74.95,0,None
PR09341,2024-03-10,P034,354,102.75,0,None
PR09342,2023-12-01,P098,431,79.43,0,None
PR09343,2024-05-17,P077,74,36.14,0,None
PR09344,2024-07-15,P051,422,187.11,0,None
PR09345,2024-06-30,P038,140,33.49,5,Production Error
PR09346,2023-05-26,P036,450,190.24,0,None
PR09347,2024-07-18,P022,122,38.87,0,None
PR09348,2023-12-24,P050,109,21.56,0,None
PR09349,2024-06-18,P080,449,138.3,0,None
PR09350,2024-02-15,P045,373,114.6,0,None
PR09351,2024-11-23,P048,160,22.33,0,None
PR09352,2024-11-24,P087,202,70.37,0,None
PR09353,2024-12-19,P050,293,118.61,9,Overproduction
PR09354,2024-11-06,P090,244,119.16,0,None
PR09355,2023-10-17,P094,410,81.59,0,None
PR09356,2023-10-31,P049,227,82.41,0,None
PR09357,2023-02-01,P007,370,63.44,0,None
PR09358,2023-01-12,P019,410,198.49,0,None
PR09359,2024-01-15,P011,232,85.84,0,None
PR09360,2023-01-20,P095,183,31.51,0,None
PR09361,2023-09-06,P079,257,115.45,0,None
PR09362,2023-08-19,P056,156,38.16,0,None
PR09363,2024-10-07,P007,134,54.8,0,None
PR09364,2023-08-29,P075,308,44.82,8,Production Error
PR09365,2024-04-26,P098,474,113.47,0,None
PR09366,2024-12-31,P063,498,141.43,0,None
PR09367,2024-05-22,P015,156,77.28,10,Spoilage
PR09368,2024-05-12,P068,313,153.88,0,None
PR09369,2023-11-02,P079,456,189.44,0,None
PR09370,2023-06-24,P038,126,52.82,0,None
PR09371,2024-11-07,P021,209,98.22,0,None
PR09372,2024-04-03,P072,340,63.65,0,None
PR09373,2023-07-31,P030,303,36.15,0,None
PR09374,2024-05-23,P044,350,114.54,0,None
PR09375,2023-08-13,P006,170,54.76,0,None
PR09376,2023-05-13,P022,477,218.2,0,None
PR09377,2023-03-19,P053,336,52.68,0,None
PR09378,2023-08-07,P060,131,38.58,0,None
PR09379,2023-01-28,P080,204,33.72,0,None
PR09380,2023-11-30,P015,465,179.26,0,None
PR09381,2023-04-27,P046,250,121.63,24,Overproduction
PR09382,2024-05-02,P010,413,109.9,36,Production Error
PR09383,2023-11-20,P051,290,86.2,0,None
PR09384,2023-12-27,P029,448,64.89,2,Overproduction
PR09385,2023-05-07,P088,247,77.51,0,None
PR09386,2024-08-08,P017,423,148.75,0,None
PR09387,2023-09-26,P033,284,52.99,0,None
PR09388,2023-06-02,P003,417,94.72,0,None
PR09389,2024-08-24,P032,113,12.68,0,None
PR09390,2023-08-24,P037,106,51.48,0,None
PR09391,2024-11-10,P012,455,213.6,33,Defective Material
PR09392,2023-07-22,P019,337,147.18,0,None
PR09393,2023-12-05,P036,68,14.77,1,Overproduction
PR09394,2024-12-12,P017,74,8.76,0,None
PR09395,2023-07-01,P050,490,210.35,0,None
PR09396,2024-01-28,P074,126,34.96,0,None
PR09397,2024-01-13,P094,81,33.32,0,None
PR09398,2024-05-22,P043,391,42.69,0,None
PR09399,2024-04-05,P080,369,174.44,0,None
PR09400,2023-05-03,P099,336,96.44,0,None
PR09401,2023-04-30,P039,301,128.75,0,None
PR09402,2023-01-18,P021,193,71.9,0,None
PR09403,2024-10-26,P099,353,166.97,0,None
PR09404,2023-08-20,P065,349,66.37,0,None
PR09405,2024-12-17,P016,309,35.95,20,Overproduction
PR09406,2024-09-15,P074,449,55.54,26,Spoilage
PR09407,2024-05-25,P073,255,87.27,0,None
PR09408,2023-03-31,P049,344,114.52,0,None
PR09409,2023-05-17,P071,486,90.36,0,None
PR09410,2024-05-09,P093,153,65.31,0,None
PR09411,2023-06-30,P076,188,27.36,0,None
PR09412,2024-02-29,P074,496,150.32,0,None
PR09413,2024-03-14,P045,149,58.97,8,Overproduction
PR09414,2024-08-08,P088,433,167.44,0,None
PR09415,2023-06-11,P081,467,108.75,0,None
PR09416,2024-07-18,P068,443,218.69,0,None
PR09417,2024-07-22,P053,396,64.68,0,None
PR09418,2023-11-20,P011,278,47.85,3,Defective Material
PR09419,2023-06-23,P096,97,25.72,0,None
PR09420,2023-02-12,P002,217,56.14,0,None
PR09421,2023-12-06,P078,284,65.47,0,None
PR09422,2023-08-26,P001,144,18.33,0,None
PR09423,2023-10-12,P044,58,11.96,0,None
PR09424,2024-12-05,P019,345,169.66,0,None
PR09425,2024-01-21,P015,241,76.3,0,None
PR09426,2024-10-01,P027,106,17.04,0,None
PR09427,2024-07-08,P089,392,62.69,0,None
PR09428,2023-02-08,P030,203,57.87,0,None
PR09429,2024-09-20,P092,115,35.14,0,None
PR09430,2023-05-16,P041,50,23.5,0,None
PR09431,2023-09-18,P041,278,111.78,0,None
PR09432,2024-06-10,P058,117,14.2,0,None
PR09433,2023-02-03,P007,51,19.64,0,None
PR09434,2023-10-02,P081,452,199.82,0,None
PR09435,2023-02-24,P042,165,48.89,0,None
PR09436,2023-02-09,P045,158,76.27,0,None
PR09437,2023-12-05,P006,109,51.34,0,None
PR09438,2024-03-03,P001,344,73.29,0,None
PR09439,2023-03-21,P073,298,115.95,0,None
PR09440,2023-11-27,P043,206,25.49,0,None
PR09441,2024-12-27,P033,420,143.25,0,None
PR09442,2023-03-08,P072,475,59.66,0,None
PR09443,2023-02-24,P060,63,19.54,0,None
PR09444,2023-11-07,P046,368,157.49,0,None
PR09445,2024-07-31,P097,296,65.47,3,Production Error
PR09446,2023-12-02,P038,368,131.61,0,None
PR09447,2023-01-17,P036,377,52.61,0,None
PR09448,2023-01-15,P064,496,242.06,0,None
PR09449,2023-07-26,P060,229,57.97,0,None
PR09450,2023-12-30,P028,286,77.07,0,None
PR09451,2023-11-18,P064,277,138.41,0,None
PR09452,2023-02-11,P048,176,45.16,0,None
PR09453,2024-07-17,P066,335,80.35,0,None
PR09454,2024-10-03,P047,416,132.65,0,None
PR09455,2023-07-02,P080,389,168.73,0,None
PR09456,2024-04-04,P011,496,201.95,0,None
PR09457,2024-08-15,P086,495,191.97,0,None
PR09458,2024-03-15,P088,499,121.65,24,Spoilage
PR09459,2023-03-01,P063,461,133.52,2,Spoilage
PR09460,2024-10-18,P095,251,115.17,0,None
PR09461,2023-06-29,P045,223,106.81,0,None
PR09462,2023-04-06,P063,172,72.01,6,Production Error
PR09463,2023-10-19,P068,338,151.49,5,Production Error
PR09464,2024-05-03,P083,77,26.78,0,None
PR09465,2024-06-23,P061,156,48.88,0,None
PR09466,2023-09-03,P054,231,53.03,0,None
PR09467,2024-08-12,P084,254,122.13,9,Spoilage
PR09468,2024-08-22,P008,431,208.28,0,None
PR09469,2023-05-25,P002,198,68.17,0,None
PR09470,2024-10-19,P001,494,100.19,0,None
PR09471,2023-08-24,P024,131,32.22,0,None
PR09472,2024-10-27,P046,372,49.4,0,None
PR09473,2024-07-24,P009,248,92.77,0,None
PR09474,2023-07-22,P034,236,55.18,0,None
PR09475,2024-01-04,P046,429,169.42,0,None
PR09476,2023-12-16,P069,70,18.19,0,None
PR09477,2024-02-17,P077,294,34.35,0,None
PR09478,2023-08-18,P065,497,154.53,0,None
PR09479,2024-10-02,P042,160,73.2,0,None
PR09480,2023-09-13,P064,475,98.86,0,None
PR09481,2023-01-13,P077,221,33.81,0,None
PR09482,2024-03-09,P052,450,216.53,0,None
PR09483,2024-09-29,P051,454,177.78,0,None
PR09484,2023-03-13,P027,93,28.2,0,None
PR09485,2023-10-08,P042,299,73.12,0,None
PR09486,2024-05-17,P056,488,156.94,0,None
PR09487,2024-11-04,P045,195,87.15,0,None
PR09488,2023-11-28,P031,130,56.45,0,None
PR09489,2024-11-06,P011,356,87.06,0,None
PR09490,2024-09-17,P075,445,67.46,0,None
PR09491,2024-04-12,P018,111,42.98,0,None
PR09492,2024-12-22,P082,278,51.96,9,Production Error
PR09493,2024-08-10,P010,370,171.44,0,None
PR09494,2024-03-14,P100,287,138.67,0,None
PR09495,2024-07-29,P030,230,113.92,0,None
PR09496,2023-12-05,P047,418,59.18,0,None
PR09497,2023-04-13,P021,164,41.52,0,None
PR09498,2023-03-05,P014,414,99.1,31,Spoilage
PR09499,2024-01-10,P021,178,59.71,0,None
PR09500,2024-02-18,P052,400,110.61,0,None
PR09501,2023-01-05,P003,183,36.17,0,None
PR09502,2023-02-21,P077,328,116.6,0,None
PR09503,2024-03-30,P003,475,157.52,0,None
PR09504,2023-05-14,P010,307,68.91,0,None
PR09505,2023-01-07,P058,162,35.02,0,None
PR09506,2023-10-25,P035,281,96.63,0,None
PR09507,2024-04-15,P063,163,74.65,0,None
PR09508,2024-05-31,P036,498,190.69,25,Spoilage
PR09509,2024-04-10,P038,78,14.32,2,Spoilage
PR09510,2023-05-26,P004,447,131.59,16,Spoilage
PR09511,2024-01-09,P091,163,75.58,0,None
PR09512,2023-10-24,P083,191,49.2,0,None
PR09513,2024-08-29,P048,371,99.0,0,None
PR09514,2023-10-02,P007,189,44.91,0,None
PR09515,2023-11-01,P097,410,135.37,0,None
PR09516,2023-01-12,P048,408,189.81,0,None
PR09517,2024-03-15,P048,274,89.71,0,None
PR09518,2023-01-17,P028,93,30.57,0,None
PR09519,2024-03-06,P089,386,184.09,24,Defective Material
PR09520,2023-08-01,P001,446,142.13,0,None
PR09521,2023-05-03,P034,150,37.57,0,None
PR09522,2023-02-22,P042,493,112.51,0,None
PR09523,2024-03-11,P003,426,62.77,0,None
PR09524,2024-03-11,P092,410,59.75,0,None
PR09525,2024-09-22,P023,248,54.54,0,None
PR09526,2023-10-26,P095,164,47.61,0,None
PR09527,2023-06-13,P027,159,62.39,4,Production Error
PR09528,2023-09-05,P016,181,25.84,0,None
PR09529,2023-11-04,P046,361,114.17,18,Production Error
PR09530,2024-02-10,P054,355,90.66,0,None
PR09531,2023-01-31,P024,333,140.76,0,None
PR09532,2023-11-04,P056,64,28.29,0,None
PR09533,2024-12-25,P071,277,110.4,0,None
PR09534,2023-01-23,P018,431,91.59,16,Production Error
PR09535,2023-12-23,P057,69,22.84,4,Production Error
PR09536,2024-04-05,P085,424,149.45,0,None
PR09537,2024-02-10,P067,490,186.89,38,Spoilage
PR09538,2023-04-21,P020,293,133.79,0,None
PR09539,2023-03-23,P070,390,176.37,0,None
PR09540,2024-01-02,P085,302,47.28,0,None
PR09541,2024-02-21,P059,297,82.42,15,Defective Material
PR09542,2023-05-27,P055,150,31.47,11,Spoilage
PR09543,2023-08-21,P049,285,97.55,0,None
PR09544,2024-06-29,P065,439,94.25,0,None
PR09545,2024-02-12,P028,438,204.73,31,Spoilage
PR09546,2024-07-18,P024,232,105.33,0,None
PR09547,2024-02-22,P002,279,100.35,0,None
PR09548,2023-01-24,P095,82,39.89,0,None
PR09549,2024-07-19,P020,414,85.87,0,None
PR09550,2023-04-22,P050,113,48.45,0,None
PR09551,2024-07-15,P059,285,74.76,0,None
PR09552,2023-03-11,P076,247,118.81,0,None
PR09553,2023-08-24,P028,424,169.41,0,None
PR09554,2023-06-29,P098,145,43.77,3,Production Error
PR09555,2024-07-28,P009,486,227.92,0,None
PR09556,2023-04-14,P067,200,52.04,0,None
PR09557,2023-01-29,P065,256,82.51,7,Defective Material
PR09558,2024-12-27,P056,55,23.23,0,None
PR09559,2023-08-08,P004,406,53.05,36,Overproduction
PR09560,2023-05-08,P026,481,180.72,0,None
PR09561,2024-03-19,P086,222,98.86,0,None
PR09562,2024-01-02,P093,222,95.71,0,None
PR09563,2024-08-22,P067,100,26.51,0,None
PR09564,2024-04-03,P018,122,55.24,0,None
PR09565,2024-09-12,P018,147,66.41,3,Production Error
PR09566,2023-10-22,P019,52,25.88,0,None
PR09567,2023-02-07,P092,141,46.21,0,None
PR09568,2023-10-20,P072,106,25.09,0,None
PR09569,2024-02-17,P053,359,173.4,0,None
PR09570,2024-09-22,P053,427,151.22,0,None
PR09571,2024-03-23,P010,161,46.6,0,None
PR09572,2023-08-11,P090,404,106.08,0,None
PR09573,2024-05-26,P062,280,44.96,0,None
PR09574,2024-04-12,P059,166,21.21,0,None
PR09575,2024-03-02,P025,361,81.66,0,None
PR09576,2024-03-17,P075,124,32.51,5,Overproduction
PR09577,2024-01-20,P005,54,8.55,0,None
PR09578,2024-11-11,P030,365,103.7,18,Defective Material
PR09579,2024-11-12,P097,153,61.8,0,None
PR09580,2023-03-03,P087,51,15.28,3,Spoilage
PR09581,2023-05-31,P039,486,119.62,0,None
PR09582,2024-06-22,P010,181,33.65,0,None
PR09583,2024-11-07,P033,243,71.2,0,None
PR09584,2024-12-25,P023,361,92.55,0,None
PR09585,2023-03-19,P091,138,59.87,0,None
PR09586,2024-02-26,P047,268,98.06,0,None
PR09587,2024-06-06,P023,377,115.64,0,None
PR09588,2023-08-13,P036,188,70.07,0,None
PR09589,2024-03-02,P012,191,63.41,0,None
PR09590,2024-04-16,P023,320,55.22,0,None
PR09591,2023-05-22,P002,100,24.75,0,None
PR09592,2023-05-10,P100,313,154.52,0,None
PR09593,2024-08-15,P017,341,63.13,0,None
PR09594,2023-05-07,P023,83,13.59,0,None
PR09595,2023-07-18,P071,222,60.32,15,Production Error
PR09596,2023-08-28,P041,454,211.72,0,None
PR09597,2024-01-27,P079,468,95.88,0,None
PR09598,2024-06-30,P027,97,19.53,0,None
PR09599,2024-09-11,P052,132,17.37,0,None
PR09600,2024-02-28,P087,209,91.14,0,None
PR09601,2023-04-22,P095,111,35.2,0,None
PR09602,2023-08-08,P034,190,30.48,0,None
PR09603,2023-10-19,P012,150,60.56,0,None
PR09604,2023-09-06,P074,274,86.14,0,None
PR09605,2023-11-17,P091,86,30.7,0,None
PR09606,2023-09-29,P020,387,133.78,32,Spoilage
PR09607,2023-06-19,P052,66,8.05,0,None
PR09608,2024-04-11,P084,325,89.1,0,None
PR09609,2024-01-16,P043,442,64.23,0,None
PR09610,2023-02-28,P054,235,97.7,0,None
PR09611,2024-08-18,P068,159,36.47,1,Overproduction
PR09612,2023-06-18,P088,254,63.96,0,None
PR09613,2023-12-13,P058,283,114.89,0,None
PR09614,2024-01-19,P055,128,34.76,0,None
PR09615,2024-06-14,P037,162,25.43,0,None
PR09616,2023-01-02,P030,101,11.67,7,Defective Material
PR09617,2024-11-08,P059,362,138.67,0,None
PR09618,2024-05-02,P076,480,71.79,22,Spoilage
PR09619,2024-11-26,P069,320,97.24,20,Defective Material
PR09620,2023-10-20,P003,155,25.81,6,Defective Material
PR09621,2024-11-02,P035,302,141.19,0,None
PR09622,2024-03-10,P029,451,47.34,0,None
PR09623,2023-09-29,P033,474,61.9,7,Defective Material
PR09624,2024-10-03,P068,221,69.83,0,None
PR09625,2023-07-07,P013,124,55.05,11,Production Error
PR09626,2023-03-13,P014,465,91.07,0,None
PR09627,2024-09-07,P011,132,31.16,0,None
PR09628,2023-09-06,P091,400,169.2,0,None
PR09629,2023-07-29,P093,372,124.26,0,None
PR09630,2024-04-03,P033,233,55.97,0,None
PR09631,2023-06-11,P024,150,65.79,0,None
PR09632,2024-04-20,P007,438,168.2,0,None
PR09633,2024-09-08,P071,115,44.33,0,None
PR09634,2024-01-05,P054,271,118.87,0,None
PR09635,2024-07-28,P092,322,93.72,0,None
PR09636,2024-02-25,P064,212,51.76,9,Overproduction
PR09637,2024-10-11,P059,210,99.17,0,None
PR09638,2023-01-16,P034,344,83.69,0,None
PR09639,2024-01-31,P041,260,83.97,0,None
PR09640,2023-01-15,P031,403,155.87,0,None
PR09641,2023-06-06,P098,196,45.97,7,Defective Material
PR09642,2024-04-27,P061,461,130.29,0,None
PR09643,2024-07-12,P058,184,53.44,0,None
PR09644,2023-01-17,P065,216,63.81,0,None
PR09645,2024-08-24,P090,170,22.37,14,Production Error
PR09646,2024-02-14,P031,277,122.29,0,None
PR09647,2023-10-25,P084,145,55.17,0,None
PR09648,2024-04-08,P065,220,22.13,20,Production Error
PR09649,2024-06-19,P054,347,165.03,0,None
PR09650,2024-10-13,P059,126,25.89,0,None
PR09651,2023-07-03,P092,470,124.07,0,None
PR09652,2023-05-25,P024,477,102.62,0,None
PR09653,2023-11-07,P041,479,215.9,0,None
PR09654,2023-09-11,P080,462,134.96,0,None
PR09655,2023-07-25,P006,266,73.11,22,Production Error
PR09656,2024-11-03,P086,348,139.27,7,Overproduction
PR09657,2024-09-18,P005,76,19.32,0,None
PR09658,2023-03-03,P057,151,59.72,0,None
PR09659,2023-11-06,P023,428,173.63,0,None
PR09660,2023-06-07,P066,102,33.09,0,None
PR09661,2024-09-13,P010,394,60.7,0,None
PR09662,2023-01-20,P007,406,164.26,0,None
PR09663,2023-04-13,P036,77,16.48,6,Spoilage
PR09664,2024-02-06,P014,104,46.9,0,None
PR09665,2023-11-12,P008,77,17.28,1,Spoilage
PR09666,2023-04-22,P032,111,14.11,0,None
PR09667,2023-02-04,P050,227,49.72,0,None
PR09668,2024-05-02,P045,110,19.67,0,None
PR09669,2023-08-17,P001,279,137.2,0,None
PR09670,2023-08-30,P016,269,82.95,0,None
PR09671,2023-02-07,P011,404,177.91,0,None
PR09672,2024-08-15,P085,116,48.0,0,None
PR09673,2024-09-16,P059,309,32.68,0,None
PR09674,2023-11-08,P095,162,42.19,0,None
PR09675,2023-12-13,P047,280,131.06,0,None
PR09676,2024-06-07,P019,140,16.6,7,Overproduction
PR09677,2023-10-18,P036,220,24.36,0,None
PR09678,2024-08-11,P038,100,47.69,0,None
PR09679,2024-03-06,P091,292,29.81,22,Defective Material
PR09680,2024-01-16,P031,228,43.5,0,None
PR09681,2023-11-22,P075,261,117.29,0,None
PR09682,2024-12-11,P023,393,125.18,0,None
PR09683,2023-12-20,P069,149,53.75,0,None
PR09684,2024-03-22,P038,498,88.8,0,None
PR09685,2023-06-30,P072,120,36.09,0,None
PR09686,2023-04-11,P004,415,136.34,0,None
PR09687,2023-01-02,P014,327,112.56,0,None
PR09688,2023-03-04,P068,393,190.67,0,None
PR09689,2024-06-22,P057,166,73.77,0,None
PR09690,2023-07-28,P007,220,79.53,0,None
PR09691,2024-11-28,P055,472,79.26,31,Defective Material
PR09692,2023-02-19,P002,361,85.88,0,None
PR09693,2023-06-05,P055,204,90.88,0,None
PR09694,2024-02-15,P011,314,97.2,0,None
PR09695,2023-04-22,P064,94,13.93,0,None
PR09696,2023-04-10,P015,104,29.44,0,None
PR09697,2024-12-11,P018,119,19.97,0,None
PR09698,2024-03-26,P035,91,39.67,0,None
PR09699,2023-02-06,P032,106,43.72,0,None
PR09700,2023-09-13,P040,285,120.36,0,None
PR09701,2024-07-03,P053,161,25.26,0,None
PR09702,2023-10-05,P018,178,64.07,0,None
PR09703,2024-01-20,P058,372,58.94,0,None
PR09704,2024-03-22,P089,347,110.87,0,None
PR09705,2023-12-10,P054,206,39.64,0,None
PR09706,2024-04-07,P021,352,77.95,0,None
PR09707,2024-08-15,P026,185,39.55,0,None
PR09708,2024-06-12,P080,263,50.81,11,Spoilage
PR09709,2023-08-11,P091,93,9.43,0,None
PR09710,2023-03-11,P049,273,46.43,12,Spoilage
PR09711,2023-09-11,P059,492,165.94,26,Production Error
PR09712,2024-11-19,P030,456,113.19,0,None
PR09713,2024-10-13,P033,116,36.43,0,None
PR09714,2024-08-15,P090,395,151.35,0,None
PR09715,2024-09-20,P080,434,211.13,0,None
PR09716,2024-09-06,P027,204,48.84,4,Spoilage
PR09717,2023-07-01,P058,236,63.43,2,Production Error
PR09718,2023-06-16,P065,153,23.17,4,Production Error
PR09719,2023-04-20,P070,106,36.01,0,None
PR09720,2023-01-10,P008,486,218.76,0,None
PR09721,2023-10-19,P006,371,142.04,0,None
PR09722,2024-10-16,P057,431,185.15,0,None
PR09723,2024-10-16,P040,443,109.61,0,None
PR09724,2023-03-03,P050,273,130.87,0,None
PR09725,2023-06-17,P012,370,140.97,0,None
PR09726,2024-12-07,P067,175,34.32,9,Production Error
PR09727,2023-10-11,P050,245,58.49,10,Production Error
PR09728,2024-08-13,P094,101,46.14,0,None
PR09729,2024-05-08,P061,112,35.33,10,Overproduction
PR09730,2024-06-09,P095,454,180.39,0,None
PR09731,2024-01-05,P032,408,178.52,0,None
PR09732,2023-09-09,P092,98,42.92,0,None
PR09733,2023-08-21,P035,69,11.86,0,None
PR09734,2024-11-26,P007,311,145.39,0,None
PR09735,2023-03-23,P025,161,40.78,0,None
PR09736,2023-08-29,P083,461,202.86,1,Defective Material
PR09737,2024-06-20,P025,325,91.68,23,Defective Material
PR09738,2023-05-29,P035,394,162.42,5,Overproduction
PR09739,2024-05-24,P067,95,43.25,0,None
PR09740,2023-01-10,P097,91,29.58,0,None
PR09741,2023-06-03,P005,79,8.54,0,None
PR09742,2024-02-27,P075,113,55.08,0,None
PR09743,2023-08-28,P043,150,48.99,0,None
PR09744,2023-02-24,P093,451,190.0,0,None
PR09745,2024-05-22,P073,262,124.64,0,None
PR09746,2024-08-24,P078,217,90.86,0,None
PR09747,2023-12-13,P012,64,8.46,0,None
PR09748,2024-10-09,P098,463,130.09,0,None
PR09749,2024-09-07,P023,154,71.37,7,Production Error
PR09750,2024-04-12,P062,188,40.49,0,None
PR09751,2023-02-03,P044,164,24.45,0,None
PR09752,2024-04-12,P005,152,70.08,14,Production Error
PR09753,2023-11-21,P089,272,89.62,0,None
PR09754,2023-11-09,P014,409,99.5,0,None
PR09755,2024-05-31,P015,89,38.85,0,None
PR09756,2023-01-23,P048,164,47.78,0,None
PR09757,2023-08-21,P016,262,77.69,7,Defective Material
PR09758,2023-11-06,P081,162,29.18,0,None
PR09759,2023-07-23,P030,243,72.22,0,None
PR09760,2023-07-30,P028,142,28.24,0,None
PR09761,2023-11-09,P035,150,18.52,0,None
PR09762,2023-11-15,P092,216,82.73,0,None
PR09763,2024-08-02,P034,186,25.11,0,None
PR09764,2023-05-19,P096,275,53.85,0,None
PR09765,2024-02-01,P099,227,43.06,0,None
PR09766,2024-04-29,P051,473,133.04,0,None
PR09767,2023-03-02,P011,358,131.47,0,None
PR09768,2024-06-28,P004,100,30.76,0,None
PR09769,2023-11-05,P058,200,70.54,16,Overproduction
PR09770,2023-02-27,P049,302,129.39,0,None
PR09771,2024-10-29,P035,380,170.96,0,None
PR09772,2023-11-28,P002,154,30.46,0,None
PR09773,2024-08-04,P029,465,142.49,0,None
PR09774,2023-02-27,P014,175,47.79,0,None
PR09775,2024-01-10,P066,268,107.63,0,None
PR09776,2023-11-24,P028,160,53.34,0,None
PR09777,2023-11-21,P053,337,41.53,0,None
PR09778,2024-05-15,P008,316,38.27,0,None
PR09779,2023-05-17,P004,354,48.38,0,None
PR09780,2024-02-23,P057,443,167.56,0,None
PR09781,2024-05-13,P013,379,128.62,0,None
PR09782,2024-11-15,P074,398,74.44,0,None
PR09783,2023-09-21,P092,409,191.6,0,None
PR09784,2024-08-27,P006,290,61.67,0,None
PR09785,2024-07-16,P077,156,61.02,0,None
PR09786,2023-10-29,P041,112,29.43,9,Spoilage
PR09787,2023-06-28,P064,346,96.8,0,None
PR09788,2023-05-22,P077,248,98.74,0,None
PR09789,2024-12-28,P034,360,141.56,0,None
PR09790,2024-03-22,P050,481,201.28,0,None
PR09791,2023-02-22,P049,373,159.18,17,Spoilage
PR09792,2023-11-14,P023,161,38.0,0,None
PR09793,2023-06-16,P041,121,54.2,5,Overproduction
PR09794,2023-11-02,P067,113,25.74,0,None
PR09795,2024-02-15,P018,388,162.8,0,None
PR09796,2024-02-19,P063,422,144.78,0,None
PR09797,2023-11-26,P021,221,104.06,0,None
PR09798,2024-01-03,P069,431,179.92,0,None
PR09799,2023-09-17,P046,79,35.75,0,None
PR09800,2024-04-11,P004,405,161.23,0,None
PR09801,2024-02-25,P044,238,71.87,0,None
PR09802,2024-02-19,P033,235,43.24,0,None
PR09803,2023-10-31,P055,100,32.45,0,None
PR09804,2023-09-28,P024,89,29.21,0,None
PR09805,2024-10-18,P086,446,205.4,0,None
PR09806,2023-10-05,P076,379,45.15,0,None
PR09807,2023-06-26,P070,466,202.24,0,None
PR09808,2023-05-14,P008,93,14.21,0,None
PR09809,2023-02-26,P065,433,50.64,0,None
PR09810,2024-09-20,P073,261,77.04,0,None
PR09811,2023-03-05,P008,497,192.59,0,None
PR09812,2023-09-30,P051,72,34.42,0,None
PR09813,2024-12-31,P042,365,158.57,0,None
PR09814,2024-06-09,P043,287,40.3,0,None
PR09815,2023-11-14,P084,70,20.44,0,None
PR09816,2023-07-04,P016,487,185.44,0,None
PR09817,2023-01-25,P073,496,203.11,0,None
PR09818,2023-12-18,P031,314,113.87,0,None
PR09819,2023-03-05,P053,267,66.99,0,None
PR09820,2024-05-30,P082,482,165.64,46,Overproduction
PR09821,2024-02-23,P070,468,197.62,13,Production Error
PR09822,2023-01-12,P020,62,8.19,0,None
PR09823,2024-05-16,P060,297,128.72,0,None
PR09824,2023-01-23,P037,110,38.97,0,None
PR09825,2024-09-08,P042,369,56.41,0,None
PR09826,2023-05-07,P050,164,47.2,0,None
PR09827,2023-05-18,P026,485,180.39,0,None
PR09828,2024-11-12,P008,175,79.52,0,None
PR09829,2023-12-09,P099,189,68.21,0,None
PR09830,2023-05-22,P054,194,46.31,0,None
PR09831,2023-02-12,P055,84,21.47,0,None
PR09832,2024-07-20,P097,280,55.31,0,None
PR09833,2023-08-25,P012,408,176.82,0,None
PR09834,2023-06-03,P013,321,65.48,0,None
PR09835,2024-08-09,P084,114,31.82,4,Defective Material
PR09836,2024-12-23,P010,233,29.21,0,None
PR09837,2024-08-08,P055,259,86.89,8,Overproduction
PR09838,2023-06-23,P060,298,88.26,0,None
PR09839,2023-06-29,P010,457,186.71,0,None
PR09840,2024-07-24,P035,335,76.77,0,None
PR09841,2024-01-10,P031,189,44.85,0,None
PR09842,2024-06-28,P057,153,17.2,1,Production Error
PR09843,2024-12-23,P005,378,155.33,0,None
PR09844,2023-11-14,P046,219,79.43,0,None
PR09845,2023-07-10,P055,176,76.67,0,None
PR09846,2023-10-29,P012,286,80.48,15,Spoilage
PR09847,2023-03-23,P017,109,11.48,0,None
PR09848,2024-07-16,P016,452,216.14,0,None
PR09849,2023-07-13,P011,119,27.33,8,Overproduction
PR09850,2024-10-12,P051,492,61.38,0,None
PR09851,2023-04-17,P071,464,101.17,0,None
PR09852,2023-08-06,P043,73,11.16,0,None
PR09853,2023-07-30,P010,284,38.73,0,None
PR09854,2023-06-23,P013,56,14.23,0,None
PR09855,2023-01-22,P016,408,129.13,0,None
PR09856,2024-12-08,P055,348,142.14,0,None
PR09857,2024-09-02,P012,337,54.78,0,None
PR09858,2024-11-04,P077,244,75.75,0,None
PR09859,2024-03-25,P075,457,156.85,0,None
PR09860,2023-06-06,P044,479,142.51,0,None
PR09861,2023-10-09,P036,440,145.36,0,None
PR09862,2024-09-08,P021,488,59.43,0,None
PR09863,2023-02-21,P047,71,35.49,0,None
PR09864,2023-01-28,P046,297,61.19,0,None
PR09865,2023-04-25,P017,262,107.38,0,None
PR09866,2023-10-09,P052,407,54.13,16,Defective Material
PR09867,2024-09-19,P006,59,8.04,0,None
PR09868,2024-09-09,P068,66,24.91,0,None
PR09869,2024-12-20,P070,341,84.6,0,None
PR09870,2023-03-24,P069,411,152.67,22,Overproduction
PR09871,2024-05-15,P066,144,45.65,0,None
PR09872,2023-09-12,P010,467,121.17,0,None
PR09873,2023-05-07,P095,483,84.62,0,None
PR09874,2024-04-09,P071,374,75.0,0,None
PR09875,2024-11-02,P089,175,53.44,0,None
PR09876,2024-08-03,P012,447,159.76,11,Spoilage
PR09877,2024-10-23,P075,134,64.23,0,None
PR09878,2023-12-21,P029,278,111.67,0,None
PR09879,2023-01-13,P035,216,91.91,0,None
PR09880,2024-02-17,P068,341,137.21,0,None
PR09881,2024-02-12,P055,209,48.54,0,None
PR09882,2024-10-25,P039,352,165.06,0,None
PR09883,2024-03-06,P007,354,90.42,0,None
PR09884,2023-07-10,P034,219,81.15,0,None
PR09885,2024-02-10,P026,78,24.29,5,Spoilage
PR09886,2023-07-05,P091,411,137.54,0,None
PR09887,2024-02-17,P037,460,63.62,0,None
PR09888,2024-02-29,P057,367,182.01,0,None
PR09889,2023-09-07,P020,84,36.95,0,None
PR09890,2024-02-22,P067,236,66.44,0,None
PR09891,2023-07-12,P043,484,121.77,0,None
PR09892,2024-05-19,P029,126,60.46,0,None
PR09893,2023-03-11,P082,216,65.09,0,None
PR09894,2024-11-15,P089,429,114.08,12,Overproduction
PR09895,2024-05-13,P094,65,25.49,0,None
PR09896,2024-06-05,P073,126,20.9,0,None
PR09897,2024-08-21,P012,406,54.62,0,None
PR09898,2023-10-10,P041,79,35.13,0,None
PR09899,2023-09-05,P038,52,9.93,2,Production Error
PR09900,2024-08-18,P081,196,30.85,0,None
PR09901,2024-01-17,P011,482,116.65,0,None
PR09902,2023-06-28,P074,305,49.84,12,Production Error
PR09903,2024-04-10,P065,129,22.69,0,None
PR09904,2023-08-22,P017,277,73.49,0,None
PR09905,2024-10-14,P081,239,51.66,0,None
PR09906,2024-05-08,P069,478,207.31,41,Overproduction
PR09907,2024-07-24,P066,209,55.31,0,None
PR09908,2024-09-13,P034,306,111.43,0,None
PR09909,2024-04-20,P045,407,177.86,2,Production Error
PR09910,2024-12-20,P039,308,150.71,0,None
PR09911,2023-02-02,P063,477,203.6,0,None
PR09912,2023-03-27,P057,80,36.09,0,None
PR09913,2023-07-26,P043,230,96.48,0,None
PR09914,2023-10-05,P035,253,72.56,0,None
PR09915,2023-08-21,P011,314,114.41,0,None
PR09916,2024-08-04,P040,469,104.33,0,None
PR09917,2024-02-08,P005,296,143.55,0,None
PR09918,2024-03-29,P066,373,83.44,0,None
PR09919,2024-01-30,P038,111,22.39,0,None
PR09920,2024-11-25,P094,112,40.43,0,None
PR09921,2023-07-09,P016,126,53.78,0,None
PR09922,2024-09-18,P089,190,28.26,0,None
PR09923,2023-09-07,P023,170,55.52,0,None
PR09924,2024-01-30,P022,205,58.43,0,None
PR09925,2024-11-07,P009,381,141.78,0,None
PR09926,2024-01-02,P004,341,47.99,0,None
PR09927,2024-08-04,P045,188,47.71,0,None
PR09928,2024-04-27,P057,411,130.67,0,None
PR09929,2023-09-18,P023,450,184.81,0,None
PR09930,2023-09-15,P028,459,109.67,0,None
PR09931,2023-05-11,P071,283,40.06,0,None
PR09932,2023-02-28,P090,442,59.05,0,None
PR09933,2024-11-04,P075,152,38.43,0,None
PR09934,2024-06-16,P077,353,125.85,0,None
PR09935,2024-01-12,P021,352,118.91,0,None
PR09936,2023-09-21,P061,212,70.32,5,Production Error
PR09937,2023-05-22,P025,316,109.8,0,None
PR09938,2023-04-11,P056,292,94.37,0,None
PR09939,2023-08-16,P055,117,19.78,0,None
PR09940,2024-07-24,P083,61,24.75,0,None
PR09941,2023-10-27,P026,173,29.73,0,None
PR09942,2023-09-29,P074,334,149.11,0,None
PR09943,2023-08-22,P014,177,52.37,8,Spoilage
PR09944,2024-04-27,P022,177,84.36,0,None
PR09945,2024-12-19,P073,395,116.31,4,Spoilage
PR09946,2023-06-20,P040,499,144.21,0,None
PR09947,2023-06-05,P063,267,80.36,20,Production Error
PR09948,2024-09-21,P023,450,102.83,0,None
PR09949,2024-01-08,P024,209,32.66,0,None
PR09950,2024-04-29,P093,417,58.64,2,Spoilage
PR09951,2023-09-08,P036,491,119.03,30,Overproduction
PR09952,2024-09-28,P069,475,114.49,0,None
PR09953,2023-09-29,P049,397,155.8,31,Defective Material
PR09954,2024-05-20,P034,447,195.71,0,None
PR09955,2024-09-27,P076,148,47.46,12,Defective Material
PR09956,2023-08-02,P092,268,82.01,0,None
PR09957,2024-03-12,P028,472,133.24,0,None
PR09958,2023-12-28,P087,197,88.95,0,None
PR09959,2024-05-05,P029,163,53.18,0,None
PR09960,2024-11-27,P096,390,192.15,0,None
PR09961,2024-10-29,P031,359,109.66,0,None
PR09962,2024-07-27,P037,75,35.93,0,None
PR09963,2024-08-05,P041,174,22.74,0,None
PR09964,2023-10-10,P088,124,16.72,0,None
PR09965,2023-01-15,P006,91,14.09,2,Production Error
PR09966,2024-02-03,P052,371,44.49,0,None
PR09967,2024-03-30,P095,206,65.73,0,None
PR09968,2023-11-06,P056,236,64.32,0,None
PR09969,2023-02-11,P083,67,11.42,0,None
PR09970,2024-07-30,P006,408,188.91,0,None
PR09971,2024-08-28,P094,464,163.48,0,None
PR09972,2024-08-13,P037,192,26.38,0,None
PR09973,2024-04-20,P050,232,54.65,0,None
PR09974,2024-03-20,P014,202,95.55,0,None
PR09975,2023-09-09,P011,92,37.93,0,None
PR09976,2024-01-20,P065,192,24.83,0,None
PR09977,2024-05-30,P040,275,67.71,0,None
PR09978,2023-07-27,P053,218,71.66,0,None
PR09979,2024-10-16,P033,292,70.05,0,None
PR09980,2023-03-02,P051,305,149.02,0,None
PR09981,2024-05-06,P078,104,42.94,0,None
PR09982,2023-02-09,P081,359,147.66,0,None
PR09983,2024-11-01,P029,496,72.83,23,Spoilage
PR09984,2024-08-16,P093,324,63.08,2,Spoilage
PR09985,2023-05-29,P026,125,36.58,0,None
PR09986,2023-05-06,P036,89,21.18,0,None
PR09987,2023-12-27,P092,311,119.73,0,None
PR09988,2023-03-24,P098,292,74.43,27,Spoilage
PR09989,2024-04-13,P061,218,73.03,6,Spoilage
PR09990,2024-03-08,P033,387,189.17,0,None
PR09991,2023-11-23,P091,360,85.54,0,None
PR09992,2023-04-29,P025,241,59.77,0,None
PR09993,2023-08-07,P070,409,151.51,0,None
PR09994,2024-05-07,P098,450,136.86,38,Defective Material
PR09995,2023-11-16,P009,484,102.82,0,None
PR09996,2024-09-24,P057,65,8.86,0,None
PR09997,2024-08-26,P096,394,108.74,8,Defective Material
PR09998,2024-09-10,P025,226,56.16,0,None
PR09999,2023-06-18,P095,496,58.75,0,None
PR10000,2023-03-01,P027,264,75.44,0,None
