order_id,order_date,product_id,quantity_sold,unit_selling_price
SO00001,2024-09-20,P034,5,64.19
SO00002,2023-08-14,P044,14,106.56
SO00003,2023-08-26,P032,8,107.05
SO00004,2023-06-05,P085,4,154.14
SO00005,2023-02-03,P073,9,204.97
SO00006,2023-04-30,P003,17,199.23
SO00007,2023-04-22,P037,7,46.12
SO00008,2024-07-08,P039,15,53.65
SO00009,2023-11-22,P049,20,106.24
SO00010,2023-03-16,P017,17,19.36
SO00011,2023-05-11,P075,9,146.97
SO00012,2023-09-18,P011,5,182.11
SO00013,2024-06-12,P025,17,83.96
SO00014,2023-03-08,P028,17,33.06
SO00015,2024-10-15,P046,23,32.11
SO00016,2024-11-30,P014,3,535.14
SO00017,2023-07-15,P093,13,197.03
SO00018,2024-07-05,P093,17,161.56
SO00019,2024-01-17,P068,7,187.73
SO00020,2024-12-14,P041,35,49.91
SO00021,2024-10-24,P021,2,148.18
SO00022,2023-02-14,P078,13,229.05
SO00023,2023-12-12,P063,15,37.3
SO00024,2024-10-09,P033,14,82.19
SO00025,2024-01-31,P001,19,74.0
SO00026,2023-01-29,P018,19,40.34
SO00027,2023-11-01,P083,31,147.54
SO00028,2024-01-22,P036,11,145.67
SO00029,2024-03-02,P074,9,118.94
SO00030,2023-01-12,P032,13,75.37
SO00031,2024-07-20,P075,15,106.25
SO00032,2024-11-20,P047,34,78.49
SO00033,2023-09-05,P093,8,205.46
SO00034,2023-05-12,P012,10,115.34
SO00035,2024-06-26,P098,13,357.66
SO00036,2023-02-17,P058,11,85.79
SO00037,2023-03-01,P071,13,19.44
SO00038,2024-02-23,P011,15,160.4
SO00039,2023-11-01,P076,5,203.29
SO00040,2024-09-09,P075,1,87.04
SO00041,2023-03-01,P046,14,29.47
SO00042,2023-05-23,P007,13,1156.47
SO00043,2024-09-22,P061,17,55.81
SO00044,2023-03-26,P067,2,48.85
SO00045,2023-11-26,P035,11,353.3
SO00046,2023-08-28,P096,7,151.39
SO00047,2023-07-26,P096,4,228.0
SO00048,2023-12-21,P082,2,130.12
SO00049,2023-07-27,P059,2,76.62
SO00050,2024-10-05,P090,14,118.11
SO00051,2024-07-03,P072,8,203.75
SO00052,2023-10-29,P020,17,110.38
SO00053,2024-07-08,P060,4,203.99
SO00054,2024-04-29,P043,3,71.9
SO00055,2024-10-11,P057,12,113.96
SO00056,2023-09-02,P056,8,185.89
SO00057,2023-06-06,P017,19,23.83
SO00058,2023-08-24,P058,17,97.46
SO00059,2024-11-29,P088,11,118.42
SO00060,2023-12-22,P095,20,101.03
SO00061,2023-09-16,P071,2,16.57
SO00062,2023-05-04,P069,13,172.29
SO00063,2023-04-11,P003,6,139.94
SO00064,2023-10-15,P083,27,161.68
SO00065,2024-02-02,P036,12,136.4
SO00066,2024-05-13,P044,11,107.91
SO00067,2024-09-22,P088,2,112.92
SO00068,2023-12-26,P055,3,146.45
SO00069,2023-09-24,P099,19,705.55
SO00070,2023-03-14,P074,8,133.11
SO00071,2024-10-06,P004,16,54.96
SO00072,2023-08-23,P086,19,1219.18
SO00073,2023-01-16,P052,1,53.09
SO00074,2024-05-05,P038,19,156.29
SO00075,2023-05-10,P079,3,19.25
SO00076,2024-03-11,P039,9,31.15
SO00077,2024-12-26,P001,3,89.32
SO00078,2023-09-18,P088,9,138.36
SO00079,2024-02-14,P057,3,125.23
SO00080,2024-11-06,P024,21,71.65
SO00081,2024-11-26,P037,18,90.44
SO00082,2023-06-30,P082,2,102.83
SO00083,2023-10-06,P044,11,121.05
SO00084,2024-10-26,P077,13,173.66
SO00085,2023-01-03,P098,9,421.46
SO00086,2023-12-28,P034,7,43.17
SO00087,2023-01-03,P084,18,190.41
SO00088,2023-10-06,P061,20,85.83
SO00089,2023-08-12,P094,12,166.73
SO00090,2024-12-05,P018,11,50.97
SO00091,2024-12-05,P063,22,44.06
SO00092,2024-05-12,P047,17,61.17
SO00093,2023-10-15,P080,30,22.41
SO00094,2024-12-22,P003,9,149.28
SO00095,2024-07-16,P040,17,546.04
SO00096,2023-10-26,P046,9,19.45
SO00097,2024-12-31,P070,21,221.73
SO00098,2024-08-04,P079,10,14.72
SO00099,2023-01-15,P094,1,171.48
SO00100,2023-04-28,P021,11,103.32
SO00101,2023-01-22,P044,19,85.54
SO00102,2024-04-23,P089,4,52.97
SO00103,2023-03-14,P098,6,323.12
SO00104,2023-07-08,P067,4,48.79
SO00105,2023-09-12,P026,9,97.69
SO00106,2024-11-15,P015,3,36.47
SO00107,2024-07-18,P017,4,19.11
SO00108,2023-05-17,P019,7,199.95
SO00109,2024-11-06,P019,29,135.71
SO00110,2023-06-30,P089,5,70.64
SO00111,2024-11-12,P096,9,243.3
SO00112,2024-09-21,P036,14,164.63
SO00113,2024-03-07,P087,13,260.53
SO00114,2023-10-08,P001,16,60.9
SO00115,2023-03-09,P097,11,30.34
SO00116,2024-09-30,P078,2,240.45
SO00117,2023-03-09,P015,3,53.45
SO00118,2024-07-31,P033,4,83.33
SO00119,2024-11-27,P091,20,1202.32
SO00120,2024-07-02,P044,15,80.26
SO00121,2023-09-16,P017,14,26.11
SO00122,2024-12-16,P056,30,186.31
SO00123,2024-04-05,P054,17,153.4
SO00124,2024-07-27,P040,5,592.87
SO00125,2023-09-21,P030,13,125.15
SO00126,2024-05-08,P070,3,216.85
SO00127,2023-11-05,P011,1,185.21
SO00128,2023-06-09,P071,1,14.48
SO00129,2023-09-19,P084,5,123.95
SO00130,2023-04-22,P093,15,209.04
SO00131,2023-09-29,P012,16,94.86
SO00132,2023-07-01,P091,4,858.59
SO00133,2023-12-12,P018,18,34.32
SO00134,2024-03-10,P048,6,110.62
SO00135,2023-02-03,P049,19,76.23
SO00136,2024-03-18,P045,4,58.34
SO00137,2023-11-11,P046,11,29.62
SO00138,2023-03-02,P060,14,158.13
SO00139,2023-01-28,P057,11,193.25
SO00140,2024-01-05,P088,18,124.42
SO00141,2023-09-15,P052,14,81.42
SO00142,2023-04-12,P014,10,552.71
SO00143,2023-07-25,P046,10,23.12
SO00144,2023-05-22,P064,19,188.23
SO00145,2023-07-23,P041,9,36.85
SO00146,2023-11-22,P016,19,788.25
SO00147,2024-12-16,P033,3,52.9
SO00148,2024-05-30,P043,15,59.41
SO00149,2024-04-15,P084,2,114.21
SO00150,2024-10-04,P062,24,55.43
SO00151,2024-09-11,P064,18,219.46
SO00152,2024-04-28,P052,10,79.69
SO00153,2024-05-21,P026,5,131.88
SO00154,2024-07-12,P065,15,165.55
SO00155,2023-07-12,P008,15,52.36
SO00156,2024-10-25,P015,26,28.99
SO00157,2024-07-18,P090,17,110.71
SO00158,2023-10-29,P028,1,24.97
SO00159,2024-01-21,P081,17,183.68
SO00160,2023-06-10,P012,13,104.12
SO00161,2023-04-06,P050,9,50.68
SO00162,2024-07-22,P035,13,525.11
SO00163,2024-08-22,P018,8,44.44
SO00164,2024-01-03,P022,8,148.41
SO00165,2024-11-27,P071,21,14.97
SO00166,2024-04-26,P058,10,57.53
SO00167,2024-01-04,P054,1,114.67
SO00168,2024-03-22,P044,17,69.85
SO00169,2024-02-04,P002,5,116.27
SO00170,2024-02-08,P003,6,220.71
SO00171,2023-03-03,P038,2,87.48
SO00172,2024-04-08,P095,4,104.41
SO00173,2024-07-17,P026,12,132.47
SO00174,2024-10-20,P045,9,61.21
SO00175,2024-01-28,P069,2,186.01
SO00176,2024-09-16,P086,13,897.47
SO00177,2023-03-28,P045,19,71.42
SO00178,2024-11-06,P058,11,90.36
SO00179,2024-04-10,P088,9,151.51
SO00180,2023-02-24,P093,3,161.42
SO00181,2024-07-07,P036,8,216.79
SO00182,2023-06-24,P087,9,231.6
SO00183,2023-09-22,P085,9,166.5
SO00184,2023-06-14,P006,13,155.39
SO00185,2024-07-20,P023,16,38.52
SO00186,2024-06-15,P085,18,268.9
SO00187,2023-10-24,P082,9,122.42
SO00188,2024-09-02,P026,6,127.19
SO00189,2023-04-14,P074,3,102.71
SO00190,2023-12-14,P041,7,52.49
SO00191,2023-12-10,P089,11,55.58
SO00192,2024-05-25,P050,1,40.16
SO00193,2023-12-22,P073,11,169.02
SO00194,2024-04-15,P057,19,164.86
SO00195,2024-07-30,P031,14,54.94
SO00196,2024-01-30,P086,18,995.48
SO00197,2023-02-27,P008,12,56.35
SO00198,2023-09-13,P024,12,88.03
SO00199,2024-02-25,P022,9,127.8
SO00200,2023-11-26,P021,1,94.12
SO00201,2023-08-29,P010,9,42.31
SO00202,2023-04-23,P030,13,111.11
SO00203,2023-11-02,P074,21,130.89
SO00204,2023-07-30,P082,7,134.55
SO00205,2023-04-22,P051,16,52.68
SO00206,2023-07-05,P011,12,177.26
SO00207,2024-03-10,P069,18,167.42
SO00208,2023-06-15,P029,8,995.4
SO00209,2024-06-18,P058,1,98.88
SO00210,2023-04-22,P062,18,68.69
SO00211,2024-02-05,P099,18,1121.69
SO00212,2024-03-15,P017,13,19.02
SO00213,2024-12-10,P047,2,50.29
SO00214,2023-03-07,P081,17,180.04
SO00215,2023-01-22,P029,14,724.78
SO00216,2023-09-09,P057,3,117.68
SO00217,2023-09-24,P037,15,46.37
SO00218,2024-04-26,P054,4,183.06
SO00219,2023-10-10,P045,9,68.4
SO00220,2024-06-17,P089,6,78.05
SO00221,2023-04-26,P077,1,113.63
SO00222,2023-02-12,P013,13,23.07
SO00223,2023-06-05,P040,18,586.41
SO00224,2024-10-25,P054,15,167.9
SO00225,2023-12-21,P060,25,132.73
SO00226,2024-06-01,P068,19,193.04
SO00227,2023-08-10,P085,16,204.04
SO00228,2024-11-10,P055,6,231.62
SO00229,2023-05-22,P059,19,108.43
SO00230,2024-07-13,P024,3,87.31
SO00231,2024-09-26,P050,13,54.63
SO00232,2024-06-18,P058,1,82.62
SO00233,2024-04-24,P074,3,106.1
SO00234,2023-10-30,P037,17,58.28
SO00235,2023-09-25,P098,8,402.59
SO00236,2024-07-31,P004,12,58.68
SO00237,2023-08-13,P069,6,194.68
SO00238,2024-06-02,P083,12,122.73
SO00239,2024-06-03,P088,8,164.16
SO00240,2023-08-25,P053,7,29.56
SO00241,2023-02-20,P022,19,176.53
SO00242,2023-08-27,P039,9,38.61
SO00243,2024-10-02,P035,3,345.98
SO00244,2024-05-26,P046,13,21.87
SO00245,2024-02-24,P066,5,163.33
SO00246,2024-02-15,P005,17,167.96
SO00247,2023-09-15,P096,8,191.08
SO00248,2023-01-21,P018,5,35.25
SO00249,2024-07-15,P032,8,86.25
SO00250,2023-01-01,P061,16,76.24
SO00251,2023-08-07,P015,14,38.47
SO00252,2024-04-20,P071,2,14.46
SO00253,2024-06-20,P007,14,1361.39
SO00254,2023-12-02,P077,4,170.51
SO00255,2024-10-26,P092,9,186.12
SO00256,2024-11-04,P079,17,21.52
SO00257,2023-05-15,P066,2,125.74
SO00258,2023-07-31,P029,4,807.48
SO00259,2023-04-05,P100,16,115.38
SO00260,2023-12-12,P037,7,76.08
SO00261,2024-05-08,P097,5,19.49
SO00262,2023-02-05,P016,1,1250.33
SO00263,2023-03-15,P013,1,19.94
SO00264,2024-11-08,P020,3,77.24
SO00265,2024-11-11,P021,1,143.38
SO00266,2024-10-01,P065,12,120.16
SO00267,2024-08-30,P003,5,176.73
SO00268,2024-01-16,P061,1,95.25
SO00269,2023-05-05,P060,15,161.34
SO00270,2023-02-14,P027,14,187.17
SO00271,2023-06-02,P006,8,193.26
SO00272,2024-12-02,P087,24,234.47
SO00273,2023-05-05,P043,11,75.36
SO00274,2024-01-06,P013,12,23.03
SO00275,2024-05-19,P071,8,11.83
SO00276,2023-05-01,P073,13,194.11
SO00277,2024-01-05,P074,6,137.25
SO00278,2023-06-05,P079,17,24.06
SO00279,2023-11-19,P032,1,82.34
SO00280,2023-10-18,P080,14,19.96
SO00281,2024-09-08,P064,7,157.76
SO00282,2023-05-12,P040,19,439.83
SO00283,2023-06-07,P057,11,172.03
SO00284,2023-04-18,P063,16,48.13
SO00285,2024-08-28,P016,5,1146.82
SO00286,2023-04-21,P047,9,59.53
SO00287,2024-12-25,P082,22,163.28
SO00288,2024-10-10,P078,21,210.25
SO00289,2023-06-15,P071,18,21.56
SO00290,2023-12-12,P087,6,265.05
SO00291,2024-03-27,P051,3,83.61
SO00292,2023-02-11,P035,8,397.87
SO00293,2023-05-22,P026,3,123.57
SO00294,2023-05-09,P067,7,41.24
SO00295,2023-01-30,P059,9,115.68
SO00296,2024-11-13,P050,7,62.97
SO00297,2024-05-15,P049,2,117.05
SO00298,2024-06-11,P011,15,214.6
SO00299,2024-12-18,P018,17,47.8
SO00300,2024-11-12,P031,5,41.71
SO00301,2024-10-13,P075,17,103.2
SO00302,2024-06-02,P009,7,183.71
SO00303,2023-06-30,P099,4,1222.52
SO00304,2024-09-11,P056,10,105.4
SO00305,2024-06-28,P029,13,750.11
SO00306,2024-05-11,P073,13,126.51
SO00307,2024-07-08,P043,5,86.23
SO00308,2024-11-26,P032,23,96.4
SO00309,2024-05-11,P096,2,246.25
SO00310,2023-08-25,P020,13,112.9
SO00311,2024-10-03,P041,7,50.68
SO00312,2024-04-18,P055,8,248.43
SO00313,2023-12-11,P063,8,63.4
SO00314,2023-05-02,P026,3,122.04
SO00315,2024-04-24,P065,10,124.89
SO00316,2023-10-06,P075,18,114.22
SO00317,2023-08-08,P042,11,196.0
SO00318,2024-11-14,P085,29,184.18
SO00319,2023-12-27,P020,27,106.59
SO00320,2024-06-20,P055,3,132.81
SO00321,2024-02-01,P009,4,111.7
SO00322,2024-11-06,P027,19,178.24
SO00323,2023-10-26,P055,32,256.72
SO00324,2024-04-17,P068,17,118.15
SO00325,2024-05-09,P051,6,87.03
SO00326,2024-12-28,P100,6,141.72
SO00327,2023-07-08,P028,7,26.43
SO00328,2024-12-05,P007,19,949.44
SO00329,2024-10-13,P093,21,132.84
SO00330,2023-12-12,P066,11,110.72
SO00331,2024-01-04,P015,11,31.46
SO00332,2023-10-25,P087,20,154.81
SO00333,2024-01-26,P063,9,62.83
SO00334,2024-04-19,P074,11,130.36
SO00335,2024-08-14,P001,15,97.42
SO00336,2023-10-22,P036,2,223.3
SO00337,2023-06-12,P076,11,119.83
SO00338,2024-04-15,P005,4,118.91
SO00339,2024-12-29,P083,1,100.1
SO00340,2023-10-27,P011,8,216.0
SO00341,2023-03-18,P092,14,147.34
SO00342,2023-11-07,P020,32,60.0
SO00343,2024-12-01,P067,31,33.27
SO00344,2023-06-12,P021,15,86.84
SO00345,2023-11-22,P042,19,252.36
SO00346,2023-05-31,P031,4,59.29
SO00347,2023-03-03,P077,10,177.19
SO00348,2024-02-09,P032,15,74.04
SO00349,2023-04-08,P070,15,139.02
SO00350,2023-07-26,P096,11,161.86
SO00351,2023-05-05,P085,10,250.46
SO00352,2023-07-06,P097,10,21.39
SO00353,2024-04-03,P066,18,176.96
SO00354,2024-04-22,P034,18,65.12
SO00355,2024-03-02,P034,4,40.68
SO00356,2024-08-31,P072,12,226.16
SO00357,2024-11-07,P048,1,120.1
SO00358,2024-07-19,P022,2,115.41
SO00359,2023-01-27,P030,12,157.63
SO00360,2023-04-25,P012,10,85.37
SO00361,2023-04-07,P010,19,59.09
SO00362,2023-01-21,P075,5,134.59
SO00363,2024-07-06,P005,11,130.1
SO00364,2024-10-07,P012,7,99.56
SO00365,2023-09-05,P019,3,207.54
SO00366,2024-05-10,P088,17,166.66
SO00367,2023-07-08,P055,1,234.91
SO00368,2023-06-14,P069,8,210.62
SO00369,2024-09-05,P076,13,134.18
SO00370,2024-05-08,P080,15,22.58
SO00371,2024-11-25,P052,5,84.08
SO00372,2023-03-21,P076,10,136.47
SO00373,2024-10-13,P086,22,695.22
SO00374,2024-01-26,P099,16,783.15
SO00375,2023-11-08,P010,21,59.89
SO00376,2023-09-22,P044,13,111.02
SO00377,2024-07-11,P056,10,128.85
SO00378,2024-03-12,P036,10,179.34
SO00379,2023-03-17,P067,19,40.39
SO00380,2024-02-03,P098,13,535.06
SO00381,2024-09-06,P021,10,101.14
SO00382,2024-06-09,P024,9,92.32
SO00383,2024-11-15,P088,7,102.67
SO00384,2023-08-19,P072,2,193.31
SO00385,2023-04-24,P030,11,132.22
SO00386,2024-02-02,P017,17,19.85
SO00387,2024-07-07,P014,18,547.99
SO00388,2023-05-26,P028,13,20.27
SO00389,2023-11-09,P039,17,55.27
SO00390,2023-03-09,P033,7,64.28
SO00391,2023-10-31,P029,35,1041.77
SO00392,2024-06-23,P063,16,59.74
SO00393,2023-09-25,P091,3,1209.07
SO00394,2024-04-14,P020,10,103.67
SO00395,2024-10-03,P091,3,1246.06
SO00396,2024-09-08,P080,11,18.66
SO00397,2023-02-04,P079,12,15.46
SO00398,2024-04-23,P005,18,125.93
SO00399,2023-07-29,P077,2,173.01
SO00400,2024-10-18,P063,14,58.73
SO00401,2024-02-11,P069,19,154.07
SO00402,2024-08-21,P003,3,136.44
SO00403,2023-07-14,P075,12,104.8
SO00404,2024-05-07,P034,1,53.18
SO00405,2024-04-18,P068,4,105.91
SO00406,2024-01-01,P077,16,181.68
SO00407,2024-05-23,P031,4,39.6
SO00408,2024-06-27,P032,11,75.64
SO00409,2024-10-06,P029,6,871.81
SO00410,2023-10-07,P023,23,21.52
SO00411,2024-06-02,P057,3,175.41
SO00412,2023-02-27,P095,10,125.95
SO00413,2024-10-13,P062,11,54.43
SO00414,2023-09-07,P019,8,173.87
SO00415,2023-03-31,P017,6,29.99
SO00416,2023-07-06,P002,8,131.22
SO00417,2024-04-04,P010,16,62.86
SO00418,2024-03-22,P021,6,167.57
SO00419,2024-01-22,P094,8,237.68
SO00420,2023-11-14,P098,33,282.29
SO00421,2024-03-28,P044,10,85.44
SO00422,2024-05-26,P028,7,36.3
SO00423,2023-08-07,P005,10,109.61
SO00424,2023-04-13,P044,16,98.09
SO00425,2024-03-22,P019,8,186.02
SO00426,2023-04-28,P100,14,110.18
SO00427,2024-05-13,P088,3,140.34
SO00428,2024-01-19,P073,18,190.58
SO00429,2023-06-15,P093,12,192.05
SO00430,2024-07-12,P094,13,160.17
SO00431,2023-10-25,P002,21,148.67
SO00432,2023-08-08,P034,14,66.64
SO00433,2023-12-25,P017,24,22.96
SO00434,2023-03-10,P020,11,68.3
SO00435,2023-10-06,P045,1,45.5
SO00436,2023-10-17,P089,19,67.08
SO00437,2024-05-19,P065,5,214.37
SO00438,2023-07-29,P027,1,130.26
SO00439,2023-11-11,P033,15,53.82
SO00440,2023-09-28,P056,15,209.0
SO00441,2023-06-26,P096,6,203.75
SO00442,2023-01-02,P071,2,21.06
SO00443,2024-08-21,P081,11,187.87
SO00444,2023-04-11,P043,1,82.05
SO00445,2023-05-16,P068,13,153.9
SO00446,2024-09-04,P050,15,48.89
SO00447,2024-07-24,P094,7,172.66
SO00448,2024-04-27,P099,1,793.68
SO00449,2023-08-21,P021,17,120.96
SO00450,2023-11-13,P058,5,77.06
SO00451,2023-07-13,P023,18,24.72
SO00452,2024-09-28,P038,6,142.04
SO00453,2024-04-22,P054,15,138.87
SO00454,2023-12-09,P099,6,1089.75
SO00455,2023-05-05,P100,9,114.78
SO00456,2023-08-07,P026,9,93.78
SO00457,2024-07-16,P004,13,61.51
SO00458,2023-10-24,P052,37,65.44
SO00459,2024-10-27,P088,17,128.31
SO00460,2024-03-01,P090,12,88.29
SO00461,2024-07-29,P009,12,137.45
SO00462,2023-07-18,P100,19,130.88
SO00463,2024-03-22,P060,14,193.43
SO00464,2023-03-25,P029,2,713.71
SO00465,2023-03-20,P100,7,126.49
SO00466,2024-06-02,P073,4,175.41
SO00467,2023-05-09,P007,2,877.13
SO00468,2023-12-13,P100,28,90.88
SO00469,2023-10-14,P091,21,1431.75
SO00470,2023-11-19,P060,3,152.42
SO00471,2024-03-10,P010,2,73.19
SO00472,2023-10-08,P055,22,249.36
SO00473,2023-04-12,P094,7,158.42
SO00474,2023-05-13,P030,15,177.52
SO00475,2024-03-27,P036,2,208.76
SO00476,2023-05-24,P096,9,241.85
SO00477,2024-02-24,P013,13,18.86
SO00478,2023-03-12,P047,4,87.66
SO00479,2023-04-13,P069,11,126.13
SO00480,2023-11-23,P017,4,25.13
SO00481,2024-07-07,P027,12,149.58
SO00482,2024-10-03,P010,35,58.84
SO00483,2024-04-19,P034,18,73.57
SO00484,2024-01-09,P025,10,121.8
SO00485,2023-03-30,P031,7,33.21
SO00486,2024-12-16,P028,28,35.84
SO00487,2023-07-04,P007,15,1311.27
SO00488,2024-04-18,P008,16,51.49
SO00489,2024-01-28,P083,18,166.32
SO00490,2023-05-13,P041,14,47.85
SO00491,2023-10-23,P095,3,115.87
SO00492,2024-10-31,P047,15,79.03
SO00493,2023-03-19,P022,12,111.48
SO00494,2023-02-26,P049,18,68.72
SO00495,2024-02-03,P064,8,159.93
SO00496,2023-11-29,P085,3,181.93
SO00497,2023-09-28,P076,18,210.33
SO00498,2023-10-04,P064,14,185.79
SO00499,2024-01-10,P075,2,97.23
SO00500,2023-02-23,P035,16,372.64
SO00501,2023-06-16,P043,10,89.32
SO00502,2024-09-23,P074,11,72.78
SO00503,2024-01-08,P008,19,78.14
SO00504,2024-11-22,P095,28,83.49
SO00505,2024-09-13,P017,10,17.43
SO00506,2024-07-11,P049,12,127.18
SO00507,2024-11-14,P029,25,793.63
SO00508,2023-07-04,P087,15,198.1
SO00509,2023-12-18,P053,7,27.32
SO00510,2023-02-14,P009,14,124.79
SO00511,2024-02-14,P071,16,18.22
SO00512,2023-02-17,P099,4,794.2
SO00513,2024-10-07,P060,12,139.16
SO00514,2024-07-06,P060,9,157.21
SO00515,2024-10-05,P004,5,73.0
SO00516,2024-04-10,P015,5,31.37
SO00517,2023-07-09,P096,13,192.33
SO00518,2023-11-13,P004,25,43.7
SO00519,2023-05-27,P097,10,29.76
SO00520,2023-04-28,P011,12,196.94
SO00521,2023-07-06,P038,1,143.17
SO00522,2024-07-31,P012,7,90.79
SO00523,2024-12-11,P056,15,166.6
SO00524,2024-12-01,P041,17,43.32
SO00525,2023-05-11,P095,15,125.59
SO00526,2023-08-22,P048,16,79.4
SO00527,2023-10-16,P071,9,13.88
SO00528,2023-02-26,P027,3,225.55
SO00529,2024-06-20,P051,16,87.71
SO00530,2023-02-27,P005,12,139.43
SO00531,2024-12-31,P007,9,841.47
SO00532,2024-05-17,P037,18,59.56
SO00533,2023-11-08,P078,11,190.44
SO00534,2023-10-24,P066,5,194.2
SO00535,2023-03-14,P060,13,141.71
SO00536,2023-02-15,P042,4,167.99
SO00537,2024-12-02,P100,26,95.8
SO00538,2024-02-15,P006,1,118.97
SO00539,2023-01-17,P053,9,26.8
SO00540,2023-12-23,P072,17,233.96
SO00541,2023-01-21,P037,12,67.24
SO00542,2023-02-15,P070,15,193.3
SO00543,2024-06-08,P045,17,69.2
SO00544,2024-06-20,P042,18,225.29
SO00545,2023-04-20,P065,19,198.43
SO00546,2024-02-13,P095,15,69.49
SO00547,2023-07-24,P019,13,222.89
SO00548,2024-08-17,P096,11,241.7
SO00549,2023-03-08,P008,15,66.42
SO00550,2024-03-04,P018,10,32.36
SO00551,2023-02-11,P094,13,236.18
SO00552,2024-10-10,P007,17,881.21
SO00553,2023-12-26,P002,7,104.29
SO00554,2023-12-21,P041,14,49.81
SO00555,2023-06-15,P044,3,114.27
SO00556,2023-08-01,P063,15,37.23
SO00557,2024-12-07,P080,17,17.08
SO00558,2024-05-09,P051,12,78.89
SO00559,2024-10-10,P004,17,73.91
SO00560,2024-03-25,P053,3,30.31
SO00561,2024-02-14,P008,17,75.66
SO00562,2024-01-16,P093,7,209.09
SO00563,2024-11-15,P087,26,268.03
SO00564,2024-05-11,P049,6,117.53
SO00565,2024-08-07,P049,18,105.02
SO00566,2023-06-17,P099,4,1007.53
SO00567,2023-02-14,P010,18,71.34
SO00568,2023-06-07,P004,10,54.22
SO00569,2024-08-30,P093,3,209.62
SO00570,2024-04-11,P070,5,208.08
SO00571,2024-04-06,P012,16,62.39
SO00572,2023-03-31,P027,19,211.26
SO00573,2024-05-07,P038,8,136.46
SO00574,2024-07-03,P010,11,47.12
SO00575,2023-07-04,P016,4,1118.34
SO00576,2023-08-03,P092,4,122.64
SO00577,2023-07-27,P025,9,100.81
SO00578,2023-03-31,P008,1,76.34
SO00579,2023-10-14,P042,14,162.79
SO00580,2023-10-19,P050,17,52.77
SO00581,2023-09-24,P092,18,158.45
SO00582,2024-04-26,P071,11,17.42
SO00583,2024-04-13,P025,4,104.62
SO00584,2023-11-15,P023,23,27.62
SO00585,2023-10-17,P066,12,166.26
SO00586,2023-12-19,P006,9,111.43
SO00587,2023-04-19,P017,18,19.48
SO00588,2023-04-14,P061,13,99.56
SO00589,2023-12-18,P010,7,45.53
SO00590,2024-11-23,P079,13,16.7
SO00591,2024-05-17,P094,6,216.98
SO00592,2024-01-26,P067,3,50.31
SO00593,2023-02-15,P078,9,218.24
SO00594,2024-05-08,P042,12,266.98
SO00595,2024-03-17,P011,8,149.86
SO00596,2024-12-02,P097,5,22.46
SO00597,2023-09-21,P013,5,22.12
SO00598,2024-10-27,P085,12,153.68
SO00599,2024-02-18,P086,16,927.49
SO00600,2024-09-14,P086,9,858.53
SO00601,2024-05-08,P016,2,856.93
SO00602,2023-08-13,P091,13,1057.43
SO00603,2023-03-10,P059,11,94.14
SO00604,2023-07-05,P095,19,82.82
SO00605,2023-10-03,P004,3,61.87
SO00606,2024-08-04,P093,8,211.09
SO00607,2024-01-17,P051,11,50.57
SO00608,2023-11-17,P007,18,861.63
SO00609,2024-10-06,P009,30,108.31
SO00610,2023-07-07,P069,1,145.74
SO00611,2024-10-10,P100,5,109.8
SO00612,2023-05-14,P078,12,130.12
SO00613,2024-03-27,P053,2,19.9
SO00614,2023-06-24,P021,5,131.3
SO00615,2023-07-05,P040,4,422.78
SO00616,2024-05-19,P031,10,34.5
SO00617,2023-09-16,P073,14,200.51
SO00618,2024-12-12,P100,10,167.91
SO00619,2023-04-19,P100,15,103.83
SO00620,2024-01-18,P066,10,175.35
SO00621,2024-03-26,P062,4,77.58
SO00622,2024-07-27,P001,19,83.51
SO00623,2024-08-27,P057,19,128.89
SO00624,2024-10-02,P002,14,112.47
SO00625,2023-11-23,P081,3,203.67
SO00626,2024-01-17,P027,4,206.91
SO00627,2024-10-18,P087,10,154.9
SO00628,2024-06-29,P047,3,69.75
SO00629,2024-07-02,P026,10,146.07
SO00630,2023-09-20,P042,14,136.88
SO00631,2023-04-28,P099,7,1138.5
SO00632,2024-08-18,P043,18,64.29
SO00633,2024-02-13,P018,1,50.77
SO00634,2024-01-10,P055,13,195.59
SO00635,2023-03-02,P006,17,112.82
SO00636,2024-07-14,P059,11,71.32
SO00637,2024-01-24,P066,2,161.98
SO00638,2024-01-23,P043,8,58.81
SO00639,2023-03-29,P083,3,89.94
SO00640,2023-12-29,P027,16,226.99
SO00641,2023-05-10,P042,4,188.03
SO00642,2024-05-20,P004,14,38.96
SO00643,2023-08-19,P097,9,16.18
SO00644,2023-07-16,P018,9,39.45
SO00645,2024-04-18,P096,12,170.23
SO00646,2024-03-29,P096,2,224.46
SO00647,2024-01-29,P009,9,135.54
SO00648,2024-04-08,P028,13,37.53
SO00649,2023-05-15,P009,10,174.58
SO00650,2023-06-02,P035,3,513.37
SO00651,2024-08-08,P100,4,107.54
SO00652,2024-11-30,P003,23,127.61
SO00653,2024-01-29,P027,16,197.4
SO00654,2023-08-17,P031,19,41.2
SO00655,2024-11-18,P016,30,838.75
SO00656,2024-02-07,P094,1,171.73
SO00657,2024-11-07,P085,7,177.77
SO00658,2023-09-03,P079,14,20.38
SO00659,2024-05-18,P094,7,164.33
SO00660,2024-02-11,P044,19,116.88
SO00661,2024-05-01,P008,14,75.98
SO00662,2023-07-02,P007,13,1194.66
SO00663,2023-12-21,P080,17,24.29
SO00664,2024-11-06,P013,17,20.42
SO00665,2023-08-30,P001,2,74.96
SO00666,2023-06-13,P015,7,29.9
SO00667,2024-03-02,P067,17,53.22
SO00668,2023-07-21,P052,12,51.23
SO00669,2024-05-19,P015,9,33.29
SO00670,2024-12-21,P047,9,51.38
SO00671,2024-07-18,P062,1,83.54
SO00672,2024-04-07,P080,5,21.53
SO00673,2023-10-16,P081,18,197.64
SO00674,2023-05-15,P077,10,115.65
SO00675,2023-12-25,P050,25,55.76
SO00676,2024-10-18,P016,6,1211.43
SO00677,2023-05-13,P010,7,44.19
SO00678,2024-10-05,P008,23,66.85
SO00679,2024-05-23,P065,1,218.75
SO00680,2024-05-04,P064,18,124.7
SO00681,2024-10-11,P056,12,174.87
SO00682,2023-01-04,P100,18,141.23
SO00683,2023-06-02,P017,9,19.29
SO00684,2023-08-08,P072,2,198.9
SO00685,2024-12-03,P072,9,217.23
SO00686,2024-10-11,P006,32,190.51
SO00687,2024-07-28,P054,8,184.83
SO00688,2024-06-22,P038,7,131.67
SO00689,2024-06-07,P014,4,489.88
SO00690,2024-12-23,P093,8,188.16
SO00691,2023-10-11,P072,11,236.26
SO00692,2023-08-29,P061,17,57.93
SO00693,2023-11-22,P021,24,95.15
SO00694,2023-12-05,P089,7,65.96
SO00695,2023-01-06,P096,16,190.98
SO00696,2023-09-06,P072,19,166.56
SO00697,2024-12-16,P078,15,206.84
SO00698,2023-01-26,P094,3,182.89
SO00699,2024-11-10,P028,22,32.09
SO00700,2023-03-21,P030,4,144.45
SO00701,2023-04-19,P054,19,183.41
SO00702,2024-07-31,P088,7,108.59
SO00703,2024-12-09,P013,33,12.86
SO00704,2024-07-26,P028,2,33.04
SO00705,2024-01-22,P080,7,24.79
SO00706,2023-01-10,P005,1,159.82
SO00707,2023-10-04,P064,35,141.42
SO00708,2024-08-17,P074,2,136.97
SO00709,2023-09-17,P086,10,1305.83
SO00710,2024-04-16,P010,11,41.11
SO00711,2024-09-20,P086,16,1225.54
SO00712,2024-08-11,P093,3,171.97
SO00713,2024-01-18,P090,19,108.09
SO00714,2023-05-14,P002,7,124.19
SO00715,2023-06-11,P001,4,90.09
SO00716,2023-10-16,P039,22,58.06
SO00717,2023-08-19,P033,14,60.0
SO00718,2024-01-14,P006,5,198.11
SO00719,2024-09-24,P066,16,188.3
SO00720,2023-12-19,P078,8,175.93
SO00721,2023-05-30,P042,8,171.56
SO00722,2023-04-18,P091,6,1236.57
SO00723,2024-10-15,P017,24,22.36
SO00724,2023-06-26,P084,3,207.88
SO00725,2023-12-19,P047,20,80.71
SO00726,2024-07-29,P005,16,106.66
SO00727,2024-01-17,P099,16,1277.77
SO00728,2023-02-16,P010,18,51.51
SO00729,2024-05-08,P026,12,108.92
SO00730,2024-05-16,P058,11,94.97
SO00731,2024-03-29,P068,2,183.54
SO00732,2023-06-05,P016,19,1178.26
SO00733,2024-05-08,P040,10,451.91
SO00734,2024-06-17,P010,19,44.02
SO00735,2023-06-30,P071,7,16.11
SO00736,2024-08-19,P011,2,147.08
SO00737,2024-12-03,P052,33,43.09
SO00738,2024-06-05,P004,12,46.04
SO00739,2024-10-08,P031,10,40.19
SO00740,2023-08-30,P013,12,14.74
SO00741,2024-01-02,P031,8,58.31
SO00742,2023-09-29,P049,13,126.76
SO00743,2024-11-20,P056,16,153.93
SO00744,2024-07-26,P057,7,189.52
SO00745,2023-10-28,P004,20,75.65
SO00746,2023-10-08,P090,11,71.57
SO00747,2023-10-22,P007,1,1449.75
SO00748,2024-10-16,P008,5,42.28
SO00749,2023-06-30,P085,3,221.24
SO00750,2024-05-08,P017,17,24.86
SO00751,2024-09-08,P027,4,127.41
SO00752,2023-10-02,P020,23,67.46
SO00753,2024-10-15,P096,28,187.61
SO00754,2023-05-13,P089,2,77.5
SO00755,2024-05-20,P017,13,28.03
SO00756,2024-06-12,P062,1,77.23
SO00757,2024-06-17,P067,1,34.33
SO00758,2023-12-06,P088,22,149.79
SO00759,2024-08-04,P044,16,97.01
SO00760,2024-01-27,P071,8,13.24
SO00761,2023-11-29,P004,19,42.11
SO00762,2024-09-06,P028,9,28.82
SO00763,2024-07-24,P025,18,91.76
SO00764,2023-03-08,P078,7,198.55
SO00765,2023-06-15,P099,14,1139.12
SO00766,2023-10-22,P078,16,179.75
SO00767,2024-07-21,P020,4,106.14
SO00768,2024-01-11,P098,9,510.53
SO00769,2024-07-10,P015,19,34.5
SO00770,2023-08-08,P086,7,1103.87
SO00771,2024-11-29,P100,16,109.42
SO00772,2024-07-10,P074,12,87.38
SO00773,2023-06-03,P027,5,168.9
SO00774,2023-12-26,P097,12,18.22
SO00775,2023-03-11,P055,7,235.79
SO00776,2024-04-06,P071,9,21.05
SO00777,2024-07-24,P084,5,196.61
SO00778,2023-05-13,P056,7,174.63
SO00779,2024-07-31,P033,16,71.11
SO00780,2023-10-10,P086,5,741.65
SO00781,2024-12-10,P075,1,105.97
SO00782,2024-01-19,P044,13,94.39
SO00783,2024-02-01,P042,7,180.82
SO00784,2023-03-24,P055,11,182.83
SO00785,2023-03-14,P012,6,79.07
SO00786,2023-11-01,P012,23,97.01
SO00787,2024-02-26,P091,3,1016.76
SO00788,2024-02-06,P054,18,98.37
SO00789,2023-08-11,P029,4,658.92
SO00790,2024-07-08,P100,18,104.72
SO00791,2024-03-19,P019,8,217.87
SO00792,2023-07-03,P040,8,387.61
SO00793,2024-11-11,P074,10,112.28
SO00794,2023-03-30,P100,4,124.81
SO00795,2023-01-14,P058,18,95.32
SO00796,2023-03-07,P062,16,83.12
SO00797,2023-01-25,P008,19,43.02
SO00798,2023-10-20,P052,20,79.25
SO00799,2023-01-17,P028,4,39.18
SO00800,2024-04-06,P009,14,99.59
SO00801,2024-05-24,P086,1,1217.93
SO00802,2024-07-23,P046,19,26.93
SO00803,2023-07-01,P018,12,33.97
SO00804,2023-09-08,P045,15,67.56
SO00805,2024-09-06,P064,13,225.1
SO00806,2023-08-29,P001,6,79.06
SO00807,2023-11-06,P007,1,1075.72
SO00808,2023-06-12,P096,5,250.84
SO00809,2023-03-01,P010,6,51.3
SO00810,2023-11-20,P098,25,527.38
SO00811,2024-12-27,P095,14,90.53
SO00812,2024-01-26,P044,6,68.04
SO00813,2023-03-10,P079,19,20.39
SO00814,2024-08-10,P029,13,734.01
SO00815,2024-05-18,P050,17,41.64
SO00816,2024-07-19,P091,13,1073.57
SO00817,2023-12-08,P045,26,38.99
SO00818,2023-03-20,P048,8,132.86
SO00819,2023-05-11,P030,11,123.23
SO00820,2024-11-08,P030,20,124.14
SO00821,2023-08-06,P062,5,77.52
SO00822,2023-03-19,P040,4,468.42
SO00823,2023-08-22,P095,1,111.0
SO00824,2024-03-07,P054,1,149.83
SO00825,2024-08-16,P028,8,28.7
SO00826,2023-06-18,P015,15,36.82
SO00827,2024-08-21,P046,6,34.21
SO00828,2024-07-30,P097,13,25.94
SO00829,2024-10-05,P069,28,159.21
SO00830,2024-12-15,P092,6,103.83
SO00831,2024-11-25,P044,31,80.75
SO00832,2024-11-18,P008,29,58.49
SO00833,2024-11-28,P085,11,184.03
SO00834,2023-08-03,P081,7,124.56
SO00835,2023-08-15,P035,15,292.12
SO00836,2024-03-18,P010,3,66.46
SO00837,2024-09-14,P011,11,149.94
SO00838,2024-08-20,P078,11,164.82
SO00839,2024-03-03,P086,18,1238.09
SO00840,2023-11-08,P069,5,140.0
SO00841,2024-11-14,P042,1,196.58
SO00842,2023-04-03,P043,2,74.37
SO00843,2023-11-18,P054,26,178.66
SO00844,2024-02-20,P076,2,198.13
SO00845,2024-06-08,P095,13,78.09
SO00846,2024-04-26,P013,2,14.3
SO00847,2023-10-30,P044,7,101.93
SO00848,2023-03-19,P045,7,62.59
SO00849,2023-06-25,P023,18,27.41
SO00850,2024-12-09,P050,9,48.05
SO00851,2024-10-31,P059,1,81.4
SO00852,2023-06-09,P067,13,45.25
SO00853,2024-11-05,P037,18,56.49
SO00854,2023-03-17,P083,13,118.29
SO00855,2024-03-23,P073,7,200.58
SO00856,2024-09-13,P061,13,59.27
SO00857,2023-04-25,P002,7,112.38
SO00858,2024-01-23,P069,14,206.88
SO00859,2023-11-09,P085,14,144.77
SO00860,2023-04-30,P097,7,21.4
SO00861,2023-11-18,P052,3,45.61
SO00862,2023-08-14,P069,10,225.54
SO00863,2024-01-29,P029,13,850.35
SO00864,2023-11-24,P095,19,127.01
SO00865,2024-10-18,P064,21,209.26
SO00866,2023-12-02,P058,2,74.7
SO00867,2023-10-26,P093,26,181.29
SO00868,2023-01-30,P002,14,102.29
SO00869,2023-11-04,P086,19,1359.62
SO00870,2023-02-15,P075,16,123.57
SO00871,2023-11-03,P003,3,145.91
SO00872,2024-09-13,P041,5,51.29
SO00873,2023-09-15,P030,1,192.0
SO00874,2023-12-03,P090,11,73.85
SO00875,2024-01-14,P095,8,102.73
SO00876,2023-02-05,P012,8,103.24
SO00877,2024-06-26,P038,16,94.44
SO00878,2024-07-21,P014,14,300.86
SO00879,2024-06-05,P006,2,209.81
SO00880,2024-02-13,P006,10,126.54
SO00881,2024-08-21,P051,4,68.07
SO00882,2024-04-16,P053,14,36.15
SO00883,2023-12-16,P010,31,66.66
SO00884,2023-05-01,P069,15,203.19
SO00885,2023-05-23,P052,14,84.78
SO00886,2024-03-24,P019,5,205.4
SO00887,2024-03-04,P089,7,44.04
SO00888,2024-01-07,P030,2,142.25
SO00889,2024-03-11,P010,7,47.59
SO00890,2024-12-25,P006,3,189.33
SO00891,2023-04-17,P082,19,119.67
SO00892,2024-02-07,P021,13,132.07
SO00893,2023-04-24,P043,5,94.84
SO00894,2023-01-08,P092,6,164.24
SO00895,2024-04-03,P014,19,393.69
SO00896,2023-01-05,P029,9,702.85
SO00897,2023-06-03,P094,11,231.08
SO00898,2024-09-20,P062,7,85.74
SO00899,2023-01-17,P095,1,133.77
SO00900,2023-09-18,P078,15,225.47
SO00901,2023-09-26,P069,4,224.15
SO00902,2023-07-30,P084,11,129.7
SO00903,2023-07-19,P057,2,110.67
SO00904,2024-05-09,P047,18,85.19
SO00905,2024-02-16,P057,16,180.79
SO00906,2023-02-13,P060,2,188.6
SO00907,2023-11-23,P038,4,100.95
SO00908,2024-06-17,P069,9,189.29
SO00909,2023-12-26,P096,3,202.84
SO00910,2023-03-27,P058,13,68.78
SO00911,2023-02-25,P013,7,22.91
SO00912,2024-06-02,P023,19,32.8
SO00913,2023-10-01,P083,1,166.01
SO00914,2023-01-03,P030,11,143.27
SO00915,2024-05-24,P003,12,189.21
SO00916,2023-01-22,P028,3,35.02
SO00917,2023-07-25,P029,4,1031.77
SO00918,2023-10-16,P020,29,66.98
SO00919,2023-06-03,P092,9,105.7
SO00920,2024-10-21,P098,15,406.63
SO00921,2024-05-23,P087,2,198.21
SO00922,2024-12-06,P059,8,95.77
SO00923,2024-11-20,P053,12,35.12
SO00924,2023-06-06,P003,19,166.38
SO00925,2023-08-26,P035,19,358.29
SO00926,2023-08-09,P051,11,52.03
SO00927,2024-01-11,P039,7,36.3
SO00928,2023-11-08,P008,24,50.25
SO00929,2024-06-05,P068,18,161.1
SO00930,2023-05-01,P006,1,155.82
SO00931,2024-06-13,P004,1,39.36
SO00932,2023-08-04,P075,5,119.4
SO00933,2023-03-15,P077,10,156.51
SO00934,2024-12-09,P082,32,164.74
SO00935,2024-07-09,P097,5,24.95
SO00936,2024-10-01,P031,19,42.84
SO00937,2024-12-20,P035,28,319.6
SO00938,2024-10-10,P077,4,141.65
SO00939,2024-08-26,P078,17,251.5
SO00940,2024-12-13,P051,33,70.19
SO00941,2024-07-02,P057,16,168.1
SO00942,2024-10-08,P074,8,97.7
SO00943,2024-06-02,P009,4,135.7
SO00944,2023-08-18,P029,4,846.93
SO00945,2024-11-05,P079,3,13.05
SO00946,2024-09-20,P076,13,165.47
SO00947,2024-01-14,P085,6,142.69
SO00948,2023-10-07,P005,2,126.56
SO00949,2023-09-21,P071,15,19.38
SO00950,2024-02-29,P078,19,217.57
SO00951,2023-10-22,P100,6,90.96
SO00952,2023-08-03,P030,6,149.89
SO00953,2023-04-09,P071,16,22.88
SO00954,2024-08-08,P002,16,113.41
SO00955,2023-11-02,P076,8,189.74
SO00956,2024-12-23,P098,18,468.71
SO00957,2023-05-30,P051,16,80.89
SO00958,2024-01-01,P037,4,78.57
SO00959,2024-01-15,P061,17,60.25
SO00960,2023-07-04,P078,14,202.18
SO00961,2023-12-27,P036,10,149.8
SO00962,2023-08-17,P043,7,90.75
SO00963,2024-07-05,P050,4,51.84
SO00964,2023-09-15,P090,1,64.19
SO00965,2023-05-01,P085,5,192.55
SO00966,2024-07-03,P009,13,136.2
SO00967,2024-05-25,P002,13,159.88
SO00968,2024-01-16,P017,3,30.66
SO00969,2023-08-13,P040,1,559.08
SO00970,2024-06-28,P088,4,145.39
SO00971,2024-11-17,P064,23,217.46
SO00972,2024-01-22,P058,11,84.3
SO00973,2024-04-09,P035,17,332.77
SO00974,2024-09-02,P002,11,96.08
SO00975,2023-09-13,P004,5,56.19
SO00976,2024-08-31,P056,12,169.89
SO00977,2024-10-13,P008,21,42.45
SO00978,2024-09-12,P092,19,116.72
SO00979,2024-08-05,P092,3,111.42
SO00980,2024-12-10,P089,8,65.67
SO00981,2024-05-30,P083,4,126.69
SO00982,2024-08-11,P031,13,55.42
SO00983,2023-11-19,P009,13,105.2
SO00984,2023-11-24,P043,3,90.06
SO00985,2024-12-24,P077,30,160.61
SO00986,2023-04-17,P023,11,37.17
SO00987,2024-07-21,P092,15,192.32
SO00988,2023-12-13,P044,28,94.9
SO00989,2023-02-03,P026,14,156.33
SO00990,2023-11-11,P018,23,44.68
SO00991,2023-10-01,P098,15,460.35
SO00992,2023-05-05,P023,19,20.95
SO00993,2023-10-04,P048,28,92.6
SO00994,2023-09-27,P070,18,173.61
SO00995,2024-04-01,P080,9,14.96
SO00996,2023-11-14,P098,12,508.01
SO00997,2024-07-09,P043,1,73.46
SO00998,2024-05-09,P067,17,51.28
SO00999,2023-10-24,P064,11,148.31
SO01000,2023-01-21,P002,11,114.31
SO01001,2023-12-15,P081,11,128.51
SO01002,2023-08-28,P081,4,171.97
SO01003,2024-11-11,P069,4,130.35
SO01004,2024-04-22,P059,7,106.78
SO01005,2023-01-05,P052,14,76.89
SO01006,2023-10-14,P079,13,19.3
SO01007,2023-02-14,P028,8,36.53
SO01008,2023-12-09,P090,15,108.61
SO01009,2023-04-09,P088,14,157.52
SO01010,2023-04-30,P075,14,93.35
SO01011,2024-04-15,P098,1,423.59
SO01012,2023-07-28,P053,2,33.39
SO01013,2024-03-20,P092,6,170.89
SO01014,2024-04-11,P010,16,40.91
SO01015,2023-07-14,P054,8,129.95
SO01016,2024-03-21,P085,17,242.31
SO01017,2024-03-14,P011,5,142.11
SO01018,2023-11-18,P037,25,49.71
SO01019,2024-09-16,P019,7,251.22
SO01020,2024-06-11,P021,4,112.73
SO01021,2023-02-18,P011,10,172.96
SO01022,2024-04-05,P043,17,86.5
SO01023,2024-09-27,P100,9,93.82
SO01024,2023-03-06,P002,10,85.97
SO01025,2024-08-28,P068,5,122.31
SO01026,2023-05-06,P074,19,115.1
SO01027,2024-02-25,P077,13,138.02
SO01028,2023-02-21,P020,5,72.45
SO01029,2024-06-03,P030,4,124.07
SO01030,2024-10-11,P025,10,126.88
SO01031,2024-05-30,P039,13,49.71
SO01032,2023-06-09,P033,11,74.85
SO01033,2023-06-19,P068,6,166.23
SO01034,2023-09-25,P071,8,18.96
SO01035,2023-04-29,P094,1,189.83
SO01036,2024-06-23,P072,10,196.63
SO01037,2024-10-02,P016,6,730.19
SO01038,2023-02-21,P044,19,118.62
SO01039,2024-10-28,P080,19,15.04
SO01040,2023-01-28,P095,10,93.17
SO01041,2023-01-13,P083,2,137.67
SO01042,2023-09-06,P034,3,50.81
SO01043,2023-06-13,P029,16,633.67
SO01044,2024-05-07,P029,14,1049.39
SO01045,2024-02-29,P006,5,164.18
SO01046,2023-08-04,P020,14,63.6
SO01047,2023-05-07,P013,13,22.45
SO01048,2024-12-30,P057,16,185.06
SO01049,2023-07-11,P086,1,730.96
SO01050,2024-01-08,P031,17,36.0
SO01051,2024-10-30,P085,7,140.16
SO01052,2024-07-23,P016,14,1059.88
SO01053,2024-08-26,P009,9,135.01
SO01054,2023-11-02,P015,23,39.28
SO01055,2023-11-11,P096,8,133.8
SO01056,2024-12-14,P038,28,162.21
SO01057,2023-07-14,P091,9,845.78
SO01058,2023-08-16,P003,3,152.28
SO01059,2023-05-07,P013,15,17.45
SO01060,2024-08-14,P039,9,44.49
SO01061,2023-07-25,P051,6,52.54
SO01062,2024-10-17,P039,10,49.74
SO01063,2023-08-30,P077,16,169.03
SO01064,2024-09-05,P074,10,129.08
SO01065,2024-07-03,P094,13,183.24
SO01066,2024-03-30,P069,19,142.88
SO01067,2023-10-16,P097,7,19.29
SO01068,2023-06-22,P047,14,68.27
SO01069,2024-01-25,P032,5,111.49
SO01070,2023-08-10,P019,4,211.35
SO01071,2024-08-20,P034,4,69.78
SO01072,2023-05-16,P010,7,69.44
SO01073,2023-07-25,P094,14,201.29
SO01074,2023-06-01,P078,14,238.34
SO01075,2024-06-23,P009,14,125.95
SO01076,2024-02-23,P055,14,138.05
SO01077,2023-10-11,P015,9,54.0
SO01078,2023-12-01,P049,26,88.52
SO01079,2024-10-20,P019,32,196.67
SO01080,2023-07-16,P069,17,194.45
SO01081,2023-02-01,P062,17,61.36
SO01082,2024-07-20,P100,16,116.59
SO01083,2024-09-05,P022,18,131.1
SO01084,2023-03-10,P036,4,187.86
SO01085,2024-02-10,P045,10,57.82
SO01086,2023-02-15,P096,1,203.5
SO01087,2023-08-19,P036,18,172.83
SO01088,2024-07-19,P053,9,36.39
SO01089,2023-10-26,P085,19,241.4
SO01090,2024-12-04,P094,8,135.21
SO01091,2023-07-01,P060,16,177.45
SO01092,2023-06-23,P037,10,67.11
SO01093,2024-07-05,P089,17,73.34
SO01094,2024-02-19,P012,9,83.19
SO01095,2024-04-09,P017,19,29.52
SO01096,2023-07-08,P021,5,108.75
SO01097,2024-03-23,P057,19,186.44
SO01098,2024-12-01,P067,2,30.66
SO01099,2024-12-09,P043,17,91.53
SO01100,2023-04-28,P080,11,15.16
SO01101,2023-03-20,P069,1,229.93
SO01102,2023-11-19,P043,28,85.27
SO01103,2023-07-23,P063,15,45.36
SO01104,2024-02-16,P092,3,108.68
SO01105,2024-08-13,P081,7,166.19
SO01106,2024-09-05,P096,16,214.54
SO01107,2023-05-08,P090,18,73.99
SO01108,2023-05-15,P045,7,68.11
SO01109,2024-03-01,P089,13,65.63
SO01110,2023-08-26,P028,14,23.3
SO01111,2024-07-27,P002,17,143.7
SO01112,2024-08-05,P012,12,120.44
SO01113,2023-04-01,P059,3,96.53
SO01114,2023-11-26,P082,15,125.23
SO01115,2023-05-10,P029,18,591.14
SO01116,2024-05-02,P011,3,161.27
SO01117,2023-11-17,P068,15,113.0
SO01118,2023-09-05,P075,4,119.92
SO01119,2024-05-19,P099,8,1083.33
SO01120,2023-11-16,P045,33,36.79
SO01121,2024-11-06,P022,27,196.28
SO01122,2023-08-04,P001,7,62.81
SO01123,2023-12-23,P066,35,150.77
SO01124,2023-02-05,P069,12,166.78
SO01125,2024-07-18,P008,8,54.29
SO01126,2024-09-20,P017,3,21.91
SO01127,2023-11-07,P030,2,159.09
SO01128,2024-03-07,P041,13,34.42
SO01129,2023-05-15,P088,15,168.09
SO01130,2023-02-17,P040,11,515.92
SO01131,2023-02-08,P061,11,68.68
SO01132,2024-03-06,P088,2,134.56
SO01133,2023-10-12,P069,7,129.74
SO01134,2023-06-13,P084,7,133.89
SO01135,2023-01-21,P044,2,72.09
SO01136,2024-11-27,P085,14,256.65
SO01137,2023-10-30,P043,6,68.34
SO01138,2023-03-17,P055,18,223.54
SO01139,2023-04-16,P049,16,119.59
SO01140,2024-01-21,P052,1,85.93
SO01141,2023-12-10,P061,9,99.3
SO01142,2024-02-20,P080,14,25.84
SO01143,2024-04-16,P003,10,207.26
SO01144,2024-06-21,P086,14,1015.68
SO01145,2023-07-11,P065,14,218.95
SO01146,2023-06-06,P096,5,167.63
SO01147,2023-03-24,P043,14,91.5
SO01148,2024-05-23,P004,5,49.98
SO01149,2023-11-24,P077,4,185.45
SO01150,2023-05-23,P010,15,41.34
SO01151,2023-01-03,P093,8,166.3
SO01152,2023-10-14,P070,21,176.96
SO01153,2024-09-18,P029,14,1130.19
SO01154,2023-04-25,P076,15,177.53
SO01155,2023-04-03,P050,15,57.31
SO01156,2023-11-21,P097,32,21.76
SO01157,2024-03-14,P074,7,96.05
SO01158,2023-10-19,P056,13,178.78
SO01159,2024-05-10,P066,12,155.78
SO01160,2024-03-05,P054,14,179.01
SO01161,2024-08-19,P045,13,56.04
SO01162,2023-04-23,P092,14,164.49
SO01163,2023-06-02,P012,6,96.58
SO01164,2024-12-15,P074,12,88.26
SO01165,2024-01-05,P046,6,34.66
SO01166,2024-08-15,P031,14,58.4
SO01167,2023-10-09,P045,17,60.68
SO01168,2023-06-21,P048,10,90.08
SO01169,2023-09-10,P002,4,105.42
SO01170,2024-05-24,P022,15,128.27
SO01171,2023-02-25,P042,17,184.66
SO01172,2023-06-28,P071,16,15.79
SO01173,2023-04-29,P085,3,160.11
SO01174,2024-07-05,P007,8,1156.27
SO01175,2024-12-16,P099,3,1231.88
SO01176,2024-03-11,P086,12,821.12
SO01177,2023-12-10,P100,28,119.3
SO01178,2024-05-07,P005,18,148.93
SO01179,2023-10-25,P005,16,137.87
SO01180,2023-11-03,P048,31,116.57
SO01181,2024-12-03,P001,11,85.81
SO01182,2024-10-26,P063,22,60.23
SO01183,2024-09-08,P042,3,224.34
SO01184,2024-02-17,P054,10,170.57
SO01185,2024-12-09,P100,18,124.57
SO01186,2023-09-29,P067,8,41.13
SO01187,2023-03-27,P099,19,1121.86
SO01188,2024-04-16,P063,17,32.12
SO01189,2023-06-26,P060,11,130.98
SO01190,2024-04-26,P089,7,71.84
SO01191,2023-01-20,P073,11,168.74
SO01192,2023-07-27,P023,7,31.91
SO01193,2024-03-31,P014,6,576.48
SO01194,2024-07-15,P090,11,120.58
SO01195,2024-08-24,P070,16,152.31
SO01196,2024-05-10,P090,17,92.28
SO01197,2023-10-19,P084,25,140.85
SO01198,2024-01-26,P013,1,18.82
SO01199,2023-12-28,P100,9,89.39
SO01200,2023-06-12,P046,19,34.38
SO01201,2023-10-26,P078,12,243.95
SO01202,2024-02-15,P068,2,134.81
SO01203,2024-02-15,P046,3,19.79
SO01204,2024-01-18,P045,19,63.31
SO01205,2023-07-14,P071,12,16.63
SO01206,2024-03-25,P044,1,75.53
SO01207,2023-12-30,P084,28,217.74
SO01208,2023-04-11,P087,13,165.55
SO01209,2023-03-14,P059,11,89.63
SO01210,2023-11-10,P092,3,165.48
SO01211,2024-02-11,P090,10,80.47
SO01212,2024-05-06,P077,9,119.08
SO01213,2024-02-27,P058,3,54.04
SO01214,2024-10-13,P050,8,47.21
SO01215,2024-02-23,P019,2,188.9
SO01216,2023-03-29,P076,17,134.62
SO01217,2024-10-25,P096,4,212.39
SO01218,2023-08-18,P036,4,172.37
SO01219,2024-10-27,P071,18,14.8
SO01220,2023-12-05,P014,24,504.88
SO01221,2024-07-24,P069,3,215.69
SO01222,2024-12-12,P032,18,67.83
SO01223,2023-12-13,P097,3,26.56
SO01224,2023-07-07,P007,2,1314.44
SO01225,2024-08-13,P051,18,75.28
SO01226,2023-03-12,P050,6,45.61
SO01227,2023-07-27,P080,8,14.03
SO01228,2023-07-23,P091,13,816.23
SO01229,2023-03-01,P026,18,106.35
SO01230,2023-05-14,P024,3,112.81
SO01231,2024-11-27,P050,24,40.95
SO01232,2023-03-09,P052,5,70.32
SO01233,2024-08-25,P052,10,60.44
SO01234,2024-02-09,P035,5,277.69
SO01235,2024-01-07,P029,8,592.1
SO01236,2023-06-18,P021,8,157.93
SO01237,2024-10-05,P048,3,133.05
SO01238,2023-11-28,P087,25,241.48
SO01239,2024-09-18,P068,2,110.07
SO01240,2024-11-16,P077,21,194.62
SO01241,2023-09-28,P016,16,1260.13
SO01242,2024-09-05,P028,18,31.47
SO01243,2023-05-25,P056,3,143.16
SO01244,2023-11-09,P009,10,169.5
SO01245,2023-08-28,P006,4,144.97
SO01246,2023-07-09,P096,2,162.08
SO01247,2023-08-27,P059,15,110.32
SO01248,2024-05-26,P052,17,81.55
SO01249,2023-03-24,P031,9,56.72
SO01250,2023-09-28,P044,5,107.27
SO01251,2024-09-12,P007,10,812.82
SO01252,2023-03-26,P055,2,156.65
SO01253,2023-11-20,P069,13,210.67
SO01254,2024-03-19,P099,1,897.96
SO01255,2023-06-10,P055,13,183.98
SO01256,2024-11-28,P066,17,103.8
SO01257,2024-12-16,P058,35,54.52
SO01258,2023-11-05,P045,15,67.79
SO01259,2024-07-01,P080,16,20.03
SO01260,2024-01-06,P084,11,174.09
SO01261,2023-04-03,P073,10,194.3
SO01262,2023-04-25,P063,19,44.66
SO01263,2024-06-19,P087,16,231.28
SO01264,2024-07-10,P084,9,188.35
SO01265,2023-07-30,P064,13,119.25
SO01266,2023-01-10,P054,2,125.99
SO01267,2024-01-25,P084,17,205.09
SO01268,2023-10-05,P074,21,101.78
SO01269,2023-04-07,P091,14,1429.67
SO01270,2024-01-07,P019,7,244.58
SO01271,2023-01-16,P091,18,1215.42
SO01272,2023-09-25,P008,10,74.44
SO01273,2024-06-19,P064,5,223.02
SO01274,2024-10-25,P046,7,23.41
SO01275,2023-09-19,P021,4,86.62
SO01276,2023-01-24,P063,13,38.14
SO01277,2024-07-17,P048,19,136.29
SO01278,2024-01-04,P072,13,227.66
SO01279,2023-05-27,P013,7,15.22
SO01280,2023-05-29,P066,17,137.13
SO01281,2023-02-12,P078,11,165.37
SO01282,2024-04-20,P039,17,30.91
SO01283,2023-07-10,P087,4,247.88
SO01284,2023-07-12,P094,18,232.04
SO01285,2024-12-31,P031,8,41.9
SO01286,2024-11-08,P061,11,64.36
SO01287,2023-02-22,P073,7,186.46
SO01288,2023-12-27,P091,25,1056.69
SO01289,2023-01-21,P057,14,195.49
SO01290,2023-07-10,P068,1,105.89
SO01291,2023-03-10,P069,5,201.99
SO01292,2024-01-03,P081,5,197.15
SO01293,2024-03-07,P093,6,122.25
SO01294,2023-04-19,P072,12,213.92
SO01295,2023-10-04,P034,17,73.71
SO01296,2023-02-11,P042,17,252.27
SO01297,2024-12-12,P049,2,107.3
SO01298,2023-06-12,P019,6,222.69
SO01299,2024-07-31,P098,2,512.51
SO01300,2024-01-09,P001,5,70.47
SO01301,2023-10-31,P002,18,153.97
SO01302,2024-01-07,P071,15,17.93
SO01303,2023-07-03,P071,14,20.11
SO01304,2024-03-18,P001,5,55.13
SO01305,2024-01-21,P080,1,17.63
SO01306,2024-06-15,P077,15,139.46
SO01307,2024-11-18,P086,23,1206.24
SO01308,2023-06-04,P081,14,207.13
SO01309,2024-01-10,P046,12,19.12
SO01310,2024-01-13,P034,7,70.26
SO01311,2023-10-18,P040,26,352.01
SO01312,2023-08-29,P087,14,250.21
SO01313,2023-05-28,P001,14,80.71
SO01314,2023-11-12,P011,2,157.6
SO01315,2023-05-16,P013,9,20.13
SO01316,2024-07-24,P015,4,38.14
SO01317,2023-01-13,P007,9,1015.35
SO01318,2023-10-29,P033,11,67.07
SO01319,2023-03-04,P088,5,180.16
SO01320,2023-12-01,P036,4,215.55
SO01321,2024-06-06,P040,5,552.32
SO01322,2023-07-03,P082,4,98.39
SO01323,2023-05-17,P079,7,13.92
SO01324,2023-06-23,P026,14,157.35
SO01325,2024-08-14,P013,7,13.55
SO01326,2023-04-03,P056,7,139.59
SO01327,2024-08-24,P095,5,72.66
SO01328,2024-06-25,P002,9,125.95
SO01329,2024-04-29,P100,4,90.7
SO01330,2023-09-02,P078,9,233.09
SO01331,2023-06-23,P018,14,37.19
SO01332,2023-04-22,P050,17,33.85
SO01333,2023-04-18,P089,9,63.98
SO01334,2024-10-13,P070,9,132.18
SO01335,2023-08-14,P077,4,101.14
SO01336,2024-09-27,P051,14,90.06
SO01337,2024-12-26,P038,20,157.02
SO01338,2023-05-10,P054,3,145.19
SO01339,2024-01-18,P074,14,96.64
SO01340,2024-08-26,P055,13,225.02
SO01341,2023-09-09,P010,8,75.96
SO01342,2023-06-29,P026,4,85.37
SO01343,2024-02-21,P090,6,102.97
SO01344,2024-01-19,P003,10,208.49
SO01345,2024-08-31,P081,2,153.19
SO01346,2023-01-17,P003,6,225.58
SO01347,2024-03-18,P099,16,663.63
SO01348,2023-10-01,P004,31,54.66
SO01349,2023-03-29,P016,3,706.96
SO01350,2024-05-28,P003,10,135.61
SO01351,2024-01-11,P006,19,161.84
SO01352,2023-07-16,P085,8,161.36
SO01353,2024-07-13,P035,17,367.83
SO01354,2024-10-17,P090,25,115.57
SO01355,2023-12-06,P051,20,73.0
SO01356,2024-02-28,P017,17,25.46
SO01357,2023-11-25,P053,13,27.07
SO01358,2024-03-13,P053,15,24.23
SO01359,2023-05-20,P083,17,87.77
SO01360,2023-12-25,P084,6,204.22
SO01361,2024-08-25,P100,17,162.36
SO01362,2024-08-18,P074,18,74.22
SO01363,2024-12-11,P043,14,103.02
SO01364,2023-12-26,P100,22,141.77
SO01365,2024-01-31,P027,11,186.65
SO01366,2024-03-08,P079,7,23.66
SO01367,2023-10-18,P002,11,131.12
SO01368,2024-06-21,P001,14,81.13
SO01369,2023-11-02,P057,16,132.35
SO01370,2024-11-14,P031,13,44.58
SO01371,2024-11-22,P072,14,259.12
SO01372,2024-05-20,P026,12,108.1
SO01373,2024-08-15,P002,18,134.62
SO01374,2024-05-16,P074,9,91.48
SO01375,2023-06-30,P098,18,314.97
SO01376,2023-05-18,P022,9,128.85
SO01377,2023-01-12,P093,5,195.41
SO01378,2023-09-12,P084,6,167.77
SO01379,2023-12-29,P071,21,19.41
SO01380,2023-08-23,P054,16,159.18
SO01381,2023-02-27,P068,3,163.75
SO01382,2023-12-31,P014,4,421.81
SO01383,2023-01-21,P027,12,149.98
SO01384,2023-04-05,P036,16,126.31
SO01385,2024-06-25,P082,9,115.0
SO01386,2023-09-05,P010,1,65.11
SO01387,2023-11-28,P093,16,150.63
SO01388,2024-03-07,P048,2,105.03
SO01389,2024-05-24,P018,6,45.09
SO01390,2023-08-07,P006,17,127.64
SO01391,2024-02-02,P059,12,93.78
SO01392,2024-11-15,P085,30,173.96
SO01393,2024-03-19,P025,11,103.43
SO01394,2023-05-06,P063,1,60.26
SO01395,2024-05-22,P040,14,321.55
SO01396,2024-11-04,P076,31,196.24
SO01397,2024-05-04,P024,2,110.6
SO01398,2023-12-14,P085,13,217.07
SO01399,2023-07-01,P057,16,135.73
SO01400,2024-02-07,P086,14,889.85
SO01401,2024-03-31,P041,19,57.08
SO01402,2024-10-15,P089,24,83.04
SO01403,2024-04-07,P022,4,208.64
SO01404,2023-09-15,P093,17,151.29
SO01405,2024-09-10,P012,16,112.15
SO01406,2024-11-13,P048,30,117.45
SO01407,2024-09-14,P014,10,585.74
SO01408,2024-01-18,P036,1,168.6
SO01409,2023-09-08,P084,1,204.23
SO01410,2024-01-21,P059,14,101.41
SO01411,2024-03-31,P043,16,69.31
SO01412,2023-01-02,P095,15,125.64
SO01413,2023-05-27,P042,17,217.02
SO01414,2023-02-26,P096,1,201.03
SO01415,2024-01-22,P087,5,221.76
SO01416,2023-04-21,P039,4,42.7
SO01417,2023-12-01,P044,26,74.46
SO01418,2023-02-24,P074,12,112.99
SO01419,2024-07-25,P026,9,83.75
SO01420,2023-08-02,P050,12,42.61
SO01421,2023-08-04,P003,16,222.07
SO01422,2024-04-30,P007,17,1073.17
SO01423,2023-02-20,P015,4,37.15
SO01424,2023-06-23,P023,8,35.97
SO01425,2023-10-07,P068,37,112.78
SO01426,2024-11-26,P034,12,53.88
SO01427,2024-02-16,P090,15,82.42
SO01428,2024-04-19,P018,9,41.06
SO01429,2023-10-31,P096,5,174.54
SO01430,2023-04-24,P096,14,188.65
SO01431,2023-05-14,P061,11,97.58
SO01432,2023-08-03,P081,15,126.73
SO01433,2024-04-08,P007,1,1418.06
SO01434,2023-06-20,P066,4,185.54
SO01435,2024-09-06,P054,3,148.98
SO01436,2023-11-10,P040,14,465.49
SO01437,2023-02-27,P051,18,50.71
SO01438,2023-06-21,P001,16,62.49
SO01439,2023-07-30,P012,6,64.82
SO01440,2023-07-02,P041,16,49.13
SO01441,2023-02-19,P088,12,172.25
SO01442,2024-07-29,P096,19,127.31
SO01443,2024-05-28,P097,11,29.33
SO01444,2023-07-07,P074,15,131.78
SO01445,2024-03-27,P047,15,85.35
SO01446,2024-06-17,P061,4,77.9
SO01447,2023-06-12,P040,17,405.3
SO01448,2023-04-22,P029,10,711.28
SO01449,2023-08-11,P100,17,103.67
SO01450,2024-04-04,P017,17,26.79
SO01451,2024-11-26,P044,23,61.91
SO01452,2023-08-23,P036,13,223.32
SO01453,2023-03-17,P052,12,49.73
SO01454,2024-08-13,P013,5,18.45
SO01455,2023-01-28,P014,13,330.68
SO01456,2023-02-12,P023,4,33.8
SO01457,2023-04-12,P007,14,1006.06
SO01458,2023-05-04,P027,3,206.9
SO01459,2024-09-18,P060,9,166.17
SO01460,2023-01-04,P075,4,141.49
SO01461,2024-10-12,P014,27,507.11
SO01462,2023-11-07,P014,28,566.94
SO01463,2024-09-23,P025,10,140.29
SO01464,2024-09-25,P047,10,79.04
SO01465,2024-04-01,P001,10,59.39
SO01466,2023-12-26,P019,11,155.57
SO01467,2024-02-05,P090,4,105.55
SO01468,2024-03-24,P084,16,166.91
SO01469,2024-03-08,P066,6,114.49
SO01470,2023-04-06,P012,11,119.88
SO01471,2023-12-22,P093,22,153.13
SO01472,2024-05-13,P084,11,205.37
SO01473,2024-02-24,P030,8,131.63
SO01474,2024-02-16,P094,8,207.57
SO01475,2023-09-18,P045,13,50.06
SO01476,2023-01-13,P045,1,41.87
SO01477,2023-06-27,P094,9,231.59
SO01478,2024-12-25,P073,23,117.29
SO01479,2023-08-01,P083,3,151.59
SO01480,2024-08-16,P074,7,73.95
SO01481,2024-11-04,P090,31,121.51
SO01482,2024-02-03,P084,5,144.72
SO01483,2023-01-14,P012,1,99.75
SO01484,2023-12-16,P031,18,58.68
SO01485,2023-10-08,P075,26,76.4
SO01486,2023-09-22,P005,15,141.26
SO01487,2024-12-12,P043,17,59.19
SO01488,2024-01-04,P066,3,177.23
SO01489,2024-10-04,P032,6,87.32
SO01490,2024-11-11,P061,26,90.7
SO01491,2023-02-28,P007,19,1414.33
SO01492,2023-09-03,P011,18,194.53
SO01493,2024-09-17,P041,4,52.32
SO01494,2024-02-02,P016,14,684.39
SO01495,2023-09-12,P088,11,169.03
SO01496,2024-09-13,P092,1,189.38
SO01497,2024-12-26,P087,24,233.53
SO01498,2024-09-22,P034,1,68.39
SO01499,2024-01-08,P071,2,22.23
SO01500,2024-01-09,P067,17,32.18
SO01501,2023-11-15,P037,17,78.92
SO01502,2023-03-03,P057,4,126.2
SO01503,2024-10-17,P019,26,164.33
SO01504,2024-12-24,P034,4,75.85
SO01505,2023-07-19,P031,1,39.71
SO01506,2024-03-02,P054,13,153.22
SO01507,2023-09-01,P069,19,167.79
SO01508,2023-08-13,P007,18,900.92
SO01509,2024-05-23,P079,19,20.17
SO01510,2023-10-27,P075,26,127.52
SO01511,2023-07-07,P006,5,160.26
SO01512,2023-02-03,P005,11,153.0
SO01513,2023-06-03,P020,5,59.78
SO01514,2024-11-27,P075,30,96.03
SO01515,2023-11-20,P041,23,32.41
SO01516,2023-11-12,P002,1,100.07
SO01517,2023-12-22,P078,8,254.51
SO01518,2023-07-18,P034,6,71.1
SO01519,2023-06-10,P080,7,22.27
SO01520,2024-04-09,P051,7,87.36
SO01521,2023-11-20,P099,7,862.33
SO01522,2023-04-26,P025,6,98.83
SO01523,2024-01-07,P084,12,122.84
SO01524,2024-06-07,P053,9,21.56
SO01525,2023-01-25,P065,12,166.06
SO01526,2024-02-24,P044,12,102.5
SO01527,2024-05-11,P020,9,115.1
SO01528,2023-03-19,P049,17,123.95
SO01529,2023-03-22,P100,8,130.77
SO01530,2024-02-11,P077,16,119.81
SO01531,2024-10-12,P091,6,1408.89
SO01532,2024-09-15,P075,10,89.34
SO01533,2024-08-13,P065,11,121.78
SO01534,2024-04-09,P030,16,104.19
SO01535,2024-06-10,P031,16,40.32
SO01536,2024-05-13,P007,10,1205.13
SO01537,2024-08-30,P071,10,14.43
SO01538,2024-08-22,P043,19,57.52
SO01539,2024-09-26,P045,19,49.38
SO01540,2023-11-02,P052,7,44.08
SO01541,2024-07-26,P065,15,189.52
SO01542,2024-03-10,P098,15,385.35
SO01543,2023-03-08,P028,4,30.74
SO01544,2023-11-01,P010,19,64.47
SO01545,2023-12-15,P093,18,154.55
SO01546,2023-03-27,P049,16,100.23
SO01547,2023-07-26,P002,1,120.54
SO01548,2024-01-15,P092,18,136.18
SO01549,2024-11-03,P006,18,170.86
SO01550,2024-08-31,P001,7,63.29
SO01551,2023-09-21,P069,12,132.17
SO01552,2024-06-24,P007,2,822.32
SO01553,2023-11-23,P088,13,158.27
SO01554,2023-07-23,P054,19,162.5
SO01555,2024-07-27,P017,17,22.55
SO01556,2024-08-23,P007,15,1107.37
SO01557,2024-04-15,P027,9,212.16
SO01558,2023-11-09,P015,14,35.41
SO01559,2024-09-14,P048,14,117.16
SO01560,2024-12-24,P094,6,180.99
SO01561,2024-11-11,P063,9,52.15
SO01562,2023-04-22,P061,6,90.96
SO01563,2024-08-26,P039,5,51.49
SO01564,2023-10-18,P046,5,26.12
SO01565,2023-10-13,P063,11,58.64
SO01566,2023-11-26,P030,10,143.07
SO01567,2023-04-01,P067,11,43.18
SO01568,2023-09-18,P100,11,165.69
SO01569,2023-04-17,P036,8,176.76
SO01570,2024-07-16,P099,1,1257.84
SO01571,2024-03-27,P070,19,204.92
SO01572,2024-10-29,P084,15,114.81
SO01573,2023-05-13,P091,17,1092.93
SO01574,2023-02-07,P037,10,83.64
SO01575,2024-12-05,P088,24,153.5
SO01576,2024-12-28,P093,14,113.56
SO01577,2023-06-24,P093,3,185.16
SO01578,2024-06-10,P023,5,38.22
SO01579,2024-09-21,P032,2,112.19
SO01580,2024-05-19,P013,2,15.58
SO01581,2024-04-11,P088,17,181.9
SO01582,2023-02-07,P046,15,18.85
SO01583,2023-07-26,P039,9,46.86
SO01584,2024-06-04,P074,14,92.29
SO01585,2024-10-24,P023,7,31.91
SO01586,2023-06-27,P097,10,20.89
SO01587,2024-11-28,P067,28,35.68
SO01588,2024-11-28,P009,16,128.38
SO01589,2023-08-10,P046,9,31.29
SO01590,2023-09-27,P092,18,108.69
SO01591,2023-03-09,P037,12,59.42
SO01592,2024-11-02,P043,30,94.89
SO01593,2024-02-08,P005,6,106.52
SO01594,2023-11-07,P019,13,258.35
SO01595,2023-02-20,P056,19,194.91
SO01596,2023-11-02,P068,24,162.37
SO01597,2024-08-07,P080,17,20.63
SO01598,2024-04-02,P026,13,154.47
SO01599,2024-07-26,P094,8,206.17
SO01600,2023-04-26,P011,7,217.85
SO01601,2023-08-31,P049,7,78.1
SO01602,2023-06-24,P100,13,132.78
SO01603,2024-09-19,P089,15,62.2
SO01604,2024-02-01,P007,15,846.1
SO01605,2023-01-02,P015,9,38.96
SO01606,2023-04-21,P019,16,267.84
SO01607,2024-03-23,P062,18,72.52
SO01608,2024-07-02,P054,15,132.77
SO01609,2024-01-21,P054,4,95.74
SO01610,2023-12-01,P004,23,41.6
SO01611,2024-06-03,P080,15,20.25
SO01612,2023-03-03,P043,2,85.98
SO01613,2023-02-21,P097,8,29.75
SO01614,2024-09-06,P071,5,16.47
SO01615,2024-10-14,P090,17,117.83
SO01616,2024-07-20,P073,1,104.63
SO01617,2023-11-05,P077,23,127.36
SO01618,2024-09-18,P047,2,57.23
SO01619,2024-12-17,P032,23,96.37
SO01620,2024-05-08,P032,8,91.72
SO01621,2023-10-15,P096,15,249.88
SO01622,2024-08-10,P075,5,125.0
SO01623,2024-03-25,P027,15,173.52
SO01624,2024-12-16,P054,23,143.52
SO01625,2023-06-30,P030,2,186.25
SO01626,2023-01-08,P093,1,112.63
SO01627,2023-03-09,P041,19,48.81
SO01628,2024-08-31,P069,3,156.5
SO01629,2024-07-06,P061,9,54.24
SO01630,2024-02-09,P020,6,105.28
SO01631,2023-10-20,P074,19,89.51
SO01632,2023-03-11,P075,1,136.61
SO01633,2023-06-12,P078,13,234.78
SO01634,2023-11-19,P041,19,34.2
SO01635,2023-07-08,P091,15,839.01
SO01636,2023-09-04,P041,10,41.0
SO01637,2023-08-09,P035,9,404.85
SO01638,2024-11-09,P032,3,71.01
SO01639,2024-01-09,P015,4,32.04
SO01640,2024-12-20,P014,13,506.85
SO01641,2024-12-16,P035,21,516.28
SO01642,2023-04-07,P011,13,176.13
SO01643,2023-02-04,P067,7,31.71
SO01644,2023-02-15,P050,15,37.07
SO01645,2023-08-19,P048,12,100.49
SO01646,2024-02-01,P041,1,48.5
SO01647,2023-03-10,P063,16,59.09
SO01648,2023-03-24,P050,17,42.6
SO01649,2024-05-25,P048,12,119.3
SO01650,2023-01-20,P067,6,43.35
SO01651,2023-06-23,P087,6,152.08
SO01652,2023-06-14,P033,16,59.47
SO01653,2024-09-19,P012,18,117.22
SO01654,2023-10-06,P037,26,81.27
SO01655,2024-05-11,P019,19,190.94
SO01656,2024-06-09,P075,11,93.63
SO01657,2023-03-25,P043,5,83.17
SO01658,2024-06-13,P097,16,17.67
SO01659,2024-10-22,P061,17,86.82
SO01660,2023-09-20,P093,1,152.02
SO01661,2023-07-06,P032,14,98.9
SO01662,2024-09-20,P071,18,17.17
SO01663,2024-07-27,P008,4,53.59
SO01664,2024-04-23,P044,4,64.63
SO01665,2024-11-14,P044,6,107.26
SO01666,2024-07-15,P099,6,1133.09
SO01667,2023-09-25,P010,8,52.16
SO01668,2024-10-27,P095,9,93.78
SO01669,2024-05-03,P083,13,150.23
SO01670,2023-12-01,P004,1,60.04
SO01671,2024-06-09,P029,12,1100.74
SO01672,2023-01-06,P036,12,202.85
SO01673,2023-02-06,P048,3,123.87
SO01674,2023-12-23,P074,27,74.09
SO01675,2024-02-13,P046,17,20.28
SO01676,2023-06-03,P065,18,193.79
SO01677,2023-08-05,P071,11,17.6
SO01678,2023-01-07,P061,4,77.49
SO01679,2023-05-03,P070,10,159.59
SO01680,2023-11-03,P027,18,127.45
SO01681,2023-11-30,P099,5,790.23
SO01682,2024-07-26,P075,1,82.97
SO01683,2024-10-03,P086,29,1097.51
SO01684,2024-10-04,P004,3,66.27
SO01685,2023-03-11,P051,19,47.08
SO01686,2024-11-21,P078,29,234.12
SO01687,2024-08-08,P077,4,151.22
SO01688,2024-02-23,P032,19,78.63
SO01689,2024-01-30,P018,16,29.14
SO01690,2024-03-05,P009,11,108.3
SO01691,2023-08-07,P057,5,139.42
SO01692,2024-04-02,P089,13,82.0
SO01693,2023-10-09,P025,22,119.05
SO01694,2024-03-08,P068,17,121.34
SO01695,2024-11-17,P012,19,109.55
SO01696,2023-06-22,P068,11,109.65
SO01697,2023-07-08,P052,11,61.24
SO01698,2024-09-16,P091,16,977.29
SO01699,2024-07-28,P076,12,157.09
SO01700,2023-04-09,P026,9,85.91
SO01701,2024-02-23,P070,15,235.58
SO01702,2023-11-22,P087,12,149.39
SO01703,2023-01-24,P068,3,125.61
SO01704,2023-11-23,P089,1,67.63
SO01705,2024-10-31,P081,5,199.26
SO01706,2023-03-02,P096,15,151.26
SO01707,2024-11-02,P029,3,967.06
SO01708,2024-11-02,P053,3,29.1
SO01709,2023-08-09,P048,16,92.89
SO01710,2024-04-27,P094,18,235.13
SO01711,2024-04-24,P011,1,160.33
SO01712,2023-09-15,P034,19,57.67
SO01713,2023-06-11,P055,4,176.06
SO01714,2023-12-14,P011,10,118.76
SO01715,2023-04-24,P031,18,35.16
SO01716,2024-03-27,P045,17,39.54
SO01717,2024-09-14,P032,14,71.64
SO01718,2024-09-28,P021,18,100.31
SO01719,2024-05-08,P079,8,20.55
SO01720,2023-09-08,P053,14,26.69
SO01721,2024-08-13,P087,5,170.24
SO01722,2023-01-10,P066,3,153.38
SO01723,2023-10-06,P037,1,66.46
SO01724,2023-12-16,P009,12,142.54
SO01725,2024-07-08,P036,4,177.99
SO01726,2023-10-16,P098,23,287.13
SO01727,2023-05-27,P098,5,387.71
SO01728,2024-08-15,P033,3,73.37
SO01729,2024-04-03,P015,15,51.7
SO01730,2024-12-21,P040,8,367.5
SO01731,2023-03-06,P011,19,226.46
SO01732,2024-03-20,P035,19,446.6
SO01733,2024-01-22,P028,10,32.2
SO01734,2023-09-26,P017,9,28.53
SO01735,2023-05-25,P098,6,447.96
SO01736,2023-11-19,P098,13,314.85
SO01737,2023-05-24,P038,1,93.97
SO01738,2024-02-27,P023,12,32.37
SO01739,2024-11-13,P020,17,84.54
SO01740,2024-09-19,P099,6,738.5
SO01741,2024-08-23,P071,18,15.91
SO01742,2023-05-12,P033,11,92.06
SO01743,2023-03-06,P048,4,109.74
SO01744,2023-12-31,P087,25,190.27
SO01745,2024-10-22,P088,14,193.77
SO01746,2024-11-25,P024,16,133.99
SO01747,2023-03-09,P068,15,179.82
SO01748,2024-08-19,P057,7,150.48
SO01749,2023-09-21,P025,2,136.87
SO01750,2023-02-27,P039,17,32.39
SO01751,2024-10-22,P048,21,96.65
SO01752,2023-10-07,P025,5,139.4
SO01753,2024-01-17,P003,19,172.63
SO01754,2023-04-23,P047,12,55.95
SO01755,2023-12-01,P021,18,102.18
SO01756,2023-03-09,P043,15,77.32
SO01757,2024-08-28,P085,18,234.51
SO01758,2024-03-12,P081,1,190.07
SO01759,2023-12-05,P066,35,156.48
SO01760,2024-02-26,P005,11,108.66
SO01761,2023-02-21,P088,19,138.15
SO01762,2023-04-07,P047,18,57.71
SO01763,2023-11-28,P002,21,114.47
SO01764,2024-01-08,P097,18,22.71
SO01765,2023-08-03,P033,18,96.92
SO01766,2023-12-19,P042,16,152.05
SO01767,2024-08-24,P068,8,150.5
SO01768,2024-03-11,P030,16,190.67
SO01769,2024-02-20,P071,7,22.47
SO01770,2023-02-06,P045,4,37.47
SO01771,2024-09-06,P092,2,191.78
SO01772,2024-09-02,P057,13,194.83
SO01773,2023-12-12,P047,32,58.88
SO01774,2023-03-07,P070,6,211.38
SO01775,2023-07-13,P074,1,79.95
SO01776,2024-03-08,P033,17,51.21
SO01777,2023-10-25,P091,31,800.25
SO01778,2023-05-07,P014,3,302.12
SO01779,2023-06-12,P025,6,81.61
SO01780,2024-04-26,P010,8,41.6
SO01781,2024-12-26,P003,19,196.55
SO01782,2023-03-22,P002,3,102.59
SO01783,2024-09-27,P072,13,188.62
SO01784,2023-09-18,P086,17,1183.04
SO01785,2023-06-07,P032,11,85.76
SO01786,2024-04-12,P022,9,211.36
SO01787,2023-05-27,P056,9,158.6
SO01788,2023-04-16,P065,5,156.16
SO01789,2023-11-05,P044,26,94.47
SO01790,2023-10-01,P088,14,143.34
SO01791,2023-02-07,P080,10,21.8
SO01792,2024-06-22,P017,15,26.42
SO01793,2024-05-09,P006,3,128.53
SO01794,2023-09-12,P033,5,85.23
SO01795,2023-10-30,P016,25,1140.93
SO01796,2023-05-31,P082,14,174.18
SO01797,2023-05-26,P042,5,186.74
SO01798,2023-01-21,P063,11,54.52
SO01799,2023-10-10,P056,22,198.18
SO01800,2023-02-19,P006,17,194.31
SO01801,2023-05-31,P042,11,257.06
SO01802,2023-07-19,P002,6,131.26
SO01803,2024-09-19,P017,9,26.24
SO01804,2024-02-03,P001,17,66.47
SO01805,2024-02-24,P052,6,60.12
SO01806,2023-11-30,P074,29,119.61
SO01807,2024-07-02,P046,15,34.59
SO01808,2023-03-29,P034,4,67.88
SO01809,2023-08-31,P062,5,55.91
SO01810,2024-08-09,P002,15,115.43
SO01811,2024-07-08,P045,14,41.96
SO01812,2024-03-16,P097,1,16.86
SO01813,2024-03-28,P018,15,47.64
SO01814,2024-06-25,P049,18,84.49
SO01815,2023-07-27,P078,12,162.42
SO01816,2023-02-27,P062,16,84.49
SO01817,2024-09-29,P073,14,105.69
SO01818,2023-09-02,P025,19,130.79
SO01819,2024-02-02,P024,2,116.44
SO01820,2024-07-10,P042,7,216.46
SO01821,2024-07-25,P017,12,26.43
SO01822,2024-03-01,P074,13,127.15
SO01823,2024-02-17,P061,13,77.96
SO01824,2023-03-15,P025,9,120.57
SO01825,2024-11-12,P068,30,125.31
SO01826,2024-12-08,P068,1,163.75
SO01827,2023-08-24,P083,9,116.05
SO01828,2023-04-13,P080,16,24.64
SO01829,2024-09-02,P083,18,165.73
SO01830,2023-04-05,P100,19,154.09
SO01831,2023-10-04,P027,4,227.76
SO01832,2024-01-16,P032,19,91.94
SO01833,2023-02-10,P060,8,161.68
SO01834,2024-10-15,P050,4,52.13
SO01835,2024-09-06,P071,19,14.38
SO01836,2023-11-21,P057,9,204.65
SO01837,2024-07-22,P058,14,98.84
SO01838,2024-07-01,P010,1,60.41
SO01839,2023-11-03,P051,14,60.58
SO01840,2023-10-02,P085,5,227.14
SO01841,2023-10-12,P050,9,54.56
SO01842,2024-11-12,P094,23,230.87
SO01843,2024-11-09,P055,31,206.85
SO01844,2023-01-07,P070,6,200.47
SO01845,2023-10-20,P022,26,167.59
SO01846,2023-01-25,P086,10,1274.36
SO01847,2024-12-30,P050,7,38.82
SO01848,2023-11-16,P021,6,98.98
SO01849,2023-01-04,P071,7,12.55
SO01850,2024-06-26,P050,5,47.9
SO01851,2024-08-21,P097,14,15.67
SO01852,2024-10-17,P089,3,56.52
SO01853,2024-12-26,P031,15,55.35
SO01854,2023-08-01,P087,9,271.68
SO01855,2023-07-18,P045,5,56.75
SO01856,2024-08-01,P027,2,201.36
SO01857,2024-09-23,P057,14,119.38
SO01858,2024-03-07,P013,18,13.44
SO01859,2024-09-01,P071,1,15.36
SO01860,2024-12-09,P058,32,64.47
SO01861,2024-10-18,P070,9,191.11
SO01862,2024-11-23,P059,16,80.06
SO01863,2024-08-11,P034,3,59.35
SO01864,2024-02-11,P008,11,64.2
SO01865,2023-08-15,P052,16,49.71
SO01866,2024-02-20,P001,6,70.84
SO01867,2023-04-18,P020,8,82.11
SO01868,2024-12-27,P007,13,874.01
SO01869,2023-07-21,P005,8,111.49
SO01870,2024-06-10,P006,1,163.19
SO01871,2024-02-18,P098,12,490.35
SO01872,2024-02-15,P014,2,556.61
SO01873,2023-08-08,P005,6,149.51
SO01874,2024-07-22,P034,17,80.37
SO01875,2023-06-21,P099,15,689.36
SO01876,2024-04-25,P007,16,1228.49
SO01877,2023-11-27,P076,22,190.24
SO01878,2023-01-16,P078,6,252.12
SO01879,2024-06-05,P071,1,14.39
SO01880,2023-03-13,P054,18,121.83
SO01881,2024-12-05,P040,13,629.53
SO01882,2023-01-05,P028,11,39.82
SO01883,2023-10-18,P086,27,1317.04
SO01884,2023-03-08,P051,15,60.3
SO01885,2023-04-17,P031,5,45.87
SO01886,2023-05-05,P034,15,46.16
SO01887,2023-01-27,P089,13,75.26
SO01888,2024-08-25,P100,9,159.99
SO01889,2023-08-01,P097,15,26.26
SO01890,2023-05-13,P048,2,124.56
SO01891,2024-11-04,P046,31,25.83
SO01892,2023-08-11,P020,9,88.4
SO01893,2024-07-04,P089,10,50.26
SO01894,2023-05-27,P021,8,152.26
SO01895,2023-04-10,P018,17,32.05
SO01896,2023-11-08,P041,6,51.99
SO01897,2023-11-13,P048,24,93.63
SO01898,2024-06-07,P065,3,223.13
SO01899,2023-06-12,P040,6,508.49
SO01900,2023-12-31,P099,11,829.76
SO01901,2023-06-14,P006,13,200.01
SO01902,2023-03-15,P002,19,105.94
SO01903,2024-06-16,P057,18,152.07
SO01904,2024-06-03,P032,19,72.22
SO01905,2024-05-17,P093,5,160.2
SO01906,2023-03-16,P094,15,176.68
SO01907,2024-07-07,P064,16,135.34
SO01908,2024-07-30,P032,6,60.58
SO01909,2024-05-23,P055,3,255.99
SO01910,2023-06-20,P041,5,54.59
SO01911,2023-02-03,P069,10,149.86
SO01912,2023-07-24,P087,5,184.81
SO01913,2023-03-14,P032,2,101.69
SO01914,2024-01-04,P028,18,38.51
SO01915,2024-03-04,P061,11,59.27
SO01916,2024-12-17,P076,4,203.16
SO01917,2024-09-27,P082,11,160.64
SO01918,2023-03-18,P037,8,80.58
SO01919,2023-03-06,P058,17,68.03
SO01920,2023-08-24,P053,15,25.03
SO01921,2023-03-27,P032,10,96.55
SO01922,2023-01-03,P050,13,35.91
SO01923,2023-04-16,P049,5,120.83
SO01924,2024-02-22,P058,14,72.53
SO01925,2024-10-28,P044,22,90.43
SO01926,2024-02-07,P016,16,1118.49
SO01927,2024-02-09,P012,1,100.81
SO01928,2023-02-25,P099,10,1026.13
SO01929,2024-08-01,P013,14,20.01
SO01930,2024-08-08,P085,9,233.3
SO01931,2023-12-17,P074,20,106.45
SO01932,2023-09-25,P086,12,1314.04
SO01933,2024-10-19,P066,19,157.79
SO01934,2024-04-06,P093,8,202.29
SO01935,2024-12-15,P048,28,89.66
SO01936,2024-08-14,P044,7,106.34
SO01937,2023-04-29,P079,8,21.81
SO01938,2024-04-26,P089,6,67.46
SO01939,2023-11-30,P029,7,663.56
SO01940,2024-06-10,P085,3,166.87
SO01941,2023-05-16,P068,2,117.17
SO01942,2023-08-26,P076,10,131.44
SO01943,2024-02-06,P047,13,63.57
SO01944,2024-10-08,P066,7,160.79
SO01945,2023-08-23,P007,8,770.03
SO01946,2023-04-21,P001,17,79.74
SO01947,2024-05-29,P086,15,1282.24
SO01948,2023-07-31,P020,6,113.66
SO01949,2023-04-24,P030,16,102.86
SO01950,2024-04-28,P061,18,88.97
SO01951,2023-10-31,P014,27,473.24
SO01952,2024-12-17,P021,1,161.64
SO01953,2023-12-17,P086,30,1229.22
SO01954,2024-06-01,P063,17,48.24
SO01955,2024-03-25,P063,18,60.68
SO01956,2023-10-21,P020,17,117.55
SO01957,2024-02-18,P064,15,176.74
SO01958,2024-09-05,P023,1,26.29
SO01959,2023-10-02,P082,20,166.89
SO01960,2023-11-01,P081,14,172.13
SO01961,2023-07-31,P064,19,116.18
SO01962,2024-10-09,P020,18,82.1
SO01963,2024-05-27,P007,12,922.97
SO01964,2023-04-03,P084,5,201.81
SO01965,2024-04-11,P022,14,170.46
SO01966,2023-11-13,P027,11,216.6
SO01967,2024-11-22,P026,18,105.37
SO01968,2023-12-23,P019,1,211.47
SO01969,2023-03-11,P028,19,21.21
SO01970,2023-01-11,P013,16,22.76
SO01971,2024-04-14,P070,4,195.03
SO01972,2023-06-30,P002,17,134.4
SO01973,2023-05-02,P092,1,181.52
SO01974,2023-08-20,P024,13,107.87
SO01975,2023-05-11,P009,11,103.74
SO01976,2024-11-04,P069,1,155.76
SO01977,2023-08-25,P052,10,47.86
SO01978,2023-04-17,P091,19,869.45
SO01979,2024-12-05,P038,9,135.96
SO01980,2023-01-21,P025,11,138.08
SO01981,2024-06-16,P002,15,147.7
SO01982,2024-07-07,P033,15,93.98
SO01983,2023-11-23,P075,31,85.68
SO01984,2023-11-25,P051,33,78.04
SO01985,2024-11-07,P031,26,55.39
SO01986,2024-05-17,P042,19,182.24
SO01987,2024-04-20,P090,8,93.4
SO01988,2024-12-06,P070,13,147.84
SO01989,2023-09-01,P075,12,148.4
SO01990,2023-01-22,P075,19,134.2
SO01991,2024-10-19,P065,7,174.68
SO01992,2023-04-26,P064,17,132.86
SO01993,2023-04-29,P093,2,172.52
SO01994,2023-09-23,P019,11,249.08
SO01995,2024-02-08,P021,15,115.52
SO01996,2024-10-22,P006,18,128.19
SO01997,2024-04-02,P001,11,74.57
SO01998,2024-05-14,P051,18,64.81
SO01999,2024-08-24,P042,14,178.79
SO02000,2024-12-11,P010,18,65.35
SO02001,2024-10-14,P007,12,1176.04
SO02002,2023-11-12,P036,14,168.58
SO02003,2024-10-16,P044,12,67.32
SO02004,2024-02-07,P098,1,506.02
SO02005,2024-08-28,P078,13,202.25
SO02006,2024-04-04,P030,7,177.8
SO02007,2024-02-26,P071,12,12.38
SO02008,2023-06-24,P013,17,21.99
SO02009,2024-07-02,P082,3,93.17
SO02010,2024-02-24,P014,1,583.49
SO02011,2024-11-14,P026,26,160.82
SO02012,2023-04-09,P082,7,168.34
SO02013,2023-04-27,P095,19,126.4
SO02014,2024-03-11,P017,7,23.19
SO02015,2024-02-01,P047,11,48.61
SO02016,2024-12-25,P022,18,121.63
SO02017,2023-02-23,P023,14,36.57
SO02018,2024-11-18,P006,23,142.04
SO02019,2023-01-19,P044,13,92.3
SO02020,2023-04-05,P003,3,198.52
SO02021,2023-12-17,P053,23,34.74
SO02022,2023-08-27,P077,3,136.24
SO02023,2023-11-21,P011,7,122.11
SO02024,2024-10-20,P062,22,69.84
SO02025,2023-06-19,P003,17,120.68
SO02026,2023-11-20,P045,9,55.5
SO02027,2024-12-09,P012,15,103.87
SO02028,2024-01-21,P075,12,106.47
SO02029,2023-02-10,P068,17,162.21
SO02030,2024-06-28,P082,3,144.67
SO02031,2024-05-29,P015,17,51.97
SO02032,2024-01-10,P053,8,35.52
SO02033,2023-01-26,P040,19,450.46
SO02034,2024-09-22,P099,11,868.8
SO02035,2023-01-27,P084,2,199.99
SO02036,2024-10-08,P066,13,153.41
SO02037,2023-09-18,P067,17,48.97
SO02038,2024-06-03,P024,12,75.92
SO02039,2024-04-17,P027,15,237.5
SO02040,2023-06-21,P051,10,53.61
SO02041,2024-03-07,P052,17,61.54
SO02042,2024-01-06,P007,16,1369.91
SO02043,2023-01-08,P074,17,89.47
SO02044,2024-02-02,P001,4,91.09
SO02045,2024-11-07,P062,15,64.28
SO02046,2024-04-20,P014,1,574.72
SO02047,2024-10-24,P030,8,147.9
SO02048,2023-02-15,P004,15,58.86
SO02049,2023-08-29,P082,11,163.42
SO02050,2024-10-09,P041,11,54.98
SO02051,2023-04-28,P086,4,1304.81
SO02052,2023-05-20,P050,10,40.0
SO02053,2023-03-18,P022,6,169.99
SO02054,2024-06-18,P067,16,36.75
SO02055,2023-12-08,P051,30,63.43
SO02056,2023-08-27,P058,10,68.96
SO02057,2024-11-28,P007,29,1433.56
SO02058,2024-12-16,P087,2,193.54
SO02059,2024-07-16,P099,19,765.6
SO02060,2024-12-06,P079,24,23.82
SO02061,2023-01-07,P089,6,43.77
SO02062,2024-09-21,P030,12,142.19
SO02063,2024-05-12,P019,6,263.63
SO02064,2024-01-23,P050,13,44.6
SO02065,2024-07-10,P083,3,104.99
SO02066,2023-05-28,P079,6,24.38
SO02067,2023-09-22,P032,6,94.51
SO02068,2023-08-01,P086,3,1043.3
SO02069,2023-04-08,P100,2,151.71
SO02070,2024-02-13,P046,5,33.59
SO02071,2023-04-03,P095,13,121.99
SO02072,2024-04-02,P025,13,92.77
SO02073,2023-03-23,P036,4,199.57
SO02074,2024-02-22,P070,14,213.17
SO02075,2024-01-17,P033,12,90.85
SO02076,2023-05-02,P061,18,53.26
SO02077,2024-04-23,P004,6,53.2
SO02078,2023-11-09,P058,22,84.55
SO02079,2023-12-06,P094,34,178.58
SO02080,2024-10-23,P087,33,146.15
SO02081,2024-05-14,P072,17,236.46
SO02082,2023-04-02,P089,9,59.75
SO02083,2023-01-12,P033,14,51.15
SO02084,2024-08-04,P038,1,102.95
SO02085,2023-06-21,P016,16,1122.16
SO02086,2023-06-16,P021,16,88.62
SO02087,2023-12-18,P038,21,139.88
SO02088,2023-09-06,P083,16,166.63
SO02089,2023-04-16,P055,5,239.87
SO02090,2024-10-30,P054,27,103.0
SO02091,2023-09-10,P074,10,113.1
SO02092,2023-06-08,P096,19,173.22
SO02093,2023-02-06,P089,7,49.98
SO02094,2023-12-25,P068,20,147.3
SO02095,2024-01-08,P034,7,65.38
SO02096,2024-02-11,P072,18,198.51
SO02097,2023-07-23,P065,10,182.87
SO02098,2024-10-15,P094,11,255.77
SO02099,2023-02-02,P021,10,118.81
SO02100,2024-04-25,P085,7,249.89
SO02101,2023-01-24,P078,7,147.96
SO02102,2023-08-24,P020,8,113.08
SO02103,2024-03-04,P074,12,137.06
SO02104,2023-06-02,P090,13,109.73
SO02105,2024-06-30,P011,13,185.34
SO02106,2023-07-23,P020,12,104.0
SO02107,2024-02-08,P039,18,51.51
SO02108,2024-11-19,P026,28,146.69
SO02109,2024-05-02,P041,6,55.45
SO02110,2024-03-25,P090,17,82.31
SO02111,2024-03-18,P042,11,146.14
SO02112,2023-11-23,P015,6,37.33
SO02113,2024-02-14,P091,4,1151.15
SO02114,2023-12-13,P022,15,201.69
SO02115,2024-10-22,P048,20,137.35
SO02116,2024-07-18,P026,2,93.6
SO02117,2023-10-18,P063,27,44.65
SO02118,2024-07-16,P097,15,20.72
SO02119,2023-12-26,P009,12,139.82
SO02120,2024-04-29,P064,16,132.59
SO02121,2023-06-11,P051,19,86.89
SO02122,2024-12-15,P070,25,239.54
SO02123,2023-03-21,P014,13,319.93
SO02124,2024-03-25,P054,7,186.57
SO02125,2023-07-19,P053,5,27.21
SO02126,2024-12-26,P042,21,217.13
SO02127,2024-04-26,P034,11,77.15
SO02128,2023-04-15,P014,11,537.23
SO02129,2023-10-28,P083,36,106.26
SO02130,2023-09-24,P054,18,93.85
SO02131,2023-07-22,P019,12,235.27
SO02132,2024-09-27,P026,13,131.5
SO02133,2023-04-21,P041,12,51.23
SO02134,2024-08-31,P005,8,166.11
SO02135,2023-06-04,P010,2,72.45
SO02136,2024-10-31,P009,24,126.24
SO02137,2023-06-06,P073,15,112.82
SO02138,2023-12-11,P026,21,162.36
SO02139,2024-04-04,P046,4,25.16
SO02140,2024-01-15,P013,8,19.82
SO02141,2023-05-31,P092,8,128.29
SO02142,2024-12-31,P089,23,82.74
SO02143,2023-05-14,P062,15,54.39
SO02144,2023-04-04,P098,8,396.51
SO02145,2024-06-23,P058,19,75.0
SO02146,2024-01-09,P021,5,150.33
SO02147,2024-12-22,P075,2,93.85
SO02148,2024-10-03,P028,17,31.65
SO02149,2023-12-08,P087,4,190.76
SO02150,2023-11-08,P025,15,92.98
SO02151,2024-02-02,P001,4,79.24
SO02152,2024-08-09,P027,2,205.2
SO02153,2024-08-08,P071,6,21.47
SO02154,2024-11-07,P082,13,114.86
SO02155,2023-12-25,P017,7,29.19
SO02156,2023-07-04,P098,12,459.64
SO02157,2023-04-21,P049,5,84.87
SO02158,2024-02-15,P088,14,118.63
SO02159,2023-02-23,P052,8,72.22
SO02160,2023-11-22,P077,1,109.0
SO02161,2023-02-24,P002,5,96.41
SO02162,2023-01-15,P096,4,168.63
SO02163,2024-12-17,P077,10,149.97
SO02164,2023-07-19,P064,13,224.17
SO02165,2024-04-08,P029,6,644.62
SO02166,2024-06-18,P083,14,103.21
SO02167,2024-09-25,P076,9,192.2
SO02168,2024-02-13,P055,2,188.94
SO02169,2023-06-24,P012,18,74.24
SO02170,2024-10-26,P081,10,178.45
SO02171,2024-01-24,P051,1,58.11
SO02172,2023-06-10,P041,15,33.53
SO02173,2024-06-14,P048,17,137.87
SO02174,2024-07-26,P030,12,99.18
SO02175,2024-04-21,P058,12,71.42
SO02176,2023-03-30,P076,3,139.6
SO02177,2024-09-18,P038,5,94.6
SO02178,2023-10-21,P068,29,129.31
SO02179,2024-08-17,P045,7,57.8
SO02180,2023-02-13,P081,13,197.51
SO02181,2023-12-25,P019,10,192.34
SO02182,2024-05-09,P019,12,142.93
SO02183,2023-04-06,P027,9,184.2
SO02184,2024-10-26,P083,5,125.98
SO02185,2024-12-28,P052,25,49.2
SO02186,2024-09-18,P040,6,353.49
SO02187,2024-03-08,P072,10,260.07
SO02188,2024-06-23,P009,1,131.33
SO02189,2023-07-12,P060,3,172.63
SO02190,2023-05-23,P054,15,100.27
SO02191,2023-01-06,P028,9,20.15
SO02192,2023-05-27,P046,13,19.05
SO02193,2024-07-22,P005,10,103.45
SO02194,2024-06-18,P090,2,85.66
SO02195,2023-04-19,P084,6,211.1
SO02196,2024-02-27,P026,16,136.03
SO02197,2024-11-05,P082,23,174.38
SO02198,2023-01-12,P004,16,68.3
SO02199,2023-12-28,P027,7,220.76
SO02200,2023-01-04,P067,12,32.03
SO02201,2023-07-09,P028,18,31.72
SO02202,2024-03-25,P009,11,180.45
SO02203,2023-03-11,P033,2,59.77
SO02204,2023-05-22,P011,5,184.53
SO02205,2024-07-10,P033,19,51.77
SO02206,2023-03-27,P082,1,161.39
SO02207,2024-12-03,P044,1,68.6
SO02208,2023-11-21,P099,12,1189.38
SO02209,2024-12-08,P021,19,163.75
SO02210,2023-05-03,P077,12,176.55
SO02211,2024-09-25,P024,12,72.31
SO02212,2023-02-19,P078,4,255.02
SO02213,2024-08-01,P001,9,51.81
SO02214,2023-01-04,P034,3,69.44
SO02215,2023-12-07,P050,19,56.9
SO02216,2024-08-21,P035,2,496.61
SO02217,2023-04-23,P050,12,54.42
SO02218,2024-06-28,P054,4,165.99
SO02219,2023-11-17,P076,15,166.19
SO02220,2023-02-26,P043,3,63.86
SO02221,2023-01-21,P046,8,28.62
SO02222,2023-02-21,P088,16,159.51
SO02223,2023-09-16,P078,4,246.59
SO02224,2024-03-21,P066,12,118.96
SO02225,2023-04-30,P016,18,920.18
SO02226,2023-10-04,P021,14,170.65
SO02227,2024-08-25,P044,19,83.96
SO02228,2024-05-28,P009,19,132.06
SO02229,2023-05-23,P001,8,75.86
SO02230,2023-07-04,P089,17,55.38
SO02231,2023-05-06,P083,10,147.95
SO02232,2024-07-31,P046,10,31.69
SO02233,2024-04-20,P005,10,129.05
SO02234,2023-02-27,P002,2,129.11
SO02235,2023-04-18,P016,6,817.83
SO02236,2024-05-03,P041,1,49.77
SO02237,2024-01-10,P053,19,28.69
SO02238,2024-09-11,P052,17,46.55
SO02239,2024-02-01,P066,16,158.58
SO02240,2024-04-04,P010,12,45.14
SO02241,2023-12-06,P047,13,74.32
SO02242,2023-07-30,P079,15,12.75
SO02243,2023-11-05,P013,10,18.98
SO02244,2023-10-05,P019,28,261.22
SO02245,2024-11-29,P057,24,189.54
SO02246,2024-12-27,P075,7,111.41
SO02247,2024-01-10,P026,4,146.72
SO02248,2023-08-19,P058,15,93.21
SO02249,2023-01-09,P060,2,131.38
SO02250,2023-10-03,P002,23,128.77
SO02251,2024-08-08,P007,11,845.45
SO02252,2023-07-05,P080,10,19.46
SO02253,2023-01-17,P047,13,49.63
SO02254,2023-01-14,P070,1,235.15
SO02255,2024-07-30,P093,4,147.47
SO02256,2024-09-13,P069,10,206.07
SO02257,2024-01-05,P022,1,209.92
SO02258,2023-06-12,P014,17,378.98
SO02259,2023-12-12,P035,17,408.94
SO02260,2023-01-28,P053,18,34.55
SO02261,2023-08-09,P012,5,96.91
SO02262,2024-12-13,P006,13,206.31
SO02263,2023-09-17,P035,2,481.07
SO02264,2023-01-21,P034,13,67.75
SO02265,2023-01-06,P017,9,19.02
SO02266,2024-04-09,P022,18,149.6
SO02267,2023-01-27,P063,13,33.24
SO02268,2023-01-12,P057,18,168.85
SO02269,2023-05-06,P074,16,114.59
SO02270,2023-12-03,P051,24,70.18
SO02271,2023-08-13,P060,7,105.63
SO02272,2024-08-16,P045,19,42.93
SO02273,2024-01-15,P063,14,34.82
SO02274,2024-05-13,P100,3,171.86
SO02275,2024-11-25,P029,9,807.33
SO02276,2023-06-04,P064,16,203.3
SO02277,2023-07-31,P006,19,156.7
SO02278,2023-09-27,P059,12,84.83
SO02279,2023-12-20,P048,5,94.05
SO02280,2023-12-24,P048,25,141.79
SO02281,2024-12-19,P002,7,105.73
SO02282,2023-07-01,P055,4,218.98
SO02283,2024-08-29,P090,7,121.4
SO02284,2023-12-04,P007,26,1375.92
SO02285,2023-03-20,P028,2,26.76
SO02286,2024-06-02,P097,7,29.37
SO02287,2024-03-21,P078,9,153.32
SO02288,2024-05-02,P007,13,1181.32
SO02289,2024-07-31,P074,18,89.34
SO02290,2023-03-04,P029,7,1030.71
SO02291,2023-08-04,P032,19,71.33
SO02292,2024-09-10,P044,2,69.64
SO02293,2024-04-17,P018,3,36.99
SO02294,2023-03-16,P047,18,69.6
SO02295,2024-09-14,P097,11,20.51
SO02296,2024-10-01,P034,34,44.18
SO02297,2023-09-03,P045,19,56.03
SO02298,2023-05-01,P064,7,215.19
SO02299,2023-09-18,P005,4,100.99
SO02300,2024-03-15,P068,16,155.01
SO02301,2023-10-13,P062,31,84.58
SO02302,2024-02-20,P085,11,139.17
SO02303,2024-04-12,P001,15,93.38
SO02304,2023-06-06,P030,5,103.94
SO02305,2024-01-02,P053,17,29.9
SO02306,2024-05-30,P031,2,32.26
SO02307,2023-09-27,P095,9,91.83
SO02308,2024-05-16,P055,16,182.48
SO02309,2023-02-19,P090,7,93.76
SO02310,2023-10-18,P007,24,730.27
SO02311,2024-09-11,P031,4,44.79
SO02312,2024-10-13,P090,26,118.24
SO02313,2024-03-27,P027,4,159.4
SO02314,2023-12-27,P042,24,209.73
SO02315,2024-12-23,P095,19,78.79
SO02316,2023-03-04,P002,4,112.81
SO02317,2024-09-08,P057,16,109.46
SO02318,2024-09-29,P038,13,100.52
SO02319,2024-09-05,P056,16,191.15
SO02320,2024-12-11,P051,22,54.62
SO02321,2023-11-06,P027,25,228.76
SO02322,2023-06-02,P022,17,190.1
SO02323,2024-07-27,P008,6,65.1
SO02324,2024-03-21,P022,15,122.85
SO02325,2024-03-09,P070,4,166.55
SO02326,2024-09-03,P078,3,140.13
SO02327,2024-08-28,P070,2,197.97
SO02328,2024-11-25,P002,19,141.58
SO02329,2023-03-25,P073,6,189.85
SO02330,2024-11-22,P067,4,43.01
SO02331,2024-11-19,P026,20,101.23
SO02332,2024-05-01,P038,13,127.56
SO02333,2023-05-07,P007,14,1334.03
SO02334,2024-10-24,P038,18,127.56
SO02335,2024-05-23,P027,4,160.38
SO02336,2024-12-26,P091,13,1308.57
SO02337,2024-11-29,P020,6,90.51
SO02338,2023-10-12,P014,16,329.56
SO02339,2023-10-06,P049,23,83.49
SO02340,2023-02-20,P041,18,53.48
SO02341,2024-07-10,P002,4,95.51
SO02342,2023-09-30,P035,5,389.35
SO02343,2024-12-26,P016,7,995.81
SO02344,2024-12-01,P074,19,109.71
SO02345,2023-08-21,P062,3,78.77
SO02346,2023-07-11,P061,18,80.85
SO02347,2024-05-06,P096,6,229.36
SO02348,2024-08-11,P091,5,1340.51
SO02349,2024-06-02,P064,11,221.72
SO02350,2023-11-17,P026,4,154.24
SO02351,2024-10-13,P042,22,149.26
SO02352,2024-01-20,P068,19,139.32
SO02353,2024-07-18,P079,1,24.35
SO02354,2023-07-09,P023,13,27.8
SO02355,2023-09-22,P012,4,80.63
SO02356,2023-04-12,P068,13,145.58
SO02357,2023-10-11,P096,6,214.36
SO02358,2023-02-25,P081,17,196.76
SO02359,2024-03-09,P084,17,113.37
SO02360,2023-12-29,P020,19,88.98
SO02361,2024-12-30,P012,5,72.86
SO02362,2024-02-13,P079,10,19.25
SO02363,2024-10-14,P063,8,50.52
SO02364,2024-06-27,P095,12,127.93
SO02365,2023-08-23,P100,14,122.15
SO02366,2024-02-04,P085,7,171.28
SO02367,2024-04-21,P083,15,94.84
SO02368,2023-08-10,P071,17,17.22
SO02369,2023-03-26,P057,18,155.58
SO02370,2023-03-05,P096,3,242.43
SO02371,2024-07-28,P023,18,20.34
SO02372,2024-03-18,P009,3,127.51
SO02373,2023-08-15,P074,13,101.21
SO02374,2024-03-05,P065,11,177.91
SO02375,2024-09-30,P036,1,184.57
SO02376,2023-12-11,P073,1,151.69
SO02377,2024-02-27,P081,14,124.32
SO02378,2023-06-30,P018,17,34.26
SO02379,2024-10-07,P056,10,202.24
SO02380,2024-07-05,P048,16,146.81
SO02381,2024-01-06,P005,9,164.18
SO02382,2023-05-04,P022,19,176.4
SO02383,2024-07-15,P092,13,156.04
SO02384,2023-04-26,P100,5,155.69
SO02385,2023-08-16,P062,13,57.08
SO02386,2024-02-07,P023,3,38.45
SO02387,2023-03-04,P081,16,180.61
SO02388,2024-09-23,P039,10,43.83
SO02389,2023-04-19,P002,11,164.71
SO02390,2023-05-07,P009,6,113.38
SO02391,2024-09-20,P026,12,94.22
SO02392,2024-10-15,P059,19,68.99
SO02393,2023-01-21,P089,13,64.61
SO02394,2023-09-22,P099,7,659.16
SO02395,2023-10-13,P027,1,179.79
SO02396,2023-09-04,P094,7,240.94
SO02397,2023-04-21,P083,13,154.69
SO02398,2024-06-14,P089,12,80.06
SO02399,2023-07-21,P024,7,103.85
SO02400,2024-01-20,P094,3,263.99
SO02401,2024-07-23,P081,19,159.3
SO02402,2024-08-25,P040,6,378.87
SO02403,2024-06-19,P067,18,38.57
SO02404,2024-05-30,P096,7,202.11
SO02405,2023-04-23,P085,13,159.75
SO02406,2024-04-07,P007,9,1303.77
SO02407,2023-03-12,P059,11,110.21
SO02408,2024-06-22,P092,13,98.98
SO02409,2023-03-27,P098,9,428.73
SO02410,2023-12-26,P015,6,49.37
SO02411,2024-01-07,P089,10,42.87
SO02412,2023-12-15,P078,7,155.74
SO02413,2024-06-22,P024,1,94.12
SO02414,2024-01-31,P014,2,330.8
SO02415,2024-04-18,P046,13,22.01
SO02416,2024-04-20,P040,5,566.76
SO02417,2023-04-18,P015,4,36.43
SO02418,2024-04-14,P041,19,33.31
SO02419,2024-03-07,P018,5,32.31
SO02420,2023-09-21,P014,5,430.29
SO02421,2024-05-12,P071,17,15.62
SO02422,2024-06-24,P045,6,40.91
SO02423,2023-09-01,P042,7,269.38
SO02424,2023-07-04,P068,10,110.71
SO02425,2024-01-05,P035,12,294.73
SO02426,2023-05-10,P100,3,133.76
SO02427,2024-08-10,P001,15,85.15
SO02428,2024-04-25,P042,15,147.94
SO02429,2023-09-08,P068,14,152.12
SO02430,2024-02-13,P057,17,127.15
SO02431,2024-07-30,P001,6,99.49
SO02432,2024-04-24,P097,1,27.42
SO02433,2024-08-30,P018,14,30.1
SO02434,2024-01-04,P048,19,88.77
SO02435,2024-01-26,P033,4,67.65
SO02436,2024-04-07,P100,4,136.48
SO02437,2024-07-21,P043,11,81.3
SO02438,2024-09-29,P003,13,134.23
SO02439,2023-12-15,P082,15,125.87
SO02440,2023-09-24,P059,3,80.93
SO02441,2023-06-30,P080,15,15.88
SO02442,2023-02-18,P031,12,59.5
SO02443,2023-03-02,P007,11,1388.91
SO02444,2024-02-13,P033,18,95.61
SO02445,2023-03-01,P087,15,213.09
SO02446,2023-10-19,P048,25,100.28
SO02447,2024-02-28,P085,13,245.28
SO02448,2023-02-06,P077,2,109.04
SO02449,2023-01-20,P084,8,136.12
SO02450,2023-11-22,P099,17,982.74
SO02451,2023-11-16,P016,11,812.09
SO02452,2023-11-08,P088,19,127.44
SO02453,2024-10-26,P053,34,26.43
SO02454,2023-11-01,P001,6,50.75
SO02455,2023-08-03,P023,5,38.52
SO02456,2023-11-17,P075,23,84.44
SO02457,2023-01-09,P080,10,19.48
SO02458,2024-03-03,P030,19,146.88
SO02459,2024-05-02,P093,7,190.52
SO02460,2023-10-25,P060,29,116.2
SO02461,2023-01-08,P023,9,24.38
SO02462,2024-04-17,P021,18,166.68
SO02463,2023-07-24,P093,13,197.36
SO02464,2023-06-15,P034,2,74.76
SO02465,2023-03-20,P014,2,450.55
SO02466,2024-02-11,P088,13,113.99
SO02467,2023-12-18,P056,16,190.05
SO02468,2024-11-28,P075,14,124.7
SO02469,2024-01-21,P090,18,122.26
SO02470,2023-02-26,P076,16,213.21
SO02471,2023-09-10,P053,10,35.8
SO02472,2023-03-30,P055,11,152.75
SO02473,2024-08-30,P055,15,199.87
SO02474,2024-03-29,P085,14,166.52
SO02475,2023-11-29,P064,3,132.92
SO02476,2024-06-02,P032,18,83.25
SO02477,2023-12-04,P012,30,62.25
SO02478,2024-08-03,P036,3,160.9
SO02479,2024-04-25,P061,15,70.92
SO02480,2023-09-08,P051,1,80.67
SO02481,2024-05-12,P046,12,18.62
SO02482,2024-04-23,P046,13,27.65
SO02483,2024-11-04,P090,31,107.03
SO02484,2023-01-29,P070,8,138.22
SO02485,2023-09-26,P091,1,1430.31
SO02486,2024-08-28,P064,10,116.4
SO02487,2023-04-13,P043,5,56.89
SO02488,2023-04-20,P072,3,185.42
SO02489,2023-09-16,P090,4,83.85
SO02490,2024-09-04,P080,8,19.52
SO02491,2023-05-15,P045,15,44.74
SO02492,2024-07-04,P016,8,1045.73
SO02493,2023-11-14,P056,29,176.36
SO02494,2023-10-07,P034,8,52.37
SO02495,2023-01-11,P073,10,161.22
SO02496,2023-09-20,P021,11,94.42
SO02497,2024-02-29,P037,16,91.53
SO02498,2024-05-19,P086,7,1271.42
SO02499,2024-11-23,P010,10,60.11
SO02500,2023-09-03,P053,19,19.72
SO02501,2024-11-13,P045,35,60.45
SO02502,2023-07-04,P033,16,71.7
SO02503,2023-10-24,P025,17,78.65
SO02504,2024-04-11,P037,4,77.66
SO02505,2024-10-19,P012,24,86.26
SO02506,2023-09-18,P064,9,212.01
SO02507,2023-03-09,P022,5,123.78
SO02508,2024-11-26,P087,23,262.95
SO02509,2024-08-12,P056,14,187.62
SO02510,2024-11-23,P096,6,232.94
SO02511,2023-12-03,P015,7,29.22
SO02512,2023-06-08,P089,12,44.69
SO02513,2023-10-26,P052,28,71.49
SO02514,2023-04-06,P028,14,24.67
SO02515,2024-04-24,P027,2,149.75
SO02516,2024-12-16,P026,19,135.14
SO02517,2023-03-12,P012,12,76.68
SO02518,2024-11-09,P060,4,142.66
SO02519,2024-01-18,P085,16,172.03
SO02520,2023-01-24,P013,19,19.39
SO02521,2023-06-14,P075,19,115.01
SO02522,2023-06-23,P012,13,110.87
SO02523,2023-02-14,P079,1,24.72
SO02524,2024-09-15,P019,12,145.61
SO02525,2024-12-13,P064,3,159.17
SO02526,2023-03-28,P049,1,100.05
SO02527,2023-07-29,P061,5,73.61
SO02528,2024-05-29,P081,17,129.29
SO02529,2024-08-29,P099,17,1091.28
SO02530,2024-09-26,P053,8,34.51
SO02531,2023-07-21,P036,16,164.92
SO02532,2023-09-28,P037,1,83.71
SO02533,2024-02-25,P086,1,799.91
SO02534,2023-01-27,P018,2,32.5
SO02535,2024-08-21,P050,6,64.42
SO02536,2024-05-31,P015,3,40.94
SO02537,2023-06-28,P055,4,149.7
SO02538,2024-10-03,P062,12,66.32
SO02539,2024-01-04,P091,13,892.49
SO02540,2024-02-13,P020,11,76.36
SO02541,2023-01-03,P013,6,15.1
SO02542,2024-02-21,P025,15,89.23
SO02543,2023-09-04,P026,7,120.48
SO02544,2023-06-20,P067,2,28.48
SO02545,2023-05-05,P029,14,883.83
SO02546,2024-04-09,P005,3,113.5
SO02547,2023-10-11,P072,15,262.48
SO02548,2023-04-15,P066,5,129.73
SO02549,2023-05-08,P100,17,169.9
SO02550,2023-02-17,P017,4,21.36
SO02551,2023-12-08,P091,21,792.68
SO02552,2024-07-01,P078,14,162.47
SO02553,2024-07-28,P045,19,55.15
SO02554,2024-09-16,P033,12,61.11
SO02555,2023-12-04,P088,18,101.94
SO02556,2024-05-11,P022,15,164.9
SO02557,2023-02-12,P060,15,193.64
SO02558,2023-09-15,P099,6,709.9
SO02559,2023-08-09,P047,15,60.09
SO02560,2024-02-15,P093,12,156.54
SO02561,2024-12-04,P004,10,52.84
SO02562,2024-04-25,P004,2,51.05
SO02563,2023-03-25,P091,17,1397.42
SO02564,2023-04-04,P045,3,63.63
SO02565,2024-01-05,P035,19,378.51
SO02566,2023-12-24,P059,26,74.18
SO02567,2024-09-15,P010,13,76.76
SO02568,2024-05-17,P028,1,28.82
SO02569,2023-01-10,P081,14,158.04
SO02570,2024-07-02,P073,5,208.7
SO02571,2023-08-22,P067,17,53.93
SO02572,2024-08-27,P063,16,31.97
SO02573,2023-01-12,P042,5,142.41
SO02574,2023-06-06,P010,16,50.18
SO02575,2024-09-15,P061,15,68.8
SO02576,2024-12-23,P100,14,142.82
SO02577,2024-06-30,P086,14,867.82
SO02578,2024-12-02,P062,10,47.29
SO02579,2023-02-05,P061,10,73.02
SO02580,2023-07-15,P042,10,160.67
SO02581,2023-02-04,P064,12,150.23
SO02582,2023-10-28,P064,14,197.03
SO02583,2023-03-06,P036,10,155.15
SO02584,2024-01-12,P095,2,78.38
SO02585,2024-01-07,P097,3,24.62
SO02586,2024-01-04,P024,6,75.79
SO02587,2024-11-06,P081,23,213.77
SO02588,2024-04-13,P079,15,24.88
SO02589,2024-01-02,P014,19,300.03
SO02590,2024-06-14,P023,19,20.71
SO02591,2024-10-16,P037,5,89.52
SO02592,2024-11-19,P015,4,46.31
SO02593,2023-08-24,P021,7,155.26
SO02594,2023-01-19,P059,19,114.22
SO02595,2024-05-28,P081,4,184.83
SO02596,2024-04-08,P084,8,194.37
SO02597,2024-11-23,P046,33,24.21
SO02598,2024-06-15,P052,18,50.28
SO02599,2024-07-08,P072,12,210.59
SO02600,2024-07-28,P020,5,60.83
SO02601,2023-11-05,P084,29,145.73
SO02602,2024-03-28,P007,5,1025.23
SO02603,2023-11-22,P070,21,142.12
SO02604,2023-12-18,P032,10,107.72
SO02605,2023-05-01,P014,7,314.62
SO02606,2023-07-02,P099,2,913.51
SO02607,2023-07-13,P097,3,16.57
SO02608,2024-02-12,P033,19,66.3
SO02609,2024-04-09,P092,12,139.13
SO02610,2023-12-06,P045,19,53.27
SO02611,2024-03-12,P013,4,18.75
SO02612,2023-04-20,P092,12,138.19
SO02613,2023-05-02,P083,10,89.45
SO02614,2024-02-06,P086,15,936.9
SO02615,2023-05-29,P059,15,69.28
SO02616,2023-12-18,P066,36,156.68
SO02617,2023-05-03,P092,12,111.41
SO02618,2023-05-03,P080,18,18.2
SO02619,2024-08-23,P029,7,1005.95
SO02620,2023-12-17,P047,14,58.1
SO02621,2023-09-25,P005,14,137.09
SO02622,2024-10-14,P020,15,86.51
SO02623,2024-08-26,P075,19,116.41
SO02624,2024-11-15,P082,19,162.77
SO02625,2023-05-02,P074,8,112.66
SO02626,2023-03-27,P069,7,210.16
SO02627,2023-06-27,P032,9,63.68
SO02628,2024-02-28,P060,8,158.53
SO02629,2024-06-29,P015,18,49.52
SO02630,2023-04-18,P024,18,123.94
SO02631,2024-01-13,P008,2,58.06
SO02632,2024-06-23,P027,19,192.11
SO02633,2023-06-29,P096,16,188.51
SO02634,2024-04-23,P083,4,155.3
SO02635,2024-10-17,P013,29,18.13
SO02636,2023-07-12,P001,2,80.51
SO02637,2024-04-24,P018,9,55.29
SO02638,2024-10-09,P053,5,27.05
SO02639,2024-06-04,P090,9,103.33
SO02640,2024-10-16,P028,14,28.7
SO02641,2023-09-19,P070,12,168.5
SO02642,2024-03-22,P003,2,217.0
SO02643,2023-07-24,P072,13,211.18
SO02644,2024-09-21,P089,7,47.14
SO02645,2024-08-01,P062,5,54.69
SO02646,2023-08-02,P060,3,122.71
SO02647,2024-02-27,P055,7,197.72
SO02648,2023-08-27,P091,13,1390.6
SO02649,2024-02-23,P010,14,62.71
SO02650,2023-10-31,P052,8,71.25
SO02651,2024-07-24,P099,14,1265.32
SO02652,2023-07-14,P051,9,80.97
SO02653,2024-09-09,P015,7,38.45
SO02654,2024-12-04,P074,8,79.63
SO02655,2024-08-05,P077,18,118.4
SO02656,2024-10-10,P002,23,129.57
SO02657,2023-10-16,P090,7,68.08
SO02658,2024-10-06,P083,14,171.34
SO02659,2023-04-07,P016,3,1073.83
SO02660,2024-04-14,P020,13,117.24
SO02661,2023-07-06,P075,7,131.2
SO02662,2024-08-27,P052,16,70.92
SO02663,2023-08-09,P097,7,18.41
SO02664,2024-10-16,P077,21,187.22
SO02665,2024-08-16,P081,10,206.8
SO02666,2024-06-19,P009,19,144.85
SO02667,2023-10-09,P059,31,103.32
SO02668,2024-11-20,P012,2,115.64
SO02669,2023-05-01,P055,12,202.96
SO02670,2023-09-01,P085,15,176.51
SO02671,2023-03-28,P021,14,137.1
SO02672,2024-04-03,P081,13,204.52
SO02673,2024-01-16,P086,9,1217.91
SO02674,2024-12-01,P096,9,181.44
SO02675,2023-02-19,P042,2,173.63
SO02676,2024-11-23,P067,24,32.48
SO02677,2023-11-20,P066,29,170.84
SO02678,2024-11-19,P025,30,138.45
SO02679,2024-01-01,P079,8,17.12
SO02680,2024-07-18,P006,19,114.85
SO02681,2023-05-27,P032,7,102.94
SO02682,2023-03-25,P051,5,73.32
SO02683,2024-10-11,P046,17,22.53
SO02684,2023-10-18,P035,15,422.41
SO02685,2023-04-21,P088,18,162.33
SO02686,2023-08-13,P042,19,167.31
SO02687,2023-12-03,P066,32,147.23
SO02688,2023-04-14,P013,1,17.99
SO02689,2023-07-20,P095,6,124.16
SO02690,2024-07-09,P087,6,250.05
SO02691,2023-02-27,P030,12,111.45
SO02692,2023-10-30,P094,9,187.85
SO02693,2024-05-22,P079,13,22.42
SO02694,2023-09-22,P017,2,26.83
SO02695,2023-02-09,P030,4,116.9
SO02696,2023-02-12,P067,14,38.61
SO02697,2023-01-17,P003,12,172.93
SO02698,2023-04-03,P039,12,55.12
SO02699,2024-09-16,P059,1,107.92
SO02700,2023-05-04,P087,10,215.3
SO02701,2024-01-19,P032,10,61.32
SO02702,2024-10-25,P099,9,640.93
SO02703,2024-07-29,P055,3,180.57
SO02704,2024-09-01,P082,14,160.14
SO02705,2023-08-19,P018,5,41.21
SO02706,2024-06-12,P050,5,33.28
SO02707,2024-11-21,P045,17,55.86
SO02708,2024-07-04,P048,10,109.52
SO02709,2023-06-16,P021,2,159.99
SO02710,2024-01-04,P018,5,38.63
SO02711,2024-03-12,P090,13,113.58
SO02712,2024-08-28,P089,4,76.97
SO02713,2023-05-10,P013,13,14.26
SO02714,2023-01-08,P040,3,417.5
SO02715,2023-11-27,P068,31,192.94
SO02716,2024-06-12,P028,3,30.03
SO02717,2024-12-29,P067,10,46.7
SO02718,2024-04-13,P057,4,105.14
SO02719,2023-03-22,P052,15,47.83
SO02720,2024-10-06,P057,7,124.32
SO02721,2024-02-03,P030,3,145.79
SO02722,2024-10-26,P100,8,131.32
SO02723,2023-05-30,P095,12,70.8
SO02724,2023-07-26,P097,4,20.68
SO02725,2023-01-03,P045,15,64.53
SO02726,2024-11-28,P035,5,440.4
SO02727,2023-07-15,P027,5,225.01
SO02728,2023-12-08,P026,22,129.09
SO02729,2023-03-06,P027,2,185.1
SO02730,2024-04-03,P076,11,174.27
SO02731,2023-07-11,P051,12,63.2
SO02732,2024-01-16,P088,14,141.94
SO02733,2024-12-17,P088,9,134.02
SO02734,2023-09-30,P069,18,171.46
SO02735,2023-09-12,P062,4,50.97
SO02736,2024-09-22,P035,13,421.2
SO02737,2024-08-07,P028,11,23.49
SO02738,2023-11-03,P015,27,43.68
SO02739,2023-11-08,P036,22,215.51
SO02740,2024-09-04,P057,5,199.69
SO02741,2024-08-03,P089,2,64.17
SO02742,2023-04-20,P044,6,72.93
SO02743,2024-02-02,P094,10,161.77
SO02744,2023-05-10,P022,4,210.09
SO02745,2024-11-07,P054,14,122.15
SO02746,2024-03-05,P042,11,198.94
SO02747,2023-01-16,P028,13,39.47
SO02748,2023-06-04,P078,8,251.21
SO02749,2023-08-02,P057,11,172.52
SO02750,2024-03-05,P071,10,14.43
SO02751,2023-08-03,P045,9,56.99
SO02752,2024-12-23,P070,4,203.6
SO02753,2024-01-26,P055,3,149.74
SO02754,2024-04-23,P055,7,255.02
SO02755,2023-12-14,P076,17,127.81
SO02756,2024-09-29,P025,5,77.6
SO02757,2023-06-14,P093,7,169.1
SO02758,2024-04-10,P085,3,220.04
SO02759,2024-10-19,P070,1,140.6
SO02760,2023-09-30,P061,16,99.37
SO02761,2023-05-28,P048,13,146.15
SO02762,2024-10-26,P091,3,780.18
SO02763,2023-05-07,P055,6,224.93
SO02764,2024-11-17,P037,23,81.95
SO02765,2024-06-16,P049,16,79.21
SO02766,2023-01-14,P009,6,146.05
SO02767,2023-01-03,P029,1,971.98
SO02768,2023-11-16,P053,9,34.6
SO02769,2024-11-25,P070,21,187.58
SO02770,2023-07-28,P037,5,64.43
SO02771,2024-09-28,P022,17,136.22
SO02772,2023-02-08,P072,12,252.72
SO02773,2023-01-05,P089,1,61.63
SO02774,2024-12-31,P089,4,69.05
SO02775,2024-12-20,P006,20,184.73
SO02776,2023-12-31,P016,19,788.14
SO02777,2023-12-04,P021,20,140.59
SO02778,2024-07-09,P063,3,61.22
SO02779,2023-10-16,P048,35,114.66
SO02780,2024-04-07,P022,12,138.02
SO02781,2024-12-31,P089,22,70.75
SO02782,2024-03-06,P083,15,152.67
SO02783,2024-01-04,P100,2,142.47
SO02784,2024-01-02,P075,9,145.63
SO02785,2023-02-03,P095,4,97.55
SO02786,2024-04-11,P069,10,130.91
SO02787,2024-07-16,P058,16,58.63
SO02788,2023-02-14,P096,14,247.62
SO02789,2024-03-07,P084,2,180.36
SO02790,2023-12-10,P016,16,833.35
SO02791,2024-11-03,P004,4,41.63
SO02792,2023-05-28,P039,14,35.39
SO02793,2023-11-23,P072,4,258.54
SO02794,2023-10-10,P051,25,62.36
SO02795,2024-03-07,P070,7,134.44
SO02796,2024-08-07,P087,12,232.23
SO02797,2023-10-26,P030,24,108.69
SO02798,2024-08-12,P069,3,159.59
SO02799,2024-06-06,P015,14,28.21
SO02800,2023-08-29,P048,1,89.4
SO02801,2023-04-06,P011,14,222.64
SO02802,2024-04-13,P032,11,103.89
SO02803,2024-09-22,P075,11,78.29
SO02804,2024-01-07,P075,19,108.79
SO02805,2024-01-12,P001,7,63.06
SO02806,2023-11-26,P093,15,110.49
SO02807,2024-10-28,P019,11,146.04
SO02808,2023-05-28,P037,16,89.44
SO02809,2023-04-30,P094,5,245.76
SO02810,2023-07-31,P098,16,538.42
SO02811,2023-06-30,P077,18,200.08
SO02812,2024-07-31,P042,14,192.17
SO02813,2024-01-16,P046,17,22.52
SO02814,2024-10-28,P026,1,129.57
SO02815,2024-12-25,P064,15,117.0
SO02816,2023-10-09,P084,23,136.95
SO02817,2023-02-27,P009,14,97.25
SO02818,2024-02-16,P076,5,174.67
SO02819,2023-02-13,P068,6,183.87
SO02820,2024-03-31,P081,18,157.07
SO02821,2024-12-24,P073,8,105.84
SO02822,2024-08-08,P068,3,134.7
SO02823,2024-05-22,P046,8,24.89
SO02824,2024-02-08,P006,4,176.41
SO02825,2023-04-18,P085,8,159.73
SO02826,2024-08-22,P086,11,1154.54
SO02827,2024-11-11,P012,12,85.76
SO02828,2023-11-02,P001,3,75.22
SO02829,2023-04-15,P072,6,193.82
SO02830,2023-05-18,P069,10,141.57
SO02831,2023-05-26,P082,15,119.58
SO02832,2023-04-04,P064,17,195.4
SO02833,2023-03-02,P053,3,24.75
SO02834,2024-09-04,P033,14,89.25
SO02835,2024-03-24,P062,3,47.62
SO02836,2024-10-25,P032,5,66.5
SO02837,2024-12-29,P096,12,206.66
SO02838,2023-05-10,P018,16,49.36
SO02839,2023-06-19,P086,8,1252.17
SO02840,2024-08-30,P046,17,20.14
SO02841,2023-05-20,P072,9,278.97
SO02842,2023-09-18,P016,6,1101.25
SO02843,2023-05-23,P095,10,68.58
SO02844,2024-04-13,P049,7,70.72
SO02845,2023-03-06,P050,9,35.83
SO02846,2023-09-07,P025,2,111.24
SO02847,2024-11-12,P009,13,136.42
SO02848,2023-03-01,P027,3,228.09
SO02849,2023-10-21,P058,7,60.13
SO02850,2023-07-20,P047,18,53.77
SO02851,2024-12-13,P100,1,136.18
SO02852,2023-01-14,P071,14,16.08
SO02853,2023-08-21,P002,11,161.2
SO02854,2024-09-15,P060,5,117.22
SO02855,2024-03-01,P021,4,88.28
SO02856,2023-12-23,P025,31,101.78
SO02857,2024-01-04,P021,17,121.49
SO02858,2024-05-04,P033,6,82.46
SO02859,2023-04-18,P090,3,95.14
SO02860,2023-07-09,P092,8,156.58
SO02861,2023-08-03,P086,10,1147.9
SO02862,2023-01-29,P046,11,23.6
SO02863,2024-01-06,P072,16,212.55
SO02864,2023-04-07,P086,17,867.29
SO02865,2024-02-04,P020,6,104.73
SO02866,2023-02-09,P083,18,102.4
SO02867,2024-02-19,P060,14,136.43
SO02868,2023-05-09,P011,4,138.77
SO02869,2023-09-22,P036,18,218.76
SO02870,2023-12-18,P100,13,137.12
SO02871,2023-01-20,P004,11,53.9
SO02872,2023-04-04,P065,13,195.77
SO02873,2023-03-15,P008,7,69.87
SO02874,2023-06-22,P071,18,11.76
SO02875,2023-05-27,P062,14,55.8
SO02876,2023-02-20,P009,6,138.35
SO02877,2023-07-24,P094,12,171.47
SO02878,2023-06-02,P007,15,895.72
SO02879,2023-10-24,P061,25,70.43
SO02880,2023-12-16,P086,11,1009.25
SO02881,2024-02-25,P005,1,131.54
SO02882,2024-11-15,P050,19,51.01
SO02883,2023-04-13,P005,5,117.49
SO02884,2024-11-16,P065,19,185.77
SO02885,2024-01-31,P055,10,146.81
SO02886,2023-10-05,P029,3,716.4
SO02887,2024-04-19,P015,18,49.58
SO02888,2023-05-19,P035,4,516.43
SO02889,2024-05-08,P091,12,881.11
SO02890,2024-02-02,P093,12,136.54
SO02891,2023-04-29,P099,7,1161.79
SO02892,2023-08-18,P004,14,66.26
SO02893,2024-03-03,P049,10,126.22
SO02894,2024-11-24,P040,16,388.19
SO02895,2024-09-10,P093,16,142.1
SO02896,2024-03-31,P020,3,97.47
SO02897,2023-12-30,P033,23,50.39
SO02898,2024-12-05,P032,15,62.85
SO02899,2024-01-23,P050,16,59.1
SO02900,2024-10-09,P031,8,41.36
SO02901,2024-02-29,P060,19,135.39
SO02902,2024-05-11,P016,3,959.57
SO02903,2024-10-10,P055,21,214.66
SO02904,2024-02-03,P072,15,159.13
SO02905,2024-12-02,P026,31,156.37
SO02906,2023-02-04,P072,7,245.42
SO02907,2024-05-17,P007,3,1157.55
SO02908,2024-08-24,P031,19,38.37
SO02909,2023-06-26,P018,5,47.92
SO02910,2023-11-22,P063,1,45.71
SO02911,2023-03-13,P097,7,19.59
SO02912,2024-04-13,P004,19,75.15
SO02913,2024-12-03,P029,20,591.12
SO02914,2023-03-05,P065,14,130.58
SO02915,2024-08-05,P077,4,153.4
SO02916,2023-02-17,P009,7,104.27
SO02917,2023-10-03,P059,34,101.75
SO02918,2023-09-28,P072,9,219.86
SO02919,2023-07-27,P004,3,60.64
SO02920,2024-08-09,P087,12,231.4
SO02921,2023-02-04,P038,15,92.29
SO02922,2024-01-12,P077,10,200.99
SO02923,2024-11-08,P078,21,220.4
SO02924,2023-04-14,P069,2,134.94
SO02925,2023-01-18,P027,15,226.05
SO02926,2023-09-29,P020,1,81.36
SO02927,2024-06-28,P052,2,81.3
SO02928,2024-09-11,P079,2,17.31
SO02929,2024-05-22,P022,17,203.31
SO02930,2023-06-06,P075,5,119.34
SO02931,2024-03-18,P028,7,35.02
SO02932,2023-07-31,P095,17,104.8
SO02933,2023-12-07,P025,6,129.31
SO02934,2023-03-05,P061,16,88.84
SO02935,2023-10-23,P057,5,150.26
SO02936,2024-11-10,P090,5,123.2
SO02937,2024-12-13,P012,9,93.16
SO02938,2024-07-11,P073,4,178.83
SO02939,2023-10-13,P067,9,32.13
SO02940,2024-11-01,P021,29,164.89
SO02941,2023-03-11,P054,13,137.26
SO02942,2024-07-03,P018,2,44.88
SO02943,2024-07-30,P050,19,51.09
SO02944,2023-05-21,P030,12,134.68
SO02945,2024-10-04,P008,16,41.13
SO02946,2023-08-15,P010,3,41.47
SO02947,2023-04-12,P016,6,1110.15
SO02948,2023-10-25,P023,9,27.77
SO02949,2024-01-13,P053,3,28.59
SO02950,2024-09-15,P028,1,22.8
SO02951,2024-07-31,P100,9,107.19
SO02952,2024-05-03,P097,1,23.57
SO02953,2023-07-25,P098,18,399.99
SO02954,2023-11-11,P021,23,142.41
SO02955,2024-06-12,P096,12,213.86
SO02956,2024-03-01,P071,3,14.84
SO02957,2023-06-27,P072,8,265.43
SO02958,2023-04-19,P083,13,159.57
SO02959,2024-07-08,P073,3,177.55
SO02960,2023-11-07,P080,13,17.51
SO02961,2024-03-07,P015,5,34.75
SO02962,2023-11-21,P097,18,30.41
SO02963,2023-04-22,P004,8,55.27
SO02964,2023-10-19,P070,12,128.93
SO02965,2024-12-04,P038,16,162.08
SO02966,2023-03-29,P091,3,1292.33
SO02967,2023-07-30,P084,7,148.0
SO02968,2023-09-05,P058,19,102.25
SO02969,2024-02-08,P047,13,54.88
SO02970,2024-03-12,P038,13,92.29
SO02971,2024-06-20,P088,9,179.31
SO02972,2023-10-23,P032,3,64.23
SO02973,2023-03-15,P030,15,164.32
SO02974,2023-07-24,P023,6,24.59
SO02975,2024-07-31,P039,1,36.16
SO02976,2023-09-07,P004,18,71.63
SO02977,2023-05-20,P080,11,22.79
SO02978,2024-02-16,P032,19,74.53
SO02979,2023-11-27,P042,34,189.92
SO02980,2023-06-01,P061,17,89.76
SO02981,2023-08-05,P038,13,152.63
SO02982,2024-01-04,P002,11,116.17
SO02983,2024-11-20,P012,25,72.24
SO02984,2024-01-07,P034,1,46.37
SO02985,2024-11-14,P017,22,26.94
SO02986,2024-05-03,P054,1,127.06
SO02987,2024-01-10,P091,4,754.28
SO02988,2024-07-11,P059,14,107.59
SO02989,2024-01-24,P100,9,151.6
SO02990,2023-06-11,P007,2,1034.2
SO02991,2024-10-28,P005,30,154.94
SO02992,2023-02-10,P047,4,50.33
SO02993,2024-07-23,P055,11,178.2
SO02994,2023-07-20,P003,3,209.51
SO02995,2023-02-19,P019,3,152.29
SO02996,2023-11-07,P038,14,150.36
SO02997,2024-09-28,P036,9,153.82
SO02998,2024-02-15,P028,5,36.43
SO02999,2024-07-08,P013,3,23.53
SO03000,2024-06-14,P047,12,70.56
SO03001,2023-12-23,P059,12,86.13
SO03002,2024-05-26,P077,19,113.48
SO03003,2024-12-30,P080,10,16.79
SO03004,2023-06-16,P013,13,16.62
SO03005,2023-03-16,P083,13,129.57
SO03006,2024-07-23,P069,5,214.14
SO03007,2023-06-30,P054,10,109.52
SO03008,2023-03-20,P034,11,61.56
SO03009,2024-10-04,P075,14,144.35
SO03010,2024-09-26,P086,17,951.76
SO03011,2024-02-26,P046,8,22.86
SO03012,2023-02-17,P080,3,22.82
SO03013,2024-03-08,P092,13,111.13
SO03014,2024-05-19,P086,5,1140.85
SO03015,2024-03-25,P036,13,124.52
SO03016,2024-07-17,P025,12,105.79
SO03017,2024-02-14,P094,16,135.08
SO03018,2023-01-18,P016,17,1255.12
SO03019,2023-05-16,P028,12,21.85
SO03020,2023-06-12,P088,16,145.87
SO03021,2024-02-19,P076,16,167.42
SO03022,2023-12-29,P072,17,185.42
SO03023,2023-08-17,P100,8,95.95
SO03024,2023-12-21,P042,14,208.37
SO03025,2023-05-04,P021,14,162.93
SO03026,2024-04-07,P007,6,1068.53
SO03027,2023-05-30,P082,1,153.38
SO03028,2024-05-24,P050,5,43.34
SO03029,2024-06-17,P057,14,144.73
SO03030,2023-04-12,P086,8,1268.41
SO03031,2023-12-11,P022,8,125.37
SO03032,2024-06-25,P097,2,21.84
SO03033,2024-06-28,P030,8,140.67
SO03034,2024-06-27,P087,11,250.55
SO03035,2024-10-22,P053,3,22.25
SO03036,2023-06-13,P035,14,491.78
SO03037,2024-04-17,P086,17,1083.2
SO03038,2024-03-10,P014,13,361.4
SO03039,2023-03-20,P046,19,20.52
SO03040,2023-01-18,P001,10,99.67
SO03041,2023-09-28,P006,8,122.44
SO03042,2024-06-18,P006,4,182.09
SO03043,2024-02-23,P092,18,190.9
SO03044,2024-01-19,P092,1,162.02
SO03045,2023-02-13,P045,19,64.65
SO03046,2023-06-30,P013,13,17.07
SO03047,2023-10-28,P057,16,138.92
SO03048,2023-05-21,P072,2,252.87
SO03049,2023-01-25,P099,7,851.12
SO03050,2024-08-31,P006,17,193.88
SO03051,2024-06-10,P081,6,137.31
SO03052,2023-04-01,P013,13,18.71
SO03053,2024-11-03,P098,7,459.89
SO03054,2024-05-21,P100,7,156.87
SO03055,2023-01-24,P026,18,119.22
SO03056,2023-09-18,P017,17,31.07
SO03057,2024-07-23,P088,1,119.65
SO03058,2024-04-01,P001,11,79.04
SO03059,2023-08-04,P008,5,59.44
SO03060,2023-11-13,P095,17,110.43
SO03061,2024-07-01,P008,14,43.22
SO03062,2023-08-25,P002,14,88.04
SO03063,2023-01-17,P027,3,121.61
SO03064,2024-12-19,P003,1,207.8
SO03065,2023-05-01,P087,4,151.1
SO03066,2023-04-27,P025,11,89.49
SO03067,2024-10-10,P093,10,108.19
SO03068,2024-04-15,P076,18,118.32
SO03069,2024-06-24,P099,1,946.24
SO03070,2024-01-20,P039,4,37.44
SO03071,2023-02-10,P066,18,156.21
SO03072,2023-03-21,P040,9,446.24
SO03073,2024-04-24,P031,5,49.97
SO03074,2023-04-05,P097,16,26.62
SO03075,2024-04-27,P039,6,35.46
SO03076,2024-04-22,P054,7,176.59
SO03077,2023-12-04,P027,15,199.77
SO03078,2024-10-08,P005,20,113.5
SO03079,2023-09-13,P063,15,43.01
SO03080,2024-02-03,P066,8,124.37
SO03081,2024-08-02,P022,17,151.46
SO03082,2024-03-03,P078,1,219.5
SO03083,2024-06-01,P052,7,45.98
SO03084,2023-06-05,P087,12,215.6
SO03085,2024-03-04,P049,6,74.13
SO03086,2023-12-24,P096,6,250.92
SO03087,2023-10-13,P019,12,258.19
SO03088,2023-01-08,P069,14,194.82
SO03089,2024-04-05,P081,3,113.24
SO03090,2023-02-17,P053,14,32.07
SO03091,2024-10-22,P043,22,70.78
SO03092,2023-12-01,P008,6,44.37
SO03093,2023-05-09,P034,3,53.48
SO03094,2024-06-27,P040,11,444.21
SO03095,2023-10-19,P079,17,25.36
SO03096,2023-02-06,P020,12,72.9
SO03097,2024-05-16,P058,14,73.08
SO03098,2024-10-12,P059,4,105.99
SO03099,2024-10-27,P071,6,15.49
SO03100,2024-05-30,P061,6,94.88
SO03101,2024-06-30,P077,6,153.77
SO03102,2023-10-29,P089,7,55.78
SO03103,2023-11-01,P015,4,52.52
SO03104,2024-03-01,P065,18,209.41
SO03105,2023-12-08,P093,17,185.06
SO03106,2023-03-05,P030,18,155.55
SO03107,2023-12-15,P064,2,186.55
SO03108,2024-04-11,P063,19,58.36
SO03109,2024-09-26,P059,15,71.01
SO03110,2023-12-16,P018,34,30.58
SO03111,2023-08-23,P029,10,966.06
SO03112,2023-04-17,P063,13,48.32
SO03113,2024-05-28,P011,3,195.23
SO03114,2023-05-17,P022,16,188.5
SO03115,2023-10-16,P045,15,63.22
SO03116,2023-12-03,P026,11,112.36
SO03117,2024-05-27,P065,9,154.16
SO03118,2024-04-23,P027,7,213.29
SO03119,2024-09-29,P043,1,84.26
SO03120,2024-01-26,P012,17,106.13
SO03121,2023-12-10,P052,19,62.15
SO03122,2023-08-16,P095,8,85.25
SO03123,2024-07-13,P053,18,26.71
SO03124,2023-04-15,P035,8,496.97
SO03125,2023-06-13,P083,10,139.51
SO03126,2024-07-08,P082,3,118.82
SO03127,2024-08-07,P088,11,152.06
SO03128,2024-10-18,P094,26,226.15
SO03129,2023-08-30,P033,4,69.49
SO03130,2023-12-20,P078,9,171.41
SO03131,2024-09-22,P045,9,47.39
SO03132,2024-02-17,P096,12,206.4
SO03133,2023-04-25,P050,15,60.77
SO03134,2023-10-01,P032,17,72.89
SO03135,2023-11-29,P050,4,37.55
SO03136,2023-04-11,P002,6,124.49
SO03137,2023-12-05,P030,23,124.35
SO03138,2024-09-16,P017,4,23.93
SO03139,2023-06-19,P081,17,114.8
SO03140,2024-10-26,P002,15,160.68
SO03141,2024-09-21,P026,13,84.34
SO03142,2024-11-24,P050,15,55.8
SO03143,2023-05-14,P005,6,91.03
SO03144,2024-06-07,P062,10,87.63
SO03145,2023-10-05,P093,30,206.22
SO03146,2023-09-10,P045,4,61.45
SO03147,2024-10-25,P087,27,188.09
SO03148,2023-12-08,P078,14,240.39
SO03149,2023-09-30,P065,9,181.3
SO03150,2023-07-11,P042,18,241.62
SO03151,2023-03-05,P040,18,414.47
SO03152,2024-10-15,P015,35,38.41
SO03153,2024-10-17,P070,2,170.38
SO03154,2024-04-18,P060,15,172.34
SO03155,2024-04-02,P076,10,142.65
SO03156,2024-10-19,P070,30,204.88
SO03157,2023-10-12,P007,1,774.49
SO03158,2023-11-06,P025,11,125.14
SO03159,2023-04-22,P041,12,43.9
SO03160,2024-09-26,P012,8,81.01
SO03161,2024-02-28,P042,1,185.26
SO03162,2023-05-08,P014,16,306.66
SO03163,2023-10-29,P079,20,19.68
SO03164,2023-11-13,P038,21,101.52
SO03165,2024-07-09,P018,10,41.86
SO03166,2024-02-05,P093,4,116.63
SO03167,2023-12-18,P023,14,20.15
SO03168,2024-06-15,P001,16,50.36
SO03169,2024-11-27,P042,21,244.21
SO03170,2023-06-29,P040,4,417.97
SO03171,2023-03-11,P087,18,252.37
SO03172,2023-03-12,P034,2,74.91
SO03173,2023-05-21,P026,15,108.39
SO03174,2024-04-25,P003,16,172.94
SO03175,2024-01-05,P018,11,36.23
SO03176,2024-07-17,P078,14,170.96
SO03177,2023-05-29,P028,1,25.42
SO03178,2023-07-03,P061,17,76.49
SO03179,2023-02-10,P030,8,106.98
SO03180,2024-01-07,P090,16,98.6
SO03181,2023-12-22,P008,1,39.89
SO03182,2024-01-07,P001,4,75.49
SO03183,2023-06-02,P082,7,117.61
SO03184,2023-04-23,P054,8,115.67
SO03185,2023-12-22,P085,6,157.39
SO03186,2024-08-10,P013,1,23.41
SO03187,2023-03-18,P010,7,74.26
SO03188,2024-01-15,P031,17,39.35
SO03189,2024-07-05,P052,7,62.97
SO03190,2024-12-04,P042,21,158.97
SO03191,2024-07-05,P077,10,113.9
SO03192,2023-09-01,P019,16,256.71
SO03193,2023-02-13,P077,8,185.49
SO03194,2024-05-28,P019,13,249.84
SO03195,2023-08-22,P018,4,43.55
SO03196,2024-12-13,P011,1,122.89
SO03197,2024-08-24,P077,19,109.62
SO03198,2023-09-06,P005,18,104.07
SO03199,2023-10-17,P045,14,52.42
SO03200,2024-09-20,P047,2,73.97
SO03201,2024-09-27,P091,8,1249.69
SO03202,2023-09-12,P058,19,88.86
SO03203,2023-09-23,P041,10,49.77
SO03204,2024-04-09,P024,6,84.28
SO03205,2024-06-27,P081,7,192.76
SO03206,2024-03-05,P061,1,80.58
SO03207,2023-06-24,P075,3,110.74
SO03208,2024-10-28,P100,22,158.57
SO03209,2024-04-30,P066,12,108.64
SO03210,2024-07-04,P054,1,162.56
SO03211,2023-02-03,P017,3,18.51
SO03212,2024-11-18,P019,19,236.86
SO03213,2024-05-21,P047,6,72.95
SO03214,2024-01-11,P070,11,138.99
SO03215,2024-09-18,P027,4,203.04
SO03216,2023-10-09,P095,17,75.2
SO03217,2023-09-01,P028,11,33.94
SO03218,2023-09-11,P059,4,68.65
SO03219,2024-02-25,P057,6,141.41
SO03220,2023-02-04,P028,7,37.05
SO03221,2023-12-21,P084,24,209.33
SO03222,2023-07-29,P093,8,149.6
SO03223,2023-09-21,P017,9,21.33
SO03224,2024-09-27,P015,3,31.44
SO03225,2023-04-24,P094,17,257.3
SO03226,2023-01-24,P065,3,171.54
SO03227,2023-10-09,P029,14,1035.23
SO03228,2023-06-16,P015,3,51.85
SO03229,2024-06-25,P033,9,82.72
SO03230,2024-03-08,P042,5,218.14
SO03231,2024-07-31,P052,4,54.61
SO03232,2023-09-10,P042,16,142.57
SO03233,2023-06-12,P035,15,418.92
SO03234,2023-08-08,P052,14,53.33
SO03235,2024-07-12,P088,14,110.0
SO03236,2024-08-04,P012,12,63.04
SO03237,2024-02-06,P078,7,161.06
SO03238,2024-07-26,P026,13,132.87
SO03239,2023-04-26,P099,19,955.05
SO03240,2023-03-28,P091,16,1222.81
SO03241,2023-01-18,P056,10,178.46
SO03242,2024-11-28,P018,15,33.01
SO03243,2023-07-30,P064,1,204.07
SO03244,2024-03-16,P002,7,92.8
SO03245,2023-01-17,P019,6,183.01
SO03246,2024-11-27,P038,1,110.38
SO03247,2024-09-26,P005,5,138.07
SO03248,2024-10-11,P022,23,123.1
SO03249,2024-04-19,P048,17,103.29
SO03250,2023-05-11,P072,10,151.19
SO03251,2024-07-01,P029,7,579.96
SO03252,2023-10-24,P096,9,234.89
SO03253,2023-04-01,P075,19,82.52
SO03254,2024-05-02,P019,1,214.7
SO03255,2024-05-21,P036,3,156.34
SO03256,2023-03-02,P003,15,130.94
SO03257,2023-01-18,P060,18,150.98
SO03258,2024-03-30,P008,17,77.18
SO03259,2024-04-06,P067,3,32.35
SO03260,2024-01-19,P048,18,97.2
SO03261,2023-12-22,P029,8,1104.6
SO03262,2024-07-08,P023,9,35.72
SO03263,2023-02-27,P087,10,261.88
SO03264,2023-02-08,P046,8,26.98
SO03265,2024-10-11,P099,7,1218.24
SO03266,2024-03-04,P022,2,130.29
SO03267,2023-07-11,P084,19,209.43
SO03268,2023-01-17,P060,9,192.88
SO03269,2024-07-31,P087,13,161.68
SO03270,2023-07-29,P017,7,28.2
SO03271,2023-12-13,P025,10,106.62
SO03272,2023-12-17,P016,1,1038.33
SO03273,2023-01-06,P005,14,109.02
SO03274,2024-11-19,P047,31,74.12
SO03275,2024-12-08,P004,25,71.76
SO03276,2024-12-11,P021,19,90.55
SO03277,2024-09-14,P075,4,149.99
SO03278,2024-09-17,P094,8,246.85
SO03279,2023-06-21,P088,16,163.74
SO03280,2024-09-28,P059,5,75.59
SO03281,2023-04-25,P045,2,49.25
SO03282,2024-12-16,P050,23,33.1
SO03283,2024-04-04,P045,5,53.18
SO03284,2023-11-13,P039,19,40.0
SO03285,2024-01-29,P048,18,90.7
SO03286,2024-06-28,P096,10,203.55
SO03287,2024-03-17,P038,18,130.18
SO03288,2023-05-09,P024,12,81.05
SO03289,2023-08-08,P084,11,123.01
SO03290,2024-10-26,P058,3,62.04
SO03291,2024-04-14,P080,5,21.86
SO03292,2023-03-08,P097,19,18.25
SO03293,2024-11-04,P057,1,109.05
SO03294,2023-09-07,P037,8,88.93
SO03295,2023-05-22,P063,3,48.44
SO03296,2024-12-03,P055,16,232.22
SO03297,2024-09-03,P061,16,67.01
SO03298,2024-12-13,P038,15,114.99
SO03299,2024-01-14,P047,10,62.51
SO03300,2023-02-28,P073,3,112.2
SO03301,2023-10-06,P081,9,155.53
SO03302,2023-08-22,P016,2,875.66
SO03303,2024-02-13,P031,11,58.73
SO03304,2023-01-25,P052,19,85.76
SO03305,2023-07-10,P043,6,54.56
SO03306,2023-02-18,P031,7,45.8
SO03307,2023-02-18,P034,2,76.6
SO03308,2023-12-11,P035,1,341.28
SO03309,2023-11-07,P033,1,85.17
SO03310,2023-09-07,P073,18,172.38
SO03311,2024-05-07,P076,3,115.35
SO03312,2024-10-18,P060,5,107.21
SO03313,2024-04-09,P002,9,148.49
SO03314,2023-09-06,P038,9,105.1
SO03315,2023-05-15,P086,5,1318.33
SO03316,2023-06-06,P007,7,1337.7
SO03317,2023-05-07,P037,8,82.76
SO03318,2023-04-14,P081,3,177.73
SO03319,2024-12-18,P073,13,201.16
SO03320,2023-04-22,P063,13,56.81
SO03321,2023-03-24,P034,8,54.0
SO03322,2023-10-04,P068,4,127.92
SO03323,2023-01-15,P071,4,12.99
SO03324,2023-06-29,P057,3,114.16
SO03325,2023-10-16,P071,25,17.03
SO03326,2024-10-10,P007,5,1363.73
SO03327,2023-12-23,P068,15,115.69
SO03328,2023-11-18,P048,1,88.14
SO03329,2024-01-07,P044,13,67.74
SO03330,2023-05-26,P018,5,43.29
SO03331,2024-08-29,P006,15,157.8
SO03332,2023-03-11,P006,10,217.27
SO03333,2023-12-29,P041,12,56.17
SO03334,2024-09-16,P089,1,48.51
SO03335,2024-01-12,P002,17,95.71
SO03336,2024-11-10,P036,24,203.28
SO03337,2023-05-04,P061,10,99.11
SO03338,2024-03-30,P027,2,193.45
SO03339,2024-02-10,P055,11,135.09
SO03340,2024-04-23,P042,5,230.2
SO03341,2023-02-14,P020,2,93.74
SO03342,2023-08-10,P042,19,219.92
SO03343,2023-08-02,P004,7,74.66
SO03344,2024-09-29,P009,1,166.06
SO03345,2024-10-06,P002,11,130.33
SO03346,2024-07-21,P048,12,78.32
SO03347,2023-10-22,P080,9,18.8
SO03348,2023-03-30,P012,14,97.08
SO03349,2023-12-03,P063,30,61.44
SO03350,2023-12-01,P054,17,110.73
SO03351,2023-11-11,P068,21,188.82
SO03352,2024-03-25,P067,12,33.1
SO03353,2024-09-29,P031,10,63.31
SO03354,2024-07-24,P055,15,189.22
SO03355,2024-05-20,P100,4,100.77
SO03356,2024-10-13,P045,25,45.63
SO03357,2024-07-07,P036,5,120.93
SO03358,2024-02-10,P068,6,130.06
SO03359,2024-02-09,P100,7,98.22
SO03360,2024-05-23,P006,17,116.33
SO03361,2023-05-20,P076,19,182.59
SO03362,2023-02-16,P028,15,26.0
SO03363,2024-07-15,P042,1,231.89
SO03364,2024-02-21,P062,15,55.24
SO03365,2023-11-11,P047,16,61.73
SO03366,2023-04-25,P090,1,75.18
SO03367,2023-03-07,P093,3,110.72
SO03368,2023-09-17,P070,11,200.34
SO03369,2024-08-18,P041,6,40.85
SO03370,2024-12-20,P056,14,191.04
SO03371,2023-09-10,P074,19,81.2
SO03372,2023-09-07,P075,12,97.99
SO03373,2024-10-10,P059,5,92.59
SO03374,2023-04-26,P037,12,55.26
SO03375,2023-02-04,P078,13,150.37
SO03376,2024-08-22,P094,8,217.02
SO03377,2023-03-26,P055,5,212.38
SO03378,2023-06-13,P100,18,90.69
SO03379,2023-07-23,P069,15,135.68
SO03380,2023-06-15,P072,11,211.92
SO03381,2023-04-20,P034,10,54.29
SO03382,2024-09-24,P003,19,155.83
SO03383,2024-05-30,P001,19,62.62
SO03384,2024-03-25,P099,5,1202.66
SO03385,2024-06-26,P049,13,110.84
SO03386,2023-01-31,P029,1,797.78
SO03387,2023-04-27,P097,18,25.93
SO03388,2024-12-02,P011,28,190.87
SO03389,2023-01-22,P041,1,53.58
SO03390,2023-03-24,P098,3,397.08
SO03391,2024-04-29,P028,14,36.97
SO03392,2024-08-09,P023,2,32.36
SO03393,2024-08-29,P084,18,198.52
SO03394,2024-01-23,P074,10,103.12
SO03395,2023-08-23,P043,3,80.71
SO03396,2024-02-20,P086,15,1168.55
SO03397,2024-07-02,P006,1,122.69
SO03398,2024-09-14,P090,7,73.26
SO03399,2024-06-30,P006,8,116.71
SO03400,2024-07-15,P017,16,17.35
SO03401,2024-03-26,P083,9,89.77
SO03402,2023-10-02,P040,9,574.06
SO03403,2024-06-03,P052,11,83.92
SO03404,2024-12-23,P004,21,45.21
SO03405,2024-04-24,P096,12,150.11
SO03406,2024-03-13,P071,2,14.17
SO03407,2023-04-13,P092,4,169.08
SO03408,2024-02-10,P070,5,195.76
SO03409,2024-12-09,P023,25,27.74
SO03410,2024-02-23,P032,12,87.54
SO03411,2023-02-08,P017,2,17.13
SO03412,2024-07-27,P003,8,207.29
SO03413,2023-12-09,P079,3,25.34
SO03414,2024-10-25,P003,6,208.43
SO03415,2024-02-14,P082,7,175.49
SO03416,2024-09-10,P035,13,372.32
SO03417,2024-01-23,P040,18,435.95
SO03418,2023-11-16,P092,13,153.13
SO03419,2023-07-22,P077,2,126.99
SO03420,2024-01-08,P037,8,75.72
SO03421,2024-04-05,P081,6,150.19
SO03422,2023-10-31,P037,5,75.27
SO03423,2023-01-24,P057,16,154.93
SO03424,2024-10-01,P068,3,115.7
SO03425,2024-12-10,P041,1,29.16
SO03426,2023-02-26,P082,2,128.14
SO03427,2023-07-23,P011,19,183.56
SO03428,2024-06-10,P088,9,109.68
SO03429,2023-08-19,P007,17,861.78
SO03430,2024-10-05,P003,3,169.56
SO03431,2024-07-03,P067,8,37.16
SO03432,2023-05-29,P036,6,154.31
SO03433,2024-11-04,P079,1,23.81
SO03434,2023-07-24,P070,10,200.99
SO03435,2023-07-18,P036,4,215.4
SO03436,2023-03-14,P084,12,110.75
SO03437,2024-06-23,P067,4,50.79
SO03438,2024-12-31,P017,23,18.28
SO03439,2024-11-23,P036,19,138.78
SO03440,2024-07-19,P001,17,56.96
SO03441,2024-12-28,P084,6,199.51
SO03442,2023-08-19,P005,9,128.26
SO03443,2024-12-13,P019,11,226.73
SO03444,2024-11-19,P002,20,148.86
SO03445,2023-07-27,P098,2,416.07
SO03446,2024-06-24,P034,8,80.52
SO03447,2023-09-14,P091,18,1327.9
SO03448,2023-09-09,P050,3,49.44
SO03449,2024-12-20,P093,24,204.96
SO03450,2023-01-23,P082,18,101.19
SO03451,2024-05-28,P058,10,83.58
SO03452,2024-08-10,P035,15,471.03
SO03453,2023-12-02,P086,8,1141.69
SO03454,2024-04-24,P083,9,148.24
SO03455,2023-03-14,P034,3,67.69
SO03456,2023-08-09,P012,10,93.33
SO03457,2023-09-18,P045,10,71.24
SO03458,2024-03-10,P008,14,53.91
SO03459,2023-09-24,P089,16,63.81
SO03460,2024-01-24,P009,6,101.27
SO03461,2024-06-13,P035,4,513.2
SO03462,2024-03-05,P079,14,14.39
SO03463,2024-05-22,P044,13,72.28
SO03464,2023-01-08,P064,17,221.78
SO03465,2023-07-18,P026,2,163.71
SO03466,2023-02-12,P056,7,114.01
SO03467,2023-11-26,P083,20,162.66
SO03468,2024-10-15,P044,26,82.66
SO03469,2024-08-20,P091,3,853.05
SO03470,2024-05-01,P035,14,520.55
SO03471,2023-06-26,P081,1,142.45
SO03472,2024-07-20,P020,16,104.82
SO03473,2023-03-19,P085,16,258.3
SO03474,2024-04-01,P099,19,755.67
SO03475,2024-12-14,P100,4,141.7
SO03476,2023-04-02,P027,9,147.12
SO03477,2023-11-02,P053,20,21.58
SO03478,2024-10-07,P069,18,119.15
SO03479,2024-05-07,P061,17,63.18
SO03480,2024-11-12,P012,21,66.3
SO03481,2023-12-17,P040,3,319.7
SO03482,2024-11-11,P094,9,254.81
SO03483,2023-03-06,P014,1,524.06
SO03484,2024-12-17,P063,5,45.59
SO03485,2024-03-21,P011,1,143.41
SO03486,2024-03-25,P043,7,72.12
SO03487,2023-04-27,P015,12,46.0
SO03488,2024-04-20,P077,4,113.96
SO03489,2023-08-01,P078,18,240.64
SO03490,2023-09-29,P036,13,133.34
SO03491,2023-03-01,P034,15,45.04
SO03492,2023-08-16,P039,17,30.44
SO03493,2024-04-15,P016,16,958.33
SO03494,2023-04-10,P062,17,50.18
SO03495,2023-09-30,P028,19,25.68
SO03496,2023-04-14,P047,8,67.62
SO03497,2023-03-01,P039,18,55.33
SO03498,2024-04-27,P013,5,15.8
SO03499,2023-11-10,P025,22,103.82
SO03500,2023-07-01,P086,18,947.67
SO03501,2023-08-17,P078,2,214.64
SO03502,2023-11-16,P071,33,17.15
SO03503,2023-06-12,P059,2,117.2
SO03504,2023-01-29,P082,4,134.07
SO03505,2024-09-14,P049,11,72.34
SO03506,2024-03-09,P026,15,123.31
SO03507,2023-09-15,P076,13,163.47
SO03508,2023-07-12,P069,11,220.47
SO03509,2024-10-05,P095,5,116.95
SO03510,2023-02-27,P086,4,1290.24
SO03511,2024-10-09,P051,3,91.75
SO03512,2023-07-05,P095,8,90.42
SO03513,2024-02-13,P057,18,135.66
SO03514,2023-01-09,P030,12,165.37
SO03515,2024-05-23,P018,17,56.05
SO03516,2023-04-10,P099,17,958.01
SO03517,2024-04-08,P028,5,40.29
SO03518,2024-02-16,P037,8,59.86
SO03519,2023-05-26,P051,17,46.94
SO03520,2024-02-25,P053,3,22.14
SO03521,2023-02-11,P073,16,181.96
SO03522,2023-07-11,P016,13,1166.41
SO03523,2024-03-18,P042,14,162.67
SO03524,2024-04-10,P100,16,164.26
SO03525,2023-11-09,P003,17,144.42
SO03526,2023-06-28,P023,14,30.43
SO03527,2024-03-21,P080,12,13.46
SO03528,2023-08-31,P083,12,132.07
SO03529,2023-10-19,P056,13,117.6
SO03530,2023-09-06,P086,10,1353.23
SO03531,2023-04-25,P074,2,117.42
SO03532,2024-10-11,P058,1,98.95
SO03533,2024-05-14,P088,2,198.6
SO03534,2023-11-27,P070,8,173.92
SO03535,2024-03-18,P089,5,60.02
SO03536,2024-12-02,P075,31,103.74
SO03537,2023-03-21,P008,11,48.58
SO03538,2023-05-23,P070,5,135.52
SO03539,2024-05-14,P094,17,235.7
SO03540,2024-08-14,P096,11,228.05
SO03541,2023-08-09,P049,10,70.79
SO03542,2023-01-21,P085,6,244.64
SO03543,2024-09-20,P018,10,38.01
SO03544,2024-06-29,P007,4,1021.34
SO03545,2024-08-19,P012,11,75.45
SO03546,2023-01-05,P028,13,25.71
SO03547,2024-08-19,P039,18,31.68
SO03548,2023-08-22,P082,14,105.83
SO03549,2023-12-05,P094,28,228.09
SO03550,2023-10-26,P052,19,68.19
SO03551,2024-04-09,P062,16,72.68
SO03552,2024-07-26,P034,15,43.3
SO03553,2024-07-13,P061,19,78.19
SO03554,2023-04-13,P032,11,63.81
SO03555,2024-06-13,P016,13,994.05
SO03556,2024-06-01,P005,4,162.69
SO03557,2023-06-18,P007,12,1422.22
SO03558,2024-05-25,P085,7,247.1
SO03559,2023-03-12,P008,5,41.36
SO03560,2024-07-15,P079,3,25.41
SO03561,2024-02-06,P080,16,14.63
SO03562,2023-08-31,P073,9,172.01
SO03563,2024-12-06,P097,21,17.16
SO03564,2024-12-17,P038,11,120.21
SO03565,2023-12-30,P050,11,51.84
SO03566,2024-10-14,P007,12,783.66
SO03567,2024-06-19,P058,16,67.42
SO03568,2024-11-19,P087,2,160.91
SO03569,2024-07-28,P068,3,167.05
SO03570,2023-06-30,P014,10,501.07
SO03571,2024-05-28,P095,2,102.58
SO03572,2023-10-09,P100,10,160.0
SO03573,2024-09-09,P049,6,111.99
SO03574,2024-04-30,P028,5,26.86
SO03575,2024-06-12,P019,10,149.46
SO03576,2023-10-13,P045,12,42.55
SO03577,2023-04-07,P018,14,43.11
SO03578,2024-12-30,P005,17,93.12
SO03579,2023-10-05,P007,27,899.89
SO03580,2024-12-03,P024,18,106.17
SO03581,2023-11-16,P091,14,1300.47
SO03582,2024-04-05,P069,4,190.94
SO03583,2023-09-16,P073,10,206.38
SO03584,2024-01-25,P036,6,175.94
SO03585,2024-03-08,P097,5,20.54
SO03586,2023-03-23,P043,7,96.28
SO03587,2023-11-07,P027,11,123.25
SO03588,2023-11-02,P100,15,150.85
SO03589,2023-08-07,P079,12,19.54
SO03590,2024-04-24,P056,16,166.19
SO03591,2024-04-23,P029,10,964.36
SO03592,2024-03-01,P034,18,80.87
SO03593,2024-05-04,P097,11,16.19
SO03594,2024-05-22,P050,12,38.53
SO03595,2023-04-21,P069,2,209.25
SO03596,2024-08-04,P081,14,186.69
SO03597,2024-10-16,P043,19,53.07
SO03598,2023-08-12,P098,7,310.74
SO03599,2024-01-01,P062,5,83.86
SO03600,2024-10-23,P085,25,227.19
SO03601,2023-04-14,P035,15,347.83
SO03602,2023-06-19,P040,1,559.08
SO03603,2023-07-28,P073,11,174.23
SO03604,2024-03-03,P096,8,202.31
SO03605,2023-06-20,P008,13,72.98
SO03606,2023-07-15,P022,18,140.17
SO03607,2023-01-14,P019,18,256.34
SO03608,2024-11-22,P087,5,243.24
SO03609,2024-09-04,P071,10,17.34
SO03610,2023-10-04,P023,23,28.89
SO03611,2024-11-09,P061,8,75.6
SO03612,2023-04-01,P047,6,85.22
SO03613,2023-01-15,P005,19,135.19
SO03614,2024-12-07,P014,30,449.57
SO03615,2024-05-11,P047,2,62.74
SO03616,2024-09-11,P074,13,120.96
SO03617,2024-03-19,P030,14,174.28
SO03618,2023-11-09,P027,15,146.52
SO03619,2023-01-05,P085,4,156.73
SO03620,2023-10-26,P075,11,82.03
SO03621,2023-01-30,P085,2,259.26
SO03622,2023-03-22,P034,16,55.48
SO03623,2023-06-20,P059,2,97.61
SO03624,2024-04-26,P004,6,63.98
SO03625,2023-01-23,P082,12,100.97
SO03626,2024-04-15,P081,6,190.69
SO03627,2024-03-17,P007,17,1415.36
SO03628,2024-07-15,P001,19,62.15
SO03629,2024-04-04,P056,9,118.64
SO03630,2023-06-20,P009,12,101.11
SO03631,2023-06-12,P067,18,47.38
SO03632,2023-07-29,P026,3,126.43
SO03633,2023-04-28,P011,18,116.99
SO03634,2024-11-25,P091,26,1397.81
SO03635,2023-10-11,P085,8,268.31
SO03636,2024-11-05,P072,29,283.39
SO03637,2024-02-14,P022,10,127.87
SO03638,2023-09-19,P090,4,105.1
SO03639,2023-06-24,P032,16,63.16
SO03640,2023-02-09,P052,17,69.78
SO03641,2024-12-19,P080,7,13.94
SO03642,2024-03-21,P079,15,25.34
SO03643,2024-07-03,P019,6,261.86
SO03644,2023-05-29,P044,8,67.03
SO03645,2024-11-05,P065,21,130.64
SO03646,2024-04-15,P061,10,75.46
SO03647,2024-10-05,P046,15,20.05
SO03648,2023-10-21,P038,15,112.66
SO03649,2023-12-20,P048,10,115.54
SO03650,2024-10-28,P009,12,155.3
SO03651,2023-01-09,P055,17,243.61
SO03652,2024-08-13,P025,10,109.46
SO03653,2024-01-26,P063,1,33.75
SO03654,2023-03-13,P066,5,119.18
SO03655,2023-07-17,P033,8,76.48
SO03656,2024-07-04,P042,18,229.66
SO03657,2023-12-25,P041,1,33.17
SO03658,2024-03-08,P028,10,32.47
SO03659,2024-01-09,P025,17,140.86
SO03660,2024-09-29,P001,3,75.61
SO03661,2023-08-23,P010,8,54.39
SO03662,2024-08-17,P055,1,239.2
SO03663,2024-11-02,P081,1,181.44
SO03664,2023-05-14,P069,12,184.54
SO03665,2024-02-12,P022,4,159.09
SO03666,2024-10-28,P020,14,112.44
SO03667,2023-01-10,P025,18,95.45
SO03668,2024-01-01,P031,16,42.25
SO03669,2024-08-22,P047,6,54.48
SO03670,2023-10-30,P025,22,75.92
SO03671,2023-08-10,P061,10,59.88
SO03672,2024-12-28,P042,3,238.49
SO03673,2023-05-16,P067,12,33.0
SO03674,2023-10-20,P058,13,65.26
SO03675,2023-10-22,P032,12,95.62
SO03676,2024-08-18,P038,3,85.05
SO03677,2024-05-18,P097,16,27.83
SO03678,2024-01-22,P077,8,199.99
SO03679,2023-01-21,P001,4,82.08
SO03680,2024-11-22,P047,7,69.1
SO03681,2023-05-11,P059,10,100.62
SO03682,2023-12-02,P002,1,162.83
SO03683,2023-11-11,P012,3,113.11
SO03684,2023-02-26,P027,11,178.09
SO03685,2024-01-20,P073,12,156.93
SO03686,2023-04-12,P081,6,147.84
SO03687,2023-10-01,P098,19,349.46
SO03688,2023-04-07,P060,19,132.56
SO03689,2024-10-24,P021,12,160.82
SO03690,2024-04-25,P018,10,37.4
SO03691,2023-05-27,P075,2,145.44
SO03692,2023-06-15,P032,6,70.51
SO03693,2023-04-05,P048,19,131.12
SO03694,2024-08-15,P006,1,211.5
SO03695,2024-08-16,P093,12,206.87
SO03696,2023-06-21,P008,5,57.92
SO03697,2023-12-01,P058,10,82.57
SO03698,2023-08-12,P007,11,1448.35
SO03699,2024-11-27,P008,17,54.51
SO03700,2023-01-24,P011,2,160.89
SO03701,2023-11-15,P072,13,224.51
SO03702,2023-12-28,P083,7,112.11
SO03703,2024-05-15,P016,1,1081.53
SO03704,2024-09-02,P089,9,61.73
SO03705,2024-08-02,P088,14,164.93
SO03706,2023-09-15,P016,5,1263.51
SO03707,2024-08-28,P036,17,199.89
SO03708,2024-07-10,P081,8,176.78
SO03709,2023-07-11,P067,18,35.86
SO03710,2024-03-26,P077,10,199.39
SO03711,2024-10-13,P050,29,38.0
SO03712,2023-09-05,P002,16,84.77
SO03713,2024-11-14,P012,16,112.44
SO03714,2024-01-21,P009,14,155.35
SO03715,2023-08-22,P075,15,114.91
SO03716,2024-05-25,P046,14,34.21
SO03717,2024-10-18,P019,1,179.58
SO03718,2023-06-21,P052,11,73.24
SO03719,2023-07-30,P008,5,49.04
SO03720,2023-08-16,P082,8,129.83
SO03721,2024-05-16,P092,16,116.69
SO03722,2024-03-18,P009,11,172.44
SO03723,2024-06-24,P094,14,142.48
SO03724,2023-02-26,P046,16,23.03
SO03725,2024-06-12,P015,11,47.99
SO03726,2024-07-07,P025,9,101.71
SO03727,2024-08-29,P096,19,199.18
SO03728,2023-05-16,P078,11,184.77
SO03729,2023-06-30,P065,6,145.55
SO03730,2023-08-14,P059,13,63.27
SO03731,2024-02-22,P033,16,98.49
SO03732,2023-05-13,P030,12,194.73
SO03733,2024-05-27,P031,19,48.06
SO03734,2024-04-04,P015,12,50.04
SO03735,2023-09-19,P025,11,71.52
SO03736,2023-07-12,P017,17,21.27
SO03737,2024-11-22,P064,20,215.58
SO03738,2023-11-24,P018,1,43.0
SO03739,2024-07-31,P017,14,19.24
SO03740,2023-08-24,P098,16,400.83
SO03741,2023-12-10,P016,7,659.14
SO03742,2023-09-22,P038,4,105.54
SO03743,2024-04-22,P043,14,77.97
SO03744,2023-11-27,P027,9,167.31
SO03745,2023-01-12,P086,9,1014.95
SO03746,2024-03-27,P012,7,118.67
SO03747,2024-11-11,P032,6,98.47
SO03748,2024-08-18,P028,7,36.9
SO03749,2023-11-18,P077,27,153.3
SO03750,2023-04-06,P070,8,238.37
SO03751,2024-12-08,P014,7,325.6
SO03752,2024-10-25,P059,10,81.12
SO03753,2023-08-26,P093,14,118.64
SO03754,2023-03-27,P066,8,174.92
SO03755,2023-04-04,P038,8,98.25
SO03756,2024-08-03,P063,13,42.37
SO03757,2023-08-28,P059,10,111.67
SO03758,2024-05-30,P052,1,45.81
SO03759,2024-10-17,P091,6,817.2
SO03760,2024-06-24,P054,10,182.2
SO03761,2023-06-24,P060,12,181.19
SO03762,2023-12-10,P064,14,180.01
SO03763,2023-01-02,P030,6,193.57
SO03764,2023-03-18,P061,2,77.33
SO03765,2024-05-07,P010,17,51.16
SO03766,2023-05-05,P052,16,43.86
SO03767,2023-05-09,P028,18,30.02
SO03768,2024-09-06,P050,10,43.89
SO03769,2023-01-22,P032,18,78.46
SO03770,2023-03-26,P086,13,784.39
SO03771,2024-07-02,P053,1,29.98
SO03772,2024-10-09,P057,20,147.77
SO03773,2023-10-29,P068,14,195.33
SO03774,2023-09-01,P002,14,121.7
SO03775,2023-01-02,P054,10,151.31
SO03776,2023-02-12,P075,3,137.8
SO03777,2023-12-12,P006,24,123.56
SO03778,2024-07-25,P005,12,113.17
SO03779,2024-01-04,P046,5,22.21
SO03780,2023-10-11,P100,26,119.22
SO03781,2024-08-26,P048,6,100.76
SO03782,2024-10-08,P035,27,291.03
SO03783,2023-06-20,P036,11,161.82
SO03784,2023-03-02,P013,14,14.49
SO03785,2023-08-01,P095,2,126.32
SO03786,2024-05-17,P049,3,70.52
SO03787,2024-07-17,P048,16,86.97
SO03788,2024-08-13,P002,8,112.53
SO03789,2024-12-08,P038,6,95.13
SO03790,2023-03-09,P099,11,1129.68
SO03791,2023-11-11,P032,11,95.85
SO03792,2024-02-08,P066,16,112.72
SO03793,2024-04-29,P012,1,106.97
SO03794,2024-12-18,P038,5,161.58
SO03795,2024-08-23,P051,9,77.47
SO03796,2024-08-16,P081,7,205.81
SO03797,2023-08-20,P004,1,56.21
SO03798,2023-04-04,P084,8,183.53
SO03799,2024-07-03,P099,11,653.15
SO03800,2024-04-29,P033,2,64.8
SO03801,2024-10-05,P024,13,135.99
SO03802,2023-01-31,P081,10,200.82
SO03803,2023-09-13,P032,5,90.74
SO03804,2024-07-23,P027,18,194.35
SO03805,2024-08-07,P084,18,211.21
SO03806,2024-03-29,P035,13,383.08
SO03807,2024-03-22,P014,7,356.34
SO03808,2023-10-04,P071,33,16.96
SO03809,2023-01-08,P019,18,255.81
SO03810,2023-04-23,P019,17,142.09
SO03811,2024-09-28,P020,12,97.73
SO03812,2024-02-16,P063,1,48.84
SO03813,2023-07-04,P008,16,40.66
SO03814,2023-07-29,P087,6,262.24
SO03815,2023-04-28,P060,12,202.88
SO03816,2023-02-28,P086,10,974.99
SO03817,2023-10-07,P064,19,141.38
SO03818,2023-12-26,P061,23,72.75
SO03819,2024-01-30,P080,19,17.68
SO03820,2024-08-20,P017,18,30.63
SO03821,2023-02-03,P094,19,194.83
SO03822,2024-09-30,P023,15,31.51
SO03823,2023-11-14,P092,26,188.23
SO03824,2024-05-01,P042,10,225.62
SO03825,2023-05-31,P026,17,96.09
SO03826,2024-10-05,P025,22,73.33
SO03827,2023-08-09,P008,1,42.78
SO03828,2024-07-17,P065,10,173.44
SO03829,2024-09-17,P057,15,183.22
SO03830,2023-02-24,P022,2,189.71
SO03831,2024-09-29,P090,8,72.88
SO03832,2023-01-19,P001,17,61.22
SO03833,2024-11-02,P042,9,226.59
SO03834,2023-06-24,P040,16,409.13
SO03835,2023-05-05,P064,2,151.69
SO03836,2023-03-11,P013,12,15.44
SO03837,2023-01-11,P064,15,114.75
SO03838,2024-11-07,P081,9,148.07
SO03839,2023-08-11,P039,1,56.75
SO03840,2023-01-24,P076,8,201.39
SO03841,2023-01-01,P005,8,163.8
SO03842,2023-10-22,P057,34,137.78
SO03843,2024-04-17,P034,15,56.4
SO03844,2023-01-03,P040,7,393.35
SO03845,2023-02-09,P057,6,153.5
SO03846,2023-06-23,P062,5,47.79
SO03847,2024-04-18,P020,10,83.56
SO03848,2023-06-04,P042,2,256.72
SO03849,2023-01-26,P001,15,50.16
SO03850,2024-05-28,P083,6,153.35
SO03851,2023-11-01,P054,2,182.98
SO03852,2024-10-20,P021,27,132.86
SO03853,2023-12-17,P036,35,179.04
SO03854,2024-05-08,P046,7,28.57
SO03855,2024-10-06,P007,12,969.89
SO03856,2024-04-16,P010,17,71.15
SO03857,2023-05-26,P091,15,1184.8
SO03858,2023-11-24,P082,21,107.89
SO03859,2024-06-13,P100,6,157.11
SO03860,2023-08-28,P092,13,177.06
SO03861,2024-06-12,P078,6,188.62
SO03862,2023-07-22,P027,14,194.82
SO03863,2023-09-13,P032,1,109.37
SO03864,2023-07-21,P025,8,91.42
SO03865,2024-12-29,P021,32,99.67
SO03866,2024-02-09,P047,9,78.78
SO03867,2024-09-21,P021,18,108.35
SO03868,2024-09-03,P069,14,193.18
SO03869,2024-10-04,P015,17,45.55
SO03870,2023-08-20,P046,15,28.06
SO03871,2023-10-31,P039,9,52.41
SO03872,2024-09-20,P003,17,220.96
SO03873,2024-09-30,P019,14,240.3
SO03874,2023-12-28,P018,8,34.91
SO03875,2023-07-30,P017,15,22.58
SO03876,2023-03-29,P026,19,130.34
SO03877,2023-01-29,P042,3,139.92
SO03878,2024-01-14,P087,18,153.08
SO03879,2023-06-22,P074,2,110.63
SO03880,2024-07-30,P048,8,106.54
SO03881,2024-07-16,P029,7,1109.62
SO03882,2024-01-07,P012,13,73.63
SO03883,2024-02-28,P047,11,84.93
SO03884,2023-03-25,P079,12,16.85
SO03885,2023-03-16,P035,14,495.52
SO03886,2023-06-09,P058,6,82.13
SO03887,2023-07-13,P020,16,65.82
SO03888,2024-11-14,P026,13,141.86
SO03889,2024-04-03,P002,3,124.32
SO03890,2024-06-09,P016,15,1282.51
SO03891,2024-09-13,P091,19,772.29
SO03892,2024-12-11,P082,29,158.53
SO03893,2024-09-09,P009,7,114.83
SO03894,2023-09-14,P048,1,81.97
SO03895,2024-08-20,P053,1,23.14
SO03896,2023-08-20,P021,12,169.93
SO03897,2024-05-13,P068,17,189.24
SO03898,2024-04-21,P051,16,46.98
SO03899,2023-01-13,P082,16,167.76
SO03900,2023-06-27,P095,16,102.42
SO03901,2023-12-15,P089,5,82.55
SO03902,2023-02-26,P065,19,133.32
SO03903,2023-08-12,P024,13,88.58
SO03904,2023-02-20,P075,9,133.04
SO03905,2024-07-15,P066,11,196.39
SO03906,2024-11-13,P079,9,14.68
SO03907,2024-09-15,P028,8,21.18
SO03908,2024-06-17,P039,3,44.54
SO03909,2024-09-06,P079,17,22.17
SO03910,2024-06-10,P055,14,211.25
SO03911,2023-10-17,P047,11,79.27
SO03912,2023-06-23,P001,5,99.56
SO03913,2024-07-12,P026,16,164.61
SO03914,2023-08-20,P083,3,162.81
SO03915,2024-06-20,P036,14,154.71
SO03916,2023-01-31,P028,17,40.28
SO03917,2023-11-30,P096,23,209.11
SO03918,2024-02-03,P093,8,112.82
SO03919,2023-06-14,P056,13,115.51
SO03920,2024-07-04,P095,12,88.43
SO03921,2024-07-30,P062,7,56.15
SO03922,2023-01-03,P063,12,62.16
SO03923,2024-08-05,P086,16,1115.7
SO03924,2023-08-23,P011,2,135.58
SO03925,2023-05-26,P093,17,159.1
SO03926,2023-05-07,P051,14,83.12
SO03927,2024-09-28,P035,19,267.2
SO03928,2024-09-02,P038,7,157.33
SO03929,2024-10-18,P041,19,51.73
SO03930,2023-12-29,P089,21,78.46
SO03931,2024-06-27,P075,11,114.05
SO03932,2023-10-09,P063,2,33.3
SO03933,2023-01-19,P010,16,47.4
SO03934,2024-10-24,P011,12,160.15
SO03935,2023-09-04,P044,2,82.24
SO03936,2024-04-10,P054,1,122.86
SO03937,2023-07-21,P094,6,260.49
SO03938,2023-05-24,P053,13,26.54
SO03939,2024-05-01,P035,17,513.9
SO03940,2024-04-04,P042,19,148.11
SO03941,2023-03-26,P007,5,1361.66
SO03942,2023-01-29,P057,11,190.25
SO03943,2023-09-13,P076,1,164.81
SO03944,2024-08-02,P051,14,61.02
SO03945,2024-10-02,P033,10,62.01
SO03946,2023-07-27,P056,5,143.44
SO03947,2024-04-24,P099,8,855.85
SO03948,2024-12-26,P053,11,27.47
SO03949,2023-01-16,P048,8,103.81
SO03950,2023-12-10,P040,37,500.33
SO03951,2024-03-25,P028,9,31.8
SO03952,2023-12-12,P008,1,67.01
SO03953,2024-04-05,P082,5,174.57
SO03954,2023-01-20,P020,7,77.09
SO03955,2023-01-26,P084,16,183.32
SO03956,2023-03-11,P072,10,231.58
SO03957,2024-12-24,P094,9,139.17
SO03958,2023-08-30,P031,19,48.72
SO03959,2024-02-15,P035,18,443.72
SO03960,2023-06-29,P002,12,163.45
SO03961,2024-06-01,P076,17,198.78
SO03962,2024-10-30,P079,20,25.26
SO03963,2023-10-11,P032,8,108.98
SO03964,2023-08-28,P019,8,238.02
SO03965,2023-06-10,P029,7,978.64
SO03966,2024-08-04,P017,11,25.58
SO03967,2023-11-25,P038,8,146.06
SO03968,2024-09-05,P062,2,77.98
SO03969,2023-07-11,P090,8,97.73
SO03970,2023-10-04,P013,16,18.43
SO03971,2024-02-04,P098,15,288.06
SO03972,2024-06-13,P049,19,117.91
SO03973,2024-03-11,P016,16,1046.01
SO03974,2024-07-07,P094,12,158.47
SO03975,2024-09-23,P073,1,191.17
SO03976,2023-01-31,P062,11,53.52
SO03977,2023-01-31,P054,15,128.06
SO03978,2023-08-23,P069,10,219.93
SO03979,2024-12-16,P090,27,112.96
SO03980,2023-07-17,P100,10,145.01
SO03981,2023-08-23,P068,5,152.31
SO03982,2023-05-02,P100,15,108.26
SO03983,2023-07-14,P071,6,16.37
SO03984,2024-03-31,P099,8,986.78
SO03985,2023-01-09,P090,14,107.92
SO03986,2023-06-28,P051,2,77.49
SO03987,2024-11-27,P006,7,215.45
SO03988,2024-09-25,P076,2,138.39
SO03989,2024-09-28,P062,12,48.66
SO03990,2024-01-07,P087,15,208.95
SO03991,2024-03-25,P063,6,44.98
SO03992,2024-01-04,P023,3,34.16
SO03993,2024-01-28,P040,14,338.76
SO03994,2024-05-07,P065,9,124.33
SO03995,2023-08-29,P059,13,112.29
SO03996,2023-06-27,P018,16,41.33
SO03997,2023-12-29,P099,5,681.9
SO03998,2024-01-09,P024,11,74.92
SO03999,2023-10-27,P017,23,25.15
SO04000,2024-10-30,P038,25,99.5
SO04001,2024-12-11,P020,3,68.29
SO04002,2024-12-27,P035,33,297.2
SO04003,2024-07-31,P063,17,57.64
SO04004,2023-04-14,P073,15,146.33
SO04005,2023-10-30,P061,12,101.92
SO04006,2024-02-26,P033,10,59.85
SO04007,2023-10-02,P048,25,90.05
SO04008,2024-06-30,P078,16,233.06
SO04009,2023-10-25,P094,14,158.21
SO04010,2023-04-06,P044,7,99.28
SO04011,2023-03-18,P084,4,182.91
SO04012,2024-12-12,P048,19,86.25
SO04013,2024-01-19,P057,1,172.25
SO04014,2023-12-31,P084,7,162.78
SO04015,2024-02-23,P068,12,133.09
SO04016,2023-03-13,P071,19,16.36
SO04017,2024-08-07,P059,13,108.02
SO04018,2023-11-06,P001,22,69.58
SO04019,2024-09-16,P021,12,97.22
SO04020,2023-02-28,P012,10,78.13
SO04021,2023-08-18,P078,19,247.27
SO04022,2023-02-28,P067,15,45.62
SO04023,2024-06-07,P099,19,1040.84
SO04024,2024-07-10,P034,14,60.2
SO04025,2023-03-07,P083,14,150.44
SO04026,2024-01-11,P021,6,109.79
SO04027,2024-03-22,P077,6,182.77
SO04028,2023-05-07,P064,8,210.26
SO04029,2023-02-04,P083,13,166.94
SO04030,2024-06-10,P016,11,1220.61
SO04031,2023-12-29,P055,13,214.67
SO04032,2023-06-23,P002,13,85.55
SO04033,2023-08-27,P034,8,73.01
SO04034,2023-11-30,P056,23,110.75
SO04035,2024-01-22,P082,11,98.0
SO04036,2024-01-25,P099,16,1258.77
SO04037,2023-01-05,P014,5,301.76
SO04038,2024-04-11,P050,12,49.86
SO04039,2023-08-18,P006,13,135.47
SO04040,2023-07-15,P073,2,134.72
SO04041,2024-01-21,P041,19,31.09
SO04042,2024-01-26,P006,17,197.19
SO04043,2023-10-28,P084,23,126.5
SO04044,2024-06-11,P051,17,72.61
SO04045,2024-08-17,P004,4,50.94
SO04046,2023-09-08,P037,11,86.56
SO04047,2023-04-12,P026,6,138.21
SO04048,2024-01-26,P078,18,217.96
SO04049,2024-10-08,P062,3,60.94
SO04050,2024-05-30,P027,8,190.19
SO04051,2023-10-31,P021,19,154.92
SO04052,2024-05-28,P034,14,76.71
SO04053,2023-06-18,P032,14,82.96
SO04054,2023-09-22,P046,7,23.58
SO04055,2024-08-25,P024,19,73.24
SO04056,2024-07-20,P073,13,185.35
SO04057,2023-08-18,P035,13,434.02
SO04058,2023-11-29,P012,16,92.61
SO04059,2024-08-22,P050,13,61.35
SO04060,2023-08-26,P082,4,173.02
SO04061,2023-02-11,P013,9,22.76
SO04062,2024-10-25,P035,22,385.39
SO04063,2023-11-05,P037,4,49.74
SO04064,2024-02-12,P089,10,76.08
SO04065,2023-03-29,P052,8,80.42
SO04066,2024-12-26,P019,17,225.14
SO04067,2023-01-26,P022,6,111.89
SO04068,2023-12-07,P015,19,40.98
SO04069,2024-03-04,P009,17,136.28
SO04070,2024-01-24,P064,10,137.09
SO04071,2024-07-15,P084,16,156.0
SO04072,2023-02-17,P050,7,56.01
SO04073,2023-10-25,P091,11,1281.17
SO04074,2024-07-06,P097,11,21.93
SO04075,2024-01-21,P062,2,44.03
SO04076,2023-06-25,P043,2,91.39
SO04077,2024-04-09,P030,4,117.65
SO04078,2024-08-13,P066,9,160.27
SO04079,2024-05-16,P023,9,27.36
SO04080,2023-04-20,P100,6,161.45
SO04081,2024-08-24,P011,16,172.91
SO04082,2024-06-29,P054,17,146.61
SO04083,2024-04-24,P084,18,134.84
SO04084,2023-04-27,P052,2,65.55
SO04085,2024-09-07,P098,17,498.98
SO04086,2023-03-06,P063,18,33.26
SO04087,2024-12-03,P021,1,137.77
SO04088,2024-01-04,P031,13,32.73
SO04089,2024-10-06,P001,15,91.54
SO04090,2023-08-26,P065,3,126.63
SO04091,2023-08-30,P079,14,16.63
SO04092,2024-02-11,P018,5,48.95
SO04093,2023-08-29,P026,18,162.36
SO04094,2024-03-20,P025,4,107.59
SO04095,2024-03-09,P026,16,87.2
SO04096,2023-08-08,P016,12,747.04
SO04097,2023-08-04,P057,17,180.23
SO04098,2024-01-09,P036,2,162.2
SO04099,2024-06-15,P068,3,114.92
SO04100,2023-07-13,P005,12,114.55
SO04101,2024-12-05,P025,17,140.98
SO04102,2023-04-10,P009,5,188.68
SO04103,2023-09-14,P038,8,136.59
SO04104,2023-07-08,P010,1,75.73
SO04105,2024-07-06,P014,12,545.2
SO04106,2023-07-09,P061,8,98.87
SO04107,2024-12-06,P016,18,816.27
SO04108,2023-04-26,P083,4,122.9
SO04109,2024-06-21,P042,19,212.89
SO04110,2023-11-01,P087,33,211.68
SO04111,2023-01-04,P030,9,178.57
SO04112,2023-11-03,P043,15,83.92
SO04113,2024-01-14,P026,5,140.53
SO04114,2023-01-05,P084,9,168.0
SO04115,2023-09-16,P013,4,17.9
SO04116,2024-11-27,P077,33,111.6
SO04117,2024-04-12,P091,3,797.28
SO04118,2023-04-23,P032,10,107.48
SO04119,2024-10-10,P063,29,57.58
SO04120,2023-10-11,P077,30,169.97
SO04121,2023-07-30,P016,11,735.1
SO04122,2023-04-03,P092,5,138.9
SO04123,2024-11-30,P017,25,20.1
SO04124,2024-09-29,P076,16,188.18
SO04125,2024-11-23,P089,11,57.53
SO04126,2024-07-04,P064,16,157.09
SO04127,2023-07-05,P061,18,80.16
SO04128,2023-03-07,P043,10,93.93
SO04129,2023-07-12,P015,12,27.25
SO04130,2023-10-01,P025,32,71.22
SO04131,2024-03-13,P084,3,169.47
SO04132,2023-02-06,P094,14,158.65
SO04133,2024-04-20,P016,10,974.55
SO04134,2024-10-07,P080,22,13.54
SO04135,2023-01-09,P099,13,773.81
SO04136,2023-02-07,P032,15,108.58
SO04137,2023-05-04,P039,17,44.46
SO04138,2024-11-05,P059,18,99.37
SO04139,2024-05-30,P095,14,114.52
SO04140,2024-03-15,P026,13,83.7
SO04141,2024-11-20,P068,8,103.62
SO04142,2024-06-23,P026,3,104.61
SO04143,2023-11-03,P056,23,107.41
SO04144,2023-10-02,P049,13,78.84
SO04145,2023-05-20,P060,13,195.56
SO04146,2023-02-15,P050,1,39.54
SO04147,2023-09-14,P040,15,362.8
SO04148,2024-06-21,P030,6,191.73
SO04149,2023-05-12,P050,15,51.44
SO04150,2023-02-21,P074,13,95.7
SO04151,2024-05-08,P038,3,95.33
SO04152,2024-09-13,P041,3,53.61
SO04153,2023-04-24,P079,5,19.66
SO04154,2023-10-12,P004,18,67.23
SO04155,2023-12-04,P042,34,243.69
SO04156,2023-02-10,P100,18,89.34
SO04157,2024-08-26,P028,15,33.07
SO04158,2024-04-03,P081,9,113.26
SO04159,2024-11-21,P097,28,29.68
SO04160,2024-11-04,P089,1,51.48
SO04161,2024-01-21,P063,1,37.58
SO04162,2023-04-18,P013,10,14.07
SO04163,2023-09-23,P041,2,52.07
SO04164,2023-11-05,P067,5,42.25
SO04165,2024-12-26,P027,17,142.62
SO04166,2024-04-30,P037,17,71.08
SO04167,2023-06-19,P050,3,42.4
SO04168,2023-11-03,P022,20,164.34
SO04169,2023-12-23,P075,11,143.28
SO04170,2023-07-29,P013,6,15.01
SO04171,2023-07-03,P043,10,80.45
SO04172,2024-03-29,P082,1,100.44
SO04173,2023-05-19,P010,2,59.31
SO04174,2024-06-09,P025,8,120.37
SO04175,2023-12-23,P088,3,189.97
SO04176,2024-01-27,P092,11,112.67
SO04177,2024-05-09,P048,16,98.5
SO04178,2024-02-06,P049,8,111.26
SO04179,2024-10-18,P091,26,1022.95
SO04180,2023-04-23,P046,13,28.7
SO04181,2023-04-20,P007,17,1321.79
SO04182,2023-05-08,P008,11,77.39
SO04183,2024-04-22,P008,12,55.37
SO04184,2024-09-30,P037,13,54.75
SO04185,2024-04-17,P071,2,16.94
SO04186,2023-07-19,P041,2,46.04
SO04187,2024-05-17,P082,6,150.85
SO04188,2023-10-08,P095,13,118.35
SO04189,2023-03-29,P013,5,13.0
SO04190,2023-05-22,P042,8,147.92
SO04191,2024-07-22,P051,13,65.75
SO04192,2024-02-01,P018,4,55.29
SO04193,2023-06-22,P014,15,568.65
SO04194,2023-11-15,P038,1,138.21
SO04195,2023-02-26,P066,18,98.84
SO04196,2023-11-27,P097,3,26.62
SO04197,2023-08-13,P095,1,127.92
SO04198,2023-11-23,P067,25,52.7
SO04199,2023-10-19,P100,7,161.31
SO04200,2024-04-08,P058,19,80.22
SO04201,2023-06-17,P041,7,36.5
SO04202,2023-02-04,P020,12,89.08
SO04203,2023-11-29,P073,30,194.12
SO04204,2023-03-29,P002,2,124.16
SO04205,2024-02-17,P062,4,75.14
SO04206,2024-04-16,P020,5,90.24
SO04207,2024-03-16,P046,15,30.32
SO04208,2023-11-05,P011,32,222.35
SO04209,2024-07-09,P058,1,98.86
SO04210,2023-01-29,P092,13,126.64
SO04211,2024-04-23,P043,14,69.98
SO04212,2024-08-14,P067,12,49.57
SO04213,2023-05-15,P095,12,78.68
SO04214,2024-01-01,P047,4,84.61
SO04215,2023-10-23,P081,27,151.89
SO04216,2023-06-11,P010,7,65.99
SO04217,2023-08-11,P007,14,1258.29
SO04218,2024-09-16,P022,9,141.79
SO04219,2023-06-10,P062,8,68.44
SO04220,2023-11-12,P003,13,188.39
SO04221,2024-10-18,P023,37,19.33
SO04222,2024-04-20,P049,11,66.12
SO04223,2023-03-04,P036,2,149.65
SO04224,2024-02-10,P094,6,249.78
SO04225,2023-09-05,P097,15,25.66
SO04226,2023-05-30,P037,1,46.38
SO04227,2023-07-16,P066,12,164.6
SO04228,2023-02-14,P093,12,181.92
SO04229,2023-07-01,P013,8,17.82
SO04230,2024-05-31,P100,12,90.15
SO04231,2023-10-02,P028,29,23.67
SO04232,2024-02-05,P091,16,1272.92
SO04233,2023-08-17,P061,16,64.0
SO04234,2023-04-02,P023,14,23.19
SO04235,2024-04-11,P059,8,81.68
SO04236,2024-12-15,P094,2,259.44
SO04237,2023-08-07,P088,3,109.5
SO04238,2023-06-27,P009,3,141.0
SO04239,2023-03-26,P075,19,130.5
SO04240,2024-04-11,P020,13,105.0
SO04241,2023-07-07,P051,1,92.6
SO04242,2023-07-09,P077,11,158.55
SO04243,2024-01-05,P075,14,111.02
SO04244,2023-09-14,P081,2,122.66
SO04245,2024-01-01,P021,2,138.47
SO04246,2024-10-20,P026,5,86.6
SO04247,2024-04-02,P080,2,19.77
SO04248,2023-03-31,P030,8,133.71
SO04249,2024-05-23,P043,14,74.16
SO04250,2024-07-02,P043,10,90.07
SO04251,2023-06-30,P099,16,1076.41
SO04252,2023-10-04,P004,5,72.67
SO04253,2023-12-06,P026,13,113.25
SO04254,2023-07-20,P054,15,145.47
SO04255,2024-03-01,P072,5,252.33
SO04256,2024-03-13,P048,11,83.19
SO04257,2024-06-25,P053,7,19.9
SO04258,2024-12-22,P090,16,65.76
SO04259,2023-09-16,P007,18,1045.96
SO04260,2024-08-01,P008,12,44.69
SO04261,2024-09-08,P034,5,54.54
SO04262,2024-12-18,P023,26,24.17
SO04263,2024-06-26,P034,13,68.62
SO04264,2023-09-25,P015,4,38.05
SO04265,2023-04-23,P069,12,218.94
SO04266,2024-06-28,P010,4,71.64
SO04267,2023-05-06,P095,3,82.15
SO04268,2024-04-04,P061,3,88.86
SO04269,2024-11-22,P041,9,50.34
SO04270,2024-12-13,P075,6,148.05
SO04271,2024-09-26,P040,3,475.65
SO04272,2024-09-23,P086,17,1087.64
SO04273,2024-12-30,P054,8,150.33
SO04274,2023-12-14,P018,1,44.23
SO04275,2024-10-21,P037,14,80.95
SO04276,2024-12-29,P045,23,47.94
SO04277,2023-08-19,P053,18,28.67
SO04278,2024-01-11,P075,17,77.44
SO04279,2024-03-06,P023,7,24.21
SO04280,2023-12-18,P057,5,116.77
SO04281,2023-06-20,P085,3,178.76
SO04282,2023-05-05,P020,4,69.56
SO04283,2024-02-29,P026,13,165.01
SO04284,2023-09-03,P053,7,21.81
SO04285,2023-02-19,P011,2,189.65
SO04286,2023-11-04,P045,28,36.81
SO04287,2023-02-01,P080,8,18.25
SO04288,2024-03-28,P078,18,157.11
SO04289,2024-01-24,P061,4,99.44
SO04290,2023-10-09,P007,10,1066.01
SO04291,2024-05-14,P083,10,115.87
SO04292,2024-11-23,P100,28,132.25
SO04293,2024-03-27,P070,10,241.61
SO04294,2023-05-22,P096,17,248.77
SO04295,2024-11-01,P025,22,122.74
SO04296,2024-02-07,P045,2,51.01
SO04297,2024-05-16,P059,7,95.06
SO04298,2024-09-28,P045,2,56.0
SO04299,2023-01-02,P061,4,52.44
SO04300,2024-12-06,P008,14,73.18
SO04301,2023-03-30,P015,3,43.49
SO04302,2024-05-12,P016,12,1277.45
SO04303,2023-12-02,P083,23,155.57
SO04304,2024-12-23,P074,9,93.09
SO04305,2024-01-01,P064,11,180.37
SO04306,2024-11-30,P064,21,185.39
SO04307,2023-03-01,P033,12,74.68
SO04308,2023-05-31,P015,6,33.71
SO04309,2024-05-14,P027,4,171.5
SO04310,2023-01-11,P098,18,550.7
SO04311,2024-05-16,P060,2,157.54
SO04312,2023-09-12,P009,13,144.5
SO04313,2023-03-05,P091,14,790.03
SO04314,2023-07-08,P024,16,102.67
SO04315,2023-01-30,P082,17,107.19
SO04316,2024-06-29,P084,15,155.74
SO04317,2024-04-09,P099,18,980.72
SO04318,2023-10-14,P046,17,20.27
SO04319,2024-03-21,P046,8,33.93
SO04320,2024-05-09,P064,1,205.44
SO04321,2023-10-10,P028,15,37.07
SO04322,2024-11-18,P082,12,162.71
SO04323,2024-09-09,P038,2,94.29
SO04324,2024-04-24,P055,8,247.12
SO04325,2024-04-22,P022,13,165.99
SO04326,2024-12-31,P078,17,160.52
SO04327,2024-10-28,P054,9,144.1
SO04328,2023-05-07,P077,5,124.56
SO04329,2024-09-16,P062,4,53.72
SO04330,2024-11-15,P092,3,121.89
SO04331,2023-12-11,P052,1,75.73
SO04332,2024-09-13,P026,10,91.97
SO04333,2024-03-25,P085,1,265.2
SO04334,2024-09-29,P045,5,36.95
SO04335,2024-11-27,P046,11,26.36
SO04336,2024-12-22,P014,36,492.77
SO04337,2024-03-23,P092,15,160.6
SO04338,2023-10-25,P079,17,19.72
SO04339,2023-12-24,P004,7,56.3
SO04340,2024-09-17,P026,8,148.23
SO04341,2024-01-24,P023,1,22.93
SO04342,2024-07-31,P017,10,17.74
SO04343,2023-02-13,P053,19,22.17
SO04344,2023-02-15,P003,7,174.58
SO04345,2023-09-12,P013,17,18.0
SO04346,2023-07-15,P077,17,136.4
SO04347,2023-07-18,P008,12,76.16
SO04348,2024-11-30,P053,13,30.42
SO04349,2024-01-07,P024,15,78.59
SO04350,2023-07-06,P081,17,177.6
SO04351,2023-11-29,P075,15,117.35
SO04352,2023-05-26,P014,14,540.99
SO04353,2024-07-15,P080,17,17.26
SO04354,2024-06-25,P081,3,214.73
SO04355,2023-02-04,P055,17,160.52
SO04356,2023-09-19,P030,11,108.36
SO04357,2024-07-03,P037,4,60.84
SO04358,2023-09-04,P045,2,51.02
SO04359,2023-12-07,P072,23,269.8
SO04360,2024-10-11,P049,13,110.53
SO04361,2024-09-30,P008,5,56.36
SO04362,2024-10-17,P068,22,188.39
SO04363,2024-12-24,P041,14,45.51
SO04364,2023-04-10,P087,8,263.82
SO04365,2023-06-02,P033,14,95.69
SO04366,2024-04-26,P059,6,114.29
SO04367,2024-08-24,P004,9,65.02
SO04368,2024-08-13,P026,18,109.2
SO04369,2023-09-27,P093,6,113.57
SO04370,2024-08-11,P010,15,59.36
SO04371,2023-12-10,P100,17,156.45
SO04372,2024-04-27,P033,8,68.91
SO04373,2024-08-22,P099,13,764.7
SO04374,2023-09-30,P040,9,548.57
SO04375,2023-09-28,P057,17,126.09
SO04376,2024-03-03,P032,11,110.91
SO04377,2024-11-27,P097,5,20.05
SO04378,2023-02-15,P025,15,88.87
SO04379,2023-12-01,P045,3,60.16
SO04380,2024-01-06,P096,6,132.96
SO04381,2024-12-08,P053,26,34.28
SO04382,2023-09-19,P075,16,114.66
SO04383,2024-10-07,P012,28,62.16
SO04384,2023-03-24,P069,11,180.42
SO04385,2024-05-08,P053,1,29.06
SO04386,2023-04-24,P056,7,204.93
SO04387,2023-12-27,P044,12,71.03
SO04388,2023-01-19,P048,11,81.0
SO04389,2024-04-05,P028,2,22.62
SO04390,2024-07-16,P041,16,46.49
SO04391,2023-03-25,P043,16,76.05
SO04392,2024-03-05,P002,9,97.8
SO04393,2023-09-27,P086,12,713.78
SO04394,2023-10-08,P073,16,205.98
SO04395,2023-04-26,P067,16,31.69
SO04396,2024-06-13,P078,16,179.18
SO04397,2023-10-07,P090,4,88.43
SO04398,2023-04-21,P068,11,156.9
SO04399,2024-08-04,P090,15,71.21
SO04400,2024-05-31,P009,14,120.2
SO04401,2024-07-04,P020,12,81.86
SO04402,2024-07-04,P016,15,688.11
SO04403,2024-07-04,P089,17,57.02
SO04404,2024-12-05,P005,17,122.55
SO04405,2023-01-21,P092,19,126.92
SO04406,2023-04-08,P091,1,816.7
SO04407,2024-02-16,P041,9,31.52
SO04408,2023-07-12,P061,2,81.84
SO04409,2024-10-03,P077,11,108.09
SO04410,2023-02-24,P002,4,100.81
SO04411,2023-06-13,P059,3,66.05
SO04412,2023-06-07,P023,16,37.62
SO04413,2023-04-11,P050,7,52.24
SO04414,2023-05-17,P080,5,20.24
SO04415,2024-06-27,P091,8,1247.95
SO04416,2023-05-02,P021,16,91.82
SO04417,2024-03-12,P044,5,63.7
SO04418,2023-09-02,P058,13,62.88
SO04419,2024-05-20,P027,1,221.45
SO04420,2023-09-10,P028,7,31.43
SO04421,2023-06-28,P027,7,161.85
SO04422,2023-01-11,P036,2,162.56
SO04423,2023-07-16,P089,1,49.71
SO04424,2024-04-11,P044,7,107.74
SO04425,2023-03-15,P061,16,82.28
SO04426,2023-08-17,P031,19,44.1
SO04427,2023-08-27,P060,7,181.5
SO04428,2024-07-07,P090,19,84.73
SO04429,2024-02-23,P026,6,161.42
SO04430,2023-10-14,P017,7,26.88
SO04431,2023-06-09,P075,11,123.97
SO04432,2023-04-07,P098,9,367.54
SO04433,2023-11-21,P016,22,1239.62
SO04434,2024-11-04,P018,4,33.27
SO04435,2023-02-16,P018,2,52.83
SO04436,2024-01-19,P073,2,187.05
SO04437,2023-11-23,P088,29,160.51
SO04438,2023-12-16,P031,10,53.24
SO04439,2024-11-26,P016,4,898.99
SO04440,2023-04-29,P089,6,64.05
SO04441,2023-08-12,P076,18,141.12
SO04442,2023-11-09,P038,16,167.01
SO04443,2024-05-26,P017,11,29.59
SO04444,2024-07-21,P010,17,46.06
SO04445,2024-08-23,P087,3,169.35
SO04446,2023-06-15,P049,14,85.22
SO04447,2024-07-03,P064,12,152.14
SO04448,2023-04-03,P060,7,121.45
SO04449,2023-02-03,P002,2,97.25
SO04450,2023-10-29,P082,7,166.3
SO04451,2024-12-13,P045,1,70.82
SO04452,2023-03-11,P086,17,996.88
SO04453,2024-07-01,P052,16,76.92
SO04454,2024-06-03,P013,8,21.87
SO04455,2024-06-02,P015,2,42.28
SO04456,2024-01-04,P022,9,139.44
SO04457,2023-04-27,P009,11,134.75
SO04458,2024-03-07,P009,2,118.48
SO04459,2024-06-11,P004,5,59.72
SO04460,2024-12-09,P073,21,195.85
SO04461,2024-07-10,P017,5,20.66
SO04462,2023-01-06,P072,9,242.38
SO04463,2023-12-16,P018,1,34.86
SO04464,2023-01-07,P029,14,1021.02
SO04465,2023-02-07,P041,11,38.06
SO04466,2024-05-28,P058,2,86.46
SO04467,2024-02-24,P022,1,138.12
SO04468,2023-08-24,P094,7,136.88
SO04469,2024-02-11,P091,10,935.8
SO04470,2024-06-09,P049,16,66.28
SO04471,2024-12-21,P090,21,82.43
SO04472,2023-07-31,P080,10,20.19
SO04473,2024-11-23,P004,5,55.04
SO04474,2023-05-15,P006,17,200.3
SO04475,2023-11-02,P062,8,65.75
SO04476,2023-07-07,P030,19,191.3
SO04477,2024-01-07,P046,7,30.91
SO04478,2024-02-21,P043,10,61.06
SO04479,2023-10-30,P016,1,671.65
SO04480,2024-07-27,P080,3,18.66
SO04481,2023-08-13,P015,10,33.41
SO04482,2024-09-24,P011,1,206.98
SO04483,2023-09-06,P010,19,56.19
SO04484,2023-06-07,P032,14,70.11
SO04485,2024-07-25,P026,11,144.1
SO04486,2024-11-15,P050,6,34.18
SO04487,2024-06-25,P093,18,117.4
SO04488,2023-04-03,P096,19,131.89
SO04489,2024-10-19,P007,19,1358.33
SO04490,2023-10-08,P083,7,159.59
SO04491,2023-02-11,P087,12,203.21
SO04492,2024-04-26,P060,7,145.69
SO04493,2024-08-23,P064,18,193.8
SO04494,2023-10-18,P043,5,97.04
SO04495,2023-09-16,P063,16,57.54
SO04496,2023-07-25,P078,4,184.8
SO04497,2023-03-15,P065,19,151.93
SO04498,2023-04-25,P005,5,145.58
SO04499,2024-12-31,P035,9,316.25
SO04500,2024-08-23,P010,9,49.85
SO04501,2024-07-23,P092,9,107.01
SO04502,2023-08-10,P014,9,313.56
SO04503,2024-09-20,P030,19,161.96
SO04504,2023-08-04,P036,15,135.93
SO04505,2023-10-04,P089,8,62.3
SO04506,2023-08-29,P073,5,188.58
SO04507,2023-07-26,P021,9,172.25
SO04508,2024-05-29,P041,9,33.68
SO04509,2023-04-07,P015,11,36.41
SO04510,2024-11-11,P099,35,918.41
SO04511,2023-04-12,P077,9,200.1
SO04512,2023-01-21,P038,11,155.9
SO04513,2023-07-20,P015,16,28.31
SO04514,2024-01-09,P020,15,89.15
SO04515,2023-04-15,P057,10,103.83
SO04516,2024-02-08,P088,9,110.42
SO04517,2023-08-06,P100,17,119.56
SO04518,2024-09-21,P083,12,88.62
SO04519,2023-02-24,P010,2,59.39
SO04520,2023-03-02,P060,5,133.77
SO04521,2023-10-24,P017,30,26.61
SO04522,2023-01-03,P007,17,1250.71
SO04523,2023-10-21,P033,5,52.15
SO04524,2023-06-28,P018,18,30.93
SO04525,2023-10-11,P007,23,737.5
SO04526,2023-05-16,P067,19,51.26
SO04527,2023-08-05,P049,13,83.89
SO04528,2023-08-03,P023,10,27.3
SO04529,2023-11-03,P023,15,35.04
SO04530,2024-07-02,P002,17,125.01
SO04531,2024-06-17,P048,19,129.36
SO04532,2024-10-13,P032,21,83.39
SO04533,2023-02-15,P008,18,58.41
SO04534,2023-05-28,P064,4,224.84
SO04535,2024-01-20,P057,16,111.25
SO04536,2023-12-22,P010,1,49.02
SO04537,2023-02-01,P085,12,155.69
SO04538,2024-04-18,P079,9,18.13
SO04539,2024-01-24,P036,9,174.16
SO04540,2024-08-23,P080,2,20.6
SO04541,2023-07-16,P028,16,29.2
SO04542,2023-04-24,P095,1,118.85
SO04543,2024-10-08,P074,18,124.32
SO04544,2024-02-20,P055,15,192.3
SO04545,2024-06-10,P050,3,33.33
SO04546,2023-09-14,P049,3,102.96
SO04547,2023-12-26,P003,18,129.44
SO04548,2023-12-22,P080,12,20.21
SO04549,2024-02-26,P081,7,184.07
SO04550,2023-04-17,P078,11,140.31
SO04551,2024-05-22,P013,9,17.72
SO04552,2024-04-19,P053,15,24.43
SO04553,2023-03-05,P039,8,50.98
SO04554,2024-04-10,P010,16,45.37
SO04555,2024-06-11,P001,3,54.19
SO04556,2024-07-16,P093,12,129.13
SO04557,2023-02-21,P082,9,149.75
SO04558,2024-02-23,P071,7,17.03
SO04559,2024-06-13,P079,13,20.21
SO04560,2023-10-13,P025,31,95.04
SO04561,2024-03-30,P063,1,62.19
SO04562,2024-10-30,P031,11,32.51
SO04563,2023-12-24,P097,22,26.29
SO04564,2023-09-01,P006,9,213.51
SO04565,2024-07-28,P058,11,62.3
SO04566,2024-10-20,P051,7,47.99
SO04567,2023-07-29,P008,16,75.85
SO04568,2024-01-25,P024,14,97.0
SO04569,2023-07-08,P058,4,102.1
SO04570,2023-07-13,P023,14,32.95
SO04571,2024-01-13,P098,16,387.08
SO04572,2024-05-13,P091,15,1034.5
SO04573,2023-08-14,P089,2,51.87
SO04574,2024-09-01,P032,9,79.56
SO04575,2023-05-11,P001,18,75.89
SO04576,2023-08-04,P007,9,1052.88
SO04577,2023-02-23,P051,19,72.08
SO04578,2023-03-27,P079,3,21.48
SO04579,2023-08-26,P056,4,196.42
SO04580,2023-02-18,P090,14,89.9
SO04581,2024-10-19,P069,10,210.94
SO04582,2024-09-27,P083,17,127.86
SO04583,2024-09-10,P082,7,125.75
SO04584,2023-05-15,P027,7,225.44
SO04585,2023-05-19,P015,14,34.7
SO04586,2024-01-24,P035,5,294.11
SO04587,2024-05-01,P029,4,1019.0
SO04588,2023-09-17,P076,19,145.11
SO04589,2024-11-30,P032,26,83.18
SO04590,2023-01-26,P026,2,101.06
SO04591,2024-05-26,P046,18,26.79
SO04592,2023-01-31,P077,11,185.3
SO04593,2023-10-26,P007,24,1128.42
SO04594,2023-10-31,P019,13,244.44
SO04595,2023-07-02,P044,5,117.12
SO04596,2023-09-26,P078,8,178.19
SO04597,2023-10-22,P067,11,49.7
SO04598,2024-06-06,P062,4,49.25
SO04599,2024-08-22,P057,8,196.95
SO04600,2024-06-04,P052,15,48.7
SO04601,2023-06-24,P044,4,79.54
SO04602,2023-02-04,P070,15,151.04
SO04603,2023-05-30,P042,10,222.61
SO04604,2024-02-09,P088,15,152.82
SO04605,2023-06-10,P098,10,527.18
SO04606,2024-09-05,P044,1,106.01
SO04607,2023-02-09,P031,10,42.84
SO04608,2023-08-25,P092,1,161.52
SO04609,2024-01-08,P044,10,72.3
SO04610,2024-01-22,P060,11,175.45
SO04611,2024-06-05,P100,12,171.53
SO04612,2024-01-14,P021,9,124.83
SO04613,2024-08-08,P086,3,802.91
SO04614,2023-06-09,P049,16,78.43
SO04615,2024-02-28,P086,1,769.97
SO04616,2023-04-20,P040,19,369.44
SO04617,2023-08-30,P045,12,43.72
SO04618,2024-09-28,P055,7,218.73
SO04619,2024-03-02,P021,18,110.2
SO04620,2023-04-02,P080,13,23.62
SO04621,2023-10-05,P023,31,27.64
SO04622,2024-07-22,P045,15,61.1
SO04623,2024-12-27,P043,26,65.45
SO04624,2023-07-13,P090,13,89.76
SO04625,2023-07-08,P051,16,57.64
SO04626,2023-03-26,P037,13,90.41
SO04627,2023-03-03,P032,4,99.46
SO04628,2024-10-21,P041,10,49.78
SO04629,2024-11-20,P095,32,130.39
SO04630,2024-03-03,P006,10,208.26
SO04631,2023-11-11,P095,24,92.78
SO04632,2023-05-16,P030,14,135.73
SO04633,2023-05-09,P061,3,90.24
SO04634,2023-01-01,P020,8,118.85
SO04635,2024-09-04,P051,6,86.17
SO04636,2024-05-03,P022,15,126.98
SO04637,2023-01-23,P022,16,172.62
SO04638,2024-09-23,P094,18,175.71
SO04639,2023-01-23,P039,8,37.36
SO04640,2023-08-11,P054,3,139.32
SO04641,2024-06-17,P069,10,118.65
SO04642,2024-09-25,P053,2,21.2
SO04643,2024-03-07,P005,17,156.42
SO04644,2024-01-28,P023,2,29.58
SO04645,2023-10-14,P066,10,158.19
SO04646,2024-08-19,P001,6,95.79
SO04647,2024-07-18,P067,4,54.63
SO04648,2024-11-20,P061,17,86.37
SO04649,2024-12-03,P060,2,187.01
SO04650,2024-04-18,P077,19,190.67
SO04651,2024-12-22,P093,9,130.36
SO04652,2024-07-25,P045,9,67.34
SO04653,2023-09-30,P039,1,51.51
SO04654,2024-12-29,P016,5,794.47
SO04655,2024-03-03,P013,17,21.82
SO04656,2024-10-16,P057,19,106.92
SO04657,2024-02-07,P060,19,197.56
SO04658,2023-10-01,P015,11,38.94
SO04659,2023-11-27,P017,13,19.33
SO04660,2023-05-28,P041,4,43.54
SO04661,2024-01-22,P045,5,57.29
SO04662,2023-11-15,P018,13,33.01
SO04663,2023-05-21,P066,8,173.25
SO04664,2024-05-20,P091,6,841.08
SO04665,2024-08-28,P050,6,55.07
SO04666,2024-06-05,P024,17,139.15
SO04667,2024-11-16,P025,7,107.04
SO04668,2023-10-03,P075,22,139.18
SO04669,2024-07-02,P015,5,38.04
SO04670,2023-02-01,P069,12,174.64
SO04671,2024-06-04,P013,17,15.29
SO04672,2024-03-11,P020,12,107.61
SO04673,2024-07-20,P085,12,244.09
SO04674,2024-01-09,P059,4,78.99
SO04675,2024-01-28,P048,14,116.01
SO04676,2024-05-02,P035,5,506.73
SO04677,2024-03-12,P004,8,75.71
SO04678,2024-05-19,P067,7,51.93
SO04679,2023-02-02,P086,1,1089.28
SO04680,2023-01-07,P068,19,106.34
SO04681,2024-07-03,P017,17,18.11
SO04682,2024-04-29,P022,9,152.49
SO04683,2024-04-13,P088,13,197.46
SO04684,2024-10-22,P058,15,77.31
SO04685,2024-07-20,P047,3,64.12
SO04686,2024-06-25,P077,5,104.08
SO04687,2024-03-23,P048,3,86.24
SO04688,2023-06-03,P032,7,115.21
SO04689,2023-03-30,P008,15,57.42
SO04690,2024-03-22,P095,9,75.96
SO04691,2024-06-26,P050,4,45.29
SO04692,2023-09-05,P029,18,879.92
SO04693,2023-07-12,P043,2,62.47
SO04694,2023-09-19,P024,17,86.61
SO04695,2023-10-19,P026,22,143.82
SO04696,2024-09-24,P002,12,114.21
SO04697,2024-06-17,P038,8,148.08
SO04698,2023-09-26,P084,17,164.73
SO04699,2023-02-01,P001,17,96.65
SO04700,2024-07-10,P051,15,60.05
SO04701,2023-06-05,P025,2,110.86
SO04702,2023-07-22,P025,15,131.61
SO04703,2023-11-10,P050,2,46.8
SO04704,2023-05-15,P007,6,1134.55
SO04705,2023-07-08,P076,15,122.0
SO04706,2024-10-15,P036,18,176.45
SO04707,2024-09-13,P022,12,116.79
SO04708,2024-04-04,P009,10,139.27
SO04709,2023-07-26,P058,9,95.62
SO04710,2023-02-17,P007,1,927.46
SO04711,2023-02-17,P045,9,49.82
SO04712,2024-06-07,P067,15,41.01
SO04713,2023-11-11,P054,10,184.85
SO04714,2024-05-30,P006,8,174.55
SO04715,2023-06-25,P033,1,65.14
SO04716,2024-07-08,P039,8,40.85
SO04717,2023-09-27,P072,8,201.03
SO04718,2024-07-09,P076,5,178.29
SO04719,2024-02-23,P089,17,68.77
SO04720,2024-10-20,P064,5,180.43
SO04721,2023-01-07,P033,15,82.29
SO04722,2024-07-08,P067,19,28.71
SO04723,2024-05-04,P097,1,18.96
SO04724,2024-12-21,P084,20,200.05
SO04725,2023-06-04,P001,18,85.07
SO04726,2024-09-22,P017,19,27.86
SO04727,2023-10-16,P051,21,66.15
SO04728,2023-01-28,P032,4,63.13
SO04729,2023-03-25,P085,4,212.39
SO04730,2023-02-04,P021,14,171.66
SO04731,2023-06-05,P094,17,142.29
SO04732,2023-04-22,P055,13,171.12
SO04733,2024-01-31,P019,7,204.83
SO04734,2024-01-22,P023,1,38.48
SO04735,2023-10-13,P026,27,158.72
SO04736,2023-08-03,P056,13,146.38
SO04737,2024-03-14,P058,17,77.16
SO04738,2023-06-12,P050,12,46.32
SO04739,2024-01-03,P045,14,42.91
SO04740,2023-10-26,P040,14,618.94
SO04741,2023-09-26,P075,17,114.42
SO04742,2024-07-06,P072,15,251.46
SO04743,2023-06-29,P019,4,198.43
SO04744,2024-05-14,P035,14,303.12
SO04745,2024-07-10,P014,14,385.55
SO04746,2023-05-06,P011,12,130.18
SO04747,2023-05-19,P058,14,53.4
SO04748,2023-04-17,P086,12,995.91
SO04749,2024-11-27,P050,3,40.35
SO04750,2023-08-29,P013,9,22.35
SO04751,2024-05-30,P040,8,419.58
SO04752,2023-12-10,P081,8,116.93
SO04753,2023-10-06,P095,11,115.62
SO04754,2023-02-15,P004,3,58.67
SO04755,2024-08-27,P026,6,147.09
SO04756,2023-12-03,P096,5,220.15
SO04757,2024-07-13,P020,3,83.38
SO04758,2023-10-24,P086,22,824.35
SO04759,2024-10-03,P036,1,173.2
SO04760,2023-09-17,P052,17,55.06
SO04761,2023-10-13,P080,14,21.86
SO04762,2024-05-13,P019,14,154.36
SO04763,2023-12-31,P071,10,12.84
SO04764,2023-05-05,P045,12,63.22
SO04765,2024-01-19,P029,2,629.45
SO04766,2024-12-19,P027,22,153.13
SO04767,2023-12-11,P017,5,24.43
SO04768,2023-01-15,P068,13,118.57
SO04769,2024-01-04,P100,18,136.48
SO04770,2023-04-27,P092,14,129.18
SO04771,2023-07-11,P082,5,170.92
SO04772,2023-08-12,P095,15,119.06
SO04773,2023-03-09,P026,9,160.53
SO04774,2024-01-05,P049,18,100.47
SO04775,2024-02-18,P070,9,225.27
SO04776,2023-10-06,P012,19,84.96
SO04777,2024-02-07,P052,19,61.77
SO04778,2024-03-18,P075,6,133.75
SO04779,2023-05-30,P021,19,101.34
SO04780,2023-12-11,P060,35,107.19
SO04781,2023-05-18,P069,19,220.01
SO04782,2024-07-16,P087,14,275.51
SO04783,2023-05-12,P049,3,66.05
SO04784,2024-09-08,P083,17,126.01
SO04785,2023-12-08,P007,32,1127.52
SO04786,2023-10-23,P043,23,61.77
SO04787,2024-07-15,P061,15,101.66
SO04788,2024-11-13,P013,11,12.38
SO04789,2024-01-05,P024,16,127.54
SO04790,2023-01-12,P094,7,198.11
SO04791,2023-12-10,P038,26,108.43
SO04792,2024-11-16,P094,9,159.27
SO04793,2024-11-16,P085,9,270.83
SO04794,2023-10-20,P001,16,96.11
SO04795,2023-06-22,P100,5,134.97
SO04796,2024-02-11,P005,9,149.06
SO04797,2023-11-08,P030,20,120.26
SO04798,2024-02-18,P014,2,324.81
SO04799,2024-03-26,P083,4,120.89
SO04800,2024-10-16,P012,20,105.24
SO04801,2024-12-25,P065,11,146.85
SO04802,2023-01-09,P035,9,404.45
SO04803,2023-02-07,P070,9,176.63
SO04804,2023-03-19,P071,14,21.41
SO04805,2023-07-20,P018,10,31.21
SO04806,2023-01-20,P086,15,1243.09
SO04807,2024-10-24,P055,2,254.79
SO04808,2024-04-20,P077,8,144.68
SO04809,2024-09-08,P039,3,38.71
SO04810,2023-11-22,P063,6,34.41
SO04811,2024-11-22,P042,9,160.6
SO04812,2024-12-10,P015,7,51.88
SO04813,2023-02-06,P059,5,64.85
SO04814,2024-06-05,P004,10,63.53
SO04815,2024-10-14,P090,2,68.67
SO04816,2023-05-05,P061,19,60.9
SO04817,2024-06-11,P089,1,56.32
SO04818,2024-01-04,P004,6,71.93
SO04819,2023-09-05,P077,15,159.95
SO04820,2024-12-23,P063,23,50.87
SO04821,2023-10-07,P051,18,79.71
SO04822,2023-11-02,P088,23,149.41
SO04823,2023-10-10,P009,12,97.56
SO04824,2023-10-16,P059,22,104.19
SO04825,2023-09-12,P063,8,45.73
SO04826,2023-07-18,P029,15,895.29
SO04827,2024-01-11,P033,10,52.93
SO04828,2023-11-23,P009,11,136.69
SO04829,2024-01-22,P094,12,191.89
SO04830,2024-05-09,P030,6,165.53
SO04831,2023-12-15,P079,12,16.05
SO04832,2024-09-18,P026,2,153.85
SO04833,2024-10-25,P096,3,220.58
SO04834,2023-09-06,P090,11,82.22
SO04835,2024-03-30,P055,18,197.08
SO04836,2023-08-20,P014,6,331.36
SO04837,2023-09-21,P027,9,137.43
SO04838,2024-06-18,P029,16,652.88
SO04839,2023-07-19,P100,4,115.71
SO04840,2023-10-10,P089,5,45.14
SO04841,2023-06-25,P076,11,170.71
SO04842,2023-12-07,P035,23,325.91
SO04843,2024-03-01,P099,7,1069.94
SO04844,2024-02-12,P100,17,97.93
SO04845,2023-01-18,P095,8,131.74
SO04846,2023-07-19,P100,4,144.06
SO04847,2023-08-18,P004,16,68.04
SO04848,2023-07-26,P012,16,98.07
SO04849,2023-04-13,P014,18,455.71
SO04850,2023-03-01,P028,1,21.02
SO04851,2023-06-04,P066,9,182.62
SO04852,2024-05-04,P004,7,74.16
SO04853,2023-04-30,P062,5,87.39
SO04854,2024-12-18,P074,2,75.97
SO04855,2024-05-23,P015,1,37.3
SO04856,2023-03-15,P096,8,165.69
SO04857,2023-12-03,P094,13,186.06
SO04858,2024-01-16,P085,16,154.04
SO04859,2024-12-20,P082,1,168.05
SO04860,2023-09-20,P078,3,244.42
SO04861,2023-08-20,P012,6,70.94
SO04862,2023-07-07,P037,17,80.03
SO04863,2023-11-22,P030,21,144.36
SO04864,2023-10-16,P042,12,142.06
SO04865,2023-02-18,P034,10,47.46
SO04866,2024-11-06,P098,20,518.49
SO04867,2023-07-19,P093,8,174.72
SO04868,2024-11-26,P090,11,120.79
SO04869,2023-01-25,P075,6,132.52
SO04870,2023-10-21,P095,20,68.39
SO04871,2023-04-24,P033,5,60.95
SO04872,2023-11-25,P033,9,97.44
SO04873,2024-06-16,P027,2,194.82
SO04874,2023-09-07,P076,12,180.67
SO04875,2023-05-15,P023,5,38.27
SO04876,2024-10-04,P089,24,76.12
SO04877,2024-05-30,P040,4,335.86
SO04878,2023-04-26,P044,8,79.34
SO04879,2023-01-19,P027,8,231.25
SO04880,2023-07-02,P054,17,105.0
SO04881,2024-05-01,P070,7,131.57
SO04882,2023-06-17,P049,2,115.56
SO04883,2024-05-07,P026,6,164.35
SO04884,2024-10-16,P023,15,38.51
SO04885,2024-08-15,P048,10,147.41
SO04886,2024-01-03,P081,11,165.5
SO04887,2024-02-25,P053,13,21.82
SO04888,2023-11-23,P028,15,39.9
SO04889,2023-06-06,P080,10,24.06
SO04890,2023-09-18,P049,12,117.26
SO04891,2023-04-16,P047,8,61.62
SO04892,2023-10-24,P068,17,123.58
SO04893,2023-11-05,P075,28,86.2
SO04894,2024-06-05,P063,13,49.75
SO04895,2023-12-14,P032,16,90.2
SO04896,2023-03-28,P007,7,1313.9
SO04897,2023-08-02,P014,8,515.49
SO04898,2024-10-07,P015,26,41.91
SO04899,2023-03-26,P025,2,122.71
SO04900,2023-06-21,P050,10,59.0
SO04901,2024-05-03,P049,3,115.9
SO04902,2023-06-27,P046,6,32.54
SO04903,2023-01-29,P037,15,82.19
SO04904,2023-05-02,P062,17,68.81
SO04905,2024-06-12,P098,19,346.06
SO04906,2023-07-30,P073,1,108.09
SO04907,2023-05-04,P023,19,38.28
SO04908,2024-12-03,P100,21,116.16
SO04909,2024-04-04,P018,8,44.67
SO04910,2024-02-10,P013,10,23.65
SO04911,2024-09-18,P070,12,217.67
SO04912,2024-06-01,P097,1,22.95
SO04913,2023-03-26,P021,1,146.98
SO04914,2024-11-01,P004,8,59.0
SO04915,2024-08-28,P073,3,169.89
SO04916,2023-09-02,P008,4,72.96
SO04917,2023-11-09,P013,27,15.17
SO04918,2023-03-18,P062,1,86.66
SO04919,2023-03-17,P020,8,89.68
SO04920,2024-04-06,P072,11,180.48
SO04921,2023-09-14,P087,16,204.5
SO04922,2023-12-04,P024,20,136.27
SO04923,2024-11-09,P009,23,95.71
SO04924,2023-04-20,P096,18,217.86
SO04925,2023-03-13,P082,1,164.75
SO04926,2023-03-21,P050,8,54.46
SO04927,2024-08-19,P090,7,101.0
SO04928,2024-04-05,P050,13,49.9
SO04929,2024-05-23,P037,10,59.36
SO04930,2024-10-15,P048,8,90.48
SO04931,2023-07-01,P094,10,210.5
SO04932,2023-12-13,P045,11,45.34
SO04933,2023-02-08,P094,10,178.12
SO04934,2023-04-27,P078,17,200.98
SO04935,2023-04-16,P010,13,60.31
SO04936,2023-08-21,P037,5,49.28
SO04937,2023-02-13,P026,7,125.43
SO04938,2024-08-25,P042,6,267.37
SO04939,2023-07-11,P047,17,67.78
SO04940,2024-07-31,P093,4,177.43
SO04941,2024-06-12,P031,7,43.59
SO04942,2024-03-11,P100,5,157.89
SO04943,2024-04-17,P019,19,161.38
SO04944,2023-03-25,P025,13,109.87
SO04945,2023-02-20,P091,3,956.15
SO04946,2023-02-07,P019,12,194.42
SO04947,2024-01-11,P087,17,211.61
SO04948,2024-07-15,P045,12,50.25
SO04949,2024-01-11,P059,2,73.56
SO04950,2023-10-29,P005,1,165.08
SO04951,2023-12-04,P044,26,116.54
SO04952,2024-11-09,P096,5,161.19
SO04953,2023-10-11,P076,28,208.46
SO04954,2024-09-17,P078,6,204.93
SO04955,2024-11-11,P096,4,155.29
SO04956,2024-08-06,P030,17,192.78
SO04957,2024-11-21,P043,19,96.22
SO04958,2024-04-24,P064,12,142.09
SO04959,2023-07-11,P069,10,134.34
SO04960,2023-08-12,P031,19,51.27
SO04961,2023-11-22,P040,18,519.03
SO04962,2023-06-18,P062,10,54.96
SO04963,2023-10-21,P036,5,121.1
SO04964,2023-04-19,P070,6,174.18
SO04965,2024-12-04,P029,7,854.82
SO04966,2023-06-01,P052,4,84.1
SO04967,2023-05-16,P056,1,121.63
SO04968,2023-09-18,P063,13,44.69
SO04969,2024-10-18,P039,20,57.83
SO04970,2024-05-26,P093,18,110.41
SO04971,2024-12-28,P090,9,121.06
SO04972,2024-01-10,P089,6,45.33
SO04973,2024-12-27,P084,26,170.95
SO04974,2023-05-07,P008,10,61.34
SO04975,2024-09-25,P043,1,56.68
SO04976,2024-02-27,P005,4,91.16
SO04977,2023-08-25,P012,15,77.13
SO04978,2023-07-05,P067,17,45.73
SO04979,2023-06-29,P011,16,226.35
SO04980,2023-09-15,P040,15,507.12
SO04981,2023-09-25,P030,17,143.31
SO04982,2023-08-27,P065,12,226.28
SO04983,2024-02-17,P019,6,241.77
SO04984,2024-04-24,P024,13,99.62
SO04985,2024-05-30,P066,2,160.36
SO04986,2023-09-11,P016,5,1124.88
SO04987,2023-03-27,P085,15,173.15
SO04988,2024-02-10,P068,4,125.86
SO04989,2023-03-08,P046,8,23.81
SO04990,2023-07-03,P043,16,53.27
SO04991,2024-12-10,P043,10,71.63
SO04992,2023-05-29,P064,15,168.78
SO04993,2024-07-15,P052,14,85.52
SO04994,2023-02-02,P077,8,122.3
SO04995,2024-09-29,P055,9,195.19
SO04996,2023-04-10,P005,13,115.36
SO04997,2024-03-26,P059,3,64.74
SO04998,2024-03-21,P018,12,37.37
SO04999,2023-11-14,P018,5,43.32
SO05000,2023-08-07,P069,18,125.37
SO05001,2024-01-12,P010,3,72.06
SO05002,2024-10-09,P061,22,55.2
SO05003,2024-03-30,P039,6,42.08
SO05004,2024-09-02,P089,4,47.8
SO05005,2024-07-11,P094,11,258.59
SO05006,2024-09-12,P057,5,122.33
SO05007,2024-12-05,P067,8,42.43
SO05008,2023-01-12,P035,19,465.63
SO05009,2024-04-11,P017,1,22.52
SO05010,2023-05-05,P058,2,77.29
SO05011,2024-11-18,P010,11,74.06
SO05012,2024-02-06,P070,10,164.84
SO05013,2024-01-16,P099,7,864.84
SO05014,2024-04-27,P060,8,174.29
SO05015,2024-12-29,P029,11,636.54
SO05016,2023-10-29,P072,11,229.46
SO05017,2023-02-11,P099,6,928.98
SO05018,2023-05-01,P073,17,195.16
SO05019,2024-09-04,P100,2,171.39
SO05020,2024-06-05,P076,3,163.14
SO05021,2024-04-18,P021,4,129.47
SO05022,2024-12-30,P041,16,48.08
SO05023,2024-08-18,P072,15,209.64
SO05024,2023-11-04,P049,6,115.17
SO05025,2023-06-04,P001,4,92.71
SO05026,2023-05-02,P085,15,136.28
SO05027,2024-08-04,P099,9,805.38
SO05028,2023-11-15,P047,26,71.64
SO05029,2024-04-13,P003,10,211.51
SO05030,2024-03-31,P078,3,144.39
SO05031,2023-06-17,P045,5,67.16
SO05032,2024-08-24,P022,2,183.58
SO05033,2024-11-27,P001,31,59.41
SO05034,2024-02-03,P075,9,130.91
SO05035,2024-02-04,P053,16,23.25
SO05036,2024-08-08,P011,4,224.8
SO05037,2024-03-17,P022,3,211.62
SO05038,2024-02-13,P050,14,65.57
SO05039,2023-12-30,P058,16,58.82
SO05040,2024-08-09,P005,3,148.39
SO05041,2023-03-07,P032,12,75.23
SO05042,2024-10-25,P017,23,21.79
SO05043,2024-05-03,P034,7,46.52
SO05044,2023-08-19,P081,14,188.84
SO05045,2024-11-03,P037,9,87.8
SO05046,2024-04-18,P070,5,169.01
SO05047,2023-05-03,P095,8,86.35
SO05048,2024-01-16,P027,11,235.52
SO05049,2023-09-17,P043,12,76.11
SO05050,2023-08-12,P012,14,99.82
SO05051,2024-06-18,P039,13,35.01
SO05052,2024-07-23,P055,16,208.75
SO05053,2023-11-04,P050,25,51.5
SO05054,2023-02-17,P062,18,78.8
SO05055,2023-07-17,P079,17,23.32
SO05056,2023-06-27,P041,8,34.4
SO05057,2024-07-10,P028,14,30.4
SO05058,2023-08-12,P072,3,231.91
SO05059,2024-09-12,P012,4,88.21
SO05060,2023-10-13,P083,1,127.35
SO05061,2023-07-21,P074,15,101.97
SO05062,2023-12-24,P023,19,36.95
SO05063,2024-07-03,P072,13,211.4
SO05064,2024-10-15,P065,1,205.1
SO05065,2023-11-10,P016,21,946.83
SO05066,2023-05-20,P086,10,999.6
SO05067,2024-09-18,P001,4,69.93
SO05068,2024-07-27,P049,15,67.9
SO05069,2023-09-25,P079,5,22.55
SO05070,2024-06-04,P075,9,132.88
SO05071,2023-06-14,P089,15,63.89
SO05072,2023-04-12,P022,16,150.92
SO05073,2024-01-13,P090,16,100.62
SO05074,2023-03-19,P001,10,92.11
SO05075,2024-02-15,P066,2,115.38
SO05076,2023-10-08,P060,20,124.33
SO05077,2024-07-21,P096,8,177.82
SO05078,2024-07-04,P091,16,845.86
SO05079,2024-02-11,P006,5,209.79
SO05080,2024-01-21,P057,16,153.31
SO05081,2024-06-18,P001,7,74.83
SO05082,2024-07-20,P039,11,57.61
SO05083,2023-04-28,P028,16,39.9
SO05084,2023-09-08,P015,2,54.23
SO05085,2024-01-02,P017,11,21.97
SO05086,2023-06-06,P057,18,131.39
SO05087,2023-12-26,P054,1,137.27
SO05088,2024-05-14,P087,7,233.65
SO05089,2024-05-01,P100,4,134.22
SO05090,2024-09-25,P033,2,81.74
SO05091,2024-08-23,P073,13,182.99
SO05092,2023-01-22,P010,11,64.37
SO05093,2023-07-02,P065,1,181.61
SO05094,2023-04-05,P048,15,138.52
SO05095,2024-07-03,P077,6,195.12
SO05096,2023-06-23,P045,18,36.16
SO05097,2023-10-10,P085,1,204.53
SO05098,2024-02-07,P089,5,77.39
SO05099,2023-12-18,P033,18,59.82
SO05100,2024-03-08,P013,2,16.91
SO05101,2023-12-25,P086,13,1022.37
SO05102,2024-12-24,P024,9,88.1
SO05103,2024-08-26,P065,8,205.17
SO05104,2023-09-20,P065,11,137.67
SO05105,2023-06-20,P002,17,105.97
SO05106,2023-03-11,P090,15,67.71
SO05107,2023-05-22,P075,4,104.62
SO05108,2023-07-07,P003,8,148.91
SO05109,2023-02-11,P092,15,151.43
SO05110,2024-01-01,P040,19,463.89
SO05111,2024-06-20,P004,17,66.65
SO05112,2023-10-07,P001,30,51.42
SO05113,2024-12-15,P065,20,221.53
SO05114,2023-10-10,P040,25,396.05
SO05115,2024-01-23,P079,13,24.73
SO05116,2023-10-07,P056,3,156.39
SO05117,2024-09-13,P038,11,88.11
SO05118,2024-12-13,P079,16,23.03
SO05119,2023-03-23,P055,16,134.1
SO05120,2023-06-20,P048,16,131.81
SO05121,2023-06-08,P098,1,352.48
SO05122,2023-08-06,P049,2,127.46
SO05123,2024-09-08,P006,16,178.08
SO05124,2023-04-03,P080,18,20.45
SO05125,2023-06-29,P077,8,152.76
SO05126,2023-01-06,P095,1,76.44
SO05127,2023-05-13,P051,16,58.57
SO05128,2024-10-25,P032,7,64.49
SO05129,2024-02-23,P083,12,157.05
SO05130,2023-03-30,P060,19,175.1
SO05131,2024-03-11,P067,14,51.08
SO05132,2024-02-20,P099,15,865.38
SO05133,2023-02-07,P044,3,63.56
SO05134,2024-11-13,P091,9,751.28
SO05135,2023-11-15,P010,4,59.75
SO05136,2024-01-28,P090,15,112.08
SO05137,2023-04-19,P096,3,158.39
SO05138,2024-06-07,P038,17,132.26
SO05139,2024-01-29,P025,5,120.36
SO05140,2023-11-11,P008,15,57.98
SO05141,2024-01-13,P020,16,116.71
SO05142,2023-01-24,P003,18,207.0
SO05143,2023-05-05,P050,6,58.67
SO05144,2023-11-18,P053,23,31.43
SO05145,2023-04-18,P064,5,162.61
SO05146,2024-08-25,P060,1,124.19
SO05147,2024-09-19,P080,3,26.37
SO05148,2024-11-26,P099,6,659.49
SO05149,2023-12-01,P044,19,75.93
SO05150,2023-11-08,P036,21,182.32
SO05151,2023-04-23,P070,5,142.92
SO05152,2023-04-22,P089,7,59.78
SO05153,2023-12-27,P079,2,14.15
SO05154,2023-07-25,P050,17,52.11
SO05155,2023-06-20,P026,9,135.97
SO05156,2023-04-07,P067,8,35.49
SO05157,2023-08-23,P044,17,70.88
SO05158,2024-09-10,P054,12,175.55
SO05159,2024-06-04,P037,8,60.61
SO05160,2023-12-17,P007,8,1287.38
SO05161,2024-01-31,P078,15,257.38
SO05162,2023-12-18,P020,8,94.88
SO05163,2024-06-19,P006,11,179.76
SO05164,2023-06-23,P078,9,232.86
SO05165,2023-04-05,P092,4,168.45
SO05166,2023-12-30,P055,8,192.22
SO05167,2023-05-13,P063,8,57.8
SO05168,2024-08-25,P014,15,571.81
SO05169,2024-01-19,P093,16,165.75
SO05170,2023-11-17,P021,11,108.63
SO05171,2024-01-18,P029,19,807.24
SO05172,2023-03-13,P092,13,167.44
SO05173,2023-05-09,P054,1,159.09
SO05174,2023-05-25,P026,10,112.17
SO05175,2024-08-15,P035,7,379.35
SO05176,2023-02-19,P022,19,138.41
SO05177,2024-09-09,P056,13,192.76
SO05178,2024-09-11,P048,15,88.83
SO05179,2024-02-14,P040,12,457.28
SO05180,2024-06-03,P027,2,141.39
SO05181,2024-12-12,P027,1,184.0
SO05182,2024-03-28,P023,14,34.27
SO05183,2024-05-25,P069,5,192.65
SO05184,2023-01-26,P008,3,64.88
SO05185,2023-03-19,P068,3,173.59
SO05186,2024-04-27,P095,18,112.78
SO05187,2024-04-02,P040,3,502.74
SO05188,2023-11-14,P054,13,99.43
SO05189,2024-11-21,P090,26,121.13
SO05190,2024-07-31,P093,1,120.42
SO05191,2024-04-14,P017,18,24.62
SO05192,2024-07-09,P064,15,132.53
SO05193,2024-02-24,P050,4,60.83
SO05194,2024-10-17,P072,12,144.46
SO05195,2024-06-06,P004,5,51.32
SO05196,2023-08-22,P073,6,148.17
SO05197,2024-06-15,P071,13,18.55
SO05198,2023-11-19,P009,3,164.62
SO05199,2023-10-27,P021,22,135.99
SO05200,2023-05-30,P042,12,221.89
SO05201,2023-07-13,P074,6,112.63
SO05202,2024-10-29,P041,17,47.64
SO05203,2024-06-05,P006,5,218.74
SO05204,2024-09-10,P095,6,68.29
SO05205,2024-01-01,P070,17,144.71
SO05206,2023-03-20,P079,18,17.6
SO05207,2023-03-21,P077,4,151.28
SO05208,2023-08-15,P027,1,216.8
SO05209,2024-07-18,P055,2,211.06
SO05210,2023-11-21,P016,23,682.09
SO05211,2023-10-10,P003,5,219.22
SO05212,2024-07-09,P055,3,244.16
SO05213,2023-04-16,P077,7,140.04
SO05214,2024-09-12,P002,17,139.59
SO05215,2023-11-05,P100,13,163.22
SO05216,2023-08-20,P019,7,144.18
SO05217,2023-09-02,P081,3,212.08
SO05218,2024-11-03,P045,6,57.21
SO05219,2024-04-12,P010,16,73.46
SO05220,2024-10-08,P094,20,221.3
SO05221,2024-01-11,P016,7,1281.97
SO05222,2023-03-06,P060,10,160.58
SO05223,2023-03-08,P059,10,100.16
SO05224,2024-11-08,P045,24,48.4
SO05225,2024-10-26,P021,9,131.43
SO05226,2023-01-26,P063,12,50.31
SO05227,2024-01-24,P034,16,73.8
SO05228,2023-03-22,P031,7,62.43
SO05229,2023-03-05,P013,13,14.62
SO05230,2023-11-18,P029,16,846.19
SO05231,2023-07-28,P011,1,127.77
SO05232,2023-12-11,P066,5,122.54
SO05233,2023-02-07,P037,11,73.13
SO05234,2024-03-19,P066,8,149.18
SO05235,2024-04-29,P068,8,151.45
SO05236,2023-05-31,P079,2,18.62
SO05237,2024-10-15,P015,11,33.73
SO05238,2024-11-20,P017,7,24.03
SO05239,2023-01-06,P075,10,110.32
SO05240,2024-03-30,P044,14,74.72
SO05241,2024-08-16,P050,5,44.09
SO05242,2024-06-03,P054,5,146.53
SO05243,2023-03-08,P043,2,102.51
SO05244,2024-07-16,P047,15,80.0
SO05245,2024-12-02,P055,1,222.82
SO05246,2024-03-15,P047,13,63.37
SO05247,2024-12-13,P067,3,28.93
SO05248,2023-10-17,P054,31,145.02
SO05249,2023-09-07,P093,12,115.0
SO05250,2023-05-12,P058,9,56.03
SO05251,2024-12-12,P044,28,83.7
SO05252,2024-12-01,P026,6,115.88
SO05253,2024-06-04,P097,8,15.56
SO05254,2024-06-25,P028,13,27.07
SO05255,2023-06-12,P010,3,71.7
SO05256,2024-03-08,P092,6,127.61
SO05257,2024-03-08,P037,8,90.97
SO05258,2023-07-30,P004,9,40.94
SO05259,2023-03-19,P079,15,15.46
SO05260,2023-11-16,P067,3,30.86
SO05261,2024-11-14,P064,22,171.43
SO05262,2023-07-01,P095,14,105.88
SO05263,2023-03-07,P099,8,717.87
SO05264,2023-07-04,P074,2,134.0
SO05265,2023-12-10,P053,20,19.68
SO05266,2023-05-22,P054,13,131.59
SO05267,2023-03-24,P084,6,150.65
SO05268,2023-02-24,P085,2,269.35
SO05269,2023-08-21,P012,18,67.87
SO05270,2024-10-15,P061,28,97.83
SO05271,2023-06-18,P020,6,70.46
SO05272,2023-12-29,P072,22,206.75
SO05273,2023-12-14,P078,6,177.74
SO05274,2023-01-21,P084,6,159.21
SO05275,2024-02-05,P003,16,195.58
SO05276,2024-10-24,P019,24,195.52
SO05277,2023-07-11,P094,15,198.53
SO05278,2023-06-09,P050,4,36.64
SO05279,2023-12-02,P029,8,648.38
SO05280,2024-07-02,P059,18,75.69
SO05281,2024-08-17,P021,8,129.7
SO05282,2023-02-20,P073,10,112.03
SO05283,2023-02-09,P011,11,125.28
SO05284,2024-04-15,P082,9,151.31
SO05285,2024-04-14,P100,11,126.68
SO05286,2023-06-27,P067,19,54.93
SO05287,2023-01-04,P032,15,62.59
SO05288,2023-08-07,P053,17,24.21
SO05289,2023-01-02,P041,11,37.09
SO05290,2024-12-09,P061,9,65.67
SO05291,2023-10-29,P060,20,170.74
SO05292,2023-06-16,P070,2,166.02
SO05293,2024-10-25,P008,9,63.79
SO05294,2023-09-19,P031,3,58.79
SO05295,2023-12-11,P036,21,188.09
SO05296,2024-04-14,P080,4,24.15
SO05297,2024-04-08,P009,7,95.64
SO05298,2023-08-07,P082,13,161.34
SO05299,2024-02-04,P096,8,239.88
SO05300,2023-07-28,P085,16,252.4
SO05301,2024-07-03,P047,19,84.4
SO05302,2023-05-30,P053,18,24.86
SO05303,2023-04-21,P014,4,583.54
SO05304,2023-09-05,P003,11,208.25
SO05305,2023-04-16,P058,6,76.65
SO05306,2023-10-24,P004,7,52.03
SO05307,2024-05-18,P057,3,172.52
SO05308,2023-01-06,P044,17,80.98
SO05309,2024-05-18,P076,2,141.02
SO05310,2024-04-07,P090,13,88.57
SO05311,2024-02-15,P034,9,56.56
SO05312,2023-08-25,P041,7,43.02
SO05313,2024-07-26,P068,5,189.64
SO05314,2023-05-03,P024,5,110.66
SO05315,2024-11-23,P001,20,78.29
SO05316,2023-07-06,P035,19,448.39
SO05317,2023-09-25,P075,11,97.1
SO05318,2023-06-24,P074,10,87.01
SO05319,2023-09-16,P056,3,197.24
SO05320,2023-01-31,P007,12,1265.58
SO05321,2024-11-03,P086,3,1231.17
SO05322,2023-02-17,P016,11,866.49
SO05323,2023-04-16,P090,5,72.25
SO05324,2024-06-11,P053,5,30.83
SO05325,2023-07-24,P001,10,61.99
SO05326,2024-02-02,P008,3,39.96
SO05327,2023-12-02,P006,17,158.48
SO05328,2024-05-07,P100,11,137.94
SO05329,2024-08-20,P037,6,73.33
SO05330,2024-01-19,P090,5,86.06
SO05331,2024-04-07,P084,12,173.92
SO05332,2023-10-09,P043,22,53.69
SO05333,2023-09-19,P065,6,139.56
SO05334,2023-05-26,P072,9,269.92
SO05335,2023-03-17,P082,15,175.14
SO05336,2024-11-30,P028,19,31.01
SO05337,2024-10-22,P053,37,20.83
SO05338,2023-11-18,P064,9,161.38
SO05339,2023-07-11,P084,4,201.54
SO05340,2024-04-04,P061,4,88.88
SO05341,2023-08-20,P084,9,109.73
SO05342,2023-10-23,P084,3,125.48
SO05343,2023-04-15,P058,19,91.72
SO05344,2024-03-29,P019,6,255.64
SO05345,2023-06-01,P043,10,84.13
SO05346,2024-05-15,P038,2,116.97
SO05347,2024-03-14,P001,12,64.93
SO05348,2023-02-18,P044,10,75.35
SO05349,2024-01-26,P062,19,81.4
SO05350,2023-08-28,P083,19,110.23
SO05351,2023-09-10,P045,19,64.42
SO05352,2024-02-02,P051,15,72.09
SO05353,2023-11-21,P061,13,70.74
SO05354,2024-01-17,P094,8,159.87
SO05355,2023-09-19,P029,15,848.55
SO05356,2023-06-08,P065,17,223.15
SO05357,2024-02-10,P032,15,73.02
SO05358,2023-12-29,P005,21,133.81
SO05359,2023-03-06,P078,5,168.8
SO05360,2023-02-11,P051,4,60.95
SO05361,2023-08-01,P086,17,768.68
SO05362,2024-05-14,P029,4,1073.94
SO05363,2023-08-27,P058,1,56.24
SO05364,2023-05-23,P024,16,123.54
SO05365,2023-04-19,P069,9,170.46
SO05366,2023-06-07,P055,12,172.4
SO05367,2023-01-25,P061,1,74.67
SO05368,2023-12-11,P014,11,497.19
SO05369,2024-04-10,P005,14,117.11
SO05370,2023-06-19,P088,5,101.76
SO05371,2023-03-03,P097,11,20.18
SO05372,2023-03-02,P051,9,93.39
SO05373,2024-12-23,P011,25,230.13
SO05374,2023-06-21,P018,1,48.42
SO05375,2023-01-16,P005,14,150.86
SO05376,2023-01-30,P035,18,395.88
SO05377,2023-03-20,P022,10,209.68
SO05378,2023-03-10,P086,4,722.39
SO05379,2024-07-29,P095,19,77.88
SO05380,2023-01-25,P007,1,1349.51
SO05381,2024-04-29,P024,10,138.49
SO05382,2024-11-05,P081,11,148.01
SO05383,2023-10-26,P067,15,42.47
SO05384,2024-06-05,P060,6,197.33
SO05385,2023-05-17,P048,2,136.46
SO05386,2024-06-29,P006,12,116.61
SO05387,2023-03-02,P063,5,52.29
SO05388,2023-04-13,P001,3,61.18
SO05389,2023-07-07,P041,19,50.85
SO05390,2024-08-16,P028,4,37.95
SO05391,2023-02-27,P049,4,97.96
SO05392,2023-08-06,P056,16,166.14
SO05393,2024-12-19,P081,18,131.08
SO05394,2024-10-07,P014,18,459.4
SO05395,2024-09-19,P038,3,158.7
SO05396,2024-04-21,P077,4,161.32
SO05397,2023-10-10,P056,23,205.2
SO05398,2024-08-18,P022,6,211.4
SO05399,2024-05-25,P067,1,35.73
SO05400,2024-06-02,P013,12,16.86
SO05401,2023-08-11,P013,8,20.46
SO05402,2023-05-15,P019,1,240.28
SO05403,2024-06-02,P028,12,33.34
SO05404,2023-04-22,P098,10,548.29
SO05405,2023-12-26,P049,10,66.69
SO05406,2023-04-10,P014,16,371.09
SO05407,2023-03-21,P059,5,71.9
SO05408,2023-08-25,P053,15,38.49
SO05409,2023-10-28,P076,12,206.52
SO05410,2024-10-29,P083,31,165.53
SO05411,2023-04-21,P035,10,523.2
SO05412,2023-06-30,P099,11,903.34
SO05413,2023-07-14,P007,7,987.65
SO05414,2024-08-03,P040,12,629.56
SO05415,2023-04-13,P006,6,180.73
SO05416,2024-06-04,P079,7,20.59
SO05417,2024-06-04,P052,6,67.59
SO05418,2023-03-10,P011,12,209.01
SO05419,2024-02-07,P062,9,66.46
SO05420,2023-06-28,P061,16,58.1
SO05421,2024-08-20,P039,14,50.21
SO05422,2023-07-25,P083,4,107.89
SO05423,2023-06-14,P040,6,504.23
SO05424,2024-08-06,P060,19,155.68
SO05425,2024-05-29,P047,15,89.72
SO05426,2024-08-23,P063,19,42.57
SO05427,2023-07-04,P038,14,89.38
SO05428,2023-07-22,P055,15,221.82
SO05429,2023-02-06,P022,1,180.34
SO05430,2024-12-29,P100,18,158.59
SO05431,2024-02-17,P079,18,17.09
SO05432,2023-08-12,P082,7,163.15
SO05433,2023-10-24,P001,32,90.2
SO05434,2024-05-20,P081,19,191.67
SO05435,2023-01-25,P044,1,117.27
SO05436,2023-03-24,P043,16,100.03
SO05437,2024-11-13,P066,9,193.9
SO05438,2023-11-26,P018,24,53.85
SO05439,2024-12-29,P071,24,15.65
SO05440,2023-09-02,P088,4,102.54
SO05441,2023-05-21,P061,1,89.58
SO05442,2024-02-21,P026,9,150.7
SO05443,2024-11-28,P086,3,839.44
SO05444,2023-05-16,P094,10,193.65
SO05445,2023-06-10,P026,8,104.75
SO05446,2024-05-07,P036,5,218.7
SO05447,2024-07-24,P084,18,133.36
SO05448,2024-05-30,P038,7,160.59
SO05449,2023-08-23,P093,10,212.24
SO05450,2024-01-13,P028,15,27.03
SO05451,2024-06-27,P029,12,773.87
SO05452,2023-02-09,P075,3,128.96
SO05453,2023-02-12,P063,12,45.67
SO05454,2024-08-16,P083,2,128.54
SO05455,2023-02-06,P053,17,27.16
SO05456,2023-03-24,P030,11,127.91
SO05457,2024-09-23,P036,9,141.11
SO05458,2024-12-24,P014,7,406.23
SO05459,2024-03-13,P008,8,59.71
SO05460,2024-03-06,P095,19,78.58
SO05461,2024-05-03,P072,19,259.92
SO05462,2024-09-17,P074,17,107.08
SO05463,2024-12-12,P049,15,128.77
SO05464,2023-08-01,P071,2,13.88
SO05465,2024-11-18,P077,12,151.01
SO05466,2023-05-09,P027,2,146.4
SO05467,2023-04-09,P003,15,198.33
SO05468,2024-11-27,P032,10,58.81
SO05469,2023-02-01,P071,8,17.48
SO05470,2024-04-03,P057,6,104.61
SO05471,2024-10-12,P022,25,147.58
SO05472,2023-07-23,P047,15,90.08
SO05473,2023-09-16,P024,16,109.64
SO05474,2024-04-13,P041,3,37.35
SO05475,2024-09-05,P001,9,71.34
SO05476,2024-07-08,P090,18,106.27
SO05477,2023-10-14,P008,9,53.32
SO05478,2024-03-24,P100,11,130.24
SO05479,2023-02-12,P064,13,178.64
SO05480,2024-03-05,P012,6,74.98
SO05481,2024-01-02,P090,3,78.27
SO05482,2023-04-20,P015,14,33.79
SO05483,2023-11-19,P094,6,216.48
SO05484,2023-11-02,P049,20,93.03
SO05485,2023-08-10,P011,4,226.37
SO05486,2023-09-14,P072,18,208.99
SO05487,2024-05-04,P063,12,47.2
SO05488,2024-12-26,P059,24,93.56
SO05489,2023-07-23,P094,15,137.76
SO05490,2023-07-15,P075,3,99.6
SO05491,2023-10-21,P070,17,142.99
SO05492,2024-03-05,P029,14,822.33
SO05493,2023-07-09,P054,11,120.05
SO05494,2024-06-15,P054,17,94.42
SO05495,2023-06-25,P054,11,175.71
SO05496,2024-01-23,P052,5,79.53
SO05497,2023-09-21,P088,13,192.18
SO05498,2024-07-26,P096,3,250.36
SO05499,2024-08-03,P062,6,46.69
SO05500,2023-03-27,P002,7,108.41
SO05501,2024-01-13,P059,2,64.44
SO05502,2024-06-22,P084,4,147.55
SO05503,2023-04-15,P018,12,39.23
SO05504,2023-05-24,P094,19,168.7
SO05505,2023-01-12,P077,10,168.08
SO05506,2023-12-08,P030,13,188.92
SO05507,2024-10-23,P050,20,65.36
SO05508,2024-06-06,P044,5,68.51
SO05509,2024-11-24,P027,3,212.26
SO05510,2023-10-25,P093,13,181.4
SO05511,2023-11-05,P038,4,93.9
SO05512,2024-08-11,P090,7,95.39
SO05513,2024-01-29,P008,14,60.49
SO05514,2023-11-29,P061,2,85.89
SO05515,2023-12-10,P057,7,127.49
SO05516,2024-10-13,P023,3,19.74
SO05517,2023-05-03,P050,18,65.3
SO05518,2024-07-15,P083,13,92.15
SO05519,2024-01-18,P047,18,74.1
SO05520,2024-02-18,P004,17,65.03
SO05521,2024-02-18,P100,2,170.13
SO05522,2024-04-27,P060,9,170.95
SO05523,2024-03-27,P093,13,202.68
SO05524,2024-08-12,P093,19,181.33
SO05525,2024-03-05,P095,15,74.85
SO05526,2023-08-10,P062,8,57.6
SO05527,2023-06-19,P007,4,1279.09
SO05528,2024-01-03,P099,1,1037.56
SO05529,2023-08-03,P061,10,85.9
SO05530,2024-04-03,P021,9,144.21
SO05531,2023-03-19,P015,19,35.58
SO05532,2023-11-08,P029,15,777.24
SO05533,2023-05-07,P076,15,169.73
SO05534,2023-11-29,P029,9,777.61
SO05535,2024-11-29,P017,2,24.21
SO05536,2024-07-26,P091,2,837.25
SO05537,2023-08-25,P032,7,103.64
SO05538,2024-04-01,P013,13,16.63
SO05539,2023-08-21,P021,18,133.03
SO05540,2024-03-28,P039,7,50.31
SO05541,2024-11-10,P014,17,570.42
SO05542,2024-03-02,P088,5,125.62
SO05543,2023-04-29,P014,11,494.11
SO05544,2024-02-22,P069,15,136.27
SO05545,2023-10-29,P044,31,93.41
SO05546,2024-07-07,P037,4,90.9
SO05547,2024-06-09,P034,6,68.96
SO05548,2024-07-19,P084,17,159.44
SO05549,2024-01-03,P027,3,187.69
SO05550,2023-03-30,P062,7,45.56
SO05551,2023-11-18,P047,15,54.71
SO05552,2023-12-30,P036,10,121.77
SO05553,2023-07-20,P019,11,174.87
SO05554,2024-01-22,P036,16,141.02
SO05555,2024-11-26,P092,19,142.72
SO05556,2023-10-05,P012,10,116.91
SO05557,2024-02-21,P056,14,176.86
SO05558,2023-05-13,P020,6,118.02
SO05559,2023-06-23,P010,7,72.65
SO05560,2024-11-15,P005,30,148.27
SO05561,2024-07-29,P036,16,173.93
SO05562,2024-11-18,P052,9,71.98
SO05563,2024-08-19,P028,18,22.31
SO05564,2023-08-14,P003,9,167.49
SO05565,2024-03-05,P020,13,107.68
SO05566,2023-01-06,P012,2,100.75
SO05567,2023-08-22,P012,17,105.4
SO05568,2024-04-06,P014,10,436.08
SO05569,2024-10-17,P013,6,13.21
SO05570,2024-12-27,P059,20,122.09
SO05571,2024-12-21,P037,9,71.37
SO05572,2024-04-28,P076,5,193.12
SO05573,2023-03-27,P022,9,197.5
SO05574,2023-11-03,P027,21,171.27
SO05575,2024-08-30,P079,11,13.14
SO05576,2023-01-12,P059,7,102.97
SO05577,2024-10-03,P052,5,70.58
SO05578,2024-03-15,P072,7,171.5
SO05579,2024-10-23,P095,3,90.71
SO05580,2024-08-10,P035,15,447.58
SO05581,2023-06-15,P027,13,134.67
SO05582,2024-12-09,P044,19,83.03
SO05583,2024-04-13,P078,18,237.75
SO05584,2023-02-21,P080,7,19.8
SO05585,2023-12-23,P062,24,46.9
SO05586,2024-01-14,P005,10,158.93
SO05587,2023-09-21,P044,13,111.39
SO05588,2023-09-11,P052,6,64.74
SO05589,2023-06-29,P053,16,25.17
SO05590,2024-02-17,P047,17,73.4
SO05591,2024-03-01,P005,17,106.75
SO05592,2024-06-01,P047,17,54.35
SO05593,2023-03-10,P099,19,741.72
SO05594,2023-11-13,P064,19,193.29
SO05595,2024-02-29,P063,16,42.54
SO05596,2023-04-19,P042,19,220.99
SO05597,2024-12-10,P006,27,121.33
SO05598,2023-02-28,P054,7,182.68
SO05599,2024-04-11,P062,5,70.18
SO05600,2024-04-27,P079,15,13.81
SO05601,2023-01-26,P062,11,77.49
SO05602,2023-05-20,P078,15,254.09
SO05603,2023-04-08,P011,13,209.37
SO05604,2023-01-28,P062,4,52.03
SO05605,2024-03-10,P002,12,137.67
SO05606,2023-01-30,P064,17,193.23
SO05607,2023-12-31,P076,5,132.15
SO05608,2023-05-22,P100,2,158.17
SO05609,2024-01-19,P073,4,193.43
SO05610,2024-12-27,P018,18,39.09
SO05611,2023-11-02,P029,15,687.24
SO05612,2024-08-22,P088,14,110.11
SO05613,2024-01-07,P094,15,180.2
SO05614,2023-06-25,P020,12,100.88
SO05615,2023-03-18,P035,5,335.01
SO05616,2024-03-31,P020,4,86.61
SO05617,2023-07-14,P014,15,582.58
SO05618,2023-05-09,P099,6,840.95
SO05619,2024-02-03,P037,7,71.82
SO05620,2023-05-09,P005,6,126.38
SO05621,2023-11-12,P033,15,82.01
SO05622,2024-02-19,P050,12,36.86
SO05623,2023-11-19,P026,13,130.15
SO05624,2024-01-12,P043,17,70.02
SO05625,2024-04-14,P095,18,90.35
SO05626,2023-11-24,P086,1,1206.93
SO05627,2023-09-09,P049,6,89.66
SO05628,2023-06-09,P058,7,79.02
SO05629,2023-07-18,P044,4,107.26
SO05630,2024-03-07,P029,14,914.21
SO05631,2024-02-19,P007,9,903.83
SO05632,2024-12-18,P012,1,122.66
SO05633,2023-01-25,P035,7,492.97
SO05634,2024-02-18,P089,19,51.57
SO05635,2024-04-12,P054,17,103.64
SO05636,2023-01-29,P023,1,27.35
SO05637,2024-05-19,P098,16,380.96
SO05638,2023-07-08,P023,6,35.06
SO05639,2023-12-05,P013,1,12.15
SO05640,2023-01-27,P085,10,258.89
SO05641,2023-03-14,P001,15,90.95
SO05642,2023-02-02,P008,7,48.72
SO05643,2023-02-23,P039,5,43.11
SO05644,2024-09-02,P020,16,117.83
SO05645,2023-08-22,P100,16,135.27
SO05646,2023-11-17,P098,5,521.28
SO05647,2023-10-23,P038,4,138.47
SO05648,2023-04-15,P048,6,77.2
SO05649,2023-11-21,P036,16,168.13
SO05650,2023-03-30,P066,19,175.74
SO05651,2024-08-26,P016,7,1229.43
SO05652,2024-09-29,P056,16,151.92
SO05653,2023-06-16,P007,15,1373.25
SO05654,2023-03-17,P056,16,142.69
SO05655,2023-12-05,P026,26,141.27
SO05656,2023-12-06,P052,21,67.25
SO05657,2024-05-03,P087,2,198.71
SO05658,2023-08-29,P075,19,140.25
SO05659,2024-10-05,P010,29,57.44
SO05660,2023-12-10,P017,20,22.64
SO05661,2024-05-31,P008,7,71.93
SO05662,2023-08-12,P087,7,162.81
SO05663,2024-06-12,P021,10,161.6
SO05664,2023-07-05,P074,13,96.2
SO05665,2023-11-30,P085,7,228.61
SO05666,2024-06-25,P051,7,49.63
SO05667,2024-03-07,P020,2,82.5
SO05668,2023-10-05,P005,21,139.44
SO05669,2024-05-20,P063,4,53.63
SO05670,2023-05-24,P002,11,159.2
SO05671,2023-05-22,P029,16,784.84
SO05672,2024-02-21,P021,15,124.94
SO05673,2024-08-21,P036,1,141.92
SO05674,2023-03-27,P054,19,183.9
SO05675,2024-11-13,P074,21,133.21
SO05676,2023-11-07,P016,1,964.55
SO05677,2024-03-04,P077,15,160.27
SO05678,2024-05-22,P063,14,48.48
SO05679,2024-12-26,P067,5,28.99
SO05680,2024-06-17,P023,13,25.61
SO05681,2023-04-12,P058,18,82.17
SO05682,2023-07-29,P046,4,23.9
SO05683,2024-12-15,P021,22,155.09
SO05684,2023-10-19,P032,14,105.7
SO05685,2024-11-24,P074,9,84.34
SO05686,2024-06-16,P029,17,904.75
SO05687,2023-08-21,P027,15,165.78
SO05688,2023-01-19,P032,19,60.64
SO05689,2023-01-28,P078,2,137.6
SO05690,2023-09-28,P063,18,35.17
SO05691,2024-06-04,P075,7,89.26
SO05692,2023-09-17,P059,10,95.68
SO05693,2024-08-23,P017,3,30.68
SO05694,2023-04-02,P006,6,127.59
SO05695,2024-08-01,P015,18,39.41
SO05696,2024-01-02,P093,8,136.48
SO05697,2023-06-15,P017,18,19.17
SO05698,2023-12-22,P048,18,134.69
SO05699,2023-09-23,P049,9,74.42
SO05700,2023-08-25,P038,7,157.39
SO05701,2023-04-27,P034,3,67.59
SO05702,2023-12-13,P003,7,220.1
SO05703,2023-12-31,P082,16,100.21
SO05704,2024-02-01,P003,10,161.88
SO05705,2023-10-12,P028,4,26.25
SO05706,2023-03-03,P010,10,65.31
SO05707,2023-07-31,P092,16,100.19
SO05708,2024-08-18,P049,7,117.9
SO05709,2024-06-04,P016,6,1125.57
SO05710,2024-07-22,P012,9,111.68
SO05711,2024-11-15,P064,8,172.68
SO05712,2024-08-14,P068,4,133.17
SO05713,2023-05-09,P030,4,150.1
SO05714,2023-03-27,P068,15,125.82
SO05715,2023-09-04,P062,11,49.38
SO05716,2024-09-10,P055,6,253.55
SO05717,2023-01-13,P067,16,36.83
SO05718,2024-11-23,P067,24,50.99
SO05719,2023-07-30,P065,13,162.54
SO05720,2024-10-02,P079,7,21.02
SO05721,2023-08-17,P070,19,242.0
SO05722,2024-05-30,P033,12,55.66
SO05723,2023-06-04,P065,1,209.25
SO05724,2024-05-09,P076,12,157.27
SO05725,2023-07-26,P029,15,1098.28
SO05726,2024-11-21,P011,1,208.52
SO05727,2023-04-16,P036,14,200.15
SO05728,2023-07-06,P046,15,21.89
SO05729,2023-03-08,P031,11,40.59
SO05730,2024-07-13,P076,5,109.79
SO05731,2023-02-22,P051,8,66.86
SO05732,2023-08-27,P041,2,41.08
SO05733,2024-11-16,P096,9,189.64
SO05734,2024-11-20,P087,19,158.62
SO05735,2023-08-12,P057,8,178.72
SO05736,2024-06-01,P030,2,161.01
SO05737,2024-08-07,P080,8,17.51
SO05738,2023-05-07,P061,8,70.03
SO05739,2024-03-16,P041,11,42.91
SO05740,2023-12-16,P050,7,36.55
SO05741,2024-10-03,P094,10,169.03
SO05742,2024-04-14,P058,15,63.86
SO05743,2023-07-14,P093,12,184.75
SO05744,2023-03-23,P091,17,1425.13
SO05745,2023-03-02,P036,15,185.74
SO05746,2023-05-06,P075,1,127.52
SO05747,2023-02-02,P087,8,164.04
SO05748,2024-12-21,P044,1,109.11
SO05749,2023-02-18,P018,17,32.35
SO05750,2023-04-01,P022,15,148.14
SO05751,2023-07-22,P048,17,91.07
SO05752,2024-05-21,P075,19,149.38
SO05753,2023-01-11,P042,10,233.19
SO05754,2023-09-08,P012,4,85.92
SO05755,2024-04-15,P038,4,150.12
SO05756,2023-05-01,P043,11,52.83
SO05757,2024-03-29,P021,9,107.47
SO05758,2023-07-21,P070,4,145.31
SO05759,2023-06-07,P038,1,86.18
SO05760,2023-05-17,P063,13,58.78
SO05761,2024-11-27,P087,9,255.5
SO05762,2023-05-18,P017,6,29.31
SO05763,2024-03-22,P013,3,23.56
SO05764,2023-11-20,P062,2,47.04
SO05765,2024-03-12,P024,15,88.4
SO05766,2023-01-26,P015,15,35.68
SO05767,2023-02-17,P019,14,148.24
SO05768,2023-08-12,P019,12,249.41
SO05769,2023-06-30,P033,11,88.29
SO05770,2024-08-21,P072,18,209.92
SO05771,2024-07-09,P083,2,103.54
SO05772,2023-12-11,P005,5,116.34
SO05773,2024-02-13,P058,3,70.01
SO05774,2024-10-17,P095,15,126.54
SO05775,2023-09-28,P063,17,35.43
SO05776,2023-10-03,P021,22,122.78
SO05777,2024-01-26,P012,11,108.54
SO05778,2023-01-06,P009,1,128.86
SO05779,2024-11-15,P009,16,187.25
SO05780,2024-09-19,P090,8,67.77
SO05781,2023-02-14,P100,5,145.47
SO05782,2023-11-23,P040,18,347.41
SO05783,2023-12-26,P013,12,16.76
SO05784,2024-03-21,P056,3,119.2
SO05785,2023-01-25,P004,19,49.46
SO05786,2024-04-15,P011,6,137.32
SO05787,2023-12-02,P015,14,28.54
SO05788,2024-09-07,P014,1,577.52
SO05789,2023-08-15,P055,8,233.47
SO05790,2023-03-11,P010,18,53.01
SO05791,2024-12-18,P068,6,201.91
SO05792,2024-10-25,P021,18,136.3
SO05793,2024-11-06,P023,1,25.48
SO05794,2024-02-01,P039,11,35.75
SO05795,2024-09-13,P001,8,79.74
SO05796,2023-09-27,P054,5,132.53
SO05797,2023-10-10,P030,3,120.12
SO05798,2023-10-29,P010,14,65.23
SO05799,2023-04-11,P083,4,101.5
SO05800,2023-10-18,P099,24,1139.83
SO05801,2023-05-01,P058,16,67.07
SO05802,2024-08-10,P047,16,85.01
SO05803,2024-01-16,P015,12,43.47
SO05804,2024-04-25,P060,18,108.42
SO05805,2023-08-07,P013,10,22.38
SO05806,2023-10-15,P019,7,232.85
SO05807,2023-11-13,P039,12,30.28
SO05808,2023-12-18,P068,24,179.32
SO05809,2024-04-04,P087,3,177.82
SO05810,2023-06-16,P078,13,146.48
SO05811,2023-10-08,P070,8,201.15
SO05812,2024-11-14,P088,23,119.24
SO05813,2023-01-23,P092,19,98.83
SO05814,2023-04-27,P041,14,44.61
SO05815,2023-11-22,P047,15,74.47
SO05816,2024-02-21,P032,13,85.27
SO05817,2024-10-18,P031,12,56.33
SO05818,2023-02-21,P044,4,93.91
SO05819,2023-01-03,P052,6,75.58
SO05820,2023-09-18,P036,8,148.83
SO05821,2024-04-29,P074,9,73.08
SO05822,2023-09-19,P071,10,16.19
SO05823,2024-03-30,P071,1,17.12
SO05824,2023-02-03,P022,5,201.09
SO05825,2024-04-23,P072,16,236.39
SO05826,2023-02-11,P078,10,203.63
SO05827,2023-09-02,P009,15,136.36
SO05828,2024-10-24,P094,1,248.79
SO05829,2023-02-26,P014,3,441.91
SO05830,2024-09-29,P021,10,127.35
SO05831,2023-03-10,P085,3,244.84
SO05832,2024-09-29,P024,15,81.83
SO05833,2024-06-05,P069,14,235.53
SO05834,2024-04-04,P036,12,123.81
SO05835,2024-12-15,P041,3,39.42
SO05836,2023-02-24,P017,16,25.72
SO05837,2024-08-22,P081,9,111.77
SO05838,2024-05-24,P018,15,32.74
SO05839,2024-01-09,P060,13,177.79
SO05840,2024-02-28,P079,12,22.44
SO05841,2023-08-23,P081,19,115.4
SO05842,2024-08-23,P063,13,34.93
SO05843,2023-08-22,P058,3,55.63
SO05844,2023-04-30,P095,10,97.76
SO05845,2024-11-11,P024,24,137.48
SO05846,2024-10-03,P037,30,71.81
SO05847,2024-02-11,P043,7,59.54
SO05848,2023-12-15,P016,19,708.28
SO05849,2024-09-12,P061,18,97.29
SO05850,2023-07-20,P054,9,117.63
SO05851,2024-11-15,P034,16,50.82
SO05852,2023-10-23,P053,27,20.44
SO05853,2023-03-30,P053,9,19.82
SO05854,2024-06-01,P024,11,128.38
SO05855,2023-10-16,P078,11,231.86
SO05856,2024-04-17,P075,3,121.53
SO05857,2023-02-25,P083,3,109.89
SO05858,2023-03-01,P096,19,163.24
SO05859,2023-03-13,P046,8,29.6
SO05860,2024-12-05,P011,31,137.02
SO05861,2023-05-20,P010,14,39.82
SO05862,2023-10-19,P056,24,201.06
SO05863,2023-02-05,P073,19,192.85
SO05864,2024-04-25,P081,1,193.78
SO05865,2023-10-03,P071,15,14.83
SO05866,2023-08-19,P051,12,84.79
SO05867,2024-02-27,P047,14,78.34
SO05868,2023-12-31,P038,24,121.37
SO05869,2023-01-08,P039,10,31.96
SO05870,2024-04-27,P017,10,29.68
SO05871,2024-06-28,P005,4,96.96
SO05872,2023-05-29,P094,10,196.35
SO05873,2023-12-21,P055,3,250.47
SO05874,2023-01-17,P059,16,81.87
SO05875,2024-03-15,P087,6,248.38
SO05876,2023-07-19,P057,10,103.21
SO05877,2024-01-19,P044,17,64.04
SO05878,2023-05-03,P064,3,168.78
SO05879,2023-05-02,P023,16,21.54
SO05880,2024-07-09,P049,18,97.24
SO05881,2024-03-04,P057,12,178.52
SO05882,2024-10-07,P078,16,132.32
SO05883,2024-09-03,P079,3,13.02
SO05884,2023-10-21,P081,7,205.12
SO05885,2024-08-25,P079,1,25.31
SO05886,2023-07-03,P011,1,172.7
SO05887,2023-09-19,P100,5,93.26
SO05888,2023-09-28,P083,4,170.53
SO05889,2024-01-16,P009,3,129.12
SO05890,2024-06-03,P005,12,94.13
SO05891,2024-05-22,P065,4,206.82
SO05892,2024-01-23,P093,16,165.3
SO05893,2023-09-26,P095,4,127.55
SO05894,2023-08-04,P006,6,159.55
SO05895,2023-05-10,P013,3,18.59
SO05896,2023-07-09,P067,2,34.37
SO05897,2023-08-11,P038,16,132.55
SO05898,2024-09-17,P062,6,59.82
SO05899,2023-11-01,P034,1,56.72
SO05900,2024-12-19,P100,1,158.74
SO05901,2023-03-05,P027,8,235.19
SO05902,2023-11-29,P097,7,25.38
SO05903,2023-04-10,P068,7,135.18
SO05904,2024-05-23,P075,8,80.15
SO05905,2024-05-22,P012,9,66.4
SO05906,2024-10-25,P090,17,120.52
SO05907,2023-02-10,P100,12,93.87
SO05908,2024-02-18,P025,10,72.15
SO05909,2024-08-23,P024,14,89.38
SO05910,2023-01-13,P087,18,182.48
SO05911,2024-02-03,P092,7,124.49
SO05912,2023-12-28,P078,5,209.76
SO05913,2023-07-09,P082,7,121.13
SO05914,2023-03-29,P037,13,54.16
SO05915,2023-11-27,P027,33,204.74
SO05916,2023-12-22,P049,28,100.32
SO05917,2023-05-28,P051,12,47.97
SO05918,2024-01-31,P076,17,186.69
SO05919,2023-06-20,P071,4,15.27
SO05920,2023-07-04,P049,19,123.83
SO05921,2024-09-04,P065,5,129.66
SO05922,2023-09-22,P092,1,169.15
SO05923,2023-10-12,P040,16,349.21
SO05924,2023-06-30,P004,11,70.69
SO05925,2024-06-26,P088,17,104.05
SO05926,2024-04-10,P076,10,128.03
SO05927,2023-09-22,P050,8,43.89
SO05928,2023-05-16,P065,3,128.55
SO05929,2023-05-22,P090,13,118.68
SO05930,2023-08-12,P032,13,109.17
SO05931,2023-04-23,P026,7,160.22
SO05932,2023-07-02,P100,8,118.47
SO05933,2024-04-07,P091,10,833.34
SO05934,2024-12-15,P070,17,123.09
SO05935,2024-04-19,P013,4,21.26
SO05936,2023-11-15,P071,25,11.73
SO05937,2024-05-25,P045,9,38.5
SO05938,2024-06-15,P056,17,137.64
SO05939,2023-12-23,P007,19,1240.06
SO05940,2024-10-18,P040,17,635.43
SO05941,2023-06-30,P002,15,158.3
SO05942,2023-09-07,P076,12,169.89
SO05943,2023-11-23,P028,37,39.34
SO05944,2023-03-26,P093,16,160.94
SO05945,2023-03-06,P039,3,42.21
SO05946,2024-09-05,P083,11,156.83
SO05947,2023-12-11,P043,27,60.9
SO05948,2024-10-28,P084,27,195.34
SO05949,2024-09-10,P091,14,862.48
SO05950,2023-12-10,P069,6,191.85
SO05951,2024-08-17,P096,3,211.15
SO05952,2024-07-30,P038,5,125.71
SO05953,2024-10-10,P099,13,900.34
SO05954,2024-08-25,P082,19,135.77
SO05955,2023-08-16,P011,13,157.34
SO05956,2024-12-31,P028,5,25.43
SO05957,2024-03-03,P096,1,138.32
SO05958,2023-01-12,P020,10,114.82
SO05959,2023-06-21,P004,18,74.76
SO05960,2024-11-29,P082,35,106.6
SO05961,2023-10-03,P053,12,37.47
SO05962,2024-10-11,P033,3,71.9
SO05963,2024-07-29,P017,10,27.72
SO05964,2024-02-29,P041,6,42.1
SO05965,2024-05-25,P008,2,73.43
SO05966,2024-01-09,P067,2,46.98
SO05967,2024-03-19,P045,7,64.13
SO05968,2023-08-06,P003,14,225.14
SO05969,2023-10-30,P063,34,54.72
SO05970,2024-02-06,P020,2,71.72
SO05971,2023-12-17,P073,28,157.79
SO05972,2024-06-13,P038,18,134.0
SO05973,2023-01-16,P085,16,182.58
SO05974,2024-02-05,P031,17,63.31
SO05975,2024-01-30,P086,19,1060.04
SO05976,2023-12-14,P100,21,173.42
SO05977,2023-05-24,P073,6,130.46
SO05978,2024-01-12,P031,5,48.68
SO05979,2023-12-20,P044,9,69.55
SO05980,2023-06-27,P070,5,161.46
SO05981,2024-09-09,P097,1,27.09
SO05982,2024-06-08,P097,17,23.92
SO05983,2023-12-29,P098,19,494.47
SO05984,2024-02-15,P081,3,206.52
SO05985,2024-01-31,P004,15,70.11
SO05986,2024-05-26,P051,5,64.38
SO05987,2023-03-12,P054,8,177.24
SO05988,2024-06-13,P061,10,98.85
SO05989,2024-02-19,P091,13,1415.07
SO05990,2023-06-10,P025,12,118.38
SO05991,2024-03-30,P088,15,190.64
SO05992,2023-10-28,P033,10,52.24
SO05993,2024-10-31,P054,15,154.72
SO05994,2024-11-27,P052,11,83.92
SO05995,2023-02-21,P098,10,430.22
SO05996,2024-06-13,P029,6,1011.53
SO05997,2023-01-18,P076,18,117.21
SO05998,2023-02-24,P097,12,24.28
SO05999,2023-04-01,P092,2,159.06
SO06000,2024-01-28,P054,10,130.79
SO06001,2023-04-13,P080,10,20.61
SO06002,2023-07-22,P095,6,87.02
SO06003,2023-06-10,P095,3,102.7
SO06004,2024-02-09,P015,16,38.0
SO06005,2023-07-11,P091,19,1407.28
SO06006,2023-09-10,P070,16,123.76
SO06007,2024-03-10,P006,6,127.19
SO06008,2024-04-12,P086,2,934.44
SO06009,2024-07-05,P065,16,161.65
SO06010,2023-02-18,P027,15,155.3
SO06011,2023-12-20,P009,14,138.64
SO06012,2024-09-10,P044,14,113.53
SO06013,2023-07-26,P021,19,114.22
SO06014,2024-11-08,P047,20,84.56
SO06015,2023-11-22,P043,10,75.72
SO06016,2024-10-29,P082,15,125.28
SO06017,2024-08-07,P069,10,230.93
SO06018,2023-05-13,P015,13,31.3
SO06019,2024-01-28,P075,12,89.44
SO06020,2024-05-26,P068,11,197.79
SO06021,2024-08-17,P046,6,27.52
SO06022,2023-08-12,P096,13,177.14
SO06023,2024-08-16,P050,6,38.36
SO06024,2023-12-22,P094,6,221.86
SO06025,2023-03-25,P073,12,177.17
SO06026,2023-03-16,P047,6,90.42
SO06027,2024-12-02,P020,7,105.84
SO06028,2023-11-08,P015,7,35.98
SO06029,2024-11-12,P049,9,130.64
SO06030,2024-03-26,P050,18,36.44
SO06031,2023-05-04,P028,2,38.79
SO06032,2023-08-23,P052,11,59.61
SO06033,2024-03-07,P032,13,91.33
SO06034,2024-01-20,P026,9,155.67
SO06035,2023-06-10,P064,17,217.13
SO06036,2024-11-24,P018,11,52.43
SO06037,2023-02-14,P064,10,178.58
SO06038,2024-01-17,P076,8,215.61
SO06039,2023-02-12,P099,1,665.6
SO06040,2024-03-19,P067,4,45.5
SO06041,2024-09-17,P011,12,215.05
SO06042,2023-07-21,P021,8,139.32
SO06043,2024-11-13,P088,4,103.46
SO06044,2023-01-12,P046,1,26.98
SO06045,2023-09-27,P001,9,96.95
SO06046,2024-01-09,P027,18,124.39
SO06047,2023-04-15,P033,9,85.78
SO06048,2023-09-23,P053,11,19.84
SO06049,2024-06-22,P057,17,195.63
SO06050,2023-07-02,P089,14,66.1
SO06051,2024-10-28,P095,13,87.2
SO06052,2024-07-30,P032,19,108.01
SO06053,2024-10-03,P009,5,117.66
SO06054,2024-04-29,P007,6,1005.34
SO06055,2024-08-09,P026,7,106.85
SO06056,2023-04-16,P038,9,142.55
SO06057,2023-11-18,P076,18,174.88
SO06058,2024-07-24,P080,17,16.93
SO06059,2024-01-26,P049,4,72.4
SO06060,2024-03-25,P062,15,55.46
SO06061,2023-07-20,P014,8,438.73
SO06062,2023-06-21,P023,4,31.57
SO06063,2023-03-23,P011,2,177.0
SO06064,2024-12-31,P069,8,149.89
SO06065,2023-11-15,P062,9,87.79
SO06066,2024-04-23,P027,1,197.04
SO06067,2024-08-28,P025,15,131.32
SO06068,2024-01-30,P030,16,132.18
SO06069,2024-08-06,P002,7,117.97
SO06070,2023-03-29,P056,6,115.27
SO06071,2023-07-13,P026,7,92.66
SO06072,2023-06-14,P062,15,75.07
SO06073,2023-04-05,P092,4,176.15
SO06074,2023-10-06,P027,2,143.48
SO06075,2023-11-26,P028,25,36.0
SO06076,2024-03-22,P067,19,50.9
SO06077,2023-12-31,P085,26,144.23
SO06078,2023-08-12,P059,8,70.54
SO06079,2024-08-13,P020,11,113.13
SO06080,2023-10-15,P007,15,1392.33
SO06081,2024-09-12,P005,2,109.16
SO06082,2023-02-13,P005,6,135.55
SO06083,2023-08-13,P004,10,57.38
SO06084,2024-11-25,P001,4,94.22
SO06085,2023-01-07,P031,17,40.64
SO06086,2023-08-28,P037,18,84.3
SO06087,2024-04-12,P087,12,178.66
SO06088,2024-08-24,P075,3,120.9
SO06089,2023-09-12,P001,8,92.56
SO06090,2024-07-24,P076,14,112.68
SO06091,2023-12-05,P047,34,65.78
SO06092,2024-11-17,P073,25,118.07
SO06093,2023-10-03,P087,16,222.15
SO06094,2024-05-01,P007,7,897.26
SO06095,2023-05-08,P052,19,43.61
SO06096,2023-02-23,P035,19,281.27
SO06097,2023-08-02,P072,1,243.98
SO06098,2024-10-20,P050,22,41.28
SO06099,2023-10-08,P036,20,137.98
SO06100,2024-04-06,P045,7,65.55
SO06101,2024-09-14,P100,16,172.43
SO06102,2023-01-04,P029,7,863.88
SO06103,2024-08-28,P054,1,148.84
SO06104,2024-10-03,P027,6,194.13
SO06105,2024-11-26,P085,28,239.94
SO06106,2024-10-10,P021,5,166.23
SO06107,2023-05-24,P091,5,1175.68
SO06108,2024-09-20,P061,15,68.07
SO06109,2023-08-01,P007,16,1078.11
SO06110,2024-06-18,P068,4,126.54
SO06111,2024-08-22,P056,11,174.34
SO06112,2024-04-20,P041,2,53.72
SO06113,2024-09-06,P081,7,194.3
SO06114,2024-06-24,P056,2,160.26
SO06115,2023-05-16,P005,16,141.7
SO06116,2024-08-16,P063,5,55.95
SO06117,2024-11-08,P088,21,145.99
SO06118,2023-01-17,P022,7,190.5
SO06119,2024-01-19,P072,10,265.13
SO06120,2023-04-21,P056,9,109.44
SO06121,2024-01-27,P044,1,72.89
SO06122,2023-06-17,P024,18,114.19
SO06123,2024-10-02,P100,9,159.03
SO06124,2024-01-25,P016,15,717.14
SO06125,2024-07-02,P037,12,83.54
SO06126,2024-05-11,P014,13,327.31
SO06127,2024-12-18,P047,3,60.23
SO06128,2024-03-16,P100,7,106.88
SO06129,2024-09-06,P037,16,52.8
SO06130,2023-01-29,P068,17,147.43
SO06131,2023-12-21,P045,21,54.46
SO06132,2023-04-21,P051,4,53.67
SO06133,2023-01-15,P038,11,143.95
SO06134,2023-11-19,P002,11,104.6
SO06135,2024-11-07,P063,16,35.66
SO06136,2023-09-19,P085,8,201.61
SO06137,2024-08-11,P050,9,43.53
SO06138,2024-10-04,P091,16,786.09
SO06139,2023-03-08,P055,17,248.26
SO06140,2024-03-29,P033,16,61.43
SO06141,2023-02-03,P028,14,28.69
SO06142,2024-06-04,P094,11,239.17
SO06143,2023-10-20,P063,8,54.91
SO06144,2023-02-21,P009,16,149.44
SO06145,2024-09-23,P060,5,108.39
SO06146,2023-07-10,P026,10,89.43
SO06147,2024-08-13,P096,4,149.06
SO06148,2023-05-05,P005,15,162.77
SO06149,2023-01-05,P024,15,91.88
SO06150,2024-12-14,P065,10,140.78
SO06151,2024-03-21,P026,16,162.25
SO06152,2024-06-04,P057,1,119.02
SO06153,2024-02-18,P058,9,96.54
SO06154,2023-08-31,P030,13,184.34
SO06155,2023-08-27,P018,10,31.77
SO06156,2023-01-22,P034,12,74.44
SO06157,2023-11-23,P030,31,123.61
SO06158,2024-10-06,P083,7,116.82
SO06159,2023-08-22,P015,13,32.89
SO06160,2023-11-18,P010,21,72.12
SO06161,2023-07-07,P003,6,164.7
SO06162,2023-03-23,P049,10,122.9
SO06163,2024-09-07,P033,7,51.26
SO06164,2023-12-05,P061,18,78.72
SO06165,2024-02-12,P062,19,44.66
SO06166,2023-11-27,P066,3,126.59
SO06167,2024-06-04,P100,5,130.52
SO06168,2024-02-27,P052,1,83.65
SO06169,2023-01-25,P061,1,96.98
SO06170,2023-08-25,P081,12,138.95
SO06171,2023-07-22,P099,7,1080.3
SO06172,2024-05-27,P045,17,37.6
SO06173,2024-06-12,P074,12,90.79
SO06174,2024-10-18,P084,23,182.29
SO06175,2023-10-12,P012,19,65.87
SO06176,2024-11-12,P020,6,65.63
SO06177,2023-01-17,P060,12,176.15
SO06178,2024-12-12,P055,19,241.86
SO06179,2023-11-19,P010,23,76.75
SO06180,2024-08-19,P022,11,143.27
SO06181,2023-07-26,P047,8,63.11
SO06182,2023-08-25,P010,9,67.7
SO06183,2024-03-23,P015,4,47.04
SO06184,2023-11-14,P030,16,140.55
SO06185,2023-09-06,P020,13,110.82
SO06186,2024-12-25,P003,23,147.56
SO06187,2024-08-23,P080,15,13.97
SO06188,2024-02-11,P076,9,157.46
SO06189,2023-03-10,P009,16,110.94
SO06190,2023-11-26,P088,15,137.3
SO06191,2023-08-15,P013,13,21.2
SO06192,2024-11-25,P048,34,77.55
SO06193,2024-02-14,P092,19,159.01
SO06194,2024-09-19,P005,2,140.56
SO06195,2023-12-22,P046,1,29.0
SO06196,2024-11-16,P002,24,101.64
SO06197,2023-12-12,P027,24,130.18
SO06198,2024-05-14,P066,12,176.42
SO06199,2024-08-20,P074,8,89.83
SO06200,2024-03-26,P048,16,120.59
SO06201,2024-02-11,P062,14,49.69
SO06202,2024-02-12,P068,12,186.35
SO06203,2024-11-19,P008,2,42.21
SO06204,2023-02-21,P081,9,119.48
SO06205,2023-07-06,P093,9,127.88
SO06206,2023-05-09,P078,18,169.51
SO06207,2024-03-23,P072,2,201.45
SO06208,2023-08-07,P049,19,68.68
SO06209,2024-01-18,P005,5,110.21
SO06210,2023-02-24,P002,8,159.59
SO06211,2023-12-17,P008,23,57.38
SO06212,2023-04-15,P060,9,133.5
SO06213,2024-06-25,P084,10,132.84
SO06214,2024-05-11,P014,11,373.8
SO06215,2023-12-27,P066,23,147.6
SO06216,2023-01-14,P056,15,118.09
SO06217,2023-03-28,P063,2,33.43
SO06218,2023-03-08,P019,12,241.11
SO06219,2023-12-10,P078,14,203.35
SO06220,2023-08-30,P029,8,852.01
SO06221,2024-08-21,P064,14,195.44
SO06222,2024-08-06,P048,1,84.11
SO06223,2023-08-04,P027,15,223.57
SO06224,2023-08-11,P080,10,19.05
SO06225,2024-12-09,P079,6,14.05
SO06226,2024-07-01,P070,17,192.65
SO06227,2024-07-27,P056,19,178.15
SO06228,2023-04-20,P047,12,75.14
SO06229,2024-10-28,P051,34,48.72
SO06230,2023-05-11,P001,14,75.93
SO06231,2023-10-10,P077,7,112.39
SO06232,2024-11-05,P032,28,72.28
SO06233,2023-03-25,P099,19,656.67
SO06234,2024-02-28,P048,11,96.49
SO06235,2024-09-08,P038,18,114.96
SO06236,2023-09-20,P077,15,126.59
SO06237,2024-03-21,P076,19,134.09
SO06238,2023-09-22,P025,1,105.65
SO06239,2024-11-14,P058,25,63.43
SO06240,2023-04-08,P002,1,161.45
SO06241,2023-08-24,P008,19,70.99
SO06242,2023-06-26,P100,16,124.14
SO06243,2023-11-11,P029,14,738.31
SO06244,2024-10-10,P057,26,103.11
SO06245,2023-03-05,P082,8,110.02
SO06246,2023-06-08,P034,8,79.8
SO06247,2023-07-10,P042,2,195.01
SO06248,2024-01-19,P052,19,84.42
SO06249,2024-01-27,P061,17,70.7
SO06250,2024-12-22,P071,25,16.82
SO06251,2023-01-07,P013,14,14.07
SO06252,2024-10-28,P016,17,1206.41
SO06253,2023-10-13,P085,24,187.54
SO06254,2024-12-08,P058,26,70.28
SO06255,2024-09-04,P096,1,230.75
SO06256,2024-05-30,P033,19,64.46
SO06257,2023-11-03,P019,23,158.68
SO06258,2024-08-24,P099,18,854.66
SO06259,2024-08-09,P010,5,41.62
SO06260,2023-11-29,P022,33,126.56
SO06261,2023-01-18,P016,9,769.0
SO06262,2024-11-14,P073,33,165.96
SO06263,2023-01-20,P056,7,196.67
SO06264,2024-09-25,P065,18,179.08
SO06265,2023-06-18,P015,7,27.28
SO06266,2024-12-24,P039,7,36.79
SO06267,2023-06-10,P096,18,215.3
SO06268,2024-07-31,P047,3,77.51
SO06269,2024-07-03,P044,3,99.54
SO06270,2023-11-02,P098,3,556.68
SO06271,2023-11-04,P096,11,223.1
SO06272,2023-03-10,P002,14,129.0
SO06273,2024-11-13,P030,11,114.32
SO06274,2024-09-23,P054,5,133.99
SO06275,2024-02-11,P082,11,141.66
SO06276,2023-06-18,P023,11,23.02
SO06277,2023-01-16,P074,4,126.36
SO06278,2024-10-07,P015,11,50.57
SO06279,2023-06-10,P018,5,54.74
SO06280,2024-05-15,P016,17,1277.85
SO06281,2024-02-28,P027,15,174.61
SO06282,2024-12-02,P066,23,160.39
SO06283,2023-11-12,P021,2,148.05
SO06284,2024-05-31,P091,2,1375.86
SO06285,2023-05-11,P079,17,17.99
SO06286,2024-02-07,P007,12,1099.83
SO06287,2024-04-22,P099,16,747.08
SO06288,2024-11-14,P082,9,101.19
SO06289,2023-03-18,P019,1,218.75
SO06290,2024-05-23,P074,18,89.85
SO06291,2024-08-31,P011,8,203.44
SO06292,2023-11-23,P046,20,20.19
SO06293,2024-09-04,P067,17,30.17
SO06294,2023-07-18,P088,4,136.61
SO06295,2024-07-17,P046,1,34.2
SO06296,2023-06-13,P094,18,185.76
SO06297,2023-02-10,P022,11,190.94
SO06298,2024-08-12,P087,15,177.35
SO06299,2024-10-10,P056,22,127.97
SO06300,2024-08-17,P063,7,32.54
SO06301,2023-06-18,P059,8,94.44
SO06302,2024-07-19,P088,1,123.45
SO06303,2023-07-24,P068,17,203.42
SO06304,2024-11-18,P018,15,44.99
SO06305,2024-01-13,P059,12,111.71
SO06306,2024-02-15,P089,16,73.6
SO06307,2023-03-03,P053,13,35.16
SO06308,2023-04-28,P076,6,142.44
SO06309,2023-10-16,P074,28,100.16
SO06310,2023-09-27,P012,11,105.4
SO06311,2023-09-21,P016,5,912.93
SO06312,2023-12-24,P092,13,154.41
SO06313,2023-10-24,P016,29,736.1
SO06314,2023-09-07,P086,7,949.59
SO06315,2023-05-07,P053,7,34.67
SO06316,2024-07-17,P082,9,170.35
SO06317,2023-06-02,P075,7,143.4
SO06318,2023-06-15,P057,2,115.2
SO06319,2023-06-25,P073,19,205.73
SO06320,2024-04-08,P006,15,115.12
SO06321,2024-11-18,P007,32,770.51
SO06322,2023-02-14,P093,12,210.6
SO06323,2023-09-23,P060,12,106.25
SO06324,2023-04-23,P057,10,173.43
SO06325,2023-12-23,P016,18,1155.77
SO06326,2024-09-11,P045,7,68.95
SO06327,2024-09-16,P028,14,21.56
SO06328,2023-08-30,P097,12,17.74
SO06329,2023-10-09,P050,20,54.52
SO06330,2023-10-20,P055,15,210.05
SO06331,2023-10-07,P015,9,51.48
SO06332,2023-09-26,P081,11,172.84
SO06333,2024-07-06,P092,17,125.96
SO06334,2024-07-10,P006,1,130.58
SO06335,2023-03-19,P056,10,176.33
SO06336,2024-01-07,P016,14,938.35
SO06337,2024-02-29,P096,7,139.27
SO06338,2023-09-27,P025,14,87.91
SO06339,2023-05-25,P017,8,20.01
SO06340,2023-06-22,P095,8,130.81
SO06341,2024-11-09,P068,29,146.01
SO06342,2023-05-31,P021,18,119.95
SO06343,2024-01-22,P062,16,54.86
SO06344,2023-11-05,P004,10,40.74
SO06345,2024-10-10,P074,4,104.03
SO06346,2024-02-02,P021,3,165.02
SO06347,2024-09-11,P015,3,35.14
SO06348,2024-10-06,P060,32,134.98
SO06349,2023-08-08,P056,13,119.65
SO06350,2024-12-02,P003,4,175.06
SO06351,2023-03-06,P047,12,82.04
SO06352,2024-02-16,P044,3,67.03
SO06353,2023-08-14,P050,7,51.84
SO06354,2024-12-09,P025,14,121.86
SO06355,2024-02-10,P018,14,41.27
SO06356,2023-02-28,P059,6,70.75
SO06357,2024-04-02,P095,9,83.11
SO06358,2023-12-20,P081,27,160.59
SO06359,2023-09-22,P021,11,110.2
SO06360,2023-11-21,P073,18,150.09
SO06361,2023-01-02,P064,10,172.01
SO06362,2023-03-09,P100,13,123.61
SO06363,2024-09-26,P073,9,149.8
SO06364,2024-06-27,P060,3,188.27
SO06365,2024-09-08,P100,9,115.4
SO06366,2024-09-12,P042,9,196.64
SO06367,2023-03-10,P087,9,212.81
SO06368,2023-09-09,P027,5,162.56
SO06369,2023-04-08,P026,6,133.09
SO06370,2023-06-26,P050,4,48.85
SO06371,2023-03-11,P079,6,23.81
SO06372,2023-05-08,P046,17,31.62
SO06373,2023-03-09,P085,3,145.98
SO06374,2024-08-30,P010,2,64.17
SO06375,2024-05-20,P062,12,78.67
SO06376,2023-01-04,P034,6,68.13
SO06377,2024-01-01,P015,9,32.68
SO06378,2024-02-03,P006,3,194.06
SO06379,2024-11-30,P061,14,68.02
SO06380,2024-11-03,P013,5,12.31
SO06381,2024-11-29,P009,21,146.61
SO06382,2023-07-31,P013,1,17.0
SO06383,2023-03-13,P030,6,135.46
SO06384,2023-11-24,P005,5,137.4
SO06385,2024-11-18,P023,15,30.76
SO06386,2023-06-26,P043,5,88.26
SO06387,2024-10-19,P044,24,82.68
SO06388,2023-04-06,P087,7,202.63
SO06389,2024-06-24,P011,7,184.92
SO06390,2024-10-01,P079,13,22.51
SO06391,2024-03-22,P053,10,25.54
SO06392,2024-05-28,P052,9,60.32
SO06393,2023-09-21,P081,3,191.8
SO06394,2023-07-16,P066,6,153.26
SO06395,2023-01-18,P094,1,158.12
SO06396,2024-05-07,P030,2,162.33
SO06397,2024-09-30,P007,14,791.99
SO06398,2023-08-16,P080,19,22.13
SO06399,2023-05-18,P095,18,108.39
SO06400,2023-10-27,P083,8,95.09
SO06401,2023-09-11,P025,12,71.83
SO06402,2023-07-14,P049,2,111.95
SO06403,2023-06-28,P078,12,236.98
SO06404,2024-11-26,P034,1,45.27
SO06405,2024-11-04,P008,29,42.2
SO06406,2024-02-22,P076,1,188.31
SO06407,2023-08-29,P061,2,73.15
SO06408,2023-03-25,P014,2,445.86
SO06409,2023-04-14,P031,6,42.86
SO06410,2024-04-18,P030,11,114.71
SO06411,2023-10-17,P088,25,137.43
SO06412,2024-02-15,P071,4,20.18
SO06413,2023-01-01,P019,15,176.23
SO06414,2024-01-28,P058,12,102.08
SO06415,2023-05-27,P023,11,27.77
SO06416,2023-01-17,P086,15,1283.12
SO06417,2024-03-25,P036,12,177.69
SO06418,2024-11-14,P084,12,160.42
SO06419,2024-07-30,P013,8,14.68
SO06420,2024-06-14,P083,13,145.53
SO06421,2024-08-28,P029,6,977.43
SO06422,2024-08-06,P071,15,21.49
SO06423,2024-01-24,P036,18,209.78
SO06424,2023-07-09,P012,11,91.41
SO06425,2024-08-09,P009,6,136.62
SO06426,2024-03-13,P001,13,69.83
SO06427,2023-09-03,P087,14,240.57
SO06428,2023-03-02,P018,1,30.04
SO06429,2023-03-12,P013,13,23.69
SO06430,2024-02-29,P062,15,67.67
SO06431,2023-08-05,P016,5,750.32
SO06432,2024-02-15,P020,5,75.2
SO06433,2024-11-26,P078,16,138.2
SO06434,2023-08-01,P084,15,218.62
SO06435,2023-07-20,P054,10,107.7
SO06436,2024-06-03,P088,19,198.46
SO06437,2023-11-10,P069,10,211.01
SO06438,2024-12-23,P003,4,225.32
SO06439,2023-01-03,P003,13,176.18
SO06440,2024-09-25,P043,7,93.82
SO06441,2024-02-15,P082,16,99.8
SO06442,2023-01-23,P046,18,35.59
SO06443,2023-06-08,P047,3,54.29
SO06444,2024-08-27,P093,11,149.16
SO06445,2023-06-21,P068,7,164.53
SO06446,2024-11-22,P019,16,145.44
SO06447,2023-10-24,P008,15,45.11
SO06448,2024-11-16,P098,2,355.04
SO06449,2023-05-10,P039,1,49.97
SO06450,2023-03-25,P017,10,19.11
SO06451,2024-01-17,P039,16,45.58
SO06452,2023-09-11,P082,19,113.46
SO06453,2024-12-29,P074,24,113.38
SO06454,2024-07-23,P002,18,141.06
SO06455,2023-03-25,P015,18,37.83
SO06456,2023-01-23,P045,10,48.91
SO06457,2023-10-18,P060,23,157.93
SO06458,2024-02-05,P014,10,469.6
SO06459,2024-09-30,P079,2,13.43
SO06460,2023-07-15,P061,17,89.01
SO06461,2024-02-20,P021,9,150.83
SO06462,2024-12-11,P054,14,152.19
SO06463,2024-03-21,P062,6,58.66
SO06464,2024-09-21,P091,14,1355.87
SO06465,2023-08-04,P006,18,180.07
SO06466,2023-12-07,P073,5,157.9
SO06467,2023-11-22,P031,1,59.37
SO06468,2023-08-05,P063,13,50.11
SO06469,2024-01-02,P072,4,188.85
SO06470,2023-07-12,P098,8,441.5
SO06471,2023-12-03,P100,15,154.13
SO06472,2024-06-19,P034,12,66.47
SO06473,2023-05-08,P076,7,148.0
SO06474,2024-10-13,P081,33,205.95
SO06475,2023-08-22,P086,13,1315.28
SO06476,2023-12-09,P019,5,141.17
SO06477,2023-12-27,P001,12,68.47
SO06478,2023-10-21,P057,31,126.54
SO06479,2024-07-24,P038,19,99.59
SO06480,2024-10-05,P042,16,244.13
SO06481,2023-01-20,P076,9,112.19
SO06482,2024-03-01,P061,2,103.11
SO06483,2024-04-02,P021,16,133.68
SO06484,2024-11-23,P059,4,62.18
SO06485,2023-10-04,P024,19,120.2
SO06486,2023-07-20,P060,10,140.22
SO06487,2023-07-06,P076,13,169.22
SO06488,2024-09-23,P086,11,1187.14
SO06489,2023-03-22,P035,3,372.12
SO06490,2023-12-18,P098,26,338.36
SO06491,2023-06-04,P084,12,124.42
SO06492,2023-02-14,P070,16,141.1
SO06493,2023-09-12,P055,12,197.37
SO06494,2024-09-22,P042,3,159.18
SO06495,2024-11-08,P097,19,28.6
SO06496,2024-05-18,P075,5,131.06
SO06497,2023-11-18,P008,5,54.38
SO06498,2023-03-16,P081,6,189.18
SO06499,2023-11-11,P034,2,56.57
SO06500,2024-07-20,P020,17,114.7
SO06501,2024-03-16,P067,10,36.23
SO06502,2023-03-31,P007,18,1375.81
SO06503,2024-03-25,P044,13,117.42
SO06504,2024-07-08,P074,18,70.49
SO06505,2024-03-04,P054,8,130.81
SO06506,2024-05-02,P018,1,43.68
SO06507,2023-05-26,P005,18,109.01
SO06508,2023-01-17,P022,10,152.3
SO06509,2024-01-19,P070,6,205.7
SO06510,2024-07-04,P014,1,512.15
SO06511,2024-03-21,P005,10,158.42
SO06512,2024-04-05,P097,14,30.63
SO06513,2023-06-01,P015,12,40.51
SO06514,2023-07-02,P092,2,192.36
SO06515,2024-08-03,P084,2,158.6
SO06516,2023-09-19,P068,18,178.4
SO06517,2024-10-07,P040,4,357.45
SO06518,2023-01-14,P004,14,55.64
SO06519,2024-12-27,P022,23,191.82
SO06520,2024-05-23,P023,5,33.28
SO06521,2023-09-11,P010,12,61.68
SO06522,2024-06-01,P029,2,1028.84
SO06523,2023-12-17,P045,20,41.22
SO06524,2024-06-24,P031,2,34.51
SO06525,2023-11-15,P096,26,135.0
SO06526,2024-05-10,P065,7,173.57
SO06527,2024-01-28,P072,7,221.73
SO06528,2024-07-26,P073,11,118.62
SO06529,2023-11-11,P021,17,131.36
SO06530,2024-09-19,P063,2,46.47
SO06531,2024-11-27,P026,17,158.53
SO06532,2024-05-25,P081,1,153.72
SO06533,2023-04-29,P071,19,20.15
SO06534,2024-06-23,P091,11,818.14
SO06535,2023-12-28,P042,9,194.8
SO06536,2023-12-17,P086,7,882.85
SO06537,2023-11-12,P094,29,252.97
SO06538,2024-02-14,P080,19,21.07
SO06539,2023-06-19,P043,8,103.12
SO06540,2023-05-08,P095,10,93.73
SO06541,2023-11-25,P099,17,664.66
SO06542,2024-06-03,P100,15,108.2
SO06543,2024-09-16,P082,15,99.48
SO06544,2023-06-08,P027,9,221.93
SO06545,2023-02-19,P083,3,88.16
SO06546,2023-05-29,P008,15,43.02
SO06547,2023-04-07,P067,19,40.92
SO06548,2023-09-26,P037,13,70.09
SO06549,2024-10-04,P024,9,84.38
SO06550,2023-04-21,P097,10,22.44
SO06551,2023-01-16,P014,9,501.8
SO06552,2023-09-15,P023,3,37.0
SO06553,2024-10-26,P008,24,59.28
SO06554,2023-06-19,P056,5,202.38
SO06555,2023-04-06,P036,2,182.43
SO06556,2024-11-10,P048,24,118.68
SO06557,2023-04-06,P046,15,21.1
SO06558,2023-10-01,P057,3,200.03
SO06559,2023-03-22,P076,13,157.83
SO06560,2024-02-13,P031,7,61.0
SO06561,2023-11-27,P010,21,60.78
SO06562,2024-03-04,P079,14,13.27
SO06563,2023-04-24,P058,18,75.43
SO06564,2023-05-13,P053,10,35.08
SO06565,2024-11-30,P034,16,73.64
SO06566,2024-07-03,P066,1,160.4
SO06567,2024-10-14,P080,7,22.48
SO06568,2024-03-16,P049,12,124.16
SO06569,2023-07-07,P082,16,99.27
SO06570,2023-04-19,P048,18,104.41
SO06571,2024-01-30,P009,12,169.97
SO06572,2023-02-22,P001,4,73.67
SO06573,2024-11-17,P048,1,87.36
SO06574,2023-06-14,P005,2,145.2
SO06575,2023-12-31,P063,26,56.76
SO06576,2023-03-19,P095,2,113.75
SO06577,2024-01-09,P065,12,166.98
SO06578,2023-06-24,P004,16,44.95
SO06579,2024-10-15,P078,9,254.12
SO06580,2024-07-18,P014,3,377.43
SO06581,2023-09-21,P052,15,79.66
SO06582,2024-10-27,P006,4,140.86
SO06583,2024-01-24,P095,10,102.19
SO06584,2023-07-16,P031,3,38.14
SO06585,2023-09-30,P056,1,141.11
SO06586,2023-12-17,P083,10,154.0
SO06587,2024-12-17,P050,29,34.92
SO06588,2023-09-09,P076,17,147.86
SO06589,2023-02-26,P011,5,135.66
SO06590,2023-10-05,P075,11,100.29
SO06591,2023-12-12,P005,9,139.22
SO06592,2024-12-07,P063,26,51.14
SO06593,2023-03-27,P063,1,50.84
SO06594,2023-05-31,P069,19,227.38
SO06595,2023-12-09,P031,3,56.57
SO06596,2023-12-08,P099,34,855.87
SO06597,2024-11-09,P042,5,169.99
SO06598,2024-01-24,P084,9,125.66
SO06599,2023-12-10,P054,22,120.39
SO06600,2024-07-15,P081,3,169.65
SO06601,2024-10-01,P002,28,152.5
SO06602,2023-08-28,P032,2,92.81
SO06603,2024-05-18,P040,13,457.28
SO06604,2023-04-26,P078,6,164.8
SO06605,2023-06-23,P037,16,58.06
SO06606,2023-05-04,P071,15,17.17
SO06607,2024-01-16,P069,8,227.76
SO06608,2024-09-07,P079,19,16.98
SO06609,2023-09-02,P059,18,94.61
SO06610,2023-02-27,P091,9,1248.15
SO06611,2023-07-23,P094,18,258.32
SO06612,2023-11-15,P051,15,66.41
SO06613,2023-03-02,P001,18,62.85
SO06614,2024-05-30,P061,1,74.09
SO06615,2023-12-20,P034,6,58.83
SO06616,2024-09-23,P065,5,149.67
SO06617,2024-08-14,P042,15,160.7
SO06618,2023-07-05,P048,4,137.1
SO06619,2023-04-13,P083,16,92.46
SO06620,2024-01-06,P064,19,121.17
SO06621,2023-01-21,P091,2,1071.99
SO06622,2023-10-01,P007,25,807.08
SO06623,2023-01-16,P035,4,388.44
SO06624,2023-08-11,P064,11,157.9
SO06625,2023-10-09,P043,25,95.59
SO06626,2024-07-05,P075,6,99.93
SO06627,2023-08-25,P028,7,20.29
SO06628,2023-06-08,P014,1,538.88
SO06629,2023-09-05,P043,7,88.18
SO06630,2023-12-03,P090,35,85.87
SO06631,2024-11-14,P002,1,92.85
SO06632,2023-12-10,P078,17,195.95
SO06633,2024-01-12,P080,19,17.52
SO06634,2024-11-13,P010,8,66.72
SO06635,2023-03-30,P057,14,135.45
SO06636,2024-08-10,P038,6,98.36
SO06637,2023-11-07,P074,25,104.99
SO06638,2024-07-10,P084,13,200.5
SO06639,2024-05-04,P066,13,129.84
SO06640,2023-11-21,P075,29,95.98
SO06641,2024-03-13,P005,18,92.76
SO06642,2024-07-23,P061,15,57.26
SO06643,2023-06-22,P050,18,34.67
SO06644,2023-05-11,P074,17,125.82
SO06645,2023-12-18,P065,19,181.43
SO06646,2023-10-09,P008,13,72.51
SO06647,2024-09-22,P031,19,34.87
SO06648,2024-10-08,P026,3,100.73
SO06649,2024-03-09,P068,18,118.37
SO06650,2023-02-15,P039,13,34.01
SO06651,2023-11-01,P049,17,122.72
SO06652,2023-09-07,P042,15,148.7
SO06653,2024-09-27,P017,7,16.21
SO06654,2024-05-29,P084,16,132.77
SO06655,2023-05-04,P098,2,461.06
SO06656,2024-03-11,P046,3,31.08
SO06657,2023-11-03,P083,22,139.15
SO06658,2024-08-24,P100,1,140.24
SO06659,2024-04-25,P098,7,322.66
SO06660,2023-01-05,P027,13,182.14
SO06661,2023-01-09,P030,13,171.5
SO06662,2023-01-10,P048,6,134.36
SO06663,2023-03-28,P035,13,506.97
SO06664,2024-12-22,P031,1,61.14
SO06665,2024-02-03,P056,19,183.37
SO06666,2023-02-13,P014,6,426.95
SO06667,2023-11-11,P075,26,104.27
SO06668,2024-05-09,P012,9,122.09
SO06669,2023-12-21,P076,10,139.23
SO06670,2023-08-14,P033,10,99.24
SO06671,2024-10-20,P090,22,98.73
SO06672,2024-07-23,P069,11,124.97
SO06673,2024-04-05,P086,1,1367.16
SO06674,2024-10-10,P014,1,391.91
SO06675,2023-08-15,P038,19,141.35
SO06676,2023-12-18,P070,22,132.71
SO06677,2024-10-23,P083,16,150.06
SO06678,2024-09-29,P073,4,177.89
SO06679,2024-11-21,P076,14,168.2
SO06680,2023-09-20,P094,6,265.3
SO06681,2023-07-04,P027,2,200.72
SO06682,2023-12-04,P013,1,20.1
SO06683,2023-09-05,P059,3,66.55
SO06684,2024-09-23,P056,8,177.81
SO06685,2024-08-13,P065,15,155.99
SO06686,2024-09-09,P031,18,54.7
SO06687,2024-03-25,P072,8,158.6
SO06688,2023-12-19,P045,15,43.58
SO06689,2023-11-19,P100,7,168.69
SO06690,2024-10-21,P016,5,740.59
SO06691,2023-06-20,P072,10,220.39
SO06692,2024-08-02,P017,2,24.45
SO06693,2023-05-02,P074,14,83.97
SO06694,2023-05-05,P091,2,1154.29
SO06695,2024-04-15,P061,16,93.77
SO06696,2023-02-19,P004,15,74.08
SO06697,2023-06-06,P060,18,110.04
SO06698,2023-07-13,P018,12,36.64
SO06699,2024-08-01,P075,17,146.48
SO06700,2024-07-02,P098,4,347.35
SO06701,2024-09-23,P018,3,30.84
SO06702,2024-07-22,P075,10,146.67
SO06703,2024-12-09,P033,17,62.47
SO06704,2023-10-14,P074,4,106.92
SO06705,2024-03-31,P016,12,1074.31
SO06706,2023-10-12,P059,5,100.01
SO06707,2023-08-03,P061,7,69.87
SO06708,2023-01-09,P040,3,609.35
SO06709,2024-12-14,P068,26,111.74
SO06710,2023-06-26,P099,14,963.72
SO06711,2024-11-16,P043,24,103.55
SO06712,2024-11-09,P064,20,141.19
SO06713,2024-05-07,P055,2,256.69
SO06714,2023-07-01,P065,6,135.0
SO06715,2024-04-21,P024,18,82.59
SO06716,2023-03-31,P034,9,61.08
SO06717,2024-06-19,P052,6,53.68
SO06718,2023-09-27,P092,14,139.72
SO06719,2024-10-02,P065,26,127.98
SO06720,2024-04-18,P078,14,173.92
SO06721,2024-11-13,P058,3,63.33
SO06722,2024-06-05,P016,7,980.09
SO06723,2024-05-07,P100,9,147.0
SO06724,2024-01-09,P048,7,121.93
SO06725,2024-07-23,P017,13,23.8
SO06726,2024-10-17,P080,25,24.04
SO06727,2023-08-13,P058,19,77.18
SO06728,2024-09-14,P034,4,52.99
SO06729,2024-03-09,P059,15,88.83
SO06730,2024-12-24,P045,21,54.9
SO06731,2023-05-03,P006,8,156.44
SO06732,2023-03-15,P028,19,24.77
SO06733,2023-05-31,P098,14,412.87
SO06734,2023-07-31,P098,13,444.55
SO06735,2024-06-29,P008,2,66.01
SO06736,2023-12-15,P066,8,183.88
SO06737,2023-08-23,P088,1,132.35
SO06738,2024-02-06,P021,18,168.27
SO06739,2023-03-12,P018,8,46.26
SO06740,2024-08-26,P059,11,95.54
SO06741,2023-02-01,P009,14,153.01
SO06742,2023-10-07,P024,37,118.47
SO06743,2023-07-10,P046,1,33.53
SO06744,2024-03-20,P024,2,107.89
SO06745,2024-08-29,P053,9,27.1
SO06746,2024-05-12,P019,18,263.12
SO06747,2023-07-07,P081,7,114.27
SO06748,2023-08-28,P029,19,812.15
SO06749,2024-12-02,P030,31,107.68
SO06750,2023-03-10,P029,2,920.88
SO06751,2023-12-31,P100,17,104.22
SO06752,2024-03-22,P050,18,54.36
SO06753,2024-11-17,P045,6,61.96
SO06754,2023-07-31,P039,18,41.11
SO06755,2023-12-25,P038,7,131.22
SO06756,2023-09-06,P035,19,388.13
SO06757,2024-10-15,P007,27,1191.3
SO06758,2023-02-15,P081,7,220.27
SO06759,2024-07-15,P016,5,875.36
SO06760,2024-05-29,P047,16,63.75
SO06761,2023-03-03,P010,3,75.98
SO06762,2024-01-13,P037,10,79.82
SO06763,2023-09-03,P056,3,156.98
SO06764,2024-04-15,P012,3,114.29
SO06765,2023-03-19,P030,8,149.79
SO06766,2024-12-06,P098,29,298.34
SO06767,2023-05-08,P022,11,134.87
SO06768,2024-02-16,P096,1,147.13
SO06769,2024-01-07,P028,17,36.17
SO06770,2023-05-06,P031,2,42.76
SO06771,2024-10-05,P022,16,142.5
SO06772,2023-07-22,P056,15,144.17
SO06773,2024-09-25,P025,19,133.35
SO06774,2023-08-03,P035,1,353.08
SO06775,2024-04-09,P039,13,50.8
SO06776,2023-12-05,P062,8,66.76
SO06777,2024-04-12,P072,9,166.89
SO06778,2023-05-12,P031,6,59.84
SO06779,2024-04-05,P053,15,34.78
SO06780,2023-03-23,P090,4,96.45
SO06781,2023-08-10,P060,1,129.05
SO06782,2024-06-25,P025,10,137.94
SO06783,2024-02-01,P064,12,156.64
SO06784,2024-11-27,P049,33,124.72
SO06785,2024-11-27,P075,1,140.22
SO06786,2024-08-25,P085,6,270.71
SO06787,2023-07-09,P085,5,222.96
SO06788,2024-05-06,P026,8,93.51
SO06789,2024-01-20,P045,5,46.39
SO06790,2023-05-28,P023,11,26.99
SO06791,2024-07-18,P034,9,75.82
SO06792,2023-11-30,P009,16,137.19
SO06793,2023-11-10,P022,15,172.3
SO06794,2023-07-31,P011,1,201.29
SO06795,2023-01-01,P034,1,75.66
SO06796,2024-09-25,P097,18,24.67
SO06797,2023-06-10,P065,9,162.48
SO06798,2024-09-05,P025,12,104.12
SO06799,2023-06-06,P035,7,523.26
SO06800,2024-04-27,P013,2,13.86
SO06801,2023-07-07,P058,13,55.02
SO06802,2024-10-01,P021,7,95.5
SO06803,2024-02-12,P089,7,76.07
SO06804,2023-04-23,P070,16,139.89
SO06805,2024-07-14,P001,13,73.03
SO06806,2023-10-06,P025,11,80.21
SO06807,2023-01-12,P047,13,69.13
SO06808,2023-02-15,P025,18,88.55
SO06809,2023-06-15,P044,10,97.98
SO06810,2024-10-04,P018,15,30.84
SO06811,2023-03-24,P088,13,127.69
SO06812,2024-07-26,P026,15,125.45
SO06813,2023-09-29,P084,2,201.99
SO06814,2023-10-14,P047,7,80.58
SO06815,2024-03-30,P030,1,129.14
SO06816,2024-05-18,P052,4,80.18
SO06817,2024-11-14,P034,7,77.38
SO06818,2023-02-22,P058,11,56.12
SO06819,2023-05-14,P006,7,146.33
SO06820,2023-02-02,P039,19,32.85
SO06821,2023-01-30,P100,11,109.98
SO06822,2024-06-18,P017,14,24.23
SO06823,2024-09-03,P024,8,79.05
SO06824,2023-12-25,P054,9,157.68
SO06825,2023-09-17,P100,9,133.26
SO06826,2023-04-24,P089,13,69.69
SO06827,2023-12-05,P053,10,23.29
SO06828,2023-05-14,P026,11,131.38
SO06829,2024-05-12,P071,16,17.9
SO06830,2024-08-28,P037,4,90.36
SO06831,2024-12-26,P017,20,22.19
SO06832,2024-04-19,P026,17,105.15
SO06833,2024-03-29,P027,5,170.6
SO06834,2023-05-01,P011,16,152.4
SO06835,2024-08-16,P044,12,106.13
SO06836,2023-07-18,P087,14,228.97
SO06837,2023-09-18,P069,6,177.19
SO06838,2024-02-03,P072,3,153.6
SO06839,2024-10-26,P088,11,128.79
SO06840,2023-08-19,P006,6,115.55
SO06841,2023-10-03,P032,10,79.56
SO06842,2024-07-04,P050,15,57.52
SO06843,2024-05-21,P068,17,193.66
SO06844,2023-12-30,P054,10,109.64
SO06845,2023-06-11,P089,8,54.12
SO06846,2023-07-10,P085,4,256.18
SO06847,2024-01-01,P036,6,180.27
SO06848,2024-04-14,P015,9,32.35
SO06849,2023-02-07,P100,1,120.85
SO06850,2023-03-17,P068,16,123.61
SO06851,2024-12-31,P098,2,490.0
SO06852,2023-11-27,P093,26,113.99
SO06853,2024-10-15,P041,1,56.19
SO06854,2024-08-10,P026,19,160.18
SO06855,2024-10-14,P022,25,162.15
SO06856,2023-06-04,P031,19,38.48
SO06857,2023-11-29,P071,15,15.2
SO06858,2023-03-21,P054,13,152.62
SO06859,2024-09-22,P054,14,96.59
SO06860,2024-05-08,P072,6,212.65
SO06861,2023-02-08,P025,16,127.59
SO06862,2024-01-24,P057,16,117.34
SO06863,2023-01-02,P036,4,126.8
SO06864,2024-08-05,P027,8,230.94
SO06865,2023-01-31,P081,19,204.96
SO06866,2024-02-21,P041,8,38.94
SO06867,2024-12-04,P065,5,189.68
SO06868,2023-11-15,P098,18,558.03
SO06869,2024-10-30,P063,37,45.59
SO06870,2023-07-06,P004,9,60.38
SO06871,2024-04-21,P016,13,692.13
SO06872,2024-03-25,P074,18,85.75
SO06873,2024-04-16,P047,7,80.0
SO06874,2023-04-23,P009,4,165.28
SO06875,2023-12-08,P085,22,197.75
SO06876,2024-04-16,P031,16,60.04
SO06877,2024-11-30,P001,32,62.39
SO06878,2024-05-24,P003,14,225.88
SO06879,2023-01-26,P032,19,110.85
SO06880,2023-05-13,P021,4,94.34
SO06881,2023-06-15,P085,19,199.84
SO06882,2024-09-24,P028,18,27.59
SO06883,2024-05-30,P031,12,55.24
SO06884,2024-05-24,P050,15,52.73
SO06885,2024-06-07,P030,13,158.84
SO06886,2023-09-13,P092,19,174.63
SO06887,2023-04-08,P036,4,152.04
SO06888,2023-05-22,P069,6,138.17
SO06889,2023-08-18,P088,2,108.89
SO06890,2024-03-18,P062,7,68.39
SO06891,2023-04-22,P024,18,93.51
SO06892,2023-10-22,P017,25,15.7
SO06893,2023-04-29,P053,18,23.4
SO06894,2024-08-08,P006,14,119.01
SO06895,2024-10-30,P033,7,85.34
SO06896,2024-09-30,P065,5,149.41
SO06897,2024-11-17,P045,9,59.07
SO06898,2023-08-19,P007,17,1375.25
SO06899,2023-02-11,P040,13,455.81
SO06900,2023-08-03,P089,18,57.85
SO06901,2023-09-27,P080,16,20.63
SO06902,2024-08-09,P051,3,72.62
SO06903,2024-08-28,P018,18,54.92
SO06904,2023-12-06,P092,28,176.69
SO06905,2023-01-12,P037,19,86.06
SO06906,2023-07-17,P081,5,191.4
SO06907,2024-05-12,P061,6,54.99
SO06908,2023-02-06,P023,12,36.19
SO06909,2024-09-16,P083,6,139.99
SO06910,2024-03-01,P042,13,137.18
SO06911,2023-03-24,P084,15,212.93
SO06912,2023-12-01,P066,29,108.01
SO06913,2024-07-31,P074,18,86.31
SO06914,2023-11-23,P041,22,53.61
SO06915,2024-10-24,P095,22,105.89
SO06916,2024-02-26,P038,9,109.9
SO06917,2024-07-14,P062,7,79.42
SO06918,2023-05-15,P011,11,153.85
SO06919,2023-10-07,P057,29,120.04
SO06920,2024-05-17,P024,7,121.81
SO06921,2024-05-18,P075,12,117.19
SO06922,2024-03-16,P069,8,152.57
SO06923,2024-10-14,P043,26,76.31
SO06924,2023-08-15,P071,1,19.53
SO06925,2024-09-22,P027,5,139.72
SO06926,2024-02-06,P001,10,84.41
SO06927,2024-08-25,P078,9,232.53
SO06928,2023-01-24,P082,5,156.22
SO06929,2023-06-29,P053,5,29.58
SO06930,2024-02-14,P039,14,35.41
SO06931,2023-01-29,P041,4,32.17
SO06932,2024-08-11,P017,19,17.96
SO06933,2023-08-09,P020,19,84.02
SO06934,2023-11-21,P073,18,181.16
SO06935,2024-02-26,P023,5,34.46
SO06936,2024-07-07,P021,11,126.16
SO06937,2023-12-23,P087,29,274.89
SO06938,2023-08-19,P040,15,574.14
SO06939,2024-01-31,P028,4,40.21
SO06940,2023-02-23,P050,9,64.01
SO06941,2024-06-10,P009,19,111.33
SO06942,2024-08-22,P038,17,163.57
SO06943,2024-07-07,P091,8,1053.8
SO06944,2024-04-01,P053,7,23.13
SO06945,2024-01-03,P053,13,21.39
SO06946,2024-06-15,P028,7,30.25
SO06947,2024-11-30,P016,8,1016.69
SO06948,2024-11-12,P048,29,91.96
SO06949,2024-04-06,P069,11,229.67
SO06950,2023-03-23,P044,6,73.83
SO06951,2024-06-22,P085,15,220.43
SO06952,2023-12-14,P003,22,131.75
SO06953,2024-06-06,P034,17,63.51
SO06954,2023-05-18,P006,8,203.48
SO06955,2024-12-09,P069,4,186.65
SO06956,2024-05-04,P099,4,694.28
SO06957,2023-12-30,P015,18,38.51
SO06958,2023-02-27,P090,14,81.17
SO06959,2023-08-09,P041,16,41.73
SO06960,2024-11-01,P068,18,168.6
SO06961,2023-01-25,P001,5,53.82
SO06962,2023-02-05,P078,15,228.6
SO06963,2024-02-01,P041,7,52.56
SO06964,2024-02-17,P002,8,87.27
SO06965,2024-06-15,P020,3,68.47
SO06966,2023-11-29,P026,31,163.58
SO06967,2024-04-01,P088,8,122.31
SO06968,2024-03-15,P099,5,1234.65
SO06969,2024-09-19,P070,4,134.19
SO06970,2024-02-03,P060,9,180.54
SO06971,2023-04-14,P019,6,140.59
SO06972,2024-01-28,P072,13,253.35
SO06973,2023-01-15,P020,5,88.37
SO06974,2024-01-11,P054,10,184.66
SO06975,2024-05-24,P090,12,106.95
SO06976,2023-07-27,P095,13,100.11
SO06977,2023-04-07,P002,2,125.43
SO06978,2023-08-29,P050,4,64.91
SO06979,2024-09-13,P009,18,147.99
SO06980,2024-09-18,P013,8,19.36
SO06981,2024-05-09,P027,12,211.21
SO06982,2024-06-07,P073,17,168.1
SO06983,2023-11-04,P040,9,513.24
SO06984,2023-10-21,P013,27,20.91
SO06985,2024-02-25,P019,16,166.43
SO06986,2024-09-18,P027,7,166.63
SO06987,2024-08-27,P011,9,118.3
SO06988,2024-03-28,P030,2,102.43
SO06989,2023-03-08,P032,19,115.56
SO06990,2023-02-08,P007,7,1220.65
SO06991,2023-02-24,P005,12,106.52
SO06992,2023-09-16,P093,1,182.72
SO06993,2023-05-24,P013,14,21.27
SO06994,2024-05-15,P042,16,246.29
SO06995,2024-12-23,P023,1,33.11
SO06996,2023-01-31,P014,17,577.33
SO06997,2024-11-26,P093,5,122.87
SO06998,2023-06-28,P088,13,129.17
SO06999,2024-01-21,P049,11,76.5
SO07000,2024-09-06,P013,1,20.27
SO07001,2023-10-10,P099,14,776.89
SO07002,2024-12-21,P072,27,174.25
SO07003,2023-06-01,P095,15,103.64
SO07004,2023-08-24,P090,3,94.46
SO07005,2023-07-27,P038,5,168.75
SO07006,2023-05-13,P011,8,161.2
SO07007,2023-07-05,P050,17,42.84
SO07008,2023-02-14,P097,5,18.41
SO07009,2024-09-13,P077,15,188.27
SO07010,2023-03-22,P087,7,208.54
SO07011,2023-09-16,P003,17,150.51
SO07012,2024-12-09,P002,32,95.74
SO07013,2024-05-02,P031,7,45.87
SO07014,2024-04-13,P048,10,112.5
SO07015,2024-12-25,P054,19,172.3
SO07016,2023-05-04,P071,11,13.56
SO07017,2024-03-09,P003,16,117.07
SO07018,2024-08-30,P063,12,42.29
SO07019,2023-11-25,P092,19,140.04
SO07020,2023-10-08,P007,3,784.04
SO07021,2023-09-05,P069,1,120.35
SO07022,2023-07-06,P084,2,200.9
SO07023,2024-11-03,P059,35,103.81
SO07024,2024-02-15,P099,3,1025.48
SO07025,2024-07-25,P007,2,1337.9
SO07026,2024-07-20,P098,14,376.76
SO07027,2023-12-21,P055,11,167.74
SO07028,2023-02-16,P053,7,29.03
SO07029,2023-12-14,P074,12,109.25
SO07030,2024-06-18,P069,11,233.18
SO07031,2023-06-22,P024,16,138.32
SO07032,2023-02-11,P093,1,188.04
SO07033,2024-03-03,P079,18,24.8
SO07034,2023-05-14,P094,9,139.23
SO07035,2023-12-11,P041,6,29.27
SO07036,2023-09-25,P037,3,84.23
SO07037,2024-05-10,P053,7,24.6
SO07038,2023-11-09,P069,19,145.25
SO07039,2023-12-30,P009,28,114.0
SO07040,2023-02-23,P062,11,60.22
SO07041,2024-03-10,P002,7,161.39
SO07042,2024-12-06,P018,20,44.54
SO07043,2024-02-26,P089,5,62.37
SO07044,2023-01-03,P098,10,307.71
SO07045,2024-03-18,P093,10,209.79
SO07046,2024-07-17,P064,14,180.93
SO07047,2023-07-26,P048,4,121.55
SO07048,2024-02-26,P007,18,1341.0
SO07049,2024-01-09,P051,17,61.24
SO07050,2024-11-11,P070,19,158.23
SO07051,2024-04-27,P060,15,193.47
SO07052,2024-05-13,P043,12,52.7
SO07053,2023-02-26,P030,17,188.62
SO07054,2023-01-11,P088,5,174.97
SO07055,2023-04-04,P048,12,116.8
SO07056,2023-04-24,P009,4,147.02
SO07057,2023-06-17,P006,8,118.02
SO07058,2023-11-12,P030,27,126.71
SO07059,2023-03-31,P016,15,731.2
SO07060,2023-10-25,P071,18,19.23
SO07061,2023-08-24,P025,15,95.73
SO07062,2024-04-06,P021,16,95.31
SO07063,2024-06-26,P051,12,76.09
SO07064,2024-09-02,P091,2,769.29
SO07065,2023-08-06,P009,17,140.64
SO07066,2024-02-03,P055,2,220.18
SO07067,2024-04-27,P015,5,36.43
SO07068,2023-03-31,P015,15,28.25
SO07069,2024-06-13,P071,8,20.51
SO07070,2023-02-23,P012,17,64.93
SO07071,2024-02-06,P098,14,312.75
SO07072,2024-08-19,P079,12,24.15
SO07073,2023-12-21,P043,10,59.07
SO07074,2024-10-24,P056,9,161.0
SO07075,2023-03-13,P068,8,166.9
SO07076,2024-11-09,P012,12,107.67
SO07077,2024-06-19,P080,13,20.98
SO07078,2023-05-24,P073,19,167.5
SO07079,2024-10-31,P050,15,33.09
SO07080,2024-12-18,P090,21,119.23
SO07081,2023-06-14,P096,13,159.15
SO07082,2023-10-28,P092,15,181.01
SO07083,2023-09-16,P036,4,125.59
SO07084,2024-12-18,P078,11,197.66
SO07085,2023-01-04,P041,15,53.8
SO07086,2024-11-28,P069,1,172.23
SO07087,2023-08-29,P014,3,485.5
SO07088,2023-11-18,P010,27,40.35
SO07089,2024-11-26,P028,23,23.66
SO07090,2024-09-10,P029,18,829.2
SO07091,2024-06-22,P063,5,41.76
SO07092,2024-03-25,P073,1,126.29
SO07093,2023-04-27,P031,3,43.56
SO07094,2023-02-17,P069,2,149.39
SO07095,2023-07-25,P008,9,43.2
SO07096,2024-04-15,P022,15,107.08
SO07097,2024-07-23,P007,1,938.25
SO07098,2024-08-02,P004,13,62.24
SO07099,2024-08-07,P096,4,176.63
SO07100,2023-10-13,P009,22,97.44
SO07101,2023-07-01,P027,3,128.18
SO07102,2023-01-28,P022,17,168.01
SO07103,2024-04-22,P046,4,32.63
SO07104,2024-05-08,P009,12,175.79
SO07105,2024-10-03,P025,16,115.86
SO07106,2023-05-20,P013,9,22.48
SO07107,2023-08-11,P016,10,682.98
SO07108,2024-02-14,P028,14,23.41
SO07109,2023-06-20,P018,8,37.39
SO07110,2024-04-19,P029,19,848.25
SO07111,2024-03-19,P041,7,48.57
SO07112,2024-06-11,P080,13,24.37
SO07113,2024-05-12,P033,16,78.25
SO07114,2024-05-12,P063,14,59.84
SO07115,2023-11-13,P024,17,85.64
SO07116,2023-10-02,P022,14,147.08
SO07117,2024-04-15,P010,13,63.27
SO07118,2024-02-09,P016,2,1047.69
SO07119,2024-10-28,P068,12,194.57
SO07120,2023-05-22,P044,17,67.05
SO07121,2024-06-25,P059,1,72.5
SO07122,2023-11-22,P002,11,149.76
SO07123,2023-06-10,P099,16,720.54
SO07124,2024-02-19,P002,3,149.16
SO07125,2024-09-15,P089,14,57.59
SO07126,2023-10-03,P089,9,54.46
SO07127,2023-07-07,P090,1,103.92
SO07128,2024-04-08,P043,4,102.83
SO07129,2024-03-04,P071,15,22.59
SO07130,2024-05-16,P031,11,42.56
SO07131,2023-02-10,P088,10,191.96
SO07132,2024-08-16,P050,10,54.04
SO07133,2024-12-23,P020,2,101.75
SO07134,2023-02-09,P054,11,125.64
SO07135,2024-11-24,P014,6,561.48
SO07136,2024-09-18,P068,4,107.37
SO07137,2024-03-08,P014,19,516.8
SO07138,2023-02-13,P082,16,160.58
SO07139,2023-05-19,P071,16,21.51
SO07140,2024-05-18,P032,11,82.48
SO07141,2023-02-25,P038,7,86.04
SO07142,2023-11-20,P047,21,84.81
SO07143,2024-05-01,P057,14,161.64
SO07144,2024-08-18,P076,19,151.58
SO07145,2024-01-08,P013,14,17.05
SO07146,2023-11-15,P058,4,92.0
SO07147,2024-09-23,P082,7,111.6
SO07148,2024-11-03,P037,1,69.62
SO07149,2024-01-07,P013,9,17.38
SO07150,2023-06-18,P018,7,38.99
SO07151,2024-04-27,P035,4,334.1
SO07152,2024-02-19,P050,8,49.58
SO07153,2023-12-05,P059,8,95.29
SO07154,2024-03-10,P069,4,139.89
SO07155,2023-01-09,P062,8,71.25
SO07156,2023-12-25,P010,5,39.38
SO07157,2024-06-15,P048,10,77.04
SO07158,2023-09-23,P030,3,103.02
SO07159,2024-09-05,P029,15,722.29
SO07160,2023-03-15,P092,9,161.54
SO07161,2024-05-15,P058,15,77.77
SO07162,2024-04-19,P093,5,112.64
SO07163,2023-11-01,P046,3,25.98
SO07164,2024-12-14,P063,30,60.03
SO07165,2024-11-19,P060,16,177.26
SO07166,2023-01-15,P091,12,1412.21
SO07167,2023-12-26,P055,7,204.58
SO07168,2023-07-22,P089,11,62.06
SO07169,2023-06-27,P009,3,179.91
SO07170,2023-05-09,P062,19,48.18
SO07171,2023-10-18,P012,1,64.57
SO07172,2024-10-22,P011,19,156.39
SO07173,2024-05-08,P073,15,175.97
SO07174,2024-06-10,P075,11,76.85
SO07175,2024-03-08,P008,11,77.57
SO07176,2024-10-19,P004,3,41.82
SO07177,2023-05-03,P045,2,59.26
SO07178,2024-07-20,P055,15,132.69
SO07179,2024-12-08,P034,14,61.28
SO07180,2023-08-12,P037,14,77.56
SO07181,2023-06-01,P092,17,177.44
SO07182,2024-03-17,P076,9,188.43
SO07183,2024-06-24,P041,7,55.86
SO07184,2023-10-24,P062,1,50.3
SO07185,2024-10-18,P052,17,54.58
SO07186,2024-04-26,P021,10,115.53
SO07187,2023-07-29,P016,7,920.07
SO07188,2023-01-15,P030,17,174.8
SO07189,2024-04-17,P088,15,126.15
SO07190,2024-12-13,P020,3,67.67
SO07191,2023-08-29,P050,17,44.4
SO07192,2023-04-29,P025,11,101.68
SO07193,2023-11-01,P078,4,130.57
SO07194,2024-11-13,P092,14,176.09
SO07195,2024-09-16,P008,8,57.38
SO07196,2024-04-02,P024,10,84.29
SO07197,2023-03-25,P083,18,166.3
SO07198,2023-06-27,P051,12,60.14
SO07199,2024-05-10,P091,17,1305.99
SO07200,2024-04-23,P018,19,53.29
SO07201,2023-07-10,P056,11,172.0
SO07202,2024-08-16,P099,11,1170.02
SO07203,2023-12-09,P033,16,57.35
SO07204,2024-07-04,P009,5,137.04
SO07205,2024-01-11,P059,11,70.33
SO07206,2024-05-28,P092,19,166.38
SO07207,2024-05-06,P013,12,19.47
SO07208,2023-12-17,P087,1,230.18
SO07209,2023-08-04,P016,11,1178.78
SO07210,2023-07-01,P094,13,157.99
SO07211,2023-11-03,P090,23,102.38
SO07212,2024-10-23,P053,8,36.72
SO07213,2024-11-05,P097,9,15.37
SO07214,2024-09-14,P059,10,97.16
SO07215,2023-02-01,P015,8,42.25
SO07216,2023-02-28,P061,8,96.51
SO07217,2024-06-09,P011,17,146.54
SO07218,2023-04-06,P046,17,19.25
SO07219,2024-01-07,P070,12,184.96
SO07220,2024-10-11,P061,25,103.06
SO07221,2023-01-13,P051,16,60.6
SO07222,2024-12-21,P016,20,838.56
SO07223,2023-12-15,P055,20,174.49
SO07224,2023-03-04,P094,17,160.9
SO07225,2023-04-17,P040,6,478.23
SO07226,2023-01-02,P097,10,21.92
SO07227,2024-04-23,P006,16,205.85
SO07228,2024-04-21,P024,12,83.52
SO07229,2024-09-01,P077,18,101.56
SO07230,2024-12-01,P010,11,66.42
SO07231,2024-06-19,P057,14,151.17
SO07232,2023-09-24,P067,4,50.88
SO07233,2023-10-09,P034,20,67.97
SO07234,2024-06-10,P064,19,145.08
SO07235,2024-04-27,P050,17,36.15
SO07236,2024-05-10,P088,4,177.53
SO07237,2024-03-15,P052,8,52.26
SO07238,2023-01-15,P055,15,163.81
SO07239,2024-06-01,P098,2,463.13
SO07240,2023-09-23,P084,10,157.02
SO07241,2023-01-22,P036,8,144.17
SO07242,2023-12-26,P036,28,221.53
SO07243,2023-08-25,P098,14,332.75
SO07244,2024-07-15,P036,3,215.65
SO07245,2024-11-23,P026,25,154.95
SO07246,2023-10-09,P070,1,215.9
SO07247,2023-12-06,P051,3,51.55
SO07248,2024-11-24,P007,2,1354.44
SO07249,2024-01-07,P012,14,88.68
SO07250,2023-02-26,P027,3,143.29
SO07251,2024-03-30,P005,5,125.94
SO07252,2024-07-08,P046,3,24.18
SO07253,2023-12-26,P005,9,122.27
SO07254,2024-11-11,P065,29,143.73
SO07255,2024-08-22,P003,2,200.22
SO07256,2024-09-25,P078,8,209.87
SO07257,2024-11-29,P021,14,98.32
SO07258,2024-12-21,P022,27,148.94
SO07259,2024-08-26,P051,8,52.07
SO07260,2023-07-26,P048,4,114.21
SO07261,2023-02-11,P031,4,51.37
SO07262,2023-09-14,P095,2,104.2
SO07263,2023-12-28,P064,12,187.66
SO07264,2024-04-26,P043,7,73.61
SO07265,2024-12-21,P029,15,892.97
SO07266,2024-12-26,P047,12,56.2
SO07267,2024-02-13,P009,13,98.61
SO07268,2023-07-30,P077,12,191.46
SO07269,2024-10-16,P054,19,125.0
SO07270,2024-12-01,P097,37,21.9
SO07271,2023-01-14,P069,9,176.64
SO07272,2024-10-08,P028,15,34.82
SO07273,2023-06-22,P003,6,210.01
SO07274,2023-04-14,P063,15,47.57
SO07275,2023-08-07,P091,17,948.81
SO07276,2024-08-29,P079,7,15.81
SO07277,2024-01-27,P029,17,989.71
SO07278,2023-04-07,P043,5,98.15
SO07279,2023-11-04,P096,14,213.29
SO07280,2024-01-11,P100,1,160.95
SO07281,2023-03-17,P096,9,201.25
SO07282,2024-12-26,P082,15,162.03
SO07283,2024-06-08,P048,12,123.63
SO07284,2023-08-29,P038,11,153.39
SO07285,2024-09-10,P057,8,182.02
SO07286,2023-07-23,P061,17,57.87
SO07287,2023-10-30,P004,7,42.44
SO07288,2024-08-11,P069,18,164.39
SO07289,2024-01-27,P028,10,33.79
SO07290,2024-02-20,P043,6,88.71
SO07291,2023-06-10,P067,8,48.24
SO07292,2024-06-07,P017,13,17.2
SO07293,2024-03-10,P026,11,126.18
SO07294,2024-08-07,P070,17,216.49
SO07295,2024-07-31,P017,15,18.88
SO07296,2023-08-12,P091,3,1328.64
SO07297,2024-07-04,P033,7,84.71
SO07298,2024-05-04,P081,4,208.92
SO07299,2023-01-21,P009,5,143.39
SO07300,2024-05-19,P049,5,72.71
SO07301,2023-11-02,P063,22,62.5
SO07302,2023-11-18,P018,7,40.23
SO07303,2023-02-11,P062,12,87.39
SO07304,2024-06-07,P098,6,368.28
SO07305,2023-10-15,P011,16,141.17
SO07306,2024-07-14,P074,13,134.25
SO07307,2023-06-24,P019,9,202.07
SO07308,2024-07-07,P025,15,96.62
SO07309,2024-07-19,P057,14,130.34
SO07310,2024-05-20,P079,12,23.72
SO07311,2024-04-10,P093,16,115.16
SO07312,2024-10-29,P027,2,225.12
SO07313,2024-01-17,P039,19,30.87
SO07314,2024-11-23,P084,17,191.82
SO07315,2024-02-22,P013,10,12.58
SO07316,2023-10-09,P051,4,61.64
SO07317,2023-10-22,P047,14,45.64
SO07318,2024-07-23,P045,8,71.95
SO07319,2023-10-06,P052,27,59.78
SO07320,2024-11-29,P088,15,190.37
SO07321,2023-04-20,P011,2,119.95
SO07322,2024-10-23,P003,1,146.64
SO07323,2024-04-12,P056,10,174.78
SO07324,2024-01-16,P036,7,128.81
SO07325,2023-10-09,P047,32,59.98
SO07326,2024-11-09,P063,2,61.17
SO07327,2023-01-08,P025,1,110.73
SO07328,2023-08-03,P098,2,502.33
SO07329,2023-06-05,P044,10,113.18
SO07330,2023-10-03,P084,33,157.85
SO07331,2023-12-30,P048,16,122.42
SO07332,2023-12-14,P043,1,97.58
SO07333,2023-06-07,P012,13,109.23
SO07334,2023-11-27,P060,34,199.96
SO07335,2024-08-30,P098,13,453.06
SO07336,2024-10-29,P075,5,79.46
SO07337,2024-06-27,P049,5,66.09
SO07338,2023-07-22,P071,16,12.93
SO07339,2024-11-22,P058,12,100.05
SO07340,2023-06-20,P036,10,131.96
SO07341,2023-03-24,P019,7,165.78
SO07342,2024-08-09,P067,12,37.67
SO07343,2023-03-29,P016,6,734.51
SO07344,2023-05-15,P073,19,199.78
SO07345,2023-01-08,P077,5,154.89
SO07346,2024-04-26,P052,5,53.01
SO07347,2023-09-09,P080,6,17.41
SO07348,2024-11-05,P012,16,122.9
SO07349,2023-03-26,P046,16,26.26
SO07350,2023-04-10,P082,11,105.58
SO07351,2024-12-21,P031,23,43.13
SO07352,2023-09-23,P064,19,164.62
SO07353,2023-01-25,P095,11,76.3
SO07354,2023-01-24,P051,15,47.83
SO07355,2024-01-02,P022,2,176.16
SO07356,2023-09-15,P084,8,167.42
SO07357,2024-06-12,P098,13,497.81
SO07358,2023-07-02,P045,6,44.81
SO07359,2023-06-26,P077,6,111.18
SO07360,2024-02-01,P069,15,136.54
SO07361,2023-06-09,P003,11,145.49
SO07362,2024-06-10,P090,17,64.31
SO07363,2023-03-17,P012,19,115.07
SO07364,2023-06-16,P057,8,152.52
SO07365,2023-12-03,P032,32,99.42
SO07366,2023-02-18,P002,17,133.34
SO07367,2023-09-30,P009,11,164.12
SO07368,2023-01-05,P045,16,68.36
SO07369,2024-11-12,P085,17,261.05
SO07370,2024-08-28,P050,12,63.23
SO07371,2024-01-05,P055,15,171.26
SO07372,2023-10-13,P012,16,119.73
SO07373,2024-02-04,P028,7,31.47
SO07374,2023-10-01,P077,12,116.88
SO07375,2023-06-10,P081,11,169.17
SO07376,2023-04-27,P024,17,105.32
SO07377,2024-05-28,P043,7,102.67
SO07378,2024-06-04,P050,5,58.35
SO07379,2023-03-23,P019,8,175.19
SO07380,2023-07-29,P085,8,228.95
SO07381,2023-01-18,P051,14,63.58
SO07382,2023-08-24,P087,2,264.62
SO07383,2023-01-30,P009,12,169.3
SO07384,2023-08-11,P002,14,142.78
SO07385,2023-11-14,P022,32,190.08
SO07386,2024-11-24,P037,9,56.54
SO07387,2023-08-29,P040,12,604.56
SO07388,2024-02-06,P033,3,51.38
SO07389,2023-01-21,P047,13,68.92
SO07390,2023-10-22,P081,24,162.04
SO07391,2024-07-25,P071,12,15.35
SO07392,2024-07-22,P065,15,225.01
SO07393,2023-06-14,P028,13,38.42
SO07394,2024-11-24,P019,16,189.95
SO07395,2023-01-18,P061,11,71.85
SO07396,2024-06-13,P056,15,173.25
SO07397,2023-10-11,P003,3,151.81
SO07398,2024-05-17,P047,9,60.79
SO07399,2024-05-29,P088,7,110.74
SO07400,2023-01-02,P052,5,43.82
SO07401,2023-08-25,P049,12,130.51
SO07402,2023-12-09,P092,14,113.99
SO07403,2023-04-01,P041,16,30.04
SO07404,2024-12-08,P032,3,78.24
SO07405,2024-02-29,P075,16,140.21
SO07406,2024-09-29,P088,18,131.61
SO07407,2024-05-09,P042,18,147.37
SO07408,2024-08-02,P043,4,65.76
SO07409,2024-03-19,P100,13,160.61
SO07410,2023-01-13,P009,7,146.77
SO07411,2023-07-12,P009,6,130.8
SO07412,2023-08-13,P095,5,79.48
SO07413,2024-12-30,P053,28,35.39
SO07414,2023-09-06,P019,12,141.67
SO07415,2023-04-09,P092,3,158.36
SO07416,2023-03-03,P033,12,73.85
SO07417,2024-05-20,P099,15,640.43
SO07418,2023-11-05,P083,22,121.83
SO07419,2024-10-10,P063,3,53.51
SO07420,2023-02-21,P072,16,159.56
SO07421,2024-08-03,P030,13,185.77
SO07422,2024-09-29,P076,16,215.17
SO07423,2024-09-19,P068,13,139.77
SO07424,2023-11-01,P050,7,62.55
SO07425,2024-08-02,P095,16,106.52
SO07426,2024-01-26,P093,9,136.84
SO07427,2024-07-30,P098,2,327.15
SO07428,2023-07-07,P032,6,111.37
SO07429,2024-01-06,P049,15,129.5
SO07430,2024-11-05,P099,3,904.74
SO07431,2023-12-01,P068,36,139.87
SO07432,2023-05-05,P057,11,199.69
SO07433,2023-03-08,P042,12,249.73
SO07434,2024-05-30,P073,6,200.71
SO07435,2024-02-08,P099,3,1239.65
SO07436,2024-04-17,P018,11,49.45
SO07437,2024-10-04,P051,17,56.69
SO07438,2024-03-18,P045,17,69.77
SO07439,2023-05-29,P079,14,15.55
SO07440,2024-03-13,P072,8,188.81
SO07441,2023-10-02,P084,31,162.16
SO07442,2024-06-05,P076,11,190.34
SO07443,2024-09-11,P003,18,204.73
SO07444,2024-05-23,P029,14,1020.65
SO07445,2024-11-22,P015,34,39.95
SO07446,2024-11-14,P040,17,353.13
SO07447,2024-06-14,P024,1,91.83
SO07448,2024-05-28,P006,9,196.39
SO07449,2024-05-01,P040,16,445.49
SO07450,2023-11-15,P043,16,58.23
SO07451,2024-10-15,P047,2,75.4
SO07452,2024-05-19,P013,5,12.62
SO07453,2023-09-17,P065,7,118.76
SO07454,2023-08-29,P028,5,35.24
SO07455,2024-01-17,P011,18,125.54
SO07456,2024-08-06,P045,13,56.91
SO07457,2023-01-30,P097,16,21.55
SO07458,2023-08-28,P023,1,32.38
SO07459,2023-08-12,P029,11,878.07
SO07460,2023-10-24,P046,7,28.73
SO07461,2024-06-25,P048,11,118.03
SO07462,2023-06-20,P012,14,123.51
SO07463,2023-02-03,P066,4,122.12
SO07464,2024-05-14,P053,6,36.41
SO07465,2024-03-27,P027,4,195.01
SO07466,2024-12-28,P025,14,113.28
SO07467,2024-06-24,P071,9,22.74
SO07468,2023-02-15,P070,7,169.47
SO07469,2024-12-31,P032,8,89.77
SO07470,2024-02-12,P062,4,86.38
SO07471,2023-06-18,P052,2,63.05
SO07472,2023-09-14,P041,17,53.58
SO07473,2024-11-07,P071,34,21.79
SO07474,2023-12-24,P042,7,225.79
SO07475,2024-09-30,P063,18,43.0
SO07476,2023-08-17,P092,4,109.14
SO07477,2023-09-23,P020,13,75.22
SO07478,2023-07-07,P071,11,14.89
SO07479,2024-03-04,P033,17,99.62
SO07480,2024-04-04,P032,14,95.0
SO07481,2023-11-03,P044,9,70.48
SO07482,2023-06-15,P043,16,83.65
SO07483,2024-01-19,P043,1,55.81
SO07484,2023-05-19,P063,10,43.67
SO07485,2023-11-14,P051,24,81.39
SO07486,2024-12-05,P079,13,22.09
SO07487,2024-02-01,P004,14,72.05
SO07488,2023-01-27,P075,2,107.6
SO07489,2023-01-13,P094,14,147.23
SO07490,2023-01-29,P043,12,59.94
SO07491,2024-05-23,P091,4,1322.0
SO07492,2023-06-28,P080,10,22.21
SO07493,2024-10-30,P092,18,116.87
SO07494,2024-06-08,P089,18,56.02
SO07495,2023-06-22,P069,10,223.74
SO07496,2024-12-23,P024,24,135.0
SO07497,2024-11-12,P070,2,133.74
SO07498,2024-07-09,P062,6,48.34
SO07499,2024-09-20,P029,16,882.17
SO07500,2023-01-25,P014,5,344.72
SO07501,2023-10-07,P004,27,63.28
SO07502,2024-01-04,P095,3,103.21
SO07503,2023-10-27,P091,5,1436.25
SO07504,2024-10-21,P054,15,184.07
SO07505,2024-12-09,P086,16,1082.31
SO07506,2023-11-26,P033,7,97.52
SO07507,2024-03-13,P056,19,192.8
SO07508,2024-06-19,P034,5,72.07
SO07509,2023-12-18,P092,3,159.64
SO07510,2024-05-02,P036,17,124.17
SO07511,2023-06-06,P067,9,43.8
SO07512,2023-01-09,P010,9,53.78
SO07513,2024-04-23,P030,9,158.28
SO07514,2023-05-05,P100,8,160.49
SO07515,2023-04-24,P037,7,67.36
SO07516,2023-11-02,P044,17,99.49
SO07517,2024-11-22,P083,4,131.45
SO07518,2023-10-19,P085,6,175.6
SO07519,2024-06-21,P076,15,130.6
SO07520,2024-08-03,P096,17,146.72
SO07521,2024-10-30,P005,3,155.86
SO07522,2023-01-02,P012,15,116.74
SO07523,2023-10-21,P019,15,253.69
SO07524,2023-04-10,P079,9,15.42
SO07525,2023-12-29,P097,19,21.56
SO07526,2024-09-23,P016,2,995.61
SO07527,2024-05-20,P046,15,20.35
SO07528,2024-07-14,P043,11,77.82
SO07529,2024-03-26,P075,9,95.26
SO07530,2023-09-19,P096,3,220.88
SO07531,2024-05-24,P028,10,32.19
SO07532,2024-03-31,P040,19,438.22
SO07533,2023-07-01,P094,2,238.13
SO07534,2023-03-19,P084,5,191.74
SO07535,2023-06-20,P014,17,440.09
SO07536,2024-02-11,P049,18,123.09
SO07537,2023-08-15,P064,1,189.17
SO07538,2023-04-20,P013,14,15.16
SO07539,2023-06-04,P052,16,61.57
SO07540,2023-10-17,P039,19,29.66
SO07541,2024-12-05,P093,24,156.7
SO07542,2024-02-14,P073,1,109.93
SO07543,2024-02-14,P089,7,84.43
SO07544,2024-05-28,P074,2,70.24
SO07545,2023-09-09,P002,14,96.43
SO07546,2024-01-18,P025,8,97.96
SO07547,2024-07-10,P093,19,138.41
SO07548,2024-12-02,P040,10,383.32
SO07549,2023-03-19,P063,12,32.08
SO07550,2024-10-09,P042,7,164.71
SO07551,2024-05-15,P079,8,14.6
SO07552,2024-07-25,P013,1,18.89
SO07553,2024-08-12,P046,9,22.53
SO07554,2023-09-04,P100,1,94.51
SO07555,2023-03-07,P044,17,64.08
SO07556,2023-05-05,P015,4,28.79
SO07557,2024-10-03,P037,27,53.86
SO07558,2023-03-07,P095,17,83.5
SO07559,2023-03-04,P098,8,416.88
SO07560,2023-05-26,P018,15,42.07
SO07561,2024-03-24,P039,8,51.06
SO07562,2024-04-29,P068,10,150.23
SO07563,2023-06-10,P046,8,32.91
SO07564,2023-10-28,P084,24,164.32
SO07565,2023-02-22,P021,1,122.76
SO07566,2024-03-04,P009,18,171.98
SO07567,2024-10-25,P003,19,227.24
SO07568,2023-09-09,P071,12,13.52
SO07569,2024-11-03,P014,22,306.56
SO07570,2024-09-22,P006,13,141.58
SO07571,2024-02-17,P070,7,163.12
SO07572,2023-02-26,P048,10,144.87
SO07573,2024-07-25,P018,15,29.78
SO07574,2024-09-08,P095,16,119.42
SO07575,2023-06-11,P078,10,194.02
SO07576,2024-11-26,P085,18,191.32
SO07577,2024-03-06,P021,14,126.35
SO07578,2023-12-29,P062,14,52.04
SO07579,2024-05-19,P014,8,456.24
SO07580,2023-04-04,P071,4,14.24
SO07581,2024-04-21,P057,7,119.55
SO07582,2024-10-06,P021,7,139.28
SO07583,2023-06-03,P006,7,144.78
SO07584,2024-12-10,P058,9,99.69
SO07585,2024-02-28,P044,1,117.4
SO07586,2023-10-26,P007,12,1221.24
SO07587,2024-08-20,P094,9,144.27
SO07588,2023-01-08,P053,8,34.99
SO07589,2024-06-18,P064,11,162.43
SO07590,2024-08-29,P096,13,149.26
SO07591,2023-04-28,P057,3,126.79
SO07592,2023-09-22,P015,12,49.51
SO07593,2023-02-18,P087,6,249.31
SO07594,2023-05-19,P091,18,807.65
SO07595,2024-10-15,P053,26,38.37
SO07596,2023-10-03,P005,19,143.09
SO07597,2024-06-25,P078,17,230.91
SO07598,2024-05-22,P068,1,187.59
SO07599,2024-02-07,P012,16,113.48
SO07600,2024-05-15,P039,9,46.62
SO07601,2023-08-31,P056,10,203.23
SO07602,2024-09-29,P049,6,124.46
SO07603,2023-04-26,P014,14,497.81
SO07604,2023-11-20,P003,5,134.47
SO07605,2024-11-20,P016,4,1276.87
SO07606,2023-03-22,P037,13,88.57
SO07607,2023-10-17,P067,8,41.68
SO07608,2023-01-07,P022,5,129.87
SO07609,2023-10-25,P066,29,106.02
SO07610,2024-01-13,P068,5,135.06
SO07611,2024-07-03,P005,14,161.8
SO07612,2023-08-26,P052,8,83.49
SO07613,2023-04-20,P046,14,19.09
SO07614,2023-12-29,P042,8,148.99
SO07615,2024-05-31,P072,14,256.08
SO07616,2024-05-06,P004,1,59.99
SO07617,2024-04-07,P070,14,228.5
SO07618,2023-07-06,P078,9,176.48
SO07619,2023-04-04,P007,15,823.01
SO07620,2024-12-01,P090,7,73.78
SO07621,2023-03-12,P081,2,127.29
SO07622,2023-10-03,P074,26,112.34
SO07623,2023-11-12,P073,6,147.83
SO07624,2023-09-11,P075,19,79.94
SO07625,2024-04-07,P052,13,70.86
SO07626,2024-07-10,P019,1,151.92
SO07627,2024-05-13,P045,6,45.44
SO07628,2023-03-22,P035,17,501.98
SO07629,2023-05-27,P053,2,30.35
SO07630,2024-12-03,P084,11,142.46
SO07631,2023-07-03,P093,18,137.48
SO07632,2023-07-16,P024,14,137.82
SO07633,2024-02-15,P095,9,119.94
SO07634,2023-10-30,P083,19,109.98
SO07635,2023-05-30,P061,14,61.04
SO07636,2023-06-13,P008,6,39.93
SO07637,2023-02-12,P016,11,1190.93
SO07638,2023-06-02,P026,1,116.84
SO07639,2023-01-16,P080,12,19.03
SO07640,2023-08-02,P012,1,89.04
SO07641,2023-07-28,P068,18,159.46
SO07642,2023-03-01,P004,3,67.1
SO07643,2023-11-09,P063,33,38.07
SO07644,2023-03-13,P024,14,128.18
SO07645,2023-06-24,P098,14,462.54
SO07646,2024-05-29,P050,4,57.83
SO07647,2023-10-10,P009,14,187.56
SO07648,2023-09-24,P045,14,50.17
SO07649,2024-06-04,P018,8,46.53
SO07650,2023-02-09,P014,9,394.58
SO07651,2023-09-03,P065,10,215.98
SO07652,2024-03-06,P020,13,90.19
SO07653,2023-10-16,P008,26,41.44
SO07654,2024-11-22,P094,27,197.68
SO07655,2024-09-12,P086,14,695.79
SO07656,2023-06-20,P015,4,53.99
SO07657,2024-05-05,P029,16,656.39
SO07658,2023-09-12,P062,8,51.09
SO07659,2023-12-09,P009,2,141.1
SO07660,2023-07-07,P036,16,151.26
SO07661,2023-05-08,P040,6,325.96
SO07662,2024-01-14,P049,15,113.95
SO07663,2024-09-10,P001,16,70.23
SO07664,2024-01-17,P085,13,258.75
SO07665,2024-03-23,P079,19,17.93
SO07666,2024-07-14,P035,18,323.19
SO07667,2024-05-30,P085,7,151.96
SO07668,2023-11-26,P049,27,104.64
SO07669,2024-08-03,P059,19,86.35
SO07670,2024-03-01,P009,3,121.67
SO07671,2023-05-24,P061,14,90.0
SO07672,2023-04-26,P071,13,22.64
SO07673,2023-06-06,P097,18,21.94
SO07674,2023-07-21,P012,9,68.79
SO07675,2023-02-12,P014,3,321.98
SO07676,2023-07-10,P002,18,106.95
SO07677,2024-04-04,P092,9,179.71
SO07678,2023-11-15,P022,25,190.81
SO07679,2023-03-03,P050,11,39.2
SO07680,2024-04-10,P089,6,64.9
SO07681,2023-11-10,P052,7,49.17
SO07682,2023-08-11,P031,7,42.68
SO07683,2023-03-23,P036,18,149.48
SO07684,2024-03-11,P019,6,230.45
SO07685,2024-07-07,P034,1,80.44
SO07686,2024-03-26,P094,11,164.39
SO07687,2023-07-31,P061,18,96.27
SO07688,2024-06-18,P052,17,54.92
SO07689,2024-07-15,P070,8,209.6
SO07690,2023-07-28,P066,4,178.74
SO07691,2023-12-09,P082,17,129.4
SO07692,2023-07-27,P079,1,24.22
SO07693,2023-06-07,P079,6,20.59
SO07694,2024-04-24,P045,16,37.39
SO07695,2023-05-15,P010,10,70.03
SO07696,2023-04-23,P074,1,127.82
SO07697,2024-05-09,P020,12,62.26
SO07698,2024-07-04,P090,15,112.1
SO07699,2023-11-11,P086,5,957.81
SO07700,2023-08-24,P009,1,121.02
SO07701,2023-09-04,P040,10,619.85
SO07702,2024-06-08,P063,14,51.95
SO07703,2023-05-26,P096,14,183.21
SO07704,2023-01-18,P098,18,295.25
SO07705,2024-04-12,P084,4,118.86
SO07706,2024-09-15,P031,5,41.68
SO07707,2023-05-01,P056,5,112.04
SO07708,2023-05-12,P027,14,222.45
SO07709,2024-08-22,P015,4,29.16
SO07710,2024-05-25,P069,15,134.32
SO07711,2023-05-15,P072,8,257.32
SO07712,2024-07-31,P041,16,35.27
SO07713,2024-08-17,P050,19,58.75
SO07714,2023-08-26,P084,1,138.97
SO07715,2024-12-28,P008,1,77.3
SO07716,2024-05-09,P096,3,212.74
SO07717,2024-06-08,P052,11,66.07
SO07718,2023-05-08,P097,10,16.19
SO07719,2023-06-28,P002,6,90.02
SO07720,2023-03-21,P069,14,225.6
SO07721,2023-06-13,P062,17,81.92
SO07722,2024-11-28,P097,18,24.81
SO07723,2024-06-07,P090,14,80.46
SO07724,2023-08-25,P076,14,155.0
SO07725,2024-07-11,P076,4,190.52
SO07726,2024-01-10,P038,18,134.13
SO07727,2024-04-16,P090,7,96.2
SO07728,2023-06-26,P014,16,454.53
SO07729,2024-10-14,P080,33,26.47
SO07730,2024-01-16,P006,1,113.99
SO07731,2023-03-16,P087,17,143.72
SO07732,2024-05-07,P079,19,14.19
SO07733,2023-01-26,P048,16,116.42
SO07734,2024-05-31,P062,3,77.15
SO07735,2023-04-27,P043,12,97.15
SO07736,2024-02-11,P002,18,130.7
SO07737,2024-05-04,P035,9,388.81
SO07738,2023-08-18,P008,9,56.03
SO07739,2024-12-30,P092,30,141.17
SO07740,2024-10-14,P040,7,569.72
SO07741,2023-06-08,P061,1,91.93
SO07742,2024-02-13,P099,6,742.4
SO07743,2023-01-22,P026,16,155.32
SO07744,2024-01-31,P092,3,144.01
SO07745,2023-06-14,P002,15,158.56
SO07746,2024-04-09,P009,14,178.16
SO07747,2023-08-18,P020,11,77.62
SO07748,2023-12-18,P097,8,16.46
SO07749,2023-07-06,P083,19,129.92
SO07750,2024-03-04,P041,7,36.49
SO07751,2024-06-10,P095,2,117.19
SO07752,2024-08-24,P023,9,37.37
SO07753,2024-09-08,P051,11,78.87
SO07754,2023-05-24,P002,9,132.58
SO07755,2024-11-15,P095,5,127.32
SO07756,2023-03-30,P091,17,1289.17
SO07757,2024-06-10,P043,6,57.05
SO07758,2023-04-06,P064,12,188.58
SO07759,2023-12-27,P067,15,54.13
SO07760,2024-12-31,P023,21,35.01
SO07761,2024-01-23,P085,14,181.38
SO07762,2023-08-27,P078,10,225.69
SO07763,2024-04-17,P040,16,321.79
SO07764,2024-11-10,P015,18,44.35
SO07765,2023-11-16,P081,34,181.55
SO07766,2023-11-13,P060,11,159.74
SO07767,2023-01-19,P005,3,133.56
SO07768,2024-07-26,P060,19,193.08
SO07769,2023-12-09,P045,11,69.34
SO07770,2023-02-24,P006,6,114.66
SO07771,2024-09-10,P073,12,159.81
SO07772,2023-09-25,P087,3,244.55
SO07773,2023-03-25,P069,8,210.91
SO07774,2024-07-08,P060,1,196.27
SO07775,2024-01-10,P030,7,163.64
SO07776,2023-06-22,P022,3,167.14
SO07777,2023-07-27,P066,3,99.64
SO07778,2024-09-10,P006,16,172.39
SO07779,2023-11-04,P004,13,53.0
SO07780,2024-11-29,P100,5,144.62
SO07781,2024-11-27,P094,8,182.31
SO07782,2024-10-24,P053,8,29.35
SO07783,2024-07-30,P034,10,43.98
SO07784,2023-07-18,P041,6,46.1
SO07785,2023-05-20,P091,9,1198.77
SO07786,2024-06-01,P078,15,238.09
SO07787,2024-11-18,P003,30,161.88
SO07788,2024-05-05,P075,14,92.76
SO07789,2024-02-13,P040,12,441.35
SO07790,2024-06-16,P044,18,107.28
SO07791,2023-04-01,P014,12,537.68
SO07792,2024-04-07,P044,11,86.2
SO07793,2023-09-15,P095,17,83.94
SO07794,2024-07-20,P058,8,95.09
SO07795,2023-12-10,P083,9,158.34
SO07796,2023-09-30,P089,9,76.27
SO07797,2023-02-06,P033,14,85.25
SO07798,2024-02-07,P048,4,143.08
SO07799,2023-10-26,P068,5,172.08
SO07800,2024-07-07,P008,14,47.39
SO07801,2023-04-22,P080,15,23.37
SO07802,2024-04-13,P034,13,43.5
SO07803,2023-04-27,P067,2,30.65
SO07804,2024-06-09,P035,8,368.96
SO07805,2024-08-19,P035,6,430.94
SO07806,2024-12-31,P022,17,148.8
SO07807,2024-08-28,P099,10,1114.74
SO07808,2024-12-02,P096,11,209.77
SO07809,2024-12-09,P077,2,133.02
SO07810,2023-09-30,P017,13,27.62
SO07811,2024-12-25,P014,2,427.62
SO07812,2023-02-11,P097,5,15.38
SO07813,2024-09-09,P009,1,163.14
SO07814,2024-10-21,P002,10,111.38
SO07815,2023-07-29,P072,16,255.62
SO07816,2024-08-29,P018,19,50.61
SO07817,2023-11-16,P001,17,84.91
SO07818,2023-01-30,P033,1,89.28
SO07819,2024-03-25,P015,3,45.43
SO07820,2023-12-13,P059,22,106.77
SO07821,2024-08-23,P051,1,75.94
SO07822,2023-11-21,P082,5,101.96
SO07823,2024-12-11,P015,27,35.61
SO07824,2024-07-01,P025,9,107.21
SO07825,2024-06-13,P043,19,95.95
SO07826,2023-11-13,P055,14,253.24
SO07827,2024-04-06,P065,8,201.02
SO07828,2023-08-11,P006,7,158.75
SO07829,2023-03-11,P095,11,81.1
SO07830,2024-07-04,P095,1,94.12
SO07831,2023-02-15,P014,11,501.75
SO07832,2024-06-17,P088,10,180.73
SO07833,2023-07-04,P039,17,43.45
SO07834,2024-08-16,P063,18,56.31
SO07835,2024-10-29,P066,33,173.53
SO07836,2024-10-29,P066,8,194.87
SO07837,2024-06-18,P078,10,200.28
SO07838,2024-05-27,P013,19,23.04
SO07839,2023-07-21,P030,11,100.3
SO07840,2023-04-14,P082,11,123.63
SO07841,2024-06-19,P055,14,202.62
SO07842,2024-08-18,P071,1,12.55
SO07843,2023-11-03,P100,18,149.87
SO07844,2024-05-15,P008,18,52.6
SO07845,2024-02-28,P050,15,64.12
SO07846,2024-03-27,P067,19,35.77
SO07847,2024-08-01,P023,8,37.52
SO07848,2023-01-10,P016,6,1018.86
SO07849,2024-08-02,P071,8,15.06
SO07850,2024-05-11,P008,2,57.57
SO07851,2024-12-20,P090,23,102.19
SO07852,2024-05-29,P082,5,120.32
SO07853,2023-05-19,P072,2,175.8
SO07854,2023-04-13,P037,1,56.65
SO07855,2024-02-03,P045,19,64.74
SO07856,2024-03-31,P100,19,140.2
SO07857,2024-11-19,P022,5,190.74
SO07858,2024-11-12,P033,2,59.57
SO07859,2023-06-01,P045,16,43.29
SO07860,2024-04-26,P076,2,186.62
SO07861,2023-09-23,P094,7,162.44
SO07862,2023-02-14,P037,17,85.81
SO07863,2023-02-28,P033,19,60.74
SO07864,2024-09-24,P069,16,232.15
SO07865,2024-08-12,P025,1,139.39
SO07866,2023-07-06,P009,17,128.99
SO07867,2023-11-12,P036,31,215.62
SO07868,2023-11-02,P045,5,41.6
SO07869,2023-11-07,P039,9,40.45
SO07870,2024-03-17,P073,9,147.95
SO07871,2024-03-10,P017,14,26.2
SO07872,2023-12-23,P034,17,59.1
SO07873,2024-05-20,P071,12,13.94
SO07874,2023-01-22,P014,4,306.8
SO07875,2023-06-29,P043,1,61.81
SO07876,2023-10-07,P056,1,167.13
SO07877,2024-01-07,P061,7,93.84
SO07878,2024-12-24,P030,4,106.92
SO07879,2024-11-19,P007,19,1299.88
SO07880,2024-05-08,P056,5,204.53
SO07881,2023-04-29,P061,10,100.77
SO07882,2024-12-21,P080,16,17.93
SO07883,2024-06-10,P058,8,93.91
SO07884,2023-06-17,P092,6,186.17
SO07885,2024-09-10,P002,1,115.87
SO07886,2024-11-20,P058,6,95.58
SO07887,2024-04-13,P082,6,171.8
SO07888,2023-12-24,P033,8,58.04
SO07889,2024-04-15,P003,8,131.27
SO07890,2024-03-27,P065,4,191.16
SO07891,2023-08-20,P073,2,131.05
SO07892,2023-03-14,P025,10,134.1
SO07893,2024-09-15,P057,11,175.36
SO07894,2024-03-07,P071,9,15.49
SO07895,2024-10-11,P028,7,39.28
SO07896,2023-12-12,P038,25,94.91
SO07897,2024-06-17,P018,17,32.36
SO07898,2023-01-14,P044,12,118.88
SO07899,2024-09-08,P051,3,81.62
SO07900,2024-10-19,P019,22,154.89
SO07901,2023-11-18,P068,3,193.65
SO07902,2023-10-02,P030,4,152.61
SO07903,2024-05-16,P051,14,62.81
SO07904,2023-06-21,P059,14,75.81
SO07905,2024-04-11,P057,8,175.34
SO07906,2023-04-01,P046,13,21.67
SO07907,2023-12-14,P046,22,31.96
SO07908,2024-07-17,P001,19,86.36
SO07909,2023-12-23,P069,37,200.19
SO07910,2024-05-11,P012,11,114.43
SO07911,2023-09-11,P057,8,128.77
SO07912,2024-04-06,P001,6,95.27
SO07913,2024-07-02,P036,17,180.81
SO07914,2024-05-24,P080,4,23.49
SO07915,2023-01-12,P055,9,135.25
SO07916,2024-09-21,P076,10,210.91
SO07917,2023-12-23,P041,31,40.31
SO07918,2024-04-01,P050,13,61.16
SO07919,2023-01-14,P071,12,19.97
SO07920,2023-04-06,P026,18,141.66
SO07921,2024-05-26,P038,17,154.36
SO07922,2023-12-18,P035,23,263.39
SO07923,2023-10-31,P082,9,141.49
SO07924,2023-04-08,P010,10,39.63
SO07925,2024-02-17,P052,1,56.04
SO07926,2023-10-18,P099,4,1241.57
SO07927,2024-10-10,P054,7,122.53
SO07928,2024-08-19,P039,3,51.97
SO07929,2024-09-19,P080,6,23.2
SO07930,2023-06-04,P048,2,137.77
SO07931,2023-07-28,P097,15,28.73
SO07932,2023-12-18,P006,17,197.71
SO07933,2023-06-24,P081,5,192.48
SO07934,2024-10-19,P043,11,76.38
SO07935,2024-10-09,P094,16,216.8
SO07936,2023-02-27,P077,7,173.27
SO07937,2024-01-14,P080,8,22.59
SO07938,2024-01-28,P026,14,90.27
SO07939,2024-03-16,P064,9,140.94
SO07940,2023-04-06,P084,14,137.33
SO07941,2024-01-14,P047,6,86.64
SO07942,2023-01-25,P059,2,97.96
SO07943,2023-07-10,P097,11,28.38
SO07944,2024-01-20,P091,15,775.57
SO07945,2024-12-04,P017,1,17.08
SO07946,2024-10-02,P008,26,73.35
SO07947,2024-09-17,P003,15,175.39
SO07948,2023-04-26,P071,14,13.12
SO07949,2024-09-18,P099,7,801.9
SO07950,2024-04-22,P059,10,122.5
SO07951,2024-08-11,P094,7,259.69
SO07952,2024-04-22,P039,9,38.61
SO07953,2023-01-24,P001,18,87.05
SO07954,2023-07-25,P017,2,22.23
SO07955,2024-09-11,P061,16,67.14
SO07956,2023-04-18,P093,11,205.46
SO07957,2024-07-27,P056,19,109.35
SO07958,2024-10-01,P050,25,54.11
SO07959,2023-03-12,P010,10,58.07
SO07960,2024-10-16,P060,29,142.31
SO07961,2023-07-31,P032,9,84.28
SO07962,2024-02-20,P068,19,184.91
SO07963,2023-12-25,P080,19,22.33
SO07964,2024-10-30,P100,22,138.95
SO07965,2024-09-16,P030,17,163.71
SO07966,2024-06-20,P073,8,168.78
SO07967,2024-12-05,P093,14,143.13
SO07968,2024-10-18,P040,30,585.8
SO07969,2023-04-02,P004,5,70.64
SO07970,2024-03-12,P086,14,1152.11
SO07971,2023-10-02,P059,18,91.84
SO07972,2024-12-04,P041,10,50.0
SO07973,2023-07-12,P081,5,132.37
SO07974,2023-10-29,P020,11,113.05
SO07975,2023-02-20,P062,6,59.68
SO07976,2023-07-30,P027,5,175.52
SO07977,2024-08-05,P059,12,106.89
SO07978,2024-02-13,P057,3,198.4
SO07979,2024-11-12,P040,4,631.95
SO07980,2023-10-21,P085,24,197.63
SO07981,2024-05-23,P076,7,122.44
SO07982,2023-09-03,P084,7,215.63
SO07983,2023-01-23,P099,14,1114.45
SO07984,2023-12-20,P028,21,21.5
SO07985,2023-09-08,P016,5,906.2
SO07986,2023-01-15,P062,11,56.3
SO07987,2023-02-06,P051,5,65.18
SO07988,2024-07-07,P050,14,54.9
SO07989,2024-10-02,P056,2,189.81
SO07990,2024-11-26,P001,23,93.7
SO07991,2023-02-22,P006,6,191.59
SO07992,2024-05-01,P017,12,26.65
SO07993,2023-08-11,P007,10,979.22
SO07994,2023-12-18,P062,6,81.82
SO07995,2024-01-11,P086,10,1043.53
SO07996,2023-12-30,P030,7,100.8
SO07997,2024-07-30,P050,12,43.15
SO07998,2024-03-14,P053,13,31.92
SO07999,2023-02-02,P073,6,131.86
SO08000,2023-10-23,P093,7,160.09
SO08001,2023-12-30,P017,22,23.54
SO08002,2023-12-13,P051,18,66.51
SO08003,2023-05-10,P046,14,18.6
SO08004,2023-03-06,P045,14,54.67
SO08005,2024-11-01,P072,6,168.01
SO08006,2023-06-07,P027,12,220.66
SO08007,2023-06-26,P038,17,118.4
SO08008,2024-10-12,P021,18,157.82
SO08009,2023-01-07,P047,4,65.15
SO08010,2023-10-24,P009,9,97.95
SO08011,2024-10-19,P060,19,104.47
SO08012,2024-10-05,P067,36,33.28
SO08013,2024-11-26,P022,2,174.85
SO08014,2023-11-15,P040,30,385.88
SO08015,2023-01-24,P093,11,134.03
SO08016,2024-01-17,P044,10,64.38
SO08017,2024-09-15,P020,3,89.65
SO08018,2023-11-21,P003,10,218.32
SO08019,2024-06-14,P094,18,188.21
SO08020,2024-01-26,P063,1,41.1
SO08021,2023-06-14,P070,1,165.83
SO08022,2024-02-01,P014,4,457.81
SO08023,2024-11-30,P054,8,181.74
SO08024,2023-10-20,P042,6,252.19
SO08025,2024-02-27,P022,18,165.11
SO08026,2024-01-03,P062,6,70.09
SO08027,2023-07-28,P018,13,50.69
SO08028,2023-07-07,P052,9,85.04
SO08029,2024-07-25,P011,19,135.98
SO08030,2024-07-21,P032,17,91.21
SO08031,2024-01-04,P100,1,166.83
SO08032,2024-01-18,P050,19,56.98
SO08033,2023-12-24,P062,29,72.62
SO08034,2024-02-17,P080,9,22.85
SO08035,2024-06-11,P057,11,202.56
SO08036,2023-02-12,P002,18,97.53
SO08037,2024-05-20,P029,18,912.46
SO08038,2024-05-13,P080,2,16.45
SO08039,2023-02-01,P013,11,16.04
SO08040,2024-08-03,P040,13,352.09
SO08041,2024-07-24,P083,3,137.06
SO08042,2024-10-28,P058,25,76.54
SO08043,2023-03-08,P029,2,968.04
SO08044,2024-01-17,P091,5,1270.17
SO08045,2024-08-30,P066,14,169.53
SO08046,2024-06-29,P026,14,99.13
SO08047,2023-12-13,P020,31,66.82
SO08048,2023-09-14,P066,11,123.77
SO08049,2023-11-22,P054,10,119.52
SO08050,2024-06-10,P073,17,168.4
SO08051,2024-04-04,P017,3,24.28
SO08052,2024-09-17,P099,5,658.62
SO08053,2023-04-08,P058,18,94.4
SO08054,2023-07-15,P062,6,81.4
SO08055,2023-10-30,P018,24,52.61
SO08056,2023-10-05,P073,20,195.71
SO08057,2024-09-04,P077,12,181.96
SO08058,2023-07-22,P089,9,83.54
SO08059,2024-04-27,P008,18,62.21
SO08060,2023-07-30,P024,19,103.54
SO08061,2023-08-27,P100,2,118.46
SO08062,2023-08-17,P017,11,23.09
SO08063,2024-11-13,P097,15,26.9
SO08064,2023-01-14,P031,9,54.28
SO08065,2023-03-12,P057,2,166.11
SO08066,2024-05-26,P008,5,57.17
SO08067,2023-06-03,P064,16,179.19
SO08068,2023-10-30,P042,23,192.14
SO08069,2023-09-06,P027,10,159.51
SO08070,2024-07-21,P013,6,21.96
SO08071,2024-07-28,P015,13,46.82
SO08072,2023-07-10,P034,7,46.58
SO08073,2023-07-09,P035,8,506.04
SO08074,2023-03-28,P077,8,146.26
SO08075,2024-11-15,P100,17,103.3
SO08076,2024-06-12,P085,16,228.21
SO08077,2023-11-19,P038,8,89.89
SO08078,2024-07-11,P034,13,45.26
SO08079,2023-06-13,P060,17,121.23
SO08080,2024-04-05,P095,8,117.91
SO08081,2023-06-25,P079,2,16.04
SO08082,2023-08-08,P024,2,141.46
SO08083,2024-07-06,P081,6,218.55
SO08084,2023-08-07,P049,6,102.21
SO08085,2024-09-18,P093,7,149.5
SO08086,2024-11-17,P003,14,166.02
SO08087,2023-12-14,P098,26,350.37
SO08088,2023-01-23,P043,1,59.92
SO08089,2024-12-22,P006,10,141.02
SO08090,2023-04-12,P009,2,153.67
SO08091,2024-11-04,P037,7,90.29
SO08092,2023-12-30,P026,6,152.57
SO08093,2023-01-13,P026,16,131.87
SO08094,2023-03-10,P092,3,98.51
SO08095,2024-05-03,P054,12,163.83
SO08096,2023-11-30,P093,9,173.52
SO08097,2023-05-15,P038,5,162.71
SO08098,2023-06-22,P077,7,188.94
SO08099,2024-10-08,P047,1,63.39
SO08100,2023-09-17,P071,14,16.99
SO08101,2024-05-13,P051,4,74.28
SO08102,2023-05-26,P072,15,259.82
SO08103,2024-02-18,P083,13,103.01
SO08104,2024-02-20,P031,9,44.79
SO08105,2023-12-30,P059,34,90.03
SO08106,2023-05-15,P009,16,125.3
SO08107,2024-08-05,P014,4,552.03
SO08108,2023-10-12,P015,21,38.14
SO08109,2024-04-26,P005,13,171.78
SO08110,2024-03-31,P033,11,79.77
SO08111,2024-02-14,P051,3,75.11
SO08112,2023-09-03,P080,11,23.18
SO08113,2023-03-31,P025,15,74.09
SO08114,2023-04-29,P017,11,19.91
SO08115,2024-06-30,P037,15,50.78
SO08116,2023-06-20,P091,16,1052.01
SO08117,2023-05-03,P035,6,488.72
SO08118,2024-11-09,P087,12,151.38
SO08119,2023-05-02,P082,10,162.29
SO08120,2023-03-21,P077,13,130.57
SO08121,2023-03-05,P090,2,122.59
SO08122,2023-10-26,P084,17,135.48
SO08123,2024-05-28,P068,4,138.48
SO08124,2023-06-04,P083,2,121.41
SO08125,2024-11-18,P062,20,62.85
SO08126,2023-11-05,P023,9,37.12
SO08127,2023-11-19,P062,23,84.77
SO08128,2023-06-17,P063,9,45.6
SO08129,2024-03-29,P069,9,120.61
SO08130,2023-09-17,P093,16,109.5
SO08131,2024-11-20,P032,3,109.26
SO08132,2023-11-19,P062,16,75.13
SO08133,2023-05-11,P025,1,106.44
SO08134,2023-05-10,P051,12,64.44
SO08135,2023-11-13,P001,5,64.57
SO08136,2024-08-04,P007,9,1310.52
SO08137,2024-10-07,P052,16,55.1
SO08138,2024-09-03,P073,6,126.76
SO08139,2024-05-25,P082,1,155.99
SO08140,2024-08-25,P005,3,126.46
SO08141,2024-08-04,P004,4,65.82
SO08142,2023-04-01,P035,5,461.34
SO08143,2023-02-11,P021,4,134.13
SO08144,2024-03-18,P010,10,44.18
SO08145,2023-06-27,P096,18,160.88
SO08146,2023-03-25,P098,15,432.62
SO08147,2023-02-15,P032,18,80.03
SO08148,2024-02-04,P005,5,147.22
SO08149,2024-09-24,P076,5,157.23
SO08150,2023-05-07,P049,16,81.53
SO08151,2024-09-24,P060,12,176.31
SO08152,2023-09-08,P023,15,27.68
SO08153,2024-09-12,P074,1,121.88
SO08154,2024-02-28,P052,11,50.57
SO08155,2024-11-16,P082,28,95.82
SO08156,2024-03-28,P018,6,41.06
SO08157,2023-08-03,P066,9,118.35
SO08158,2024-09-16,P062,14,87.28
SO08159,2024-03-31,P045,5,61.17
SO08160,2023-09-16,P048,1,118.57
SO08161,2023-10-23,P100,25,130.68
SO08162,2024-01-09,P060,14,202.21
SO08163,2023-09-08,P035,2,434.61
SO08164,2023-01-25,P017,9,25.07
SO08165,2023-03-25,P033,19,90.68
SO08166,2024-10-22,P069,31,151.18
SO08167,2024-08-30,P018,8,42.15
SO08168,2024-04-26,P020,12,60.63
SO08169,2023-08-30,P038,14,90.5
SO08170,2024-08-30,P072,2,234.04
SO08171,2024-02-09,P044,12,106.83
SO08172,2024-07-30,P055,15,172.85
SO08173,2023-10-08,P047,23,71.2
SO08174,2023-10-22,P001,4,94.11
SO08175,2024-01-30,P036,6,217.4
SO08176,2024-05-25,P082,7,133.08
SO08177,2024-04-03,P022,1,123.67
SO08178,2024-09-08,P085,4,172.26
SO08179,2024-03-09,P060,15,192.23
SO08180,2023-04-26,P066,9,99.4
SO08181,2024-12-14,P055,11,200.65
SO08182,2024-11-20,P092,27,146.83
SO08183,2024-06-15,P081,17,164.94
SO08184,2023-02-05,P054,7,103.42
SO08185,2023-11-15,P020,18,64.89
SO08186,2024-11-27,P091,7,1060.22
SO08187,2024-11-07,P085,7,206.81
SO08188,2023-04-22,P078,19,233.15
SO08189,2024-12-02,P054,24,138.52
SO08190,2024-11-29,P023,23,19.69
SO08191,2023-04-14,P026,9,121.49
SO08192,2024-10-05,P067,13,50.81
SO08193,2024-09-29,P006,6,142.33
SO08194,2024-07-04,P062,3,63.71
SO08195,2024-04-30,P060,13,117.74
SO08196,2024-01-15,P060,6,116.86
SO08197,2024-02-26,P087,12,146.0
SO08198,2023-01-13,P061,5,60.49
SO08199,2023-04-11,P058,15,96.47
SO08200,2023-03-19,P096,4,140.18
SO08201,2023-01-26,P039,14,50.34
SO08202,2023-03-09,P040,7,553.37
SO08203,2023-12-10,P016,14,679.24
SO08204,2024-07-14,P078,4,131.4
SO08205,2024-03-19,P045,9,54.49
SO08206,2024-08-21,P087,19,225.12
SO08207,2023-10-25,P066,7,114.56
SO08208,2023-04-29,P092,9,169.79
SO08209,2024-09-06,P065,1,163.7
SO08210,2023-08-06,P079,18,15.01
SO08211,2024-09-25,P035,9,372.61
SO08212,2024-07-09,P045,2,45.37
SO08213,2023-03-23,P031,4,63.5
SO08214,2023-07-28,P073,18,139.22
SO08215,2024-09-27,P025,3,104.69
SO08216,2023-05-22,P047,12,83.82
SO08217,2024-09-21,P059,4,112.6
SO08218,2024-07-22,P068,8,103.68
SO08219,2023-11-19,P031,18,49.4
SO08220,2023-04-01,P034,12,59.0
SO08221,2023-07-30,P003,16,181.16
SO08222,2023-08-04,P047,10,83.97
SO08223,2023-12-09,P007,18,943.05
SO08224,2024-01-08,P047,5,79.59
SO08225,2023-07-22,P044,5,87.47
SO08226,2023-08-07,P052,4,49.73
SO08227,2024-06-25,P027,1,155.91
SO08228,2024-09-29,P044,7,101.31
SO08229,2023-08-28,P030,9,192.07
SO08230,2024-01-19,P065,7,224.54
SO08231,2024-06-26,P083,14,121.16
SO08232,2023-07-15,P095,16,126.12
SO08233,2023-02-11,P055,8,228.32
SO08234,2024-04-21,P083,7,99.11
SO08235,2024-06-08,P056,14,172.57
SO08236,2023-03-20,P084,3,209.15
SO08237,2023-02-12,P006,1,165.31
SO08238,2024-07-06,P090,12,68.57
SO08239,2023-01-25,P067,17,43.67
SO08240,2023-10-24,P065,16,191.44
SO08241,2024-05-06,P060,16,171.34
SO08242,2024-08-26,P055,4,196.79
SO08243,2024-05-08,P075,19,106.89
SO08244,2024-12-02,P016,24,935.74
SO08245,2023-09-21,P018,7,57.31
SO08246,2024-05-13,P074,1,109.19
SO08247,2023-07-17,P069,10,174.52
SO08248,2024-02-23,P036,10,175.94
SO08249,2024-12-24,P090,20,94.5
SO08250,2023-08-28,P020,9,66.67
SO08251,2023-10-30,P083,5,94.6
SO08252,2024-01-01,P048,18,95.33
SO08253,2024-04-08,P094,4,266.26
SO08254,2024-02-26,P069,3,123.43
SO08255,2024-05-21,P066,5,196.71
SO08256,2023-11-25,P051,34,59.07
SO08257,2023-11-03,P017,21,17.67
SO08258,2023-04-23,P085,11,181.07
SO08259,2023-02-27,P045,17,47.86
SO08260,2024-10-13,P076,22,158.92
SO08261,2024-06-05,P069,11,192.7
SO08262,2024-01-18,P047,11,86.13
SO08263,2023-02-11,P047,5,54.54
SO08264,2024-07-12,P041,19,47.07
SO08265,2023-12-20,P008,10,39.93
SO08266,2024-02-04,P078,12,185.87
SO08267,2023-04-06,P090,13,81.46
SO08268,2024-04-04,P068,11,168.4
SO08269,2024-05-05,P023,14,35.38
SO08270,2024-10-06,P016,4,651.96
SO08271,2023-03-02,P007,13,1444.85
SO08272,2023-12-18,P021,1,168.02
SO08273,2023-03-22,P029,15,911.68
SO08274,2023-03-05,P083,18,93.66
SO08275,2023-05-02,P046,2,30.98
SO08276,2024-06-06,P003,13,206.74
SO08277,2023-09-24,P088,9,195.54
SO08278,2024-07-03,P094,3,162.27
SO08279,2023-12-24,P080,7,23.7
SO08280,2023-10-19,P008,22,64.22
SO08281,2024-11-10,P077,18,182.68
SO08282,2024-02-24,P046,18,25.93
SO08283,2023-01-15,P006,19,177.27
SO08284,2023-08-11,P044,8,118.36
SO08285,2024-02-08,P017,17,23.66
SO08286,2023-07-09,P083,17,88.23
SO08287,2024-05-15,P084,12,158.34
SO08288,2024-02-16,P064,8,224.51
SO08289,2023-02-13,P087,11,236.68
SO08290,2023-11-17,P078,8,216.88
SO08291,2023-07-12,P023,6,37.23
SO08292,2023-07-24,P098,10,457.36
SO08293,2023-10-17,P051,4,86.71
SO08294,2023-11-14,P094,13,209.39
SO08295,2023-02-26,P057,18,130.51
SO08296,2023-11-24,P059,3,76.23
SO08297,2024-08-30,P029,11,900.2
SO08298,2023-11-16,P099,19,936.21
SO08299,2024-11-26,P064,10,209.31
SO08300,2024-02-09,P053,1,29.93
SO08301,2024-12-11,P079,18,16.8
SO08302,2024-02-15,P065,15,167.97
SO08303,2024-02-13,P006,8,174.8
SO08304,2023-03-28,P062,13,57.5
SO08305,2024-05-12,P071,8,20.87
SO08306,2024-02-10,P028,19,36.7
SO08307,2024-05-06,P077,11,110.35
SO08308,2024-10-31,P033,24,53.69
SO08309,2024-10-31,P059,1,90.87
SO08310,2023-07-29,P022,3,158.2
SO08311,2024-07-08,P005,12,161.64
SO08312,2023-07-24,P037,19,49.6
SO08313,2024-07-28,P032,11,79.17
SO08314,2024-12-30,P002,18,148.88
SO08315,2023-04-21,P018,15,33.79
SO08316,2024-04-19,P044,2,108.74
SO08317,2023-12-17,P099,28,866.0
SO08318,2023-02-16,P052,19,44.58
SO08319,2023-06-29,P028,6,26.4
SO08320,2024-02-24,P005,10,140.35
SO08321,2024-08-16,P070,15,144.3
SO08322,2024-06-30,P034,1,59.67
SO08323,2023-04-05,P087,2,242.56
SO08324,2023-02-17,P023,8,25.24
SO08325,2024-07-10,P071,6,14.6
SO08326,2024-04-21,P066,18,115.75
SO08327,2023-02-01,P045,2,72.2
SO08328,2024-07-30,P020,19,78.37
SO08329,2024-09-05,P030,3,100.09
SO08330,2024-05-26,P072,1,282.81
SO08331,2023-05-20,P072,15,162.59
SO08332,2023-12-16,P039,25,55.51
SO08333,2023-02-06,P005,15,169.71
SO08334,2024-01-29,P038,17,98.75
SO08335,2024-10-08,P019,25,140.96
SO08336,2024-02-06,P037,6,85.7
SO08337,2023-06-30,P035,13,373.71
SO08338,2023-03-30,P016,16,1178.06
SO08339,2024-02-22,P079,4,24.06
SO08340,2023-06-13,P095,11,99.91
SO08341,2024-01-09,P098,16,336.71
SO08342,2024-09-27,P048,3,94.32
SO08343,2024-06-01,P040,6,325.41
SO08344,2024-09-01,P081,14,110.71
SO08345,2024-11-13,P096,12,145.85
SO08346,2024-10-26,P009,9,185.78
SO08347,2023-02-19,P088,12,147.75
SO08348,2023-09-27,P011,16,230.84
SO08349,2023-04-08,P013,9,19.7
SO08350,2023-02-27,P096,3,140.1
SO08351,2023-04-22,P052,16,57.53
SO08352,2024-07-14,P093,3,156.99
SO08353,2023-09-17,P078,11,215.85
SO08354,2024-05-27,P094,11,158.33
SO08355,2024-07-07,P068,6,195.69
SO08356,2024-01-09,P014,11,306.57
SO08357,2024-04-11,P061,8,86.27
SO08358,2023-11-10,P030,24,151.71
SO08359,2023-02-05,P072,2,172.86
SO08360,2023-11-10,P081,3,207.0
SO08361,2024-02-15,P051,7,85.38
SO08362,2024-04-29,P084,15,150.5
SO08363,2023-03-19,P052,7,51.2
SO08364,2024-03-20,P016,18,1109.37
SO08365,2024-01-03,P058,5,65.73
SO08366,2023-08-31,P033,9,59.6
SO08367,2023-11-12,P013,24,15.49
SO08368,2023-08-11,P024,2,99.09
SO08369,2024-12-18,P061,3,78.77
SO08370,2024-10-21,P063,27,54.13
SO08371,2024-05-28,P028,5,37.78
SO08372,2023-06-05,P071,5,19.54
SO08373,2023-05-26,P018,12,33.2
SO08374,2024-08-07,P028,9,25.98
SO08375,2024-11-26,P035,22,520.58
SO08376,2024-05-25,P096,9,151.77
SO08377,2023-10-13,P065,24,228.57
SO08378,2024-10-24,P047,14,54.74
SO08379,2023-03-31,P079,15,23.42
SO08380,2023-12-23,P058,17,79.43
SO08381,2024-12-11,P073,5,116.8
SO08382,2024-12-25,P076,19,145.32
SO08383,2024-07-21,P091,13,1325.41
SO08384,2023-06-26,P046,15,27.72
SO08385,2024-05-26,P035,4,474.35
SO08386,2024-01-29,P050,4,46.38
SO08387,2023-07-19,P011,9,185.94
SO08388,2024-05-06,P084,13,123.32
SO08389,2024-08-16,P020,6,66.61
SO08390,2024-02-24,P052,16,79.02
SO08391,2024-05-16,P018,14,57.61
SO08392,2023-02-25,P032,8,86.29
SO08393,2023-04-15,P020,5,71.64
SO08394,2023-08-31,P013,4,18.02
SO08395,2023-08-27,P032,7,103.73
SO08396,2024-03-29,P091,11,1399.86
SO08397,2024-12-14,P065,27,228.66
SO08398,2023-08-09,P054,15,140.89
SO08399,2024-01-04,P051,11,52.45
SO08400,2024-10-02,P064,19,140.74
SO08401,2023-08-28,P035,2,509.04
SO08402,2024-01-03,P087,4,233.81
SO08403,2023-05-17,P090,6,102.5
SO08404,2024-06-16,P068,9,149.01
SO08405,2024-11-16,P076,19,185.38
SO08406,2024-01-12,P066,13,189.58
SO08407,2024-12-12,P079,33,20.66
SO08408,2024-02-05,P086,15,1278.32
SO08409,2023-08-07,P088,16,137.41
SO08410,2024-08-05,P027,2,162.05
SO08411,2024-06-14,P034,8,58.58
SO08412,2023-06-30,P058,19,57.87
SO08413,2023-03-11,P032,9,107.84
SO08414,2024-04-10,P029,17,701.39
SO08415,2024-09-26,P090,9,87.45
SO08416,2023-02-24,P032,11,110.23
SO08417,2024-06-05,P076,11,154.83
SO08418,2023-03-17,P072,19,259.6
SO08419,2023-08-26,P066,9,195.47
SO08420,2023-09-27,P071,12,23.13
SO08421,2024-02-08,P050,4,33.86
SO08422,2023-12-10,P073,16,202.8
SO08423,2023-11-30,P045,23,62.25
SO08424,2023-09-28,P080,11,25.02
SO08425,2024-01-24,P067,14,54.24
SO08426,2023-02-11,P071,3,16.29
SO08427,2023-03-26,P023,4,29.46
SO08428,2024-07-16,P043,1,52.5
SO08429,2024-10-04,P064,2,175.24
SO08430,2024-12-30,P077,11,184.02
SO08431,2023-05-30,P035,18,383.06
SO08432,2023-12-09,P091,24,1250.19
SO08433,2023-12-05,P096,27,188.51
SO08434,2024-07-25,P050,12,48.57
SO08435,2024-08-27,P035,2,473.93
SO08436,2023-06-13,P024,14,125.97
SO08437,2023-09-22,P068,10,177.1
SO08438,2023-09-14,P008,7,58.48
SO08439,2023-04-27,P080,11,22.01
SO08440,2023-04-06,P045,6,39.47
SO08441,2023-10-06,P044,13,118.03
SO08442,2023-09-13,P037,13,58.18
SO08443,2023-10-21,P057,8,185.37
SO08444,2024-06-06,P068,7,132.34
SO08445,2024-10-13,P083,36,124.13
SO08446,2024-03-31,P057,5,149.54
SO08447,2023-02-01,P062,11,46.31
SO08448,2023-09-15,P036,10,184.13
SO08449,2023-05-06,P032,4,105.42
SO08450,2023-06-05,P016,19,717.29
SO08451,2023-07-15,P055,13,179.34
SO08452,2023-06-05,P020,14,92.86
SO08453,2024-07-17,P089,19,48.94
SO08454,2024-05-03,P033,18,50.96
SO08455,2023-01-27,P085,7,175.83
SO08456,2023-10-20,P065,13,194.69
SO08457,2024-10-26,P037,20,80.2
SO08458,2024-04-16,P056,11,172.02
SO08459,2023-05-15,P100,4,101.54
SO08460,2024-06-02,P040,19,338.25
SO08461,2023-03-11,P061,5,87.28
SO08462,2023-09-23,P002,13,123.95
SO08463,2023-07-28,P038,13,113.56
SO08464,2023-07-21,P039,12,29.73
SO08465,2024-08-27,P065,4,120.71
SO08466,2023-01-18,P042,16,253.29
SO08467,2023-12-26,P087,3,234.55
SO08468,2024-04-07,P026,1,115.93
SO08469,2024-09-26,P084,15,182.36
SO08470,2023-07-31,P011,18,189.01
SO08471,2023-04-05,P046,13,33.32
SO08472,2023-06-11,P068,12,135.87
SO08473,2024-06-01,P074,1,93.91
SO08474,2024-11-08,P009,15,142.81
SO08475,2023-01-28,P086,7,843.55
SO08476,2023-03-12,P065,17,136.82
SO08477,2023-01-16,P034,17,74.78
SO08478,2023-10-11,P020,6,79.16
SO08479,2023-09-20,P007,1,1150.01
SO08480,2024-09-09,P100,1,124.77
SO08481,2023-07-07,P097,19,18.5
SO08482,2024-01-26,P019,19,198.1
SO08483,2024-03-27,P027,3,210.96
SO08484,2024-06-26,P037,12,76.85
SO08485,2024-05-01,P088,19,142.11
SO08486,2023-11-14,P038,11,107.94
SO08487,2024-08-01,P008,6,67.19
SO08488,2023-01-26,P046,12,31.29
SO08489,2024-10-01,P005,7,100.77
SO08490,2024-10-29,P048,10,108.77
SO08491,2024-04-25,P070,16,196.17
SO08492,2023-01-28,P050,10,39.14
SO08493,2023-07-03,P029,19,964.91
SO08494,2023-07-21,P068,19,103.64
SO08495,2023-09-18,P073,4,201.79
SO08496,2023-07-22,P058,11,82.46
SO08497,2023-01-18,P052,19,60.17
SO08498,2023-11-01,P033,18,93.86
SO08499,2023-10-30,P074,17,69.08
SO08500,2024-01-12,P100,11,88.76
SO08501,2023-09-10,P085,12,193.54
SO08502,2023-03-13,P016,17,653.05
SO08503,2024-05-04,P043,16,87.9
SO08504,2024-07-11,P062,13,61.31
SO08505,2023-01-07,P092,13,142.11
SO08506,2024-12-13,P051,3,47.17
SO08507,2023-11-26,P100,8,137.02
SO08508,2023-08-30,P083,12,173.96
SO08509,2023-04-01,P060,19,158.08
SO08510,2023-11-19,P008,13,49.19
SO08511,2024-12-10,P004,23,71.91
SO08512,2023-10-25,P022,15,169.02
SO08513,2023-03-24,P004,11,40.63
SO08514,2023-03-14,P068,14,148.54
SO08515,2023-09-18,P042,2,255.48
SO08516,2023-12-31,P063,9,43.42
SO08517,2024-01-19,P036,15,124.26
SO08518,2024-01-21,P044,11,69.92
SO08519,2023-01-28,P060,8,149.72
SO08520,2023-03-14,P069,3,197.95
SO08521,2024-12-07,P069,11,203.73
SO08522,2024-03-30,P082,8,119.76
SO08523,2024-08-23,P025,16,123.48
SO08524,2024-08-15,P076,10,119.48
SO08525,2023-08-25,P008,3,39.34
SO08526,2024-08-30,P061,12,66.42
SO08527,2023-07-01,P100,11,132.12
SO08528,2023-10-06,P071,9,20.77
SO08529,2023-12-08,P018,1,36.27
SO08530,2023-02-24,P009,3,120.26
SO08531,2024-12-31,P064,1,199.32
SO08532,2024-04-24,P073,5,162.34
SO08533,2023-05-07,P044,12,99.24
SO08534,2024-02-12,P013,12,19.47
SO08535,2024-03-07,P021,12,89.7
SO08536,2024-06-16,P097,16,22.38
SO08537,2023-03-12,P013,8,17.3
SO08538,2023-04-25,P072,12,157.3
SO08539,2024-07-16,P041,15,39.69
SO08540,2024-04-10,P008,6,48.55
SO08541,2023-12-15,P049,1,89.27
SO08542,2023-04-10,P068,11,177.83
SO08543,2023-06-19,P069,1,179.66
SO08544,2024-04-28,P095,3,112.94
SO08545,2023-06-06,P062,13,75.3
SO08546,2024-07-26,P068,8,132.68
SO08547,2023-02-04,P082,5,120.89
SO08548,2023-04-24,P031,14,56.93
SO08549,2024-06-05,P075,8,95.17
SO08550,2024-04-12,P087,17,254.64
SO08551,2023-03-03,P020,17,98.49
SO08552,2024-08-04,P034,5,68.22
SO08553,2024-11-10,P077,13,154.64
SO08554,2024-02-03,P085,14,201.51
SO08555,2023-03-11,P037,2,76.46
SO08556,2023-06-08,P087,5,218.08
SO08557,2023-03-04,P002,13,102.3
SO08558,2023-08-02,P049,11,114.35
SO08559,2024-12-19,P100,20,143.3
SO08560,2023-07-29,P072,7,185.21
SO08561,2024-07-18,P100,14,162.0
SO08562,2024-10-28,P079,20,20.02
SO08563,2024-07-14,P030,19,100.39
SO08564,2023-04-27,P013,19,15.44
SO08565,2023-01-31,P008,3,69.47
SO08566,2024-02-22,P020,13,106.6
SO08567,2024-03-25,P058,9,104.01
SO08568,2024-06-15,P055,1,247.23
SO08569,2023-01-23,P013,17,22.25
SO08570,2023-03-14,P091,17,1075.76
SO08571,2023-06-09,P045,7,57.83
SO08572,2024-09-20,P041,4,57.43
SO08573,2023-02-25,P068,18,188.71
SO08574,2023-07-27,P074,3,120.34
SO08575,2023-02-07,P016,14,1193.44
SO08576,2024-02-15,P052,15,69.06
SO08577,2024-08-07,P054,10,154.36
SO08578,2024-09-26,P059,3,94.8
SO08579,2024-04-08,P052,7,80.09
SO08580,2023-04-20,P028,3,23.74
SO08581,2024-10-26,P099,10,1276.11
SO08582,2023-03-05,P059,12,121.64
SO08583,2023-04-06,P048,14,100.1
SO08584,2024-08-12,P046,12,24.35
SO08585,2023-03-06,P034,17,41.0
SO08586,2023-08-12,P067,11,46.16
SO08587,2024-08-11,P092,17,140.4
SO08588,2023-05-29,P079,6,13.18
SO08589,2024-03-13,P096,1,188.1
SO08590,2024-02-08,P015,5,28.69
SO08591,2024-08-19,P060,9,178.76
SO08592,2024-03-15,P028,14,24.16
SO08593,2024-07-11,P064,12,143.58
SO08594,2024-08-02,P071,16,14.6
SO08595,2024-01-01,P074,19,78.54
SO08596,2023-01-25,P006,5,199.2
SO08597,2024-04-28,P095,12,135.39
SO08598,2023-02-04,P026,10,92.85
SO08599,2023-07-17,P045,12,69.28
SO08600,2023-08-28,P068,12,156.33
SO08601,2023-01-08,P026,19,91.77
SO08602,2024-07-29,P038,3,132.04
SO08603,2024-12-27,P063,1,47.34
SO08604,2023-11-25,P038,7,157.92
SO08605,2023-12-04,P072,35,285.57
SO08606,2024-01-12,P039,8,39.73
SO08607,2023-02-09,P022,17,198.29
SO08608,2023-11-08,P091,22,1381.79
SO08609,2024-12-22,P076,22,184.8
SO08610,2024-08-30,P075,18,101.29
SO08611,2024-04-27,P045,18,66.48
SO08612,2024-04-02,P017,11,28.65
SO08613,2024-08-26,P041,5,31.75
SO08614,2024-04-16,P013,1,20.49
SO08615,2023-02-03,P095,13,92.09
SO08616,2024-04-29,P028,6,27.88
SO08617,2023-10-08,P031,26,59.48
SO08618,2023-01-27,P029,18,1052.39
SO08619,2023-10-31,P086,12,898.27
SO08620,2024-11-27,P016,12,755.55
SO08621,2024-03-21,P082,2,164.61
SO08622,2024-05-20,P094,11,214.43
SO08623,2023-09-18,P097,2,17.62
SO08624,2023-04-11,P077,5,115.6
SO08625,2024-04-09,P061,18,78.22
SO08626,2024-12-30,P031,9,39.1
SO08627,2024-10-07,P033,1,59.98
SO08628,2024-06-14,P032,13,112.52
SO08629,2024-08-19,P056,12,150.82
SO08630,2024-07-15,P019,5,209.23
SO08631,2024-03-23,P098,4,456.2
SO08632,2023-04-27,P084,2,149.17
SO08633,2023-05-13,P094,15,259.13
SO08634,2024-09-03,P003,8,156.39
SO08635,2023-03-16,P021,19,105.21
SO08636,2024-09-11,P060,10,138.12
SO08637,2023-09-29,P017,11,20.97
SO08638,2024-10-25,P062,32,70.63
SO08639,2023-06-24,P020,6,63.36
SO08640,2023-07-12,P076,18,152.38
SO08641,2023-02-06,P029,13,1137.08
SO08642,2024-04-21,P041,16,52.85
SO08643,2024-09-06,P030,7,102.23
SO08644,2023-12-23,P043,7,85.83
SO08645,2023-07-29,P035,8,401.19
SO08646,2023-08-13,P060,4,153.38
SO08647,2024-04-10,P025,17,134.48
SO08648,2024-06-25,P090,8,112.55
SO08649,2024-06-04,P027,8,223.89
SO08650,2023-07-16,P074,18,106.28
SO08651,2024-04-04,P079,12,15.82
SO08652,2024-03-19,P023,5,37.12
SO08653,2023-04-14,P063,14,48.67
SO08654,2024-02-13,P013,7,20.7
SO08655,2023-05-20,P044,2,102.16
SO08656,2023-10-11,P045,34,46.87
SO08657,2023-04-09,P058,16,86.12
SO08658,2024-10-03,P014,6,317.9
SO08659,2024-05-21,P054,4,185.29
SO08660,2024-10-27,P014,1,376.75
SO08661,2024-06-03,P056,12,117.95
SO08662,2023-05-05,P099,11,1086.06
SO08663,2023-02-18,P099,3,1055.05
SO08664,2023-02-27,P076,18,111.8
SO08665,2024-04-11,P074,8,81.02
SO08666,2024-12-20,P065,28,127.91
SO08667,2023-05-19,P080,9,23.38
SO08668,2023-06-10,P013,9,21.09
SO08669,2023-06-14,P021,18,127.69
SO08670,2023-10-30,P038,29,118.97
SO08671,2024-02-01,P060,18,143.13
SO08672,2023-03-01,P070,17,150.56
SO08673,2023-09-01,P018,15,35.53
SO08674,2023-09-14,P075,10,78.15
SO08675,2024-03-16,P018,6,57.15
SO08676,2023-03-20,P054,11,120.18
SO08677,2024-05-09,P087,16,206.37
SO08678,2024-09-25,P041,13,51.99
SO08679,2024-07-21,P022,15,211.28
SO08680,2023-05-08,P008,12,50.85
SO08681,2024-10-16,P072,16,269.24
SO08682,2024-02-29,P007,5,1016.06
SO08683,2024-07-07,P025,1,87.74
SO08684,2024-07-02,P099,19,903.33
SO08685,2023-06-04,P073,16,131.2
SO08686,2024-07-10,P048,14,113.41
SO08687,2024-10-09,P015,18,42.51
SO08688,2023-11-30,P063,15,63.31
SO08689,2023-11-18,P040,18,554.02
SO08690,2023-12-03,P062,7,63.7
SO08691,2023-04-30,P074,2,90.6
SO08692,2023-02-09,P036,5,181.14
SO08693,2024-04-04,P053,14,31.34
SO08694,2023-03-22,P042,1,267.58
SO08695,2024-04-26,P043,11,55.2
SO08696,2024-12-09,P089,7,64.74
SO08697,2024-02-12,P001,12,58.91
SO08698,2023-03-29,P017,16,30.35
SO08699,2023-07-09,P082,14,130.56
SO08700,2023-10-29,P038,6,112.87
SO08701,2023-11-24,P024,15,91.56
SO08702,2024-06-06,P067,2,45.02
SO08703,2024-11-21,P007,21,820.54
SO08704,2024-11-28,P074,30,110.89
SO08705,2023-03-14,P081,17,203.26
SO08706,2023-11-03,P077,5,112.15
SO08707,2024-07-24,P080,3,18.07
SO08708,2023-08-28,P009,6,96.6
SO08709,2024-06-10,P035,3,496.15
SO08710,2024-10-28,P097,30,19.86
SO08711,2024-11-29,P049,13,73.49
SO08712,2023-08-21,P005,5,92.28
SO08713,2023-02-16,P079,10,16.02
SO08714,2024-08-14,P010,8,61.55
SO08715,2023-11-02,P063,15,36.8
SO08716,2024-10-07,P068,5,184.24
SO08717,2023-02-14,P003,3,218.94
SO08718,2024-09-15,P017,17,18.84
SO08719,2024-08-05,P048,14,103.39
SO08720,2023-11-11,P076,17,216.77
SO08721,2023-03-30,P022,13,143.31
SO08722,2024-02-21,P071,12,17.96
SO08723,2023-04-25,P092,17,183.22
SO08724,2023-12-26,P075,30,92.61
SO08725,2023-10-23,P080,17,14.07
SO08726,2024-12-23,P043,7,92.95
SO08727,2023-01-25,P054,3,153.99
SO08728,2023-08-02,P005,13,170.9
SO08729,2024-12-21,P048,5,103.73
SO08730,2023-11-17,P060,12,112.51
SO08731,2024-05-18,P017,5,30.58
SO08732,2024-09-26,P075,10,113.6
SO08733,2024-03-22,P024,16,130.48
SO08734,2024-02-11,P042,7,173.89
SO08735,2024-03-06,P023,9,23.8
SO08736,2023-03-31,P092,17,174.14
SO08737,2023-04-08,P006,19,211.08
SO08738,2023-05-06,P099,7,1207.68
SO08739,2023-02-07,P050,16,36.92
SO08740,2024-08-28,P082,5,92.71
SO08741,2023-08-09,P033,15,65.77
SO08742,2023-08-09,P038,11,143.17
SO08743,2024-04-13,P083,1,107.71
SO08744,2023-10-23,P008,8,75.92
SO08745,2023-11-10,P029,3,602.42
SO08746,2024-04-01,P039,8,52.26
SO08747,2023-02-25,P040,18,344.85
SO08748,2023-07-14,P005,5,154.06
SO08749,2024-12-12,P044,7,104.98
SO08750,2023-11-02,P087,17,214.19
SO08751,2023-07-02,P080,2,25.36
SO08752,2024-10-16,P021,1,157.44
SO08753,2024-03-23,P070,15,219.43
SO08754,2024-04-22,P091,16,1283.51
SO08755,2024-05-10,P067,19,52.65
SO08756,2024-09-24,P003,1,147.2
SO08757,2024-10-24,P008,10,63.4
SO08758,2023-07-13,P056,10,198.67
SO08759,2024-05-16,P055,15,147.98
SO08760,2024-02-01,P076,10,193.06
SO08761,2023-06-11,P013,8,22.8
SO08762,2024-04-06,P052,15,75.57
SO08763,2024-08-27,P040,8,547.25
SO08764,2023-12-09,P067,32,36.15
SO08765,2024-07-13,P027,13,228.12
SO08766,2023-06-24,P080,14,24.19
SO08767,2023-07-15,P063,7,46.32
SO08768,2024-05-12,P036,1,150.17
SO08769,2024-05-15,P072,15,196.12
SO08770,2023-04-20,P064,4,198.19
SO08771,2024-07-28,P003,14,210.14
SO08772,2024-04-02,P026,13,112.92
SO08773,2024-04-19,P086,19,1183.53
SO08774,2024-02-11,P096,14,177.92
SO08775,2023-05-03,P012,13,82.94
SO08776,2023-02-27,P084,19,146.01
SO08777,2024-10-24,P055,11,175.0
SO08778,2024-03-31,P026,2,117.67
SO08779,2024-08-04,P092,17,184.79
SO08780,2023-12-31,P056,15,135.19
SO08781,2023-11-12,P062,5,71.8
SO08782,2024-11-14,P090,19,87.49
SO08783,2024-09-07,P017,4,31.3
SO08784,2024-03-11,P060,19,148.36
SO08785,2024-07-24,P081,5,211.89
SO08786,2024-07-05,P073,15,113.56
SO08787,2023-02-12,P054,2,140.08
SO08788,2023-06-02,P057,11,119.39
SO08789,2023-09-20,P086,7,1303.32
SO08790,2023-01-29,P001,4,88.03
SO08791,2023-03-12,P052,4,59.03
SO08792,2024-03-18,P095,18,85.58
SO08793,2023-08-05,P084,14,190.21
SO08794,2024-09-02,P013,8,15.46
SO08795,2023-08-21,P011,16,125.77
SO08796,2024-07-01,P059,2,87.48
SO08797,2023-06-09,P071,12,13.12
SO08798,2024-12-29,P053,28,22.97
SO08799,2024-08-11,P035,1,446.12
SO08800,2024-01-11,P007,2,1281.89
SO08801,2024-03-17,P025,10,76.78
SO08802,2023-01-03,P065,18,120.24
SO08803,2024-06-05,P058,15,71.56
SO08804,2024-02-04,P013,7,18.42
SO08805,2024-10-30,P013,19,17.15
SO08806,2024-12-25,P024,23,117.5
SO08807,2024-04-11,P092,6,187.13
SO08808,2023-10-21,P030,8,145.19
SO08809,2024-10-15,P011,5,191.35
SO08810,2023-07-21,P045,3,50.68
SO08811,2023-04-01,P069,17,195.08
SO08812,2023-10-24,P048,26,122.1
SO08813,2024-01-30,P060,7,172.61
SO08814,2023-09-07,P095,14,127.49
SO08815,2023-09-25,P041,12,32.38
SO08816,2024-11-16,P071,2,19.87
SO08817,2024-08-03,P020,3,74.98
SO08818,2023-04-19,P010,19,69.23
SO08819,2024-05-26,P076,4,190.38
SO08820,2024-09-29,P044,9,120.16
SO08821,2024-05-12,P021,17,169.31
SO08822,2024-11-28,P020,34,87.69
SO08823,2023-05-13,P050,1,48.36
SO08824,2023-09-07,P075,15,152.0
SO08825,2024-09-02,P047,10,87.45
SO08826,2023-06-11,P088,14,185.65
SO08827,2023-04-07,P074,9,86.34
SO08828,2023-06-23,P061,17,57.94
SO08829,2024-10-07,P016,12,849.68
SO08830,2023-06-21,P029,16,966.79
SO08831,2024-03-17,P031,6,37.57
SO08832,2023-01-30,P053,5,29.66
SO08833,2024-05-24,P091,19,943.53
SO08834,2023-03-12,P014,10,544.35
SO08835,2023-08-19,P010,1,49.48
SO08836,2023-02-01,P086,1,1303.19
SO08837,2024-02-11,P027,13,122.45
SO08838,2024-09-24,P004,17,68.33
SO08839,2024-09-23,P074,10,119.08
SO08840,2023-12-21,P067,8,43.32
SO08841,2023-04-10,P036,19,186.72
SO08842,2024-05-20,P034,17,51.09
SO08843,2023-08-25,P026,6,156.6
SO08844,2024-07-11,P065,15,193.06
SO08845,2024-06-25,P093,4,210.64
SO08846,2024-07-10,P091,7,889.14
SO08847,2024-10-18,P062,9,70.61
SO08848,2024-05-19,P055,11,168.82
SO08849,2023-11-09,P061,23,73.55
SO08850,2023-10-30,P022,14,196.15
SO08851,2024-09-15,P072,13,200.58
SO08852,2024-02-08,P090,13,89.07
SO08853,2023-01-11,P037,3,86.47
SO08854,2023-02-07,P065,17,133.8
SO08855,2024-12-23,P005,14,155.5
SO08856,2023-10-27,P043,22,75.85
SO08857,2023-03-27,P083,13,88.6
SO08858,2023-03-01,P023,4,36.29
SO08859,2024-11-01,P064,11,207.01
SO08860,2023-06-02,P006,14,206.3
SO08861,2023-03-08,P026,13,89.37
SO08862,2023-11-07,P096,13,202.73
SO08863,2024-09-09,P095,10,98.6
SO08864,2023-09-13,P026,16,137.67
SO08865,2023-07-17,P091,17,1270.44
SO08866,2023-08-28,P043,10,86.27
SO08867,2023-12-29,P067,24,46.84
SO08868,2023-05-22,P029,3,1087.13
SO08869,2023-07-07,P042,4,196.72
SO08870,2024-07-28,P039,8,39.61
SO08871,2024-09-09,P088,1,192.89
SO08872,2024-10-16,P097,1,22.3
SO08873,2024-11-10,P053,27,22.76
SO08874,2024-05-29,P038,17,113.9
SO08875,2024-05-28,P001,1,92.13
SO08876,2023-09-14,P075,5,127.42
SO08877,2023-09-25,P058,18,67.24
SO08878,2024-10-26,P042,6,178.68
SO08879,2023-12-29,P081,18,152.79
SO08880,2024-02-03,P055,16,163.49
SO08881,2024-09-14,P039,4,34.72
SO08882,2023-03-23,P012,15,91.81
SO08883,2024-03-08,P024,1,83.84
SO08884,2024-03-01,P050,18,59.47
SO08885,2023-08-30,P074,17,130.67
SO08886,2023-06-14,P051,16,69.39
SO08887,2024-03-05,P096,7,154.17
SO08888,2024-09-15,P073,14,207.56
SO08889,2024-07-14,P029,18,1075.57
SO08890,2023-12-14,P062,6,72.14
SO08891,2023-04-23,P046,8,35.22
SO08892,2024-08-20,P034,2,77.73
SO08893,2023-11-03,P080,12,14.17
SO08894,2023-10-01,P088,2,166.29
SO08895,2024-09-05,P087,5,200.44
SO08896,2024-07-26,P095,11,87.94
SO08897,2023-02-17,P006,15,169.27
SO08898,2024-06-18,P064,4,114.56
SO08899,2024-04-01,P039,1,30.54
SO08900,2024-09-20,P075,8,150.71
SO08901,2023-11-07,P053,12,26.04
SO08902,2023-10-28,P094,32,164.05
SO08903,2024-11-16,P005,16,106.39
SO08904,2023-02-16,P064,15,223.38
SO08905,2024-07-21,P077,7,145.95
SO08906,2024-12-14,P068,23,164.5
SO08907,2023-11-13,P047,24,47.26
SO08908,2023-02-15,P014,6,382.26
SO08909,2024-08-10,P028,13,26.86
SO08910,2023-02-04,P084,11,209.45
SO08911,2024-08-02,P019,11,176.91
SO08912,2023-02-07,P048,16,123.22
SO08913,2024-10-22,P037,17,53.72
SO08914,2023-10-11,P074,20,94.23
SO08915,2023-12-03,P094,16,250.93
SO08916,2023-01-26,P071,11,14.36
SO08917,2023-01-01,P040,9,540.02
SO08918,2024-12-01,P083,29,138.45
SO08919,2023-01-21,P086,7,978.93
SO08920,2024-05-12,P072,3,264.15
SO08921,2024-09-01,P062,2,47.61
SO08922,2024-06-28,P072,5,154.29
SO08923,2024-05-07,P009,7,110.65
SO08924,2023-11-16,P069,13,167.74
SO08925,2024-02-13,P022,17,156.84
SO08926,2023-08-14,P025,17,108.7
SO08927,2023-01-05,P009,1,163.98
SO08928,2023-02-22,P078,1,145.54
SO08929,2023-08-05,P021,18,103.38
SO08930,2023-04-09,P094,11,260.79
SO08931,2023-02-17,P053,17,31.77
SO08932,2024-12-18,P011,13,191.89
SO08933,2024-05-27,P046,19,20.27
SO08934,2023-04-07,P042,12,247.98
SO08935,2024-12-19,P042,15,159.16
SO08936,2023-12-22,P085,15,215.6
SO08937,2023-01-20,P048,18,132.65
SO08938,2023-09-14,P014,6,317.57
SO08939,2023-01-17,P026,9,155.78
SO08940,2024-12-11,P077,2,189.35
SO08941,2023-12-22,P034,17,71.73
SO08942,2024-01-13,P098,3,484.15
SO08943,2023-09-10,P071,3,13.0
SO08944,2023-03-06,P082,16,133.87
SO08945,2023-02-02,P037,15,61.17
SO08946,2023-10-02,P035,15,448.53
SO08947,2024-03-03,P074,13,86.04
SO08948,2024-09-09,P076,19,111.1
SO08949,2024-08-15,P058,15,77.62
SO08950,2024-09-16,P023,17,21.66
SO08951,2023-01-22,P058,1,94.53
SO08952,2024-12-28,P053,30,28.34
SO08953,2023-05-22,P060,8,188.14
SO08954,2023-02-10,P060,3,185.93
SO08955,2024-10-31,P017,11,24.99
SO08956,2024-08-11,P051,4,85.79
SO08957,2024-07-02,P074,19,82.65
SO08958,2024-10-22,P082,28,154.06
SO08959,2023-04-13,P063,18,33.3
SO08960,2024-07-16,P066,7,111.3
SO08961,2023-03-10,P013,10,21.42
SO08962,2024-11-09,P045,3,56.87
SO08963,2024-10-12,P028,5,37.03
SO08964,2024-06-06,P001,2,59.42
SO08965,2023-05-26,P078,12,213.06
SO08966,2024-09-03,P036,16,117.86
SO08967,2024-01-04,P033,11,91.3
SO08968,2024-11-25,P024,17,108.81
SO08969,2023-05-31,P034,18,69.51
SO08970,2023-03-12,P028,5,39.84
SO08971,2024-11-20,P100,3,156.58
SO08972,2024-04-01,P026,12,148.7
SO08973,2023-02-01,P097,12,18.19
SO08974,2024-08-24,P004,4,75.08
SO08975,2023-01-09,P075,8,110.19
SO08976,2024-12-01,P066,15,124.82
SO08977,2024-02-17,P002,13,128.39
SO08978,2023-05-17,P037,16,90.77
SO08979,2023-10-21,P038,17,138.76
SO08980,2024-05-07,P071,19,20.21
SO08981,2023-04-20,P059,8,105.3
SO08982,2024-12-23,P053,5,28.41
SO08983,2023-04-03,P041,17,33.79
SO08984,2023-08-14,P018,4,47.72
SO08985,2024-12-27,P096,3,220.83
SO08986,2024-04-18,P090,5,85.63
SO08987,2023-07-06,P012,14,91.21
SO08988,2024-09-03,P019,4,149.52
SO08989,2023-11-05,P042,13,249.97
SO08990,2023-10-11,P029,6,873.55
SO08991,2024-08-15,P061,9,92.11
SO08992,2024-07-01,P076,3,151.71
SO08993,2024-04-18,P100,6,172.63
SO08994,2023-10-24,P002,17,136.04
SO08995,2023-01-01,P033,1,54.5
SO08996,2023-06-24,P075,19,141.65
SO08997,2023-05-28,P085,10,151.15
SO08998,2023-03-12,P046,5,30.71
SO08999,2023-06-15,P033,5,79.84
SO09000,2023-07-17,P097,9,22.62
SO09001,2024-05-15,P077,5,135.79
SO09002,2023-08-29,P096,1,249.93
SO09003,2023-07-25,P099,17,1091.09
SO09004,2024-01-23,P100,2,158.63
SO09005,2023-09-11,P020,18,73.09
SO09006,2024-04-06,P010,8,66.19
SO09007,2024-11-20,P100,9,121.09
SO09008,2023-01-27,P100,14,127.55
SO09009,2024-07-18,P017,14,21.71
SO09010,2024-01-24,P001,12,77.9
SO09011,2024-04-14,P039,3,54.65
SO09012,2023-04-26,P095,6,93.15
SO09013,2023-07-16,P051,17,62.04
SO09014,2024-06-18,P069,6,124.15
SO09015,2023-03-21,P072,10,215.71
SO09016,2023-08-11,P074,18,107.88
SO09017,2024-12-31,P060,7,163.27
SO09018,2023-01-10,P039,5,47.96
SO09019,2023-04-29,P013,12,15.2
SO09020,2024-12-21,P051,26,79.11
SO09021,2024-05-10,P083,8,154.87
SO09022,2023-06-29,P027,16,189.41
SO09023,2024-02-15,P080,15,21.09
SO09024,2024-03-04,P019,15,157.91
SO09025,2023-03-18,P038,11,85.26
SO09026,2024-09-15,P053,7,32.86
SO09027,2023-06-08,P016,19,1016.86
SO09028,2024-07-30,P027,5,184.83
SO09029,2023-05-10,P080,7,25.16
SO09030,2023-07-17,P056,13,155.61
SO09031,2023-09-14,P010,14,41.15
SO09032,2024-04-01,P064,5,154.78
SO09033,2023-11-04,P045,13,48.56
SO09034,2024-10-02,P001,11,63.63
SO09035,2024-04-03,P061,15,94.89
SO09036,2023-05-14,P023,9,34.49
SO09037,2024-05-09,P033,15,65.11
SO09038,2023-10-30,P045,17,46.64
SO09039,2024-01-30,P081,2,154.97
SO09040,2024-09-23,P018,12,29.51
SO09041,2023-09-10,P003,17,170.82
SO09042,2024-04-05,P100,14,113.2
SO09043,2023-02-18,P076,13,136.33
SO09044,2024-10-25,P012,5,111.8
SO09045,2023-10-07,P087,13,230.11
SO09046,2024-03-17,P015,8,34.01
SO09047,2023-03-03,P060,19,133.96
SO09048,2023-11-25,P012,29,122.15
SO09049,2023-10-09,P029,6,721.64
SO09050,2023-08-17,P066,9,116.97
SO09051,2024-08-19,P016,15,837.33
SO09052,2024-11-30,P009,22,177.24
SO09053,2024-02-12,P090,2,113.68
SO09054,2024-04-18,P033,14,74.55
SO09055,2023-12-28,P033,22,66.8
SO09056,2024-04-20,P025,13,122.38
SO09057,2024-03-17,P023,6,34.37
SO09058,2023-06-09,P024,17,123.58
SO09059,2024-04-26,P061,7,103.3
SO09060,2024-09-25,P088,3,171.67
SO09061,2024-12-01,P005,7,95.79
SO09062,2024-09-03,P026,6,159.6
SO09063,2023-07-17,P064,2,192.14
SO09064,2024-10-22,P049,5,87.6
SO09065,2024-11-19,P066,33,149.55
SO09066,2023-09-27,P076,12,176.4
SO09067,2023-05-27,P076,19,197.51
SO09068,2023-03-19,P012,15,123.27
SO09069,2024-01-16,P021,6,147.83
SO09070,2023-05-25,P064,10,177.79
SO09071,2024-10-25,P099,15,1177.73
SO09072,2023-05-20,P042,15,184.59
SO09073,2023-07-28,P009,7,118.13
SO09074,2023-02-08,P089,18,48.27
SO09075,2023-02-26,P035,2,476.16
SO09076,2024-03-03,P059,1,120.34
SO09077,2023-12-06,P087,31,194.27
SO09078,2023-03-15,P035,15,346.84
SO09079,2023-04-06,P071,12,21.78
SO09080,2023-04-14,P081,9,148.01
SO09081,2024-01-29,P069,9,133.8
SO09082,2023-04-13,P061,14,78.76
SO09083,2023-06-03,P030,19,126.77
SO09084,2023-10-11,P061,13,57.1
SO09085,2024-09-27,P013,10,14.38
SO09086,2023-05-16,P024,7,136.82
SO09087,2024-06-02,P085,13,254.09
SO09088,2023-01-12,P087,9,138.72
SO09089,2023-04-29,P026,2,110.42
SO09090,2024-04-04,P039,10,52.81
SO09091,2023-05-01,P011,5,129.05
SO09092,2024-05-30,P078,10,241.55
SO09093,2024-04-02,P010,11,56.12
SO09094,2023-09-03,P009,6,104.84
SO09095,2023-12-29,P072,6,276.97
SO09096,2024-01-02,P061,18,53.97
SO09097,2024-02-03,P007,13,1418.31
SO09098,2023-06-09,P085,10,202.58
SO09099,2023-11-17,P024,3,133.6
SO09100,2024-02-25,P024,10,84.43
SO09101,2023-05-11,P016,1,760.1
SO09102,2024-05-23,P075,14,117.7
SO09103,2024-07-24,P020,2,85.15
SO09104,2024-11-13,P020,10,113.93
SO09105,2023-04-19,P089,11,77.55
SO09106,2023-04-30,P047,19,53.44
SO09107,2023-10-27,P081,1,166.76
SO09108,2023-06-23,P080,19,22.94
SO09109,2024-05-16,P019,9,214.46
SO09110,2024-10-23,P012,1,96.53
SO09111,2024-04-21,P061,16,95.89
SO09112,2023-11-08,P098,9,494.35
SO09113,2023-11-24,P062,12,81.83
SO09114,2024-10-21,P045,12,70.25
SO09115,2023-01-24,P037,1,68.15
SO09116,2023-10-16,P008,19,77.99
SO09117,2024-01-05,P092,13,106.31
SO09118,2023-08-18,P091,10,908.0
SO09119,2024-05-12,P045,4,63.19
SO09120,2023-01-10,P010,4,70.97
SO09121,2023-06-12,P077,4,158.27
SO09122,2024-10-31,P086,18,1194.76
SO09123,2024-04-28,P022,8,124.07
SO09124,2024-05-21,P034,14,78.39
SO09125,2023-08-17,P029,12,1018.98
SO09126,2024-01-25,P057,7,153.9
SO09127,2024-07-12,P032,11,84.05
SO09128,2024-10-18,P082,22,138.76
SO09129,2023-06-28,P009,19,159.98
SO09130,2023-01-27,P085,13,187.98
SO09131,2023-10-19,P067,31,35.9
SO09132,2023-05-26,P010,15,76.55
SO09133,2023-11-13,P032,7,108.12
SO09134,2023-12-19,P056,16,108.5
SO09135,2024-08-17,P061,8,75.9
SO09136,2024-11-07,P026,5,137.89
SO09137,2024-05-25,P028,14,33.44
SO09138,2024-12-12,P089,6,77.88
SO09139,2023-03-15,P083,14,140.79
SO09140,2023-12-25,P089,21,76.86
SO09141,2024-04-27,P061,15,64.33
SO09142,2023-07-24,P053,5,25.71
SO09143,2023-06-24,P008,19,76.41
SO09144,2024-08-15,P082,19,112.94
SO09145,2023-11-13,P039,19,57.47
SO09146,2023-11-04,P095,6,86.52
SO09147,2023-05-29,P053,3,21.22
SO09148,2023-08-16,P056,14,189.27
SO09149,2024-02-06,P078,19,203.43
SO09150,2023-03-27,P033,15,50.28
SO09151,2024-03-14,P027,14,123.93
SO09152,2024-01-02,P090,12,101.36
SO09153,2024-09-30,P036,15,126.88
SO09154,2024-05-04,P046,14,19.19
SO09155,2024-11-16,P010,9,53.99
SO09156,2023-07-11,P040,13,335.47
SO09157,2023-10-14,P054,27,181.73
SO09158,2024-05-09,P074,12,73.84
SO09159,2024-10-30,P072,13,191.15
SO09160,2024-05-27,P068,15,135.58
SO09161,2023-05-28,P014,2,495.29
SO09162,2024-05-24,P051,11,53.35
SO09163,2023-03-19,P051,1,61.65
SO09164,2023-07-01,P049,5,91.48
SO09165,2023-02-02,P054,1,145.54
SO09166,2023-11-14,P008,1,65.22
SO09167,2023-10-13,P088,21,147.56
SO09168,2023-01-09,P088,8,153.05
SO09169,2024-02-23,P072,1,237.7
SO09170,2024-04-20,P079,12,16.94
SO09171,2024-02-19,P068,17,133.41
SO09172,2024-08-02,P061,16,103.27
SO09173,2023-07-18,P040,15,632.22
SO09174,2023-03-12,P019,1,210.93
SO09175,2023-12-09,P039,22,46.73
SO09176,2023-12-02,P016,9,923.1
SO09177,2024-03-15,P098,12,385.03
SO09178,2023-09-14,P049,8,122.12
SO09179,2024-07-18,P087,7,197.6
SO09180,2023-07-18,P027,10,187.73
SO09181,2024-07-24,P022,1,182.17
SO09182,2023-01-19,P079,2,23.41
SO09183,2024-05-08,P043,19,88.64
SO09184,2023-01-16,P034,3,51.96
SO09185,2024-07-12,P069,19,155.91
SO09186,2024-06-12,P013,12,23.23
SO09187,2024-02-07,P002,6,134.0
SO09188,2023-05-16,P079,12,24.4
SO09189,2023-07-26,P058,1,60.54
SO09190,2024-05-23,P087,17,195.74
SO09191,2023-06-02,P001,3,81.75
SO09192,2023-09-30,P040,1,542.19
SO09193,2023-02-07,P007,15,820.34
SO09194,2023-02-13,P033,11,92.63
SO09195,2023-12-17,P084,4,208.74
SO09196,2023-05-07,P005,6,162.14
SO09197,2023-07-03,P041,19,32.13
SO09198,2024-10-18,P024,16,132.17
SO09199,2024-09-18,P070,7,127.61
SO09200,2023-11-22,P035,10,381.28
SO09201,2024-04-27,P040,5,333.06
SO09202,2024-05-19,P076,18,215.01
SO09203,2023-04-14,P012,19,71.58
SO09204,2023-04-25,P042,1,234.42
SO09205,2023-03-13,P024,2,115.25
SO09206,2024-05-23,P025,16,92.87
SO09207,2024-04-02,P024,6,80.65
SO09208,2023-11-18,P029,17,686.83
SO09209,2023-11-03,P066,6,191.41
SO09210,2024-03-15,P098,10,316.49
SO09211,2024-10-11,P053,25,35.52
SO09212,2023-06-02,P058,6,91.78
SO09213,2023-11-23,P056,16,175.76
SO09214,2023-12-31,P069,13,124.29
SO09215,2024-08-18,P037,19,49.61
SO09216,2024-01-19,P048,11,82.43
SO09217,2024-12-23,P039,31,45.9
SO09218,2024-05-25,P093,3,128.14
SO09219,2024-06-10,P002,4,147.11
SO09220,2024-07-27,P018,15,51.79
SO09221,2023-02-06,P003,10,206.08
SO09222,2023-02-17,P013,4,17.87
SO09223,2024-08-16,P027,2,189.82
SO09224,2024-08-22,P023,2,38.4
SO09225,2023-01-31,P040,12,320.69
SO09226,2024-01-11,P002,8,141.06
SO09227,2024-04-30,P026,14,163.52
SO09228,2023-06-24,P093,15,177.6
SO09229,2024-08-16,P068,2,174.89
SO09230,2024-06-01,P049,14,111.13
SO09231,2023-03-27,P016,4,1211.44
SO09232,2024-07-07,P033,5,81.36
SO09233,2024-08-14,P093,7,126.1
SO09234,2024-02-05,P092,8,177.3
SO09235,2023-03-14,P048,7,93.29
SO09236,2024-11-11,P021,4,132.19
SO09237,2024-08-17,P063,16,42.01
SO09238,2024-06-23,P013,1,18.16
SO09239,2023-04-29,P071,12,22.32
SO09240,2024-07-14,P005,6,144.64
SO09241,2023-07-08,P051,11,49.99
SO09242,2023-11-17,P080,19,15.06
SO09243,2023-05-02,P049,13,91.63
SO09244,2024-01-10,P067,1,54.46
SO09245,2023-06-22,P072,5,178.99
SO09246,2023-11-14,P009,28,171.04
SO09247,2023-07-19,P007,9,920.53
SO09248,2024-05-05,P041,11,37.21
SO09249,2023-04-12,P060,11,143.01
SO09250,2024-07-03,P034,3,78.59
SO09251,2024-02-20,P060,10,139.76
SO09252,2023-04-22,P030,16,165.6
SO09253,2023-09-24,P068,8,153.17
SO09254,2023-03-23,P100,8,133.24
SO09255,2024-05-13,P092,4,119.55
SO09256,2023-11-25,P094,19,263.77
SO09257,2023-03-11,P006,2,141.72
SO09258,2024-06-26,P051,19,72.92
SO09259,2024-12-02,P006,23,193.82
SO09260,2023-10-16,P091,22,1265.38
SO09261,2024-07-23,P001,18,91.43
SO09262,2023-11-30,P003,9,154.9
SO09263,2024-07-13,P036,7,183.75
SO09264,2023-06-25,P094,3,139.83
SO09265,2024-03-25,P093,17,191.48
SO09266,2024-09-11,P063,18,53.79
SO09267,2023-09-27,P025,9,131.3
SO09268,2023-06-23,P045,6,38.27
SO09269,2023-11-01,P024,27,91.99
SO09270,2024-09-24,P059,13,89.75
SO09271,2023-03-06,P052,12,64.08
SO09272,2023-10-15,P004,6,71.5
SO09273,2024-10-17,P009,10,139.24
SO09274,2024-05-20,P031,18,40.15
SO09275,2024-09-22,P087,12,232.12
SO09276,2024-08-27,P070,10,188.97
SO09277,2024-06-03,P080,15,16.59
SO09278,2024-12-10,P073,20,139.67
SO09279,2024-09-18,P065,3,150.49
SO09280,2023-01-16,P001,6,89.26
SO09281,2023-06-22,P096,17,155.66
SO09282,2023-11-26,P039,24,29.52
SO09283,2024-09-30,P040,16,436.66
SO09284,2024-01-18,P035,7,401.86
SO09285,2024-05-31,P061,5,75.52
SO09286,2024-04-30,P039,19,52.7
SO09287,2023-02-15,P007,3,1015.36
SO09288,2024-01-03,P065,19,197.18
SO09289,2023-07-16,P096,3,159.35
SO09290,2024-10-04,P041,3,42.28
SO09291,2024-09-01,P049,14,85.81
SO09292,2023-06-23,P035,16,413.28
SO09293,2024-11-08,P007,26,1043.73
SO09294,2023-05-22,P089,6,51.44
SO09295,2023-02-20,P055,3,200.73
SO09296,2024-05-12,P005,5,105.47
SO09297,2024-05-13,P056,13,164.27
SO09298,2024-12-05,P014,1,370.66
SO09299,2024-10-27,P050,10,43.66
SO09300,2023-07-11,P036,5,151.55
SO09301,2023-11-07,P028,3,24.7
SO09302,2024-10-05,P032,18,77.7
SO09303,2024-10-05,P097,5,27.3
SO09304,2023-03-31,P058,12,106.3
SO09305,2023-12-23,P073,8,189.11
SO09306,2024-10-26,P080,15,17.35
SO09307,2024-12-30,P038,24,119.78
SO09308,2023-07-09,P079,18,19.72
SO09309,2023-06-19,P038,4,112.72
SO09310,2023-07-24,P024,5,109.99
SO09311,2024-11-10,P039,4,54.99
SO09312,2023-08-18,P018,18,30.02
SO09313,2024-06-26,P038,1,85.78
SO09314,2023-04-24,P091,5,1312.05
SO09315,2023-12-14,P019,32,147.12
SO09316,2023-06-06,P004,9,67.87
SO09317,2024-08-17,P034,5,71.11
SO09318,2024-08-14,P076,3,185.22
SO09319,2024-10-28,P052,35,56.17
SO09320,2023-09-17,P052,3,49.38
SO09321,2023-08-16,P090,5,85.75
SO09322,2024-11-06,P096,5,214.64
SO09323,2024-10-15,P086,33,995.07
SO09324,2023-05-30,P065,11,189.8
SO09325,2023-07-16,P014,1,327.37
SO09326,2024-06-01,P037,7,55.94
SO09327,2023-08-04,P067,1,37.45
SO09328,2024-01-30,P090,12,73.7
SO09329,2023-03-24,P028,3,33.06
SO09330,2023-06-07,P025,8,90.12
SO09331,2024-10-22,P083,20,117.21
SO09332,2023-11-03,P092,23,114.39
SO09333,2023-09-10,P054,5,158.11
SO09334,2023-03-05,P084,19,194.83
SO09335,2024-05-10,P010,10,43.97
SO09336,2023-04-10,P046,10,28.42
SO09337,2024-11-08,P017,29,19.57
SO09338,2024-10-26,P053,23,25.11
SO09339,2024-03-03,P100,4,129.99
SO09340,2023-03-01,P077,15,185.92
SO09341,2024-04-17,P005,17,157.29
SO09342,2023-10-17,P036,22,166.16
SO09343,2023-03-10,P048,12,139.65
SO09344,2024-04-30,P008,2,67.34
SO09345,2023-07-04,P080,12,19.81
SO09346,2024-06-27,P071,1,22.7
SO09347,2024-05-29,P051,8,92.74
SO09348,2023-02-05,P082,1,158.82
SO09349,2023-10-25,P091,6,990.5
SO09350,2023-01-13,P049,13,72.66
SO09351,2023-02-09,P079,10,13.74
SO09352,2023-09-20,P009,13,122.35
SO09353,2023-01-02,P071,8,16.98
SO09354,2023-04-16,P005,14,141.53
SO09355,2023-10-29,P019,26,184.51
SO09356,2023-10-20,P090,14,109.34
SO09357,2024-10-19,P079,15,23.95
SO09358,2023-08-14,P017,16,17.28
SO09359,2023-05-13,P027,17,218.15
SO09360,2023-10-15,P032,21,108.89
SO09361,2023-05-30,P055,6,231.67
SO09362,2023-08-09,P047,4,66.83
SO09363,2024-07-18,P031,18,32.44
SO09364,2024-01-25,P070,6,196.18
SO09365,2024-09-16,P010,1,44.68
SO09366,2024-09-28,P093,15,140.68
SO09367,2023-03-28,P014,7,562.03
SO09368,2023-08-25,P063,13,57.89
SO09369,2023-01-31,P089,12,83.92
SO09370,2024-05-02,P064,4,137.26
SO09371,2024-03-09,P091,9,1118.25
SO09372,2023-07-15,P091,1,1405.79
SO09373,2023-12-26,P013,12,13.04
SO09374,2024-11-15,P055,4,145.01
SO09375,2023-03-03,P036,6,212.29
SO09376,2023-03-25,P070,7,193.17
SO09377,2024-10-30,P084,19,151.57
SO09378,2023-09-21,P039,19,38.69
SO09379,2023-07-09,P051,12,75.72
SO09380,2023-09-05,P085,4,211.83
SO09381,2024-07-13,P097,12,16.49
SO09382,2023-08-02,P022,15,196.32
SO09383,2023-10-14,P041,28,29.7
SO09384,2024-12-25,P015,17,46.99
SO09385,2024-07-13,P018,6,52.87
SO09386,2023-05-20,P076,9,128.34
SO09387,2024-12-30,P079,13,23.97
SO09388,2024-06-09,P069,17,163.67
SO09389,2023-01-11,P100,2,167.83
SO09390,2023-01-04,P020,14,87.68
SO09391,2023-10-05,P085,15,169.64
SO09392,2023-05-27,P001,12,70.73
SO09393,2024-11-09,P007,9,1090.09
SO09394,2024-11-03,P006,16,184.97
SO09395,2024-10-18,P045,35,60.84
SO09396,2023-10-20,P032,21,75.43
SO09397,2023-12-24,P003,20,127.07
SO09398,2024-01-17,P063,18,59.47
SO09399,2023-06-06,P051,15,57.88
SO09400,2023-09-18,P037,1,74.8
SO09401,2024-04-11,P029,10,942.79
SO09402,2024-12-26,P082,1,103.49
SO09403,2024-10-06,P004,29,38.29
SO09404,2023-08-20,P023,7,33.92
SO09405,2024-06-05,P030,2,104.05
SO09406,2023-11-27,P039,15,41.17
SO09407,2023-02-15,P018,16,44.83
SO09408,2023-12-27,P008,21,75.99
SO09409,2024-07-20,P055,6,244.37
SO09410,2024-04-16,P021,15,164.92
SO09411,2024-08-03,P006,10,133.11
SO09412,2024-08-27,P064,4,206.71
SO09413,2024-04-26,P059,12,84.34
SO09414,2024-12-27,P045,27,37.81
SO09415,2024-02-26,P084,7,164.1
SO09416,2023-12-10,P090,1,100.12
SO09417,2023-09-18,P061,19,70.52
SO09418,2024-02-17,P077,3,154.73
SO09419,2024-06-20,P067,18,54.6
SO09420,2023-06-25,P077,19,127.93
SO09421,2024-08-24,P084,7,207.25
SO09422,2023-07-10,P066,11,111.45
SO09423,2024-09-17,P085,13,199.45
SO09424,2023-09-06,P049,16,122.97
SO09425,2023-11-21,P047,18,67.43
SO09426,2023-07-25,P013,2,21.16
SO09427,2023-01-05,P003,5,133.2
SO09428,2023-05-03,P087,7,169.54
SO09429,2023-03-17,P072,2,217.79
SO09430,2024-10-28,P042,16,223.62
SO09431,2024-03-02,P019,18,220.08
SO09432,2024-03-21,P002,7,149.89
SO09433,2024-01-31,P065,18,138.79
SO09434,2023-01-12,P025,5,94.73
SO09435,2023-11-06,P003,15,210.93
SO09436,2024-08-15,P033,14,79.84
SO09437,2023-06-18,P058,13,68.22
SO09438,2023-05-18,P065,8,117.27
SO09439,2023-11-26,P093,6,158.96
SO09440,2024-10-15,P009,22,124.47
SO09441,2024-04-28,P096,15,239.34
SO09442,2024-03-13,P029,1,1083.75
SO09443,2024-04-01,P067,12,42.71
SO09444,2023-09-11,P061,16,68.11
SO09445,2024-12-15,P056,6,154.01
SO09446,2023-12-03,P056,32,162.05
SO09447,2023-07-24,P017,14,24.58
SO09448,2023-02-26,P036,5,163.76
SO09449,2023-11-17,P012,25,113.17
SO09450,2024-10-31,P026,18,108.13
SO09451,2024-07-25,P094,18,160.56
SO09452,2023-09-05,P002,1,158.24
SO09453,2023-06-06,P006,7,159.76
SO09454,2024-04-21,P035,8,441.4
SO09455,2023-12-11,P053,18,35.37
SO09456,2024-11-29,P018,14,45.89
SO09457,2024-04-10,P001,19,54.18
SO09458,2024-12-27,P091,1,1035.18
SO09459,2024-10-14,P020,17,109.3
SO09460,2024-11-27,P031,4,56.76
SO09461,2024-05-09,P063,19,55.15
SO09462,2024-06-22,P027,16,154.97
SO09463,2024-03-05,P072,16,191.06
SO09464,2024-03-23,P069,4,150.99
SO09465,2023-08-30,P030,18,151.45
SO09466,2023-03-04,P057,11,145.8
SO09467,2024-10-15,P060,23,121.97
SO09468,2023-11-11,P080,7,24.56
SO09469,2023-05-05,P042,10,155.35
SO09470,2024-10-03,P023,18,34.4
SO09471,2023-12-15,P036,30,162.05
SO09472,2024-08-12,P001,18,55.68
SO09473,2023-05-19,P085,10,186.23
SO09474,2024-12-24,P031,31,47.82
SO09475,2023-09-24,P007,15,1037.31
SO09476,2024-10-09,P075,24,95.84
SO09477,2023-05-04,P006,18,124.53
SO09478,2023-12-24,P009,20,107.67
SO09479,2024-07-26,P005,8,100.32
SO09480,2024-09-22,P063,4,46.24
SO09481,2024-01-23,P008,9,76.85
SO09482,2024-01-18,P034,9,59.47
SO09483,2023-05-21,P039,7,45.71
SO09484,2023-07-28,P064,9,180.73
SO09485,2024-06-30,P050,8,32.93
SO09486,2023-06-19,P019,9,168.36
SO09487,2024-08-06,P087,13,185.77
SO09488,2023-04-15,P052,11,83.17
SO09489,2024-10-15,P054,8,134.91
SO09490,2023-03-01,P090,3,66.7
SO09491,2023-05-16,P009,12,177.12
SO09492,2024-06-24,P003,14,172.85
SO09493,2024-08-05,P040,19,330.72
SO09494,2023-09-05,P085,2,205.6
SO09495,2024-05-01,P085,13,193.79
SO09496,2024-07-08,P054,1,143.01
SO09497,2024-08-30,P044,3,62.92
SO09498,2023-08-30,P029,19,1061.9
SO09499,2023-03-14,P025,3,76.41
SO09500,2023-08-31,P091,7,942.49
SO09501,2024-09-30,P032,6,64.55
SO09502,2023-02-10,P022,9,179.41
SO09503,2023-05-06,P069,5,165.6
SO09504,2024-02-23,P081,19,115.4
SO09505,2024-08-23,P075,13,152.36
SO09506,2024-02-19,P091,8,1216.4
SO09507,2023-10-22,P099,10,1083.17
SO09508,2023-02-08,P010,15,64.19
SO09509,2024-09-23,P052,6,67.07
SO09510,2023-03-10,P044,4,115.7
SO09511,2024-10-10,P084,12,206.04
SO09512,2024-12-31,P075,10,90.87
SO09513,2023-10-05,P073,1,132.82
SO09514,2024-07-04,P065,5,136.69
SO09515,2024-07-29,P059,12,88.76
SO09516,2023-03-27,P007,10,830.51
SO09517,2024-04-15,P085,8,147.38
SO09518,2024-07-02,P092,19,138.04
SO09519,2024-01-15,P081,11,158.47
SO09520,2024-05-27,P060,19,110.04
SO09521,2023-10-12,P010,11,71.38
SO09522,2024-10-02,P005,19,133.43
SO09523,2024-12-26,P078,9,239.03
SO09524,2023-09-02,P050,8,45.74
SO09525,2023-09-18,P016,11,950.2
SO09526,2023-01-13,P083,6,102.3
SO09527,2024-04-24,P036,9,195.98
SO09528,2023-05-18,P072,7,214.35
SO09529,2024-08-01,P009,11,173.53
SO09530,2023-09-14,P100,3,156.9
SO09531,2023-12-29,P072,13,224.44
SO09532,2024-10-29,P044,15,103.02
SO09533,2024-03-28,P069,7,217.89
SO09534,2023-11-21,P045,27,58.08
SO09535,2024-12-27,P014,4,436.37
SO09536,2024-12-06,P015,5,31.46
SO09537,2023-08-30,P014,7,515.87
SO09538,2023-12-01,P075,28,103.11
SO09539,2024-10-05,P096,6,181.17
SO09540,2024-06-28,P042,7,147.72
SO09541,2023-12-17,P041,20,50.99
SO09542,2024-12-17,P044,25,60.99
SO09543,2023-12-10,P088,1,123.28
SO09544,2023-09-25,P037,13,79.53
SO09545,2024-09-13,P046,14,30.87
SO09546,2023-12-06,P036,18,117.95
SO09547,2023-09-03,P022,10,163.73
SO09548,2024-10-05,P037,5,48.11
SO09549,2024-12-25,P013,6,12.4
SO09550,2023-08-09,P081,3,113.69
SO09551,2024-08-07,P072,11,165.94
SO09552,2023-07-25,P015,12,46.61
SO09553,2024-12-18,P045,16,62.64
SO09554,2024-03-28,P002,6,154.27
SO09555,2024-07-14,P036,10,135.82
SO09556,2023-05-24,P028,3,26.24
SO09557,2024-12-02,P092,3,189.84
SO09558,2023-04-02,P051,19,54.27
SO09559,2024-11-28,P079,19,13.39
SO09560,2023-06-18,P012,17,78.98
SO09561,2023-04-15,P081,8,207.03
SO09562,2024-04-29,P061,16,76.87
SO09563,2024-09-26,P037,10,79.98
SO09564,2023-08-04,P059,4,75.9
SO09565,2023-09-25,P083,1,167.53
SO09566,2024-03-23,P092,14,164.04
SO09567,2023-07-28,P089,10,82.45
SO09568,2023-02-28,P018,18,52.97
SO09569,2024-07-19,P019,12,149.49
SO09570,2023-12-20,P025,20,134.21
SO09571,2023-09-14,P073,7,153.64
SO09572,2023-04-01,P068,10,172.95
SO09573,2024-06-05,P021,18,123.57
SO09574,2023-05-13,P100,2,159.34
SO09575,2023-04-22,P006,13,151.62
SO09576,2024-11-08,P055,21,134.17
SO09577,2024-06-23,P089,6,65.74
SO09578,2023-06-24,P002,7,125.15
SO09579,2024-09-14,P021,5,144.61
SO09580,2024-06-24,P036,9,163.09
SO09581,2024-02-26,P075,17,99.67
SO09582,2024-02-23,P065,4,168.2
SO09583,2024-09-09,P089,16,83.04
SO09584,2023-06-21,P036,16,154.78
SO09585,2024-03-03,P012,1,120.65
SO09586,2024-12-23,P051,16,86.35
SO09587,2024-05-14,P100,19,164.68
SO09588,2024-04-28,P032,3,80.16
SO09589,2024-07-22,P042,2,212.05
SO09590,2023-12-28,P059,5,121.37
SO09591,2024-02-17,P009,7,172.47
SO09592,2024-07-09,P046,12,27.37
SO09593,2023-07-25,P080,15,21.44
SO09594,2024-06-11,P035,15,423.24
SO09595,2024-06-05,P013,14,18.83
SO09596,2024-01-17,P059,9,98.9
SO09597,2024-08-25,P063,3,33.99
SO09598,2023-12-26,P021,17,143.8
SO09599,2024-01-25,P028,2,23.82
SO09600,2023-02-14,P002,12,90.41
SO09601,2023-07-29,P018,9,31.71
SO09602,2023-01-02,P040,1,327.47
SO09603,2024-12-16,P100,22,95.32
SO09604,2024-05-15,P081,12,152.76
SO09605,2023-04-13,P094,11,152.65
SO09606,2024-12-29,P029,5,755.8
SO09607,2024-05-23,P055,5,218.78
SO09608,2023-07-15,P015,15,46.6
SO09609,2024-12-16,P073,10,165.34
SO09610,2024-12-28,P083,5,146.97
SO09611,2023-10-02,P004,19,49.31
SO09612,2023-05-23,P063,8,55.45
SO09613,2023-12-17,P088,22,122.86
SO09614,2024-05-04,P092,2,105.65
SO09615,2024-08-31,P069,5,191.86
SO09616,2023-07-11,P083,5,124.44
SO09617,2024-03-28,P031,12,46.89
SO09618,2023-11-10,P021,9,164.6
SO09619,2023-07-31,P020,14,99.56
SO09620,2024-04-28,P066,6,163.27
SO09621,2024-03-23,P034,13,48.42
SO09622,2023-07-29,P009,1,183.88
SO09623,2024-02-27,P023,2,28.06
SO09624,2024-07-19,P094,3,156.61
SO09625,2024-06-21,P033,7,75.69
SO09626,2024-12-24,P002,7,148.19
SO09627,2023-08-01,P027,8,125.67
SO09628,2024-09-26,P033,12,98.32
SO09629,2024-10-11,P001,1,66.28
SO09630,2024-05-10,P022,17,162.76
SO09631,2024-08-23,P007,6,796.69
SO09632,2024-07-25,P029,1,744.73
SO09633,2023-10-29,P018,27,37.38
SO09634,2023-04-28,P096,13,183.91
SO09635,2023-05-15,P059,16,115.87
SO09636,2023-11-19,P082,35,122.78
SO09637,2023-05-04,P033,9,74.01
SO09638,2023-07-02,P097,14,15.61
SO09639,2024-07-26,P019,14,261.12
SO09640,2023-02-11,P087,7,190.08
SO09641,2023-12-19,P046,5,19.82
SO09642,2023-05-27,P045,18,54.61
SO09643,2023-06-09,P074,1,86.86
SO09644,2023-09-25,P090,13,102.66
SO09645,2023-06-22,P039,19,43.22
SO09646,2023-10-09,P039,3,50.82
SO09647,2023-03-05,P073,8,168.53
SO09648,2023-03-18,P049,12,76.57
SO09649,2023-01-31,P057,1,145.61
SO09650,2023-06-22,P090,12,95.09
SO09651,2024-10-03,P094,14,231.44
SO09652,2023-01-11,P098,13,377.82
SO09653,2023-02-17,P004,10,50.11
SO09654,2023-01-23,P043,3,59.18
SO09655,2023-11-24,P018,4,47.46
SO09656,2024-10-29,P098,21,553.34
SO09657,2024-08-27,P002,9,99.76
SO09658,2024-08-29,P030,1,123.61
SO09659,2024-06-24,P046,17,23.89
SO09660,2023-10-31,P072,24,177.82
SO09661,2024-02-21,P096,6,196.2
SO09662,2024-11-03,P013,1,15.65
SO09663,2024-02-03,P052,1,64.41
SO09664,2024-07-09,P007,6,1110.93
SO09665,2023-01-27,P019,15,193.21
SO09666,2023-01-14,P030,13,162.06
SO09667,2023-04-30,P026,19,114.49
SO09668,2024-04-02,P034,9,59.14
SO09669,2024-10-23,P023,17,38.42
SO09670,2024-02-15,P049,18,102.72
SO09671,2023-01-18,P021,15,153.43
SO09672,2023-08-08,P022,12,209.03
SO09673,2024-08-23,P088,1,102.4
SO09674,2024-06-06,P092,18,192.27
SO09675,2023-07-20,P022,10,183.77
SO09676,2024-03-21,P005,17,109.86
SO09677,2023-07-15,P042,5,142.91
SO09678,2024-01-11,P062,9,53.97
SO09679,2023-01-13,P084,17,160.42
SO09680,2023-12-30,P072,8,271.89
SO09681,2023-05-06,P086,16,1143.41
SO09682,2024-02-13,P056,11,204.23
SO09683,2023-03-03,P037,10,72.59
SO09684,2024-11-12,P079,29,17.8
SO09685,2024-12-02,P069,24,126.98
SO09686,2023-07-02,P055,18,260.38
SO09687,2024-01-06,P041,3,51.74
SO09688,2023-02-22,P058,11,88.42
SO09689,2024-05-31,P045,9,61.18
SO09690,2023-07-09,P072,17,226.18
SO09691,2024-03-23,P085,1,148.66
SO09692,2023-09-06,P078,4,231.89
SO09693,2024-02-03,P096,2,171.23
SO09694,2024-06-29,P026,9,136.28
SO09695,2024-06-29,P007,12,1068.84
SO09696,2024-04-03,P080,5,21.3
SO09697,2024-11-09,P049,16,113.0
SO09698,2023-09-12,P054,16,140.07
SO09699,2024-08-31,P088,8,156.43
SO09700,2024-10-12,P095,4,104.94
SO09701,2023-04-12,P011,19,220.87
SO09702,2024-02-21,P088,7,121.98
SO09703,2024-07-01,P048,10,129.4
SO09704,2023-10-29,P017,7,21.06
SO09705,2023-02-23,P003,8,133.49
SO09706,2023-03-06,P098,1,392.33
SO09707,2024-03-22,P093,18,131.02
SO09708,2024-02-08,P061,7,77.11
SO09709,2024-07-19,P063,19,44.68
SO09710,2024-06-13,P044,11,121.03
SO09711,2024-12-14,P038,16,157.03
SO09712,2023-07-30,P062,16,52.98
SO09713,2024-06-06,P069,18,192.59
SO09714,2024-11-26,P055,11,227.83
SO09715,2023-12-18,P052,12,60.51
SO09716,2024-10-20,P028,11,25.9
SO09717,2024-11-24,P029,26,1066.9
SO09718,2024-01-31,P029,15,1009.29
SO09719,2023-12-22,P066,6,186.13
SO09720,2024-01-20,P010,4,74.51
SO09721,2024-03-09,P086,10,770.01
SO09722,2023-09-21,P033,9,74.93
SO09723,2024-03-28,P100,9,112.82
SO09724,2024-02-23,P074,8,93.36
SO09725,2023-01-12,P079,14,23.83
SO09726,2023-05-06,P077,10,182.03
SO09727,2023-06-18,P006,15,113.46
SO09728,2023-01-09,P054,19,180.84
SO09729,2024-12-04,P095,21,98.79
SO09730,2024-01-21,P015,17,33.81
SO09731,2023-05-24,P065,8,180.98
SO09732,2023-06-23,P001,1,59.08
SO09733,2023-07-05,P095,14,78.0
SO09734,2024-04-26,P008,15,52.48
SO09735,2023-09-07,P094,11,137.73
SO09736,2024-02-10,P025,6,137.7
SO09737,2023-04-08,P039,5,43.04
SO09738,2023-04-17,P025,4,130.47
SO09739,2024-01-10,P055,16,242.59
SO09740,2023-04-08,P039,18,53.53
SO09741,2023-12-06,P023,9,23.51
SO09742,2024-10-22,P005,5,143.82
SO09743,2024-03-17,P048,15,108.37
SO09744,2024-04-04,P087,19,192.15
SO09745,2023-09-01,P087,11,150.4
SO09746,2023-11-23,P006,16,135.0
SO09747,2024-03-30,P086,1,1374.82
SO09748,2024-02-14,P090,15,116.78
SO09749,2023-08-23,P099,19,707.61
SO09750,2023-08-12,P045,19,54.68
SO09751,2024-08-27,P100,13,117.57
SO09752,2023-09-27,P022,13,194.75
SO09753,2024-01-13,P020,13,99.43
SO09754,2023-06-14,P036,9,112.74
SO09755,2024-08-06,P096,4,168.77
SO09756,2023-02-18,P004,7,49.21
SO09757,2023-02-19,P070,1,178.35
SO09758,2024-01-13,P059,11,104.65
SO09759,2024-05-20,P094,3,238.65
SO09760,2023-07-24,P060,5,169.55
SO09761,2024-02-04,P030,1,115.78
SO09762,2023-02-25,P017,15,22.97
SO09763,2023-09-15,P063,16,42.26
SO09764,2024-04-24,P034,16,65.26
SO09765,2023-08-06,P038,16,86.8
SO09766,2023-01-26,P066,15,148.82
SO09767,2023-05-26,P036,15,193.03
SO09768,2023-11-09,P095,15,90.05
SO09769,2024-12-13,P088,20,106.86
SO09770,2024-12-15,P022,11,188.73
SO09771,2024-05-05,P033,14,55.89
SO09772,2023-03-15,P099,16,1225.57
SO09773,2024-01-12,P051,9,47.83
SO09774,2023-04-04,P049,14,66.53
SO09775,2023-02-12,P041,15,39.33
SO09776,2024-01-14,P004,19,59.12
SO09777,2023-12-22,P075,1,142.96
SO09778,2024-02-24,P063,3,32.28
SO09779,2023-03-30,P009,6,173.39
SO09780,2024-08-09,P028,16,31.4
SO09781,2024-02-28,P031,3,42.86
SO09782,2024-02-04,P060,12,160.06
SO09783,2023-06-14,P060,7,179.96
SO09784,2023-02-10,P055,18,161.46
SO09785,2024-05-14,P014,9,313.62
SO09786,2024-09-29,P009,2,123.53
SO09787,2024-12-27,P099,13,672.8
SO09788,2024-07-03,P086,2,957.98
SO09789,2023-01-26,P021,13,118.73
SO09790,2023-06-15,P017,14,25.17
SO09791,2024-06-10,P040,12,520.32
SO09792,2024-04-25,P012,4,79.28
SO09793,2023-03-07,P066,8,169.99
SO09794,2023-12-03,P004,27,69.12
SO09795,2023-05-11,P038,7,111.26
SO09796,2024-04-03,P015,10,32.56
SO09797,2024-05-18,P074,12,106.79
SO09798,2023-04-02,P085,1,159.59
SO09799,2024-07-14,P066,18,114.56
SO09800,2024-08-05,P050,2,65.33
SO09801,2023-11-09,P068,12,166.12
SO09802,2023-10-28,P010,3,72.42
SO09803,2024-01-10,P034,16,77.88
SO09804,2024-04-10,P098,16,395.58
SO09805,2023-03-23,P025,15,140.5
SO09806,2024-07-10,P015,19,54.21
SO09807,2023-05-28,P020,13,74.51
SO09808,2023-10-19,P021,14,171.26
SO09809,2024-05-21,P070,5,164.92
SO09810,2024-01-17,P015,12,31.79
SO09811,2023-07-15,P021,4,92.97
SO09812,2024-03-11,P043,5,98.4
SO09813,2024-07-29,P086,8,1005.36
SO09814,2023-12-06,P036,22,160.14
SO09815,2024-01-15,P004,4,65.87
SO09816,2023-05-31,P091,8,1232.0
SO09817,2023-01-10,P063,19,63.03
SO09818,2023-12-31,P035,15,312.21
SO09819,2024-09-23,P022,8,116.63
SO09820,2024-02-25,P096,1,193.51
SO09821,2024-01-29,P098,3,435.88
SO09822,2024-08-06,P031,12,42.3
SO09823,2023-03-11,P047,15,80.56
SO09824,2024-09-19,P033,5,79.64
SO09825,2024-11-01,P006,32,159.8
SO09826,2024-08-26,P021,17,141.91
SO09827,2023-11-30,P053,23,30.42
SO09828,2023-04-03,P080,15,18.29
SO09829,2024-11-22,P067,7,36.96
SO09830,2024-05-09,P027,6,227.39
SO09831,2024-08-30,P045,1,68.57
SO09832,2023-02-26,P093,13,143.3
SO09833,2023-08-21,P060,7,185.6
SO09834,2024-09-30,P001,7,75.82
SO09835,2024-07-10,P013,18,14.1
SO09836,2023-12-16,P069,5,138.26
SO09837,2024-09-16,P091,14,1057.56
SO09838,2024-08-12,P080,12,25.34
SO09839,2024-01-01,P004,4,70.17
SO09840,2023-06-21,P013,14,19.56
SO09841,2023-05-05,P013,10,23.65
SO09842,2023-01-08,P021,1,133.91
SO09843,2024-08-12,P062,1,50.44
SO09844,2023-10-21,P076,9,193.17
SO09845,2023-06-07,P084,10,114.9
SO09846,2024-06-13,P046,5,27.38
SO09847,2024-10-29,P034,17,46.2
SO09848,2023-04-17,P094,2,159.07
SO09849,2024-04-10,P074,18,94.76
SO09850,2024-04-08,P094,1,182.65
SO09851,2023-12-11,P063,18,49.67
SO09852,2024-11-25,P038,15,154.5
SO09853,2024-12-25,P084,28,164.84
SO09854,2024-08-20,P044,7,102.08
SO09855,2023-09-08,P015,2,49.52
SO09856,2023-12-10,P021,1,126.25
SO09857,2023-07-09,P044,6,65.11
SO09858,2024-11-23,P016,13,1277.9
SO09859,2023-12-13,P041,8,53.86
SO09860,2024-11-16,P063,12,57.45
SO09861,2023-12-20,P080,26,23.78
SO09862,2023-06-22,P074,19,96.93
SO09863,2023-05-24,P071,17,20.48
SO09864,2024-05-14,P068,16,154.46
SO09865,2024-06-02,P029,10,1094.89
SO09866,2024-06-04,P003,1,195.9
SO09867,2024-08-28,P084,6,197.14
SO09868,2023-10-11,P052,3,48.17
SO09869,2023-06-09,P089,15,59.68
SO09870,2024-12-30,P028,25,35.12
SO09871,2023-04-24,P049,7,74.01
SO09872,2024-08-07,P086,10,710.47
SO09873,2023-11-17,P034,26,65.2
SO09874,2024-03-30,P007,8,1231.84
SO09875,2024-03-27,P057,11,173.5
SO09876,2024-01-31,P060,14,123.3
SO09877,2024-08-01,P012,7,73.75
SO09878,2024-10-05,P053,5,31.55
SO09879,2024-06-21,P030,10,146.51
SO09880,2024-07-19,P042,11,265.3
SO09881,2024-01-23,P063,13,50.36
SO09882,2023-12-17,P081,9,171.86
SO09883,2023-12-29,P086,9,1248.52
SO09884,2024-01-09,P052,15,84.87
SO09885,2024-10-23,P067,18,47.74
SO09886,2023-03-31,P039,14,32.18
SO09887,2024-12-20,P071,19,21.58
SO09888,2024-08-17,P084,1,154.65
SO09889,2024-05-01,P043,18,103.31
SO09890,2024-07-14,P011,8,198.96
SO09891,2023-04-22,P036,7,117.33
SO09892,2023-12-08,P071,8,21.8
SO09893,2024-06-17,P071,16,18.75
SO09894,2023-01-27,P035,1,470.58
SO09895,2024-10-17,P040,2,520.79
SO09896,2023-10-19,P062,9,48.97
SO09897,2023-06-24,P002,5,118.15
SO09898,2023-11-24,P012,17,95.08
SO09899,2024-02-08,P040,15,463.2
SO09900,2023-01-04,P016,7,857.13
SO09901,2024-07-10,P017,19,30.42
SO09902,2024-12-27,P075,3,114.84
SO09903,2023-09-02,P098,5,327.03
SO09904,2024-01-01,P080,16,15.18
SO09905,2024-01-19,P092,17,98.98
SO09906,2024-11-06,P099,17,826.17
SO09907,2024-08-31,P037,18,89.35
SO09908,2024-11-15,P037,9,48.66
SO09909,2023-04-27,P047,2,80.79
SO09910,2023-02-18,P031,3,37.39
SO09911,2023-10-25,P038,28,133.69
SO09912,2024-01-22,P021,13,132.11
SO09913,2023-11-05,P056,6,119.42
SO09914,2024-10-11,P013,17,22.15
SO09915,2023-04-04,P049,6,89.35
SO09916,2024-09-14,P031,17,36.96
SO09917,2023-05-09,P066,13,132.7
SO09918,2024-05-09,P033,13,77.54
SO09919,2023-12-23,P069,14,232.68
SO09920,2023-06-02,P020,8,107.05
SO09921,2023-09-30,P068,13,141.42
SO09922,2024-07-02,P068,1,138.02
SO09923,2024-08-18,P037,12,59.17
SO09924,2024-03-15,P026,6,120.64
SO09925,2024-11-01,P065,10,175.8
SO09926,2024-03-05,P057,11,149.64
SO09927,2024-09-03,P046,18,32.14
SO09928,2024-04-09,P092,18,151.33
SO09929,2023-06-12,P044,18,120.54
SO09930,2024-01-03,P075,9,121.44
SO09931,2023-05-03,P075,11,127.57
SO09932,2024-04-11,P051,11,82.3
SO09933,2024-10-08,P050,36,52.17
SO09934,2023-07-17,P085,7,215.28
SO09935,2023-10-20,P088,6,126.26
SO09936,2024-04-03,P020,2,78.13
SO09937,2024-10-01,P070,1,208.89
SO09938,2024-06-22,P002,10,141.38
SO09939,2023-03-04,P013,1,19.17
SO09940,2024-09-08,P065,10,221.96
SO09941,2024-02-05,P011,8,170.61
SO09942,2024-05-13,P010,17,70.21
SO09943,2023-09-21,P033,14,95.06
SO09944,2024-11-01,P028,7,34.17
SO09945,2024-10-21,P029,16,928.36
SO09946,2024-07-18,P098,3,509.49
SO09947,2024-09-15,P065,6,203.13
SO09948,2023-11-30,P100,12,150.1
SO09949,2024-01-31,P037,5,63.38
SO09950,2023-08-18,P053,15,31.46
SO09951,2024-06-10,P034,8,51.05
SO09952,2024-11-30,P054,1,153.37
SO09953,2023-07-09,P044,7,69.76
SO09954,2023-02-04,P025,6,136.98
SO09955,2024-08-15,P059,2,103.49
SO09956,2023-04-02,P012,14,110.62
SO09957,2023-08-20,P088,2,117.67
SO09958,2023-04-13,P009,17,162.6
SO09959,2024-02-05,P008,18,49.28
SO09960,2024-09-29,P056,13,106.29
SO09961,2024-03-23,P048,5,139.96
SO09962,2023-08-11,P046,9,21.52
SO09963,2024-09-24,P074,14,126.4
SO09964,2023-06-16,P095,14,86.51
SO09965,2024-08-16,P092,5,181.09
SO09966,2024-02-20,P089,16,73.51
SO09967,2023-08-08,P087,15,154.58
SO09968,2023-07-19,P069,7,203.56
SO09969,2023-09-22,P025,12,113.93
SO09970,2024-03-09,P069,19,129.5
SO09971,2024-03-17,P041,6,47.34
SO09972,2024-02-18,P082,7,131.26
SO09973,2023-07-23,P042,17,239.6
SO09974,2023-07-23,P058,4,57.52
SO09975,2023-03-14,P043,18,98.36
SO09976,2024-12-21,P089,18,76.23
SO09977,2024-12-28,P074,8,109.54
SO09978,2023-02-02,P044,9,116.43
SO09979,2024-02-14,P046,13,26.34
SO09980,2024-06-10,P050,18,49.13
SO09981,2024-09-29,P085,18,175.91
SO09982,2023-03-02,P084,4,189.46
SO09983,2024-03-06,P085,2,220.68
SO09984,2023-11-08,P032,23,84.94
SO09985,2024-12-04,P066,4,169.56
SO09986,2023-10-15,P078,6,145.36
SO09987,2023-12-26,P006,5,197.84
SO09988,2023-01-05,P031,8,48.0
SO09989,2023-08-18,P026,15,135.82
SO09990,2023-02-14,P038,19,105.01
SO09991,2024-01-15,P093,14,141.63
SO09992,2024-01-26,P031,10,47.16
SO09993,2024-02-08,P032,9,73.97
SO09994,2023-05-13,P071,1,23.04
SO09995,2024-11-09,P059,1,114.56
SO09996,2023-10-08,P015,30,48.69
SO09997,2024-09-09,P042,4,202.24
SO09998,2024-05-30,P035,15,278.78
SO09999,2024-09-22,P077,2,155.0
SO10000,2023-10-01,P028,15,23.05
SO10001,2023-10-15,P006,22,163.18
SO10002,2023-01-02,P003,13,165.18
SO10003,2023-02-09,P065,10,199.4
SO10004,2024-08-28,P001,8,98.1
SO10005,2023-01-02,P083,2,117.66
SO10006,2024-05-14,P024,18,112.27
SO10007,2024-03-17,P044,5,82.27
SO10008,2024-06-20,P093,8,142.37
SO10009,2023-12-15,P008,2,62.8
SO10010,2024-01-27,P054,3,181.18
SO10011,2024-03-29,P002,6,122.6
SO10012,2024-06-17,P051,7,72.84
SO10013,2024-06-03,P048,14,88.44
SO10014,2024-04-01,P046,12,23.18
SO10015,2023-04-28,P013,7,21.58
SO10016,2023-05-29,P021,5,164.64
SO10017,2023-08-22,P034,18,79.64
SO10018,2024-11-20,P032,23,65.98
SO10019,2024-01-21,P095,17,72.24
SO10020,2024-11-18,P027,13,176.94
SO10021,2023-07-27,P079,2,23.9
SO10022,2024-06-22,P054,4,131.27
SO10023,2023-04-15,P043,2,69.02
SO10024,2023-09-10,P081,6,133.64
SO10025,2023-12-13,P017,11,18.93
SO10026,2023-09-12,P098,12,507.87
SO10027,2024-11-18,P055,9,241.5
SO10028,2024-09-20,P098,18,503.41
SO10029,2023-02-27,P033,6,79.19
SO10030,2024-06-09,P097,17,29.5
SO10031,2024-11-27,P096,29,176.51
SO10032,2024-07-31,P023,19,22.03
SO10033,2023-05-26,P050,4,47.99
SO10034,2023-10-27,P048,13,102.37
SO10035,2024-08-20,P083,5,127.7
SO10036,2023-12-08,P018,20,35.33
SO10037,2024-09-05,P020,7,66.65
SO10038,2024-03-26,P028,3,39.11
SO10039,2024-11-28,P055,9,256.89
SO10040,2023-04-04,P019,17,151.13
SO10041,2023-04-03,P036,8,139.29
SO10042,2024-12-04,P017,12,28.74
SO10043,2023-06-11,P003,3,122.8
SO10044,2024-04-09,P027,3,139.3
SO10045,2024-05-18,P047,16,51.33
SO10046,2024-03-27,P034,10,54.15
SO10047,2024-06-11,P090,19,63.37
SO10048,2024-11-23,P041,19,49.07
SO10049,2024-05-31,P046,3,34.65
SO10050,2023-08-29,P001,11,76.68
SO10051,2023-03-30,P019,17,180.05
SO10052,2023-02-21,P031,13,36.59
SO10053,2023-01-24,P021,15,148.71
SO10054,2023-05-31,P097,10,21.35
SO10055,2023-07-03,P097,11,25.87
SO10056,2024-07-16,P073,6,135.24
SO10057,2024-09-06,P051,7,81.61
SO10058,2023-02-03,P067,17,39.65
SO10059,2024-03-26,P030,1,183.37
SO10060,2024-05-09,P001,9,95.24
SO10061,2024-08-09,P085,9,206.09
SO10062,2023-07-02,P025,17,106.54
SO10063,2024-05-25,P049,17,119.0
SO10064,2023-02-03,P029,14,1090.59
SO10065,2024-04-03,P093,3,160.41
SO10066,2023-06-15,P097,6,21.63
SO10067,2023-04-11,P025,1,123.98
SO10068,2024-10-30,P060,25,131.87
SO10069,2024-01-31,P045,5,54.39
SO10070,2024-01-18,P091,15,1334.8
SO10071,2024-08-16,P080,1,15.41
SO10072,2024-12-08,P063,1,34.29
SO10073,2024-06-06,P039,15,45.56
SO10074,2024-04-26,P089,7,59.17
SO10075,2024-12-31,P081,8,140.03
SO10076,2024-01-04,P054,18,93.87
SO10077,2023-03-26,P081,14,183.34
SO10078,2023-08-03,P016,13,1248.47
SO10079,2023-08-04,P060,6,144.86
SO10080,2024-08-31,P020,19,86.2
SO10081,2024-05-19,P084,19,116.95
SO10082,2024-10-12,P028,9,31.9
SO10083,2024-09-04,P054,1,109.92
SO10084,2023-10-21,P018,9,36.0
SO10085,2023-10-24,P071,5,21.84
SO10086,2024-08-07,P077,5,144.14
SO10087,2024-05-09,P051,17,79.88
SO10088,2024-07-13,P025,8,84.51
SO10089,2024-01-23,P064,18,180.94
SO10090,2023-05-04,P021,14,105.69
SO10091,2024-12-10,P058,36,82.07
SO10092,2024-01-14,P006,18,203.77
SO10093,2023-01-13,P046,18,20.42
SO10094,2024-08-26,P072,10,149.9
SO10095,2023-05-05,P064,3,127.06
SO10096,2024-12-17,P080,25,16.38
SO10097,2023-09-01,P058,5,81.47
SO10098,2023-07-01,P011,6,137.04
SO10099,2023-12-01,P018,24,46.22
SO10100,2024-03-15,P019,6,230.63
SO10101,2023-01-27,P055,10,251.93
SO10102,2023-08-31,P020,11,90.59
SO10103,2024-01-20,P083,4,126.24
SO10104,2024-05-12,P088,6,169.53
SO10105,2023-02-28,P066,18,111.33
SO10106,2024-01-09,P017,17,27.34
SO10107,2024-01-13,P003,16,192.77
SO10108,2024-04-24,P054,3,134.62
SO10109,2024-04-02,P047,10,89.19
SO10110,2024-10-15,P027,1,154.0
SO10111,2024-04-12,P055,6,133.41
SO10112,2024-05-15,P009,5,113.82
SO10113,2024-09-01,P066,2,104.83
SO10114,2023-01-01,P069,11,146.92
SO10115,2024-03-29,P027,3,222.35
SO10116,2024-03-24,P063,7,57.37
SO10117,2023-06-04,P067,11,36.86
SO10118,2023-02-28,P006,6,163.51
SO10119,2024-06-10,P040,17,341.3
SO10120,2024-10-12,P035,17,394.94
SO10121,2023-09-16,P040,12,623.93
SO10122,2024-05-24,P059,11,110.66
SO10123,2023-12-27,P096,17,157.17
SO10124,2023-06-10,P094,5,156.18
SO10125,2024-06-07,P032,8,72.59
SO10126,2024-05-15,P097,16,24.46
SO10127,2024-07-26,P019,8,241.03
SO10128,2024-06-06,P057,11,202.25
SO10129,2024-04-07,P089,19,69.38
SO10130,2024-05-16,P069,9,119.58
SO10131,2024-08-14,P077,6,129.77
SO10132,2023-06-20,P040,4,426.24
SO10133,2024-07-07,P070,14,144.42
SO10134,2024-02-03,P055,11,251.37
SO10135,2024-02-07,P096,15,226.65
SO10136,2024-05-15,P088,1,144.37
SO10137,2023-09-21,P028,2,28.01
SO10138,2023-05-05,P012,17,110.48
SO10139,2023-11-10,P016,21,877.34
SO10140,2023-09-04,P067,14,47.44
SO10141,2024-07-31,P036,10,211.46
SO10142,2023-02-10,P027,14,189.67
SO10143,2024-05-12,P087,17,159.83
SO10144,2023-03-13,P066,2,136.69
SO10145,2024-05-18,P070,11,196.68
SO10146,2023-08-18,P058,11,97.85
SO10147,2024-02-16,P057,12,105.68
SO10148,2023-03-05,P083,12,111.95
SO10149,2024-09-19,P039,14,32.16
SO10150,2024-05-11,P007,17,1246.7
SO10151,2023-04-15,P043,16,94.78
SO10152,2023-11-30,P089,18,66.36
SO10153,2024-04-21,P041,12,29.18
SO10154,2024-08-31,P043,12,100.57
SO10155,2023-09-14,P040,3,330.55
SO10156,2024-05-12,P006,5,182.09
SO10157,2023-02-14,P054,11,132.62
SO10158,2023-10-03,P040,25,632.84
SO10159,2024-11-07,P028,23,20.28
SO10160,2024-05-14,P039,6,29.13
SO10161,2024-01-17,P075,5,114.72
SO10162,2023-03-21,P018,3,54.68
SO10163,2023-09-21,P024,8,103.3
SO10164,2024-11-07,P021,23,90.35
SO10165,2024-10-04,P038,27,160.04
SO10166,2024-05-14,P041,4,55.69
SO10167,2024-06-03,P057,17,159.21
SO10168,2024-09-09,P036,3,128.03
SO10169,2024-07-16,P053,4,24.35
SO10170,2023-03-18,P070,7,133.41
SO10171,2023-06-16,P030,2,100.99
SO10172,2024-04-09,P080,1,20.19
SO10173,2023-05-27,P090,10,90.26
SO10174,2024-06-30,P013,9,23.06
SO10175,2024-02-09,P008,5,39.93
SO10176,2023-11-30,P015,21,44.75
SO10177,2024-09-12,P010,2,68.91
SO10178,2023-01-29,P067,10,42.52
SO10179,2023-01-10,P081,14,145.13
SO10180,2024-09-02,P046,5,32.02
SO10181,2023-08-18,P093,9,109.7
SO10182,2023-03-15,P072,15,242.34
SO10183,2024-06-04,P031,12,54.21
SO10184,2024-09-04,P081,11,135.86
SO10185,2024-06-24,P087,1,200.81
SO10186,2023-03-03,P069,4,133.31
SO10187,2024-01-07,P004,18,65.99
SO10188,2023-08-01,P077,6,124.18
SO10189,2024-04-29,P079,18,14.34
SO10190,2023-08-20,P096,13,230.91
SO10191,2024-12-18,P022,25,183.19
SO10192,2024-12-03,P008,11,68.6
SO10193,2024-12-04,P046,5,32.17
SO10194,2023-07-04,P035,2,456.64
SO10195,2023-11-04,P056,1,195.72
SO10196,2023-11-14,P079,13,20.16
SO10197,2023-03-31,P061,16,80.78
SO10198,2023-08-05,P081,10,199.07
SO10199,2023-10-17,P006,29,187.14
SO10200,2023-01-16,P081,17,160.76
SO10201,2023-01-21,P047,18,59.52
SO10202,2024-04-15,P083,15,129.06
SO10203,2024-06-04,P015,7,44.54
SO10204,2024-01-11,P028,6,35.15
SO10205,2023-12-21,P091,18,1202.96
SO10206,2024-05-05,P033,11,86.78
SO10207,2024-08-01,P093,11,128.39
SO10208,2024-11-20,P079,8,21.71
SO10209,2023-08-13,P012,7,115.53
SO10210,2023-03-17,P096,16,239.79
SO10211,2023-08-23,P086,11,1143.94
SO10212,2024-09-08,P063,2,47.0
SO10213,2024-09-04,P090,17,96.52
SO10214,2024-07-10,P062,2,51.26
SO10215,2024-03-31,P057,19,126.06
SO10216,2023-09-19,P027,4,182.96
SO10217,2023-07-02,P089,3,76.14
SO10218,2023-12-25,P017,21,18.44
SO10219,2024-08-28,P047,13,68.42
SO10220,2024-12-08,P014,16,393.51
SO10221,2023-10-15,P070,19,200.45
SO10222,2023-07-09,P059,5,80.52
SO10223,2024-06-28,P094,13,151.59
SO10224,2023-01-01,P074,7,111.18
SO10225,2024-03-11,P017,4,22.86
SO10226,2023-02-16,P021,9,119.11
SO10227,2023-11-19,P097,19,26.32
SO10228,2023-09-17,P098,16,297.41
SO10229,2023-01-19,P026,17,131.78
SO10230,2023-08-07,P068,9,151.21
SO10231,2023-08-12,P095,17,96.5
SO10232,2024-03-08,P078,14,153.56
SO10233,2024-05-23,P009,16,178.3
SO10234,2024-10-06,P066,2,98.75
SO10235,2024-11-04,P027,16,127.16
SO10236,2024-10-12,P076,3,201.32
SO10237,2023-08-23,P042,18,233.83
SO10238,2023-09-16,P079,2,21.63
SO10239,2024-03-25,P044,15,75.52
SO10240,2023-08-17,P048,14,97.9
SO10241,2023-07-18,P087,3,223.37
SO10242,2024-02-21,P070,7,240.54
SO10243,2023-04-29,P081,9,141.19
SO10244,2024-03-22,P096,6,155.69
SO10245,2024-08-21,P023,16,29.69
SO10246,2024-12-19,P089,1,82.55
SO10247,2023-03-26,P097,14,25.59
SO10248,2023-08-10,P084,2,178.14
SO10249,2024-05-21,P018,19,46.05
SO10250,2024-01-07,P069,11,232.74
SO10251,2024-12-12,P001,8,77.24
SO10252,2023-09-08,P036,6,211.29
SO10253,2024-04-01,P086,10,749.27
SO10254,2023-07-26,P021,16,120.35
SO10255,2023-08-13,P100,4,128.4
SO10256,2023-04-29,P070,11,220.34
SO10257,2023-07-18,P063,14,37.91
SO10258,2024-10-24,P038,5,142.22
SO10259,2024-07-21,P016,5,991.68
SO10260,2023-01-21,P079,1,24.3
SO10261,2023-05-10,P079,8,16.27
SO10262,2023-10-30,P053,12,24.03
SO10263,2023-06-16,P082,9,92.2
SO10264,2024-09-18,P005,13,168.27
SO10265,2024-02-20,P093,8,213.25
SO10266,2024-07-03,P066,19,103.75
SO10267,2024-03-15,P028,3,26.67
SO10268,2024-02-06,P100,12,149.79
SO10269,2023-08-29,P097,1,21.91
SO10270,2023-06-10,P017,6,27.3
SO10271,2023-10-01,P056,1,117.16
SO10272,2024-03-17,P031,14,48.33
SO10273,2024-10-28,P003,1,180.26
SO10274,2023-12-23,P099,1,1211.39
SO10275,2024-10-10,P047,7,85.74
SO10276,2024-02-14,P024,14,71.47
SO10277,2023-02-28,P044,12,66.18
SO10278,2023-07-04,P006,6,162.98
SO10279,2023-08-02,P095,12,73.85
SO10280,2023-08-07,P071,7,13.45
SO10281,2023-07-25,P036,18,165.52
SO10282,2023-08-10,P083,4,110.7
SO10283,2023-10-19,P042,17,160.83
SO10284,2023-08-04,P033,15,85.4
SO10285,2024-06-01,P016,7,824.27
SO10286,2023-11-19,P028,9,30.21
SO10287,2024-04-11,P031,6,42.89
SO10288,2024-07-08,P085,19,258.26
SO10289,2024-01-01,P003,19,132.02
SO10290,2024-12-19,P043,27,79.11
SO10291,2023-07-21,P047,17,87.48
SO10292,2024-04-09,P022,9,121.28
SO10293,2023-03-28,P065,14,212.59
SO10294,2023-03-31,P001,18,66.52
SO10295,2024-05-17,P080,17,23.86
SO10296,2024-06-18,P009,14,154.05
SO10297,2023-07-02,P071,1,18.51
SO10298,2024-06-18,P007,1,1070.29
SO10299,2024-09-01,P043,18,60.83
SO10300,2023-02-04,P063,16,46.21
SO10301,2023-12-21,P096,12,243.73
SO10302,2023-01-24,P096,12,165.93
SO10303,2023-02-19,P019,5,160.15
SO10304,2024-01-15,P066,7,121.93
SO10305,2023-08-13,P015,7,38.79
SO10306,2024-02-04,P068,10,120.54
SO10307,2024-08-27,P018,4,46.38
SO10308,2023-08-06,P001,18,63.5
SO10309,2023-09-05,P019,12,203.89
SO10310,2023-12-27,P072,1,226.12
SO10311,2024-12-14,P100,27,149.27
SO10312,2023-01-23,P061,3,61.89
SO10313,2024-03-05,P079,2,21.6
SO10314,2024-12-19,P019,7,268.82
SO10315,2024-09-28,P009,2,117.01
SO10316,2024-12-11,P078,5,134.88
SO10317,2023-05-23,P021,17,139.89
SO10318,2023-03-07,P042,10,220.55
SO10319,2023-12-23,P077,14,122.48
SO10320,2023-09-11,P056,4,191.25
SO10321,2024-12-24,P032,18,107.2
SO10322,2024-02-05,P083,5,148.88
SO10323,2023-07-27,P068,9,187.89
SO10324,2023-07-26,P030,15,154.03
SO10325,2024-09-21,P087,12,235.71
SO10326,2024-01-31,P004,14,57.69
SO10327,2023-05-15,P094,10,219.29
SO10328,2024-11-22,P027,24,149.82
SO10329,2024-06-01,P085,11,169.73
SO10330,2024-12-25,P072,24,212.14
SO10331,2024-03-17,P042,7,253.63
SO10332,2023-12-07,P075,21,130.07
SO10333,2023-06-24,P097,16,20.52
SO10334,2024-12-08,P099,7,1208.71
SO10335,2024-05-08,P012,1,65.81
SO10336,2023-04-05,P062,4,62.07
SO10337,2023-11-08,P082,24,113.61
SO10338,2023-09-12,P022,2,138.07
SO10339,2023-12-05,P012,20,94.99
SO10340,2024-07-23,P087,13,152.91
SO10341,2024-05-27,P025,18,81.44
SO10342,2024-04-13,P091,11,1203.56
SO10343,2023-12-04,P082,8,107.21
SO10344,2024-05-10,P070,7,215.97
SO10345,2024-05-04,P013,13,18.29
SO10346,2023-05-17,P022,13,200.49
SO10347,2024-03-31,P068,19,171.9
SO10348,2024-04-30,P061,11,55.28
SO10349,2024-07-01,P094,11,158.05
SO10350,2023-06-28,P027,15,140.84
SO10351,2024-12-11,P081,14,127.11
SO10352,2023-02-17,P067,6,45.19
SO10353,2024-02-05,P098,10,325.09
SO10354,2024-02-06,P079,13,22.01
SO10355,2023-05-05,P099,7,888.15
SO10356,2024-06-03,P034,7,77.67
SO10357,2024-08-01,P078,11,208.28
SO10358,2023-03-06,P037,7,78.99
SO10359,2024-10-13,P063,1,47.62
SO10360,2024-07-06,P041,1,31.52
SO10361,2024-03-17,P074,10,84.8
SO10362,2023-07-26,P082,9,174.74
SO10363,2024-11-20,P067,24,34.26
SO10364,2023-10-22,P039,18,43.81
SO10365,2023-09-05,P078,9,230.66
SO10366,2023-04-21,P004,15,68.08
SO10367,2023-07-14,P043,6,58.41
SO10368,2023-10-23,P035,31,483.7
SO10369,2024-03-16,P031,9,33.87
SO10370,2023-01-30,P022,19,175.07
SO10371,2023-07-25,P047,8,65.14
SO10372,2024-01-21,P039,4,38.21
SO10373,2024-05-27,P030,1,183.28
SO10374,2023-08-01,P054,11,169.65
SO10375,2023-01-15,P007,3,1224.86
SO10376,2024-01-12,P037,13,55.5
SO10377,2024-12-20,P074,16,121.62
SO10378,2023-01-23,P045,4,64.26
SO10379,2024-06-10,P048,19,83.22
SO10380,2024-03-06,P039,5,39.45
SO10381,2024-02-15,P076,10,189.5
SO10382,2023-09-15,P051,2,93.0
SO10383,2023-10-30,P020,23,62.17
SO10384,2023-11-15,P001,3,95.82
SO10385,2023-12-22,P025,24,86.47
SO10386,2023-09-27,P005,19,103.21
SO10387,2024-12-05,P060,21,145.14
SO10388,2023-08-12,P025,9,96.22
SO10389,2024-09-02,P093,3,122.97
SO10390,2024-11-20,P078,11,218.67
SO10391,2024-07-11,P089,5,82.21
SO10392,2023-08-27,P092,2,163.53
SO10393,2024-09-10,P050,9,39.01
SO10394,2024-05-20,P002,11,140.87
SO10395,2024-12-19,P003,27,169.75
SO10396,2024-12-02,P096,5,162.21
SO10397,2024-08-03,P052,14,48.73
SO10398,2023-09-12,P094,17,134.56
SO10399,2024-09-04,P038,2,158.32
SO10400,2024-04-23,P071,13,13.37
SO10401,2024-07-20,P012,12,117.05
SO10402,2023-05-19,P037,18,57.2
SO10403,2023-04-02,P064,7,115.3
SO10404,2024-10-01,P049,23,92.47
SO10405,2023-11-19,P074,2,109.84
SO10406,2024-10-14,P016,33,1199.83
SO10407,2024-12-27,P046,28,24.44
SO10408,2024-04-04,P005,15,159.07
SO10409,2024-11-25,P084,27,157.04
SO10410,2024-11-18,P033,11,75.57
SO10411,2023-04-12,P091,7,863.99
SO10412,2023-01-07,P052,18,59.73
SO10413,2023-06-24,P038,2,135.68
SO10414,2023-02-08,P097,7,20.49
SO10415,2024-11-08,P072,22,273.28
SO10416,2024-01-06,P054,2,105.35
SO10417,2023-09-06,P085,2,220.65
SO10418,2023-03-30,P020,11,82.39
SO10419,2023-09-30,P039,11,31.02
SO10420,2024-05-28,P084,1,109.73
SO10421,2023-05-09,P055,4,248.44
SO10422,2024-07-08,P067,14,47.21
SO10423,2023-03-27,P036,4,135.65
SO10424,2024-01-04,P050,18,38.79
SO10425,2024-07-24,P087,12,183.32
SO10426,2023-02-24,P038,2,164.07
SO10427,2023-10-19,P002,22,101.8
SO10428,2024-03-31,P031,5,57.85
SO10429,2024-10-23,P094,23,211.7
SO10430,2023-03-14,P096,18,197.24
SO10431,2024-09-17,P036,9,122.07
SO10432,2024-12-14,P058,5,79.52
SO10433,2023-11-12,P069,3,135.27
SO10434,2024-01-07,P036,5,160.22
SO10435,2024-10-22,P087,13,238.61
SO10436,2023-01-14,P020,8,77.49
SO10437,2023-11-12,P035,34,375.13
SO10438,2024-05-08,P059,15,73.97
SO10439,2023-03-29,P080,6,22.63
SO10440,2024-03-15,P062,6,70.29
SO10441,2023-09-18,P047,18,90.15
SO10442,2023-01-30,P076,7,166.48
SO10443,2023-11-15,P066,14,130.22
SO10444,2024-11-22,P075,33,105.16
SO10445,2024-09-26,P064,2,146.94
SO10446,2024-05-27,P029,19,1069.75
SO10447,2023-01-18,P020,8,83.22
SO10448,2024-05-09,P096,13,246.15
SO10449,2024-06-15,P097,13,29.48
SO10450,2024-09-27,P002,18,165.15
SO10451,2024-07-12,P088,7,134.1
SO10452,2023-09-26,P059,8,74.51
SO10453,2023-02-08,P090,17,118.52
SO10454,2023-04-25,P024,8,74.22
SO10455,2023-02-10,P041,18,36.67
SO10456,2024-06-16,P042,3,221.52
SO10457,2024-09-25,P089,16,84.82
SO10458,2023-10-21,P065,11,130.91
SO10459,2024-09-12,P084,7,216.53
SO10460,2023-07-25,P039,13,42.58
SO10461,2024-10-10,P034,22,58.51
SO10462,2024-06-15,P060,18,105.53
SO10463,2024-08-08,P064,18,135.06
SO10464,2024-08-16,P012,7,123.19
SO10465,2024-10-11,P080,10,21.78
SO10466,2024-12-21,P081,23,113.97
SO10467,2024-04-17,P094,3,212.02
SO10468,2024-02-24,P060,4,147.0
SO10469,2024-03-19,P077,10,148.34
SO10470,2024-02-25,P011,18,212.04
SO10471,2023-03-25,P081,18,194.52
SO10472,2024-07-22,P030,8,181.03
SO10473,2024-06-14,P030,4,129.7
SO10474,2023-02-06,P074,3,108.43
SO10475,2023-09-12,P097,12,27.05
SO10476,2024-11-18,P023,33,23.63
SO10477,2023-06-06,P071,5,12.75
SO10478,2024-07-17,P061,4,72.79
SO10479,2024-10-14,P060,2,193.61
SO10480,2024-12-08,P042,11,157.02
SO10481,2023-03-24,P085,10,203.7
SO10482,2024-10-11,P075,15,110.49
SO10483,2023-07-27,P079,12,18.36
SO10484,2023-12-02,P049,22,77.07
SO10485,2024-03-18,P075,9,99.81
SO10486,2023-10-08,P022,10,183.58
SO10487,2024-01-07,P004,1,61.13
SO10488,2023-01-30,P079,11,25.18
SO10489,2023-08-31,P014,19,298.58
SO10490,2024-03-26,P093,18,159.97
SO10491,2023-10-26,P050,8,33.93
SO10492,2024-10-16,P056,6,184.36
SO10493,2023-12-27,P030,12,190.4
SO10494,2023-05-22,P023,8,31.42
SO10495,2023-10-05,P047,17,69.39
SO10496,2024-09-24,P046,18,19.3
SO10497,2023-07-07,P016,3,1198.15
SO10498,2023-09-20,P013,4,17.95
SO10499,2024-12-30,P073,24,122.46
SO10500,2023-11-01,P093,20,114.17
SO10501,2024-12-03,P093,17,135.29
SO10502,2023-10-21,P055,12,183.88
SO10503,2024-03-02,P017,7,22.1
SO10504,2023-03-23,P025,3,105.17
SO10505,2024-10-16,P076,7,122.32
SO10506,2023-10-08,P059,29,106.04
SO10507,2023-01-01,P036,17,135.15
SO10508,2024-08-12,P087,15,187.41
SO10509,2024-01-12,P040,9,427.56
SO10510,2023-11-11,P092,14,146.32
SO10511,2023-11-06,P004,6,60.27
SO10512,2024-03-04,P077,14,190.49
SO10513,2023-09-12,P088,18,140.29
SO10514,2024-05-29,P022,15,148.56
SO10515,2024-03-01,P092,8,110.08
SO10516,2023-03-14,P055,1,206.68
SO10517,2023-07-21,P021,19,138.49
SO10518,2024-08-24,P056,18,105.59
SO10519,2024-01-03,P045,11,51.62
SO10520,2024-01-02,P025,16,93.62
SO10521,2024-08-02,P028,8,32.26
SO10522,2024-12-31,P042,21,159.06
SO10523,2023-06-07,P088,3,158.83
SO10524,2024-06-06,P066,13,187.79
SO10525,2023-06-18,P019,2,247.71
SO10526,2023-07-17,P030,12,173.52
SO10527,2024-08-11,P067,3,35.51
SO10528,2024-11-23,P054,18,115.16
SO10529,2023-09-30,P001,17,71.12
SO10530,2024-04-21,P051,19,67.15
SO10531,2024-04-29,P026,1,162.99
SO10532,2023-10-23,P048,31,101.09
SO10533,2023-11-30,P091,15,1048.97
SO10534,2023-05-27,P023,16,34.29
SO10535,2024-11-15,P047,15,71.47
SO10536,2024-03-14,P022,6,210.44
SO10537,2023-06-13,P097,19,30.66
SO10538,2024-05-04,P067,4,38.77
SO10539,2023-06-08,P049,19,75.22
SO10540,2024-02-04,P030,11,184.44
SO10541,2023-11-06,P093,6,149.55
SO10542,2023-06-18,P014,8,525.7
SO10543,2024-06-09,P069,19,209.55
SO10544,2023-07-04,P007,3,1240.25
SO10545,2023-02-08,P092,15,120.42
SO10546,2023-04-10,P013,13,13.89
SO10547,2023-05-10,P049,3,130.47
SO10548,2023-08-27,P026,10,159.59
SO10549,2023-04-12,P044,18,72.37
SO10550,2024-12-21,P098,25,424.18
SO10551,2023-10-20,P014,28,388.7
SO10552,2023-11-10,P082,11,104.3
SO10553,2024-12-31,P040,7,432.43
SO10554,2023-07-21,P065,9,158.06
SO10555,2023-07-13,P051,16,71.0
SO10556,2023-04-09,P076,11,137.12
SO10557,2024-06-27,P065,6,163.92
SO10558,2023-01-05,P078,3,172.28
SO10559,2023-10-13,P071,10,23.27
SO10560,2024-10-11,P085,37,253.0
SO10561,2024-02-28,P044,10,84.99
SO10562,2024-03-18,P092,1,114.17
SO10563,2024-09-15,P059,14,79.42
SO10564,2024-11-10,P069,11,149.0
SO10565,2023-02-13,P022,11,179.25
SO10566,2023-04-15,P052,9,45.98
SO10567,2024-07-04,P068,8,203.25
SO10568,2024-10-28,P012,30,64.91
SO10569,2024-05-09,P076,1,211.67
SO10570,2024-05-20,P050,19,51.33
SO10571,2024-08-05,P028,15,26.24
SO10572,2023-01-06,P023,12,37.67
SO10573,2024-08-16,P064,5,137.87
SO10574,2023-09-30,P003,16,177.17
SO10575,2023-06-11,P030,14,130.56
SO10576,2024-08-06,P077,10,148.14
SO10577,2023-09-03,P063,2,63.09
SO10578,2024-02-04,P095,19,100.93
SO10579,2024-06-20,P093,9,180.68
SO10580,2024-08-18,P050,10,64.4
SO10581,2023-01-13,P002,2,100.34
SO10582,2023-12-28,P004,11,75.15
SO10583,2024-07-11,P073,7,147.78
SO10584,2024-09-07,P080,7,23.51
SO10585,2023-11-29,P049,4,111.51
SO10586,2024-11-22,P069,15,123.56
SO10587,2024-03-22,P087,19,165.73
SO10588,2023-07-18,P062,15,85.91
SO10589,2024-05-26,P051,9,50.57
SO10590,2024-03-08,P069,1,158.16
SO10591,2024-06-14,P075,8,97.99
SO10592,2024-12-20,P036,4,118.28
SO10593,2024-08-02,P077,2,123.26
SO10594,2024-04-01,P007,5,1402.37
SO10595,2023-06-25,P066,5,138.16
SO10596,2023-05-08,P090,19,83.29
SO10597,2024-03-20,P003,8,186.93
SO10598,2024-10-09,P075,5,92.19
SO10599,2023-08-10,P083,11,173.21
SO10600,2024-09-27,P024,19,84.91
SO10601,2023-07-17,P095,19,111.48
SO10602,2023-07-17,P036,3,180.84
SO10603,2023-08-08,P082,12,100.95
SO10604,2024-10-25,P076,5,122.85
SO10605,2023-02-25,P018,4,42.16
SO10606,2024-12-24,P084,17,184.29
SO10607,2023-10-18,P020,35,103.28
SO10608,2023-06-02,P002,12,116.24
SO10609,2023-07-24,P094,13,237.47
SO10610,2023-11-24,P051,8,65.8
SO10611,2024-12-17,P020,6,105.23
SO10612,2024-11-22,P003,14,170.35
SO10613,2023-10-10,P083,24,173.06
SO10614,2023-12-01,P017,2,29.52
SO10615,2023-11-21,P072,16,255.96
SO10616,2024-07-25,P062,11,85.86
SO10617,2023-02-02,P019,18,234.95
SO10618,2023-12-17,P029,19,601.58
SO10619,2023-05-22,P098,5,368.0
SO10620,2024-02-18,P001,2,92.22
SO10621,2023-08-19,P056,6,184.22
SO10622,2023-07-23,P084,16,198.01
SO10623,2024-08-04,P055,10,240.66
SO10624,2024-03-12,P082,8,126.05
SO10625,2023-05-04,P022,15,204.76
SO10626,2024-10-08,P038,17,145.78
SO10627,2023-07-11,P021,17,151.23
SO10628,2024-01-07,P058,10,74.92
SO10629,2024-10-21,P006,17,203.69
SO10630,2024-11-26,P060,25,124.05
SO10631,2023-11-19,P036,5,149.6
SO10632,2023-07-12,P079,8,15.15
SO10633,2024-03-27,P028,15,26.01
SO10634,2024-11-21,P013,19,14.72
SO10635,2024-12-08,P060,37,131.95
SO10636,2023-04-11,P072,9,162.35
SO10637,2023-03-01,P067,14,32.04
SO10638,2024-01-19,P010,5,61.34
SO10639,2024-01-01,P001,8,89.93
SO10640,2023-08-10,P033,13,95.82
SO10641,2023-08-05,P068,11,105.8
SO10642,2023-04-26,P001,6,99.64
SO10643,2024-02-28,P027,7,213.74
SO10644,2024-10-20,P076,26,139.32
SO10645,2024-05-28,P004,13,72.56
SO10646,2024-02-17,P056,15,158.72
SO10647,2024-02-21,P015,12,48.6
SO10648,2023-12-23,P052,9,59.93
SO10649,2024-06-02,P095,8,78.31
SO10650,2023-03-04,P074,13,97.52
SO10651,2024-02-01,P064,7,161.27
SO10652,2023-10-10,P050,25,34.1
SO10653,2024-12-01,P029,31,572.2
SO10654,2024-02-06,P007,7,1190.52
SO10655,2024-02-09,P028,5,32.33
SO10656,2024-12-24,P043,11,54.4
SO10657,2023-08-03,P048,13,133.76
SO10658,2024-06-14,P097,11,30.46
SO10659,2024-05-23,P030,18,122.68
SO10660,2024-07-02,P087,8,273.59
SO10661,2024-05-06,P027,10,189.24
SO10662,2023-05-24,P048,5,78.68
SO10663,2023-03-30,P009,17,96.99
SO10664,2024-04-29,P081,4,161.96
SO10665,2023-01-28,P064,7,217.35
SO10666,2024-03-31,P078,11,152.59
SO10667,2024-12-04,P078,20,200.17
SO10668,2023-04-21,P081,14,183.83
SO10669,2024-11-14,P094,24,175.75
SO10670,2024-01-01,P019,5,166.37
SO10671,2024-07-12,P028,9,36.08
SO10672,2024-03-08,P081,8,129.27
SO10673,2023-07-01,P059,10,64.11
SO10674,2024-05-26,P043,8,96.25
SO10675,2024-08-21,P077,17,147.8
SO10676,2024-04-07,P070,15,199.1
SO10677,2024-01-18,P005,18,148.79
SO10678,2023-12-03,P039,22,55.29
SO10679,2024-08-08,P090,8,68.21
SO10680,2023-04-03,P013,5,19.98
SO10681,2023-05-04,P095,2,108.08
SO10682,2024-12-25,P058,11,87.67
SO10683,2024-11-15,P093,4,161.79
SO10684,2024-12-31,P091,6,1303.39
SO10685,2023-12-22,P044,1,97.97
SO10686,2023-12-27,P079,31,18.58
SO10687,2024-09-25,P060,18,142.44
SO10688,2024-06-17,P008,16,65.14
SO10689,2024-02-07,P080,19,23.87
SO10690,2024-01-15,P100,6,149.38
SO10691,2024-04-27,P071,17,20.81
SO10692,2023-08-22,P070,11,178.69
SO10693,2024-10-17,P091,16,991.72
SO10694,2023-02-16,P044,14,89.92
SO10695,2024-08-16,P084,3,148.09
SO10696,2023-09-16,P069,8,226.46
SO10697,2024-10-17,P056,15,135.56
SO10698,2024-03-13,P098,4,529.14
SO10699,2023-08-26,P044,2,65.46
SO10700,2023-11-23,P075,3,125.01
SO10701,2024-02-15,P021,19,116.95
SO10702,2024-09-12,P094,16,176.17
SO10703,2024-01-26,P071,19,21.91
SO10704,2023-10-09,P058,1,65.52
SO10705,2024-05-20,P007,16,1401.56
SO10706,2023-07-04,P094,9,177.27
SO10707,2024-10-25,P011,21,122.93
SO10708,2023-08-02,P004,17,57.95
SO10709,2024-03-23,P087,18,144.6
SO10710,2024-09-16,P067,10,33.71
SO10711,2023-09-05,P034,9,54.97
SO10712,2023-01-28,P020,10,90.37
SO10713,2024-06-23,P037,17,56.42
SO10714,2024-10-03,P051,15,68.4
SO10715,2023-01-13,P002,7,155.63
SO10716,2023-04-08,P027,7,127.67
SO10717,2024-05-27,P084,9,113.48
SO10718,2024-09-06,P004,15,54.64
SO10719,2024-03-20,P075,5,145.37
SO10720,2023-06-09,P076,6,147.96
SO10721,2023-04-18,P028,7,22.53
SO10722,2023-12-09,P013,12,18.83
SO10723,2023-03-26,P085,7,217.93
SO10724,2024-05-03,P081,1,203.98
SO10725,2023-12-01,P097,10,27.64
SO10726,2023-06-13,P053,11,34.04
SO10727,2023-08-15,P056,8,112.07
SO10728,2023-05-29,P021,16,111.38
SO10729,2023-12-01,P094,6,261.02
SO10730,2024-11-03,P079,11,21.63
SO10731,2024-04-26,P026,2,89.0
SO10732,2024-11-04,P036,26,195.31
SO10733,2024-11-22,P053,15,31.0
SO10734,2023-05-17,P054,4,134.35
SO10735,2023-08-24,P017,5,19.02
SO10736,2023-11-11,P082,10,169.07
SO10737,2024-11-13,P067,20,46.09
SO10738,2023-11-06,P091,1,1321.84
SO10739,2024-04-04,P040,10,574.79
SO10740,2024-05-14,P059,18,120.65
SO10741,2023-03-29,P035,14,264.84
SO10742,2023-05-15,P003,17,132.9
SO10743,2023-06-03,P089,3,81.78
SO10744,2024-07-10,P017,2,19.08
SO10745,2024-05-12,P003,19,127.42
SO10746,2024-07-24,P088,6,136.48
SO10747,2023-11-19,P072,22,183.77
SO10748,2023-07-03,P083,17,150.31
SO10749,2024-04-20,P093,7,158.93
SO10750,2024-03-20,P008,4,62.05
SO10751,2023-11-19,P033,31,61.91
SO10752,2024-07-18,P043,19,89.85
SO10753,2023-07-13,P074,5,123.87
SO10754,2023-06-30,P071,7,16.32
SO10755,2024-10-27,P005,3,124.45
SO10756,2024-07-03,P012,13,75.56
SO10757,2024-02-14,P013,3,19.24
SO10758,2023-09-20,P074,1,126.04
SO10759,2024-03-29,P043,16,52.64
SO10760,2023-09-10,P041,14,45.85
SO10761,2023-02-21,P085,9,181.61
SO10762,2024-01-09,P002,6,156.53
SO10763,2024-07-21,P099,7,1071.38
SO10764,2024-02-20,P096,7,211.82
SO10765,2024-09-25,P094,17,239.56
SO10766,2024-07-15,P004,2,73.12
SO10767,2023-04-13,P080,4,14.61
SO10768,2023-01-18,P030,15,99.88
SO10769,2023-04-21,P073,18,110.33
SO10770,2024-03-20,P047,18,76.74
SO10771,2024-01-04,P078,11,154.22
SO10772,2023-10-12,P067,11,40.11
SO10773,2023-08-27,P025,18,134.68
SO10774,2024-05-15,P096,4,211.29
SO10775,2024-07-20,P096,16,184.71
SO10776,2024-02-05,P068,10,110.21
SO10777,2024-05-13,P049,16,84.23
SO10778,2024-02-11,P009,12,185.86
SO10779,2023-08-16,P015,18,51.33
SO10780,2024-08-04,P071,4,11.81
SO10781,2023-01-13,P019,15,236.27
SO10782,2023-10-12,P091,1,1266.56
SO10783,2024-04-07,P057,2,130.48
SO10784,2023-06-17,P095,11,99.75
SO10785,2024-09-10,P011,12,193.88
SO10786,2023-10-31,P095,33,101.15
SO10787,2024-12-14,P087,17,273.96
SO10788,2024-11-24,P080,7,13.55
SO10789,2023-10-21,P093,21,164.1
SO10790,2023-04-28,P048,17,105.57
SO10791,2023-12-13,P083,14,146.01
SO10792,2023-10-08,P007,15,944.13
SO10793,2023-08-09,P002,11,87.24
SO10794,2023-02-20,P044,5,77.57
SO10795,2024-01-13,P051,11,85.64
SO10796,2024-04-01,P058,1,57.85
SO10797,2023-06-22,P048,1,125.78
SO10798,2023-01-21,P056,7,109.19
SO10799,2024-09-09,P100,12,102.81
SO10800,2023-01-12,P008,1,65.69
SO10801,2023-08-17,P029,11,665.79
SO10802,2024-08-07,P081,6,156.03
SO10803,2024-01-24,P076,9,133.27
SO10804,2024-01-03,P046,17,25.03
SO10805,2023-05-15,P006,11,127.85
SO10806,2024-11-11,P026,8,109.33
SO10807,2023-05-31,P047,15,89.03
SO10808,2023-01-18,P033,6,81.4
SO10809,2024-03-29,P062,10,45.17
SO10810,2024-03-08,P035,1,481.31
SO10811,2023-02-17,P009,17,112.55
SO10812,2023-10-10,P070,13,176.63
SO10813,2024-08-03,P079,17,13.63
SO10814,2023-07-22,P083,6,129.22
SO10815,2024-08-18,P067,13,36.02
SO10816,2024-05-19,P084,12,165.64
SO10817,2024-06-06,P015,16,38.02
SO10818,2024-02-17,P044,9,113.2
SO10819,2023-12-17,P059,28,119.04
SO10820,2023-11-10,P013,23,19.78
SO10821,2023-10-23,P052,14,48.43
SO10822,2024-04-19,P099,14,905.44
SO10823,2024-08-21,P095,7,83.76
SO10824,2024-11-08,P012,24,118.09
SO10825,2023-05-28,P070,12,226.02
SO10826,2023-09-02,P039,6,35.34
SO10827,2023-05-25,P006,7,132.87
SO10828,2023-04-09,P093,12,127.6
SO10829,2024-12-23,P091,5,1383.03
SO10830,2024-06-08,P036,10,166.99
SO10831,2023-10-31,P054,4,154.53
SO10832,2024-12-31,P079,27,23.39
SO10833,2023-12-23,P034,1,46.43
SO10834,2024-05-22,P078,9,152.01
SO10835,2023-05-14,P097,5,26.04
SO10836,2023-06-29,P072,17,274.7
SO10837,2023-03-04,P037,3,56.5
SO10838,2023-07-17,P006,18,117.22
SO10839,2023-08-28,P068,15,106.08
SO10840,2023-04-13,P038,10,100.41
SO10841,2023-10-02,P095,19,132.4
SO10842,2023-08-29,P007,15,854.79
SO10843,2024-08-23,P085,7,137.97
SO10844,2024-11-26,P067,7,47.93
SO10845,2024-09-04,P089,8,72.94
SO10846,2023-07-22,P094,6,262.75
SO10847,2023-12-13,P087,22,188.59
SO10848,2023-09-26,P087,8,190.62
SO10849,2023-06-08,P093,19,193.1
SO10850,2024-02-13,P075,8,140.52
SO10851,2024-10-24,P006,27,123.44
SO10852,2023-08-16,P088,6,151.43
SO10853,2023-08-25,P025,7,121.23
SO10854,2023-12-14,P001,22,88.43
SO10855,2024-01-16,P092,2,160.41
SO10856,2023-10-23,P085,6,253.51
SO10857,2023-07-26,P052,8,50.54
SO10858,2024-10-04,P001,2,86.78
SO10859,2023-12-17,P046,14,30.36
SO10860,2023-08-07,P094,12,211.82
SO10861,2023-05-08,P075,15,141.62
SO10862,2024-11-25,P008,15,47.86
SO10863,2023-04-12,P094,17,235.76
SO10864,2023-01-22,P051,17,80.74
SO10865,2024-07-07,P084,15,185.05
SO10866,2024-02-21,P095,7,111.68
SO10867,2024-12-10,P038,6,85.63
SO10868,2023-12-17,P089,24,53.77
SO10869,2024-11-10,P067,22,43.5
SO10870,2024-12-04,P069,17,154.96
SO10871,2023-01-09,P084,18,184.32
SO10872,2024-05-19,P065,9,115.91
SO10873,2024-09-04,P036,17,162.55
SO10874,2024-04-04,P092,3,185.7
SO10875,2023-10-23,P067,10,35.22
SO10876,2024-06-05,P052,3,84.29
SO10877,2024-05-14,P001,6,91.12
SO10878,2024-01-30,P005,15,138.4
SO10879,2023-06-08,P039,2,45.22
SO10880,2023-03-22,P071,1,17.45
SO10881,2024-11-18,P013,12,13.0
SO10882,2024-02-18,P011,14,137.21
SO10883,2024-12-16,P098,1,390.51
SO10884,2023-12-25,P037,31,49.39
SO10885,2024-11-05,P004,27,58.26
SO10886,2024-09-03,P006,14,190.77
SO10887,2024-05-26,P044,3,92.28
SO10888,2023-07-18,P092,19,126.53
SO10889,2024-05-23,P066,8,163.4
SO10890,2023-01-17,P033,1,52.63
SO10891,2023-08-30,P061,10,68.13
SO10892,2024-09-29,P048,5,136.57
SO10893,2024-06-22,P095,1,101.98
SO10894,2024-06-27,P069,13,203.52
SO10895,2024-01-05,P044,1,117.61
SO10896,2024-04-15,P002,14,97.98
SO10897,2024-08-04,P093,4,154.33
SO10898,2024-11-09,P070,16,237.64
SO10899,2023-10-09,P092,10,191.48
SO10900,2023-07-07,P030,1,134.67
SO10901,2023-02-01,P008,11,76.74
SO10902,2024-07-07,P098,10,286.89
SO10903,2023-02-09,P022,1,143.38
SO10904,2023-06-21,P073,5,117.96
SO10905,2024-05-23,P090,1,70.35
SO10906,2023-05-25,P077,8,137.15
SO10907,2024-02-12,P090,9,85.12
SO10908,2024-09-24,P066,6,169.39
SO10909,2023-11-30,P062,7,85.92
SO10910,2024-05-28,P003,16,147.93
SO10911,2023-09-24,P005,13,155.42
SO10912,2024-11-25,P069,9,229.92
SO10913,2024-05-03,P036,7,155.04
SO10914,2024-07-20,P075,8,104.5
SO10915,2023-03-14,P100,10,140.67
SO10916,2024-02-29,P006,13,212.98
SO10917,2024-05-30,P099,13,690.23
SO10918,2024-10-14,P007,23,1376.74
SO10919,2024-12-13,P024,20,74.62
SO10920,2023-06-07,P044,4,98.39
SO10921,2024-12-11,P018,16,55.61
SO10922,2024-10-26,P056,14,173.13
SO10923,2023-08-02,P036,6,142.0
SO10924,2023-01-24,P015,10,37.87
SO10925,2024-02-05,P042,17,207.29
SO10926,2023-03-23,P054,3,149.55
SO10927,2024-09-07,P093,15,212.45
SO10928,2023-02-09,P084,1,185.56
SO10929,2024-05-04,P026,4,140.87
SO10930,2023-09-30,P091,16,1058.4
SO10931,2023-04-09,P071,6,17.58
SO10932,2024-01-17,P060,8,115.32
SO10933,2024-07-08,P001,1,83.15
SO10934,2023-12-03,P073,14,157.62
SO10935,2023-04-13,P065,3,158.27
SO10936,2024-06-13,P054,11,149.81
SO10937,2023-06-05,P041,18,45.49
SO10938,2023-10-28,P021,7,149.86
SO10939,2023-11-23,P064,12,147.83
SO10940,2024-09-12,P067,14,38.26
SO10941,2024-10-16,P064,22,182.42
SO10942,2023-09-15,P087,2,178.18
SO10943,2023-01-29,P069,16,205.92
SO10944,2023-02-25,P071,10,20.95
SO10945,2024-11-15,P074,17,77.05
SO10946,2024-12-03,P054,24,95.17
SO10947,2023-08-02,P091,3,817.54
SO10948,2024-05-16,P021,7,143.42
SO10949,2023-06-30,P069,11,207.58
SO10950,2023-09-14,P050,6,58.26
SO10951,2023-08-26,P023,16,36.26
SO10952,2024-06-22,P027,5,169.01
SO10953,2024-03-03,P052,12,53.17
SO10954,2024-10-14,P065,23,163.39
SO10955,2023-05-28,P024,1,139.02
SO10956,2023-01-12,P058,6,82.99
SO10957,2024-03-17,P046,4,34.09
SO10958,2023-02-21,P050,19,56.16
SO10959,2024-12-20,P037,13,67.86
SO10960,2023-04-21,P033,9,58.03
SO10961,2024-05-25,P091,4,1407.55
SO10962,2024-11-14,P035,23,268.0
SO10963,2024-09-28,P057,10,130.69
SO10964,2024-07-15,P080,3,25.31
SO10965,2024-06-29,P053,1,20.24
SO10966,2024-07-01,P074,8,109.52
SO10967,2024-07-06,P044,10,95.69
SO10968,2023-04-16,P066,9,136.09
SO10969,2023-03-20,P034,19,54.67
SO10970,2023-02-08,P027,11,152.48
SO10971,2023-03-17,P038,14,104.44
SO10972,2023-02-27,P013,11,22.82
SO10973,2024-01-24,P014,3,403.45
SO10974,2024-04-15,P002,1,106.44
SO10975,2024-04-27,P032,1,61.22
SO10976,2024-07-18,P100,1,139.09
SO10977,2024-01-17,P040,5,618.76
SO10978,2023-12-07,P001,16,68.88
SO10979,2023-11-01,P035,15,503.87
SO10980,2023-03-19,P039,18,50.58
SO10981,2024-01-17,P075,13,137.41
SO10982,2024-02-14,P001,1,88.01
SO10983,2024-08-15,P057,7,154.42
SO10984,2024-07-25,P029,3,705.75
SO10985,2023-01-06,P010,7,59.97
SO10986,2024-11-17,P032,24,91.11
SO10987,2024-02-01,P024,13,139.69
SO10988,2024-10-21,P075,12,141.08
SO10989,2024-06-23,P094,3,237.93
SO10990,2023-08-20,P009,12,156.56
SO10991,2023-02-26,P100,11,160.48
SO10992,2023-04-01,P031,5,63.21
SO10993,2023-07-30,P099,17,699.69
SO10994,2024-01-14,P009,2,122.78
SO10995,2023-07-31,P057,15,187.35
SO10996,2023-09-30,P020,1,107.13
SO10997,2024-02-17,P002,7,119.9
SO10998,2023-05-30,P077,10,179.03
SO10999,2024-07-12,P096,16,172.37
SO11000,2023-07-19,P069,2,138.63
SO11001,2023-02-07,P064,10,186.59
SO11002,2024-03-07,P089,15,54.9
SO11003,2024-02-04,P081,18,119.94
SO11004,2023-05-29,P008,17,75.22
SO11005,2024-08-14,P071,17,22.08
SO11006,2023-09-26,P031,16,59.87
SO11007,2023-02-28,P044,19,107.08
SO11008,2024-05-02,P010,19,42.56
SO11009,2024-11-29,P004,7,58.22
SO11010,2024-02-20,P030,5,167.35
SO11011,2024-12-18,P025,11,108.83
SO11012,2023-07-16,P069,2,218.15
SO11013,2024-04-18,P052,1,66.48
SO11014,2024-10-11,P054,36,166.21
SO11015,2024-10-15,P087,3,193.08
SO11016,2023-05-26,P017,1,26.47
SO11017,2023-11-14,P079,4,19.15
SO11018,2023-06-11,P043,6,93.86
SO11019,2023-06-07,P074,16,85.09
SO11020,2023-02-13,P072,5,265.51
SO11021,2023-04-07,P071,7,19.41
SO11022,2024-03-17,P049,13,92.97
SO11023,2023-06-29,P022,15,189.7
SO11024,2023-05-03,P007,6,1328.48
SO11025,2024-05-19,P084,9,166.47
SO11026,2023-01-30,P053,17,29.9
SO11027,2024-07-25,P095,9,128.33
SO11028,2024-06-18,P001,14,72.84
SO11029,2024-02-13,P080,5,20.24
SO11030,2024-05-11,P053,7,21.07
SO11031,2023-02-20,P058,4,65.99
SO11032,2023-05-16,P042,10,253.32
SO11033,2023-08-20,P050,13,60.11
SO11034,2023-06-02,P041,16,31.79
SO11035,2023-03-06,P071,1,16.59
SO11036,2024-03-22,P063,3,37.59
SO11037,2023-02-17,P054,19,153.11
SO11038,2024-07-26,P032,14,111.2
SO11039,2023-04-15,P075,16,111.09
SO11040,2023-01-08,P021,3,110.73
SO11041,2024-02-23,P009,2,117.26
SO11042,2024-01-30,P021,10,147.34
SO11043,2023-07-23,P018,10,41.92
SO11044,2024-03-06,P011,7,204.24
SO11045,2023-05-10,P056,4,142.37
SO11046,2024-11-04,P075,1,126.46
SO11047,2023-06-17,P007,8,1043.61
SO11048,2023-04-25,P021,15,151.81
SO11049,2023-04-04,P058,8,90.32
SO11050,2024-02-21,P008,9,40.33
SO11051,2024-12-02,P084,22,118.39
SO11052,2023-10-31,P033,14,66.69
SO11053,2023-06-22,P063,10,35.08
SO11054,2024-08-31,P039,9,49.27
SO11055,2023-05-13,P092,6,124.14
SO11056,2024-02-25,P007,11,747.27
SO11057,2023-07-12,P005,17,141.74
SO11058,2024-06-14,P028,12,22.59
SO11059,2023-06-02,P009,13,159.06
SO11060,2024-11-16,P067,1,35.89
SO11061,2024-02-09,P089,2,55.17
SO11062,2024-11-30,P003,17,168.15
SO11063,2024-05-13,P073,5,148.67
SO11064,2024-02-25,P041,12,33.49
SO11065,2023-11-30,P019,7,232.59
SO11066,2023-12-07,P008,22,42.23
SO11067,2023-12-28,P090,11,91.24
SO11068,2024-09-13,P021,2,90.77
SO11069,2024-02-13,P034,4,50.43
SO11070,2024-11-30,P100,17,99.89
SO11071,2024-05-27,P049,11,129.2
SO11072,2023-07-22,P058,3,72.47
SO11073,2023-04-12,P019,17,181.58
SO11074,2023-01-09,P048,8,78.91
SO11075,2023-06-19,P055,4,143.33
SO11076,2023-12-18,P083,24,171.82
SO11077,2024-12-31,P032,5,83.84
SO11078,2023-10-28,P070,3,158.6
SO11079,2024-06-21,P056,11,167.18
SO11080,2023-07-13,P022,10,121.61
SO11081,2024-08-29,P074,14,130.43
SO11082,2024-05-19,P078,16,212.15
SO11083,2023-01-05,P085,2,205.08
SO11084,2024-06-18,P074,4,109.33
SO11085,2024-06-24,P089,7,79.84
SO11086,2023-03-15,P017,3,30.01
SO11087,2024-08-24,P038,17,154.01
SO11088,2023-04-03,P008,3,74.84
SO11089,2024-11-29,P029,21,1103.85
SO11090,2024-12-14,P073,26,134.13
SO11091,2023-08-06,P079,11,23.82
SO11092,2024-09-18,P079,8,18.14
SO11093,2023-01-10,P019,7,205.81
SO11094,2024-06-06,P079,4,19.29
SO11095,2023-02-25,P005,17,166.22
SO11096,2023-03-05,P075,10,149.36
SO11097,2023-03-16,P043,6,60.95
SO11098,2024-02-28,P074,12,119.05
SO11099,2024-01-09,P089,16,77.92
SO11100,2024-11-02,P006,9,159.46
SO11101,2023-12-24,P016,5,862.42
SO11102,2023-09-24,P075,13,149.37
SO11103,2023-07-22,P061,9,53.43
SO11104,2024-04-15,P055,18,173.65
SO11105,2024-09-24,P055,6,213.97
SO11106,2023-04-08,P059,4,71.1
SO11107,2024-02-03,P021,11,126.7
SO11108,2024-06-05,P039,4,52.68
SO11109,2023-06-24,P036,19,161.64
SO11110,2023-10-02,P035,11,493.4
SO11111,2023-12-05,P026,1,161.9
SO11112,2023-07-26,P031,14,50.03
SO11113,2024-11-23,P029,6,787.41
SO11114,2024-09-10,P001,3,83.34
SO11115,2023-02-11,P095,16,69.56
SO11116,2024-04-17,P095,18,119.05
SO11117,2023-01-04,P041,18,51.5
SO11118,2024-08-04,P052,19,70.61
SO11119,2024-01-13,P017,4,19.3
SO11120,2023-07-21,P065,13,129.87
SO11121,2023-10-03,P046,12,28.98
SO11122,2023-01-05,P082,16,116.19
SO11123,2023-06-05,P050,9,60.92
SO11124,2023-01-22,P044,6,66.78
SO11125,2023-03-21,P057,16,178.11
SO11126,2023-04-15,P023,7,31.13
SO11127,2024-06-18,P055,1,184.88
SO11128,2023-12-12,P076,4,205.7
SO11129,2024-08-24,P007,2,1218.0
SO11130,2023-07-02,P096,12,227.63
SO11131,2023-01-28,P042,15,268.85
SO11132,2023-06-18,P015,9,52.07
SO11133,2024-07-17,P063,5,32.93
SO11134,2023-12-06,P043,13,88.51
SO11135,2023-08-01,P092,3,104.12
SO11136,2024-09-04,P015,10,40.05
SO11137,2024-09-24,P094,6,166.22
SO11138,2024-01-13,P021,3,147.81
SO11139,2024-12-24,P016,14,969.97
SO11140,2023-02-21,P068,1,151.04
SO11141,2024-02-04,P001,8,70.35
SO11142,2023-05-21,P090,4,103.34
SO11143,2024-03-31,P022,15,180.31
SO11144,2023-11-07,P054,9,122.78
SO11145,2024-10-15,P017,7,20.73
SO11146,2023-03-14,P005,2,97.25
SO11147,2024-03-10,P007,1,1110.18
SO11148,2023-09-10,P016,4,736.76
SO11149,2023-07-21,P002,14,84.12
SO11150,2024-04-13,P010,19,77.04
SO11151,2023-05-17,P083,15,167.95
SO11152,2023-11-05,P077,25,153.78
SO11153,2024-04-27,P073,17,155.01
SO11154,2024-10-14,P010,1,58.65
SO11155,2024-08-23,P022,17,184.02
SO11156,2023-09-02,P071,12,17.7
SO11157,2024-11-16,P070,26,238.3
SO11158,2024-10-16,P025,22,75.43
SO11159,2023-09-21,P078,13,149.06
SO11160,2023-10-06,P087,6,267.24
SO11161,2024-10-05,P078,33,132.17
SO11162,2023-04-19,P072,7,224.36
SO11163,2024-01-28,P058,13,99.54
SO11164,2023-12-16,P054,25,112.4
SO11165,2023-06-07,P067,16,50.33
SO11166,2024-03-19,P018,13,49.25
SO11167,2024-12-29,P020,23,85.48
SO11168,2023-03-08,P070,7,243.84
SO11169,2023-10-10,P037,20,77.28
SO11170,2024-04-03,P072,7,263.92
SO11171,2023-12-11,P019,25,213.17
SO11172,2024-06-12,P068,9,130.49
SO11173,2023-12-24,P039,25,44.84
SO11174,2024-07-31,P039,18,31.16
SO11175,2023-10-31,P004,18,49.34
SO11176,2023-01-14,P007,6,981.1
SO11177,2024-11-21,P056,14,194.78
SO11178,2023-01-01,P097,7,22.37
SO11179,2023-03-11,P030,16,134.19
SO11180,2023-01-17,P071,4,14.82
SO11181,2024-07-14,P089,3,55.57
SO11182,2024-03-16,P020,12,77.21
SO11183,2023-12-18,P018,26,35.2
SO11184,2024-06-06,P075,2,140.23
SO11185,2023-08-10,P060,7,118.92
SO11186,2024-10-12,P034,11,73.97
SO11187,2024-08-24,P016,10,1009.7
SO11188,2023-06-05,P045,5,38.64
SO11189,2024-01-02,P032,2,60.87
SO11190,2024-07-26,P039,9,48.31
SO11191,2023-04-28,P049,7,121.79
SO11192,2024-02-16,P023,1,23.64
SO11193,2024-02-01,P016,9,1100.1
SO11194,2023-04-24,P086,5,772.84
SO11195,2023-07-19,P049,13,80.56
SO11196,2023-06-01,P077,11,148.13
SO11197,2024-12-10,P055,18,206.28
SO11198,2023-08-30,P003,16,133.26
SO11199,2024-09-21,P053,13,38.58
SO11200,2024-04-11,P080,10,15.38
SO11201,2024-03-15,P074,10,107.05
SO11202,2023-10-11,P067,15,52.86
SO11203,2024-03-03,P080,5,23.32
SO11204,2024-04-19,P023,3,25.74
SO11205,2023-04-01,P069,11,135.11
SO11206,2024-09-25,P037,3,90.35
SO11207,2023-02-08,P065,1,219.46
SO11208,2024-03-29,P015,2,31.55
SO11209,2024-05-20,P034,2,53.25
SO11210,2023-11-15,P011,1,137.18
SO11211,2024-05-26,P047,19,49.46
SO11212,2024-04-23,P089,12,51.2
SO11213,2023-09-11,P082,8,146.61
SO11214,2023-01-08,P064,10,188.01
SO11215,2024-06-12,P001,2,63.36
SO11216,2023-07-25,P095,18,91.66
SO11217,2023-12-05,P008,1,44.49
SO11218,2023-09-11,P014,13,579.21
SO11219,2024-08-10,P050,6,44.94
SO11220,2023-01-12,P071,1,17.21
SO11221,2024-06-24,P083,16,146.72
SO11222,2023-09-30,P024,13,84.45
SO11223,2024-12-05,P009,20,174.75
SO11224,2024-04-28,P031,17,33.24
SO11225,2024-12-09,P034,8,71.84
SO11226,2024-01-20,P089,17,81.09
SO11227,2024-05-02,P091,8,862.54
SO11228,2024-09-09,P070,2,178.33
SO11229,2023-02-07,P013,14,21.78
SO11230,2023-05-28,P073,12,141.42
SO11231,2024-11-02,P053,13,31.79
SO11232,2024-05-04,P072,10,270.6
SO11233,2024-02-24,P067,8,51.26
SO11234,2023-11-17,P085,25,207.82
SO11235,2024-02-12,P069,18,181.53
SO11236,2023-09-03,P051,1,47.31
SO11237,2023-08-01,P036,14,120.31
SO11238,2024-02-26,P014,18,486.15
SO11239,2023-09-25,P036,10,181.45
SO11240,2023-10-12,P020,17,71.63
SO11241,2023-09-10,P059,13,87.42
SO11242,2024-12-09,P088,17,168.9
SO11243,2023-01-10,P021,14,132.06
SO11244,2023-01-11,P089,4,47.84
SO11245,2024-07-25,P020,6,71.73
SO11246,2023-03-26,P024,10,125.22
SO11247,2024-10-16,P032,15,64.4
SO11248,2023-08-28,P058,14,68.97
SO11249,2023-09-28,P066,1,132.41
SO11250,2023-10-18,P013,19,14.88
SO11251,2023-06-07,P097,14,24.82
SO11252,2023-08-14,P088,6,150.8
SO11253,2024-12-31,P091,23,1112.16
SO11254,2024-11-07,P033,23,82.59
SO11255,2024-09-13,P094,3,205.12
SO11256,2024-08-19,P051,17,47.62
SO11257,2023-02-12,P075,2,91.62
SO11258,2023-11-14,P012,26,111.97
SO11259,2024-09-29,P004,16,50.09
SO11260,2024-06-11,P070,18,193.57
SO11261,2023-08-12,P024,11,76.2
SO11262,2024-07-15,P047,18,56.15
SO11263,2023-05-29,P075,16,124.19
SO11264,2024-05-13,P070,18,153.21
SO11265,2023-02-26,P003,4,230.55
SO11266,2024-01-22,P002,4,166.21
SO11267,2023-06-27,P022,10,135.86
SO11268,2024-09-07,P074,11,130.74
SO11269,2023-07-25,P010,9,72.7
SO11270,2023-10-03,P018,19,44.14
SO11271,2023-11-16,P040,15,422.78
SO11272,2024-06-21,P043,18,61.04
SO11273,2023-06-13,P045,13,55.49
SO11274,2023-10-08,P012,1,64.07
SO11275,2024-01-15,P021,9,128.5
SO11276,2024-09-12,P079,4,14.8
SO11277,2024-02-12,P023,8,23.69
SO11278,2023-05-30,P025,14,81.36
SO11279,2023-04-26,P072,2,160.72
SO11280,2024-06-12,P094,18,186.08
SO11281,2024-06-29,P051,2,83.57
SO11282,2024-11-08,P001,32,66.94
SO11283,2024-11-04,P057,6,115.02
SO11284,2023-01-30,P003,2,194.31
SO11285,2024-04-24,P099,19,765.36
SO11286,2023-05-18,P036,17,181.72
SO11287,2024-11-07,P031,27,39.35
SO11288,2024-05-17,P053,4,30.99
SO11289,2024-09-06,P067,4,31.93
SO11290,2024-12-05,P044,13,119.35
SO11291,2024-08-15,P039,9,55.38
SO11292,2024-12-31,P067,19,28.89
SO11293,2023-09-30,P006,3,137.09
SO11294,2024-04-06,P089,15,65.39
SO11295,2023-12-06,P019,11,236.18
SO11296,2024-01-12,P057,18,117.53
SO11297,2023-02-06,P036,13,198.12
SO11298,2024-06-29,P082,9,130.17
SO11299,2024-06-06,P099,9,1197.62
SO11300,2024-10-13,P077,12,195.93
SO11301,2024-12-14,P024,8,75.56
SO11302,2023-03-23,P042,15,270.37
SO11303,2024-12-24,P044,14,99.47
SO11304,2024-07-18,P073,10,199.29
SO11305,2023-05-31,P036,3,150.97
SO11306,2024-09-01,P078,15,206.44
SO11307,2023-07-08,P010,4,76.39
SO11308,2024-02-12,P021,5,122.52
SO11309,2024-08-16,P018,9,38.84
SO11310,2023-11-24,P028,12,35.38
SO11311,2023-03-06,P072,12,209.47
SO11312,2023-11-22,P094,1,236.7
SO11313,2024-06-02,P100,7,151.84
SO11314,2023-03-27,P032,17,115.97
SO11315,2023-10-07,P049,24,89.49
SO11316,2023-11-17,P090,1,110.4
SO11317,2024-07-08,P079,19,13.67
SO11318,2023-02-10,P019,4,239.25
SO11319,2023-05-14,P005,6,101.62
SO11320,2024-09-14,P016,9,1049.56
SO11321,2023-07-05,P071,14,17.57
SO11322,2023-03-27,P051,18,93.5
SO11323,2024-10-19,P098,21,501.33
SO11324,2023-05-09,P019,3,172.58
SO11325,2024-06-30,P058,1,55.27
SO11326,2024-11-13,P023,21,35.26
SO11327,2024-07-21,P071,11,18.15
SO11328,2023-03-04,P090,9,108.03
SO11329,2024-12-12,P065,5,192.04
SO11330,2024-01-01,P045,12,45.04
SO11331,2023-04-30,P056,8,153.64
SO11332,2024-04-23,P043,6,101.73
SO11333,2023-07-05,P072,10,221.22
SO11334,2024-11-06,P052,3,74.83
SO11335,2024-12-16,P029,7,592.48
SO11336,2024-07-05,P005,16,146.74
SO11337,2024-07-18,P072,5,168.6
SO11338,2023-05-03,P070,12,207.84
SO11339,2023-05-23,P018,19,39.16
SO11340,2024-05-01,P062,10,58.69
SO11341,2023-07-21,P009,10,154.75
SO11342,2023-07-01,P036,10,186.78
SO11343,2024-09-10,P098,3,433.94
SO11344,2023-10-07,P046,36,21.65
SO11345,2024-08-19,P031,1,50.07
SO11346,2023-02-05,P053,18,31.65
SO11347,2024-12-11,P044,7,106.99
SO11348,2023-10-18,P062,16,61.61
SO11349,2023-05-13,P046,12,28.25
SO11350,2024-10-30,P047,19,69.28
SO11351,2024-02-29,P017,13,23.99
SO11352,2023-12-14,P024,18,124.39
SO11353,2023-05-14,P079,13,25.09
SO11354,2023-10-24,P012,6,89.27
SO11355,2024-06-27,P055,7,183.22
SO11356,2023-12-16,P074,22,105.05
SO11357,2023-07-23,P079,19,22.07
SO11358,2024-05-12,P037,8,47.54
SO11359,2024-12-22,P078,30,144.69
SO11360,2023-08-28,P066,11,166.72
SO11361,2024-09-21,P049,3,65.94
SO11362,2024-12-19,P098,14,353.14
SO11363,2024-10-21,P070,4,201.7
SO11364,2023-06-12,P058,1,98.15
SO11365,2024-12-30,P081,1,168.61
SO11366,2023-04-24,P032,8,108.2
SO11367,2023-07-18,P091,16,946.16
SO11368,2023-07-09,P033,11,60.21
SO11369,2024-09-21,P042,9,197.79
SO11370,2024-01-29,P061,5,72.58
SO11371,2023-05-30,P003,15,201.23
SO11372,2023-04-28,P022,6,117.04
SO11373,2023-02-21,P052,3,63.04
SO11374,2023-07-13,P033,18,50.9
SO11375,2023-01-28,P059,11,61.81
SO11376,2024-07-27,P098,9,507.24
SO11377,2024-09-22,P048,7,134.69
SO11378,2024-08-29,P047,14,50.9
SO11379,2023-10-25,P019,25,152.48
SO11380,2023-11-27,P030,18,107.15
SO11381,2023-08-04,P041,16,41.41
SO11382,2023-10-12,P017,24,25.23
SO11383,2024-04-24,P052,3,69.48
SO11384,2023-05-26,P042,1,183.05
SO11385,2024-06-24,P015,8,34.58
SO11386,2023-11-11,P001,19,50.46
SO11387,2024-03-03,P059,13,107.06
SO11388,2024-02-16,P023,7,37.42
SO11389,2024-10-26,P078,33,166.7
SO11390,2024-04-23,P041,14,45.38
SO11391,2024-06-03,P006,6,157.47
SO11392,2023-11-17,P045,32,64.14
SO11393,2024-12-07,P091,31,1035.65
SO11394,2024-10-23,P001,1,84.38
SO11395,2023-11-13,P083,8,124.25
SO11396,2023-08-15,P065,13,210.47
SO11397,2024-07-01,P093,11,163.44
SO11398,2023-04-07,P043,15,93.6
SO11399,2024-05-22,P070,16,170.95
SO11400,2024-02-07,P023,3,23.71
SO11401,2024-02-04,P025,12,93.59
SO11402,2024-06-02,P078,7,183.6
SO11403,2024-04-13,P062,8,82.83
SO11404,2023-12-15,P013,3,22.17
SO11405,2023-05-19,P023,8,19.96
SO11406,2023-07-17,P068,6,126.22
SO11407,2023-06-22,P051,14,54.85
SO11408,2023-04-17,P016,17,1018.04
SO11409,2024-01-05,P098,19,534.82
SO11410,2024-09-14,P100,16,95.86
SO11411,2024-11-01,P056,21,146.23
SO11412,2024-09-18,P055,13,189.5
SO11413,2024-08-06,P053,19,27.46
SO11414,2024-08-16,P060,7,160.35
SO11415,2024-06-26,P082,6,158.93
SO11416,2023-07-13,P019,11,255.9
SO11417,2023-05-14,P041,8,54.96
SO11418,2023-07-01,P003,11,218.83
SO11419,2024-11-04,P033,27,55.48
SO11420,2023-07-26,P011,6,135.75
SO11421,2024-12-05,P031,15,54.83
SO11422,2024-09-08,P066,3,162.65
SO11423,2023-06-25,P059,12,99.01
SO11424,2024-03-14,P007,2,1087.91
SO11425,2023-08-08,P068,6,126.44
SO11426,2024-09-27,P062,3,47.25
SO11427,2024-07-05,P012,3,115.79
SO11428,2024-12-19,P098,21,533.77
SO11429,2023-06-14,P016,6,1111.72
SO11430,2023-05-01,P003,3,117.18
SO11431,2024-06-09,P088,11,145.73
SO11432,2024-11-04,P076,3,125.75
SO11433,2024-05-21,P023,9,27.19
SO11434,2023-09-02,P002,13,123.28
SO11435,2024-01-23,P058,12,89.9
SO11436,2024-11-06,P031,8,54.64
SO11437,2023-07-31,P005,14,159.78
SO11438,2023-08-08,P094,11,230.47
SO11439,2024-01-15,P051,10,58.62
SO11440,2024-02-11,P002,6,99.01
SO11441,2023-10-12,P011,8,174.23
SO11442,2023-03-12,P023,9,35.06
SO11443,2023-03-22,P038,12,113.94
SO11444,2024-01-21,P081,4,158.06
SO11445,2024-12-01,P023,11,33.81
SO11446,2023-07-30,P051,7,83.65
SO11447,2023-06-29,P072,17,154.05
SO11448,2024-02-05,P043,15,56.08
SO11449,2023-10-11,P085,19,212.2
SO11450,2023-08-22,P064,8,161.84
SO11451,2023-04-04,P069,14,206.86
SO11452,2023-09-13,P041,4,35.46
SO11453,2024-11-21,P020,24,108.6
SO11454,2023-01-03,P092,19,105.95
SO11455,2023-06-13,P044,14,109.97
SO11456,2023-11-19,P036,14,221.1
SO11457,2023-05-05,P083,11,143.93
SO11458,2024-04-20,P037,17,58.22
SO11459,2023-10-28,P002,10,87.17
SO11460,2024-11-19,P030,23,181.26
SO11461,2024-07-09,P015,2,52.31
SO11462,2024-08-23,P046,10,32.51
SO11463,2024-11-07,P053,18,33.72
SO11464,2023-09-15,P029,14,814.26
SO11465,2023-06-02,P026,4,108.62
SO11466,2023-10-03,P005,9,164.64
SO11467,2024-12-01,P064,3,166.38
SO11468,2023-11-14,P077,27,171.74
SO11469,2023-04-05,P096,15,132.1
SO11470,2023-06-18,P098,11,396.64
SO11471,2024-10-08,P056,11,204.47
SO11472,2023-01-28,P016,1,750.27
SO11473,2023-05-08,P055,12,186.35
SO11474,2023-10-12,P021,1,124.29
SO11475,2023-10-23,P046,15,26.58
SO11476,2024-05-04,P002,6,92.58
SO11477,2023-03-12,P016,10,962.99
SO11478,2024-10-01,P075,7,88.39
SO11479,2024-07-06,P072,9,162.34
SO11480,2024-10-12,P044,25,72.04
SO11481,2024-04-03,P057,2,180.35
SO11482,2023-04-05,P043,11,78.99
SO11483,2023-09-12,P040,15,389.18
SO11484,2023-07-09,P063,10,47.99
SO11485,2024-01-21,P071,1,23.07
SO11486,2023-08-07,P010,4,76.04
SO11487,2024-08-02,P009,12,189.2
SO11488,2024-06-15,P022,4,127.15
SO11489,2024-03-26,P036,15,208.64
SO11490,2023-06-25,P071,10,16.56
SO11491,2024-01-09,P096,7,127.06
SO11492,2024-10-13,P085,5,158.04
SO11493,2023-08-23,P100,5,157.94
SO11494,2023-05-30,P020,8,87.29
SO11495,2023-08-22,P051,9,61.9
SO11496,2023-04-24,P075,7,83.65
SO11497,2023-01-10,P016,14,659.29
SO11498,2024-08-24,P044,5,107.18
SO11499,2024-11-24,P097,15,25.38
SO11500,2023-04-03,P008,4,75.65
SO11501,2024-11-15,P099,28,1089.15
SO11502,2024-06-06,P041,1,53.19
SO11503,2023-06-03,P057,4,179.81
SO11504,2023-03-28,P072,15,182.08
SO11505,2024-03-26,P088,5,132.73
SO11506,2024-07-12,P027,2,226.4
SO11507,2023-06-03,P100,8,139.85
SO11508,2023-11-09,P064,12,144.35
SO11509,2024-02-14,P097,17,28.97
SO11510,2024-02-01,P056,9,129.88
SO11511,2023-11-09,P081,5,134.39
SO11512,2023-04-04,P093,3,148.39
SO11513,2023-08-04,P080,7,14.88
SO11514,2024-07-17,P057,14,168.75
SO11515,2023-08-16,P069,13,149.7
SO11516,2023-12-31,P070,17,210.66
SO11517,2024-11-18,P078,6,136.65
SO11518,2023-10-21,P060,6,196.75
SO11519,2024-03-14,P090,12,113.32
SO11520,2024-08-11,P014,5,370.79
SO11521,2024-10-02,P022,5,124.84
SO11522,2024-04-20,P095,14,133.89
SO11523,2024-03-25,P018,6,47.92
SO11524,2024-08-29,P056,4,188.31
SO11525,2024-04-19,P041,19,48.18
SO11526,2024-02-06,P083,5,109.27
SO11527,2024-08-03,P064,19,116.4
SO11528,2023-07-26,P044,1,98.88
SO11529,2023-04-06,P084,14,129.67
SO11530,2023-06-28,P035,16,321.59
SO11531,2024-06-30,P067,19,33.7
SO11532,2024-10-10,P078,14,194.7
SO11533,2023-05-09,P054,7,164.56
SO11534,2024-10-22,P100,3,122.95
SO11535,2023-08-27,P025,2,85.14
SO11536,2023-05-10,P087,19,274.58
SO11537,2024-05-28,P022,7,126.17
SO11538,2024-11-11,P020,5,111.86
SO11539,2023-06-16,P004,16,45.37
SO11540,2023-05-11,P050,7,54.97
SO11541,2024-03-31,P016,17,1209.94
SO11542,2023-02-10,P093,9,141.92
SO11543,2023-04-15,P055,3,186.54
SO11544,2024-07-10,P064,5,181.05
SO11545,2024-05-25,P033,18,77.89
SO11546,2024-10-04,P013,9,22.44
SO11547,2023-07-12,P004,14,51.69
SO11548,2023-06-04,P060,18,128.7
SO11549,2023-10-21,P075,17,132.96
SO11550,2024-01-17,P051,13,65.35
SO11551,2024-08-02,P057,17,163.48
SO11552,2023-03-19,P026,4,86.24
SO11553,2023-02-01,P062,15,50.78
SO11554,2023-03-23,P055,2,164.19
SO11555,2024-05-09,P042,12,218.05
SO11556,2023-11-16,P007,12,1023.81
SO11557,2023-12-31,P051,9,86.73
SO11558,2023-08-31,P100,15,104.4
SO11559,2023-01-16,P009,11,96.12
SO11560,2023-05-07,P046,7,25.97
SO11561,2023-06-04,P006,11,164.41
SO11562,2023-06-24,P066,8,100.1
SO11563,2024-09-07,P082,8,121.56
SO11564,2023-11-18,P040,14,564.26
SO11565,2023-02-01,P014,13,558.29
SO11566,2024-10-20,P021,23,166.66
SO11567,2024-08-24,P040,13,388.54
SO11568,2023-05-17,P006,18,134.81
SO11569,2024-09-23,P081,2,140.84
SO11570,2023-10-28,P075,3,134.5
SO11571,2023-02-03,P009,1,122.05
SO11572,2024-06-09,P029,5,711.27
SO11573,2024-06-23,P033,12,92.98
SO11574,2023-09-18,P053,2,30.38
SO11575,2024-03-05,P094,10,148.21
SO11576,2023-06-11,P054,19,96.17
SO11577,2024-05-23,P090,8,83.81
SO11578,2023-04-10,P070,10,155.31
SO11579,2024-05-09,P085,6,143.3
SO11580,2024-07-05,P044,8,108.66
SO11581,2023-12-11,P055,28,133.27
SO11582,2023-07-23,P009,17,186.08
SO11583,2023-08-14,P088,12,148.44
SO11584,2023-11-02,P048,3,83.18
SO11585,2024-01-25,P019,6,162.8
SO11586,2024-10-16,P063,20,50.55
SO11587,2023-10-19,P030,16,163.87
SO11588,2023-10-02,P043,24,97.94
SO11589,2023-05-10,P011,1,141.6
SO11590,2023-09-29,P054,11,121.28
SO11591,2024-12-21,P059,31,89.23
SO11592,2024-11-03,P007,21,1122.14
SO11593,2023-12-29,P087,23,143.59
SO11594,2024-10-16,P017,28,20.76
SO11595,2024-06-29,P076,1,127.1
SO11596,2023-04-23,P092,16,109.54
SO11597,2024-11-08,P013,15,22.34
SO11598,2024-06-02,P019,14,213.97
SO11599,2023-03-15,P050,3,38.78
SO11600,2023-03-01,P052,11,61.04
SO11601,2024-05-02,P031,4,50.51
SO11602,2023-12-21,P096,37,195.98
SO11603,2024-05-05,P004,9,53.12
SO11604,2024-07-09,P089,19,76.59
SO11605,2023-09-30,P059,1,100.91
SO11606,2024-11-06,P028,22,27.96
SO11607,2023-03-06,P052,7,58.74
SO11608,2023-08-28,P088,9,193.5
SO11609,2024-02-12,P067,19,29.09
SO11610,2024-03-10,P058,10,62.98
SO11611,2023-05-02,P048,11,83.07
SO11612,2024-11-03,P066,10,179.69
SO11613,2023-04-29,P034,8,51.19
SO11614,2024-07-30,P099,4,697.48
SO11615,2023-04-27,P081,18,129.47
SO11616,2024-07-08,P070,16,164.47
SO11617,2023-08-14,P092,11,143.93
SO11618,2023-11-14,P005,35,112.13
SO11619,2023-07-16,P041,8,45.31
SO11620,2024-07-26,P010,6,64.61
SO11621,2023-12-29,P002,21,156.88
SO11622,2024-07-04,P052,6,82.4
SO11623,2023-10-05,P007,6,1408.87
SO11624,2024-02-14,P016,5,845.86
SO11625,2023-08-18,P015,16,35.84
SO11626,2023-06-13,P020,13,98.84
SO11627,2024-11-14,P092,19,186.8
SO11628,2024-03-31,P099,4,881.07
SO11629,2024-06-04,P079,6,18.06
SO11630,2024-11-19,P049,1,88.88
SO11631,2023-03-09,P097,6,16.46
SO11632,2024-05-01,P075,6,97.53
SO11633,2024-12-17,P012,15,112.72
SO11634,2024-07-06,P031,19,55.65
SO11635,2023-01-26,P039,7,56.91
SO11636,2024-07-15,P047,17,65.06
SO11637,2023-04-12,P083,11,111.26
SO11638,2023-11-21,P027,34,206.4
SO11639,2024-12-21,P050,15,40.21
SO11640,2023-11-03,P048,19,77.64
SO11641,2024-09-09,P043,17,65.08
SO11642,2023-10-13,P004,9,72.76
SO11643,2023-09-26,P003,7,148.35
SO11644,2024-01-15,P043,2,61.66
SO11645,2023-07-19,P041,13,31.47
SO11646,2023-07-14,P006,15,203.19
SO11647,2024-11-13,P029,2,952.33
SO11648,2024-01-08,P035,4,509.93
SO11649,2023-11-09,P005,1,153.44
SO11650,2023-06-25,P078,8,236.51
SO11651,2023-04-18,P061,5,77.14
SO11652,2023-12-31,P075,7,146.91
SO11653,2024-07-02,P008,5,59.99
SO11654,2024-03-27,P073,7,134.24
SO11655,2023-07-31,P007,12,917.25
SO11656,2023-07-18,P093,4,209.63
SO11657,2024-12-28,P007,22,1058.39
SO11658,2024-08-09,P023,4,37.48
SO11659,2023-10-07,P018,26,46.86
SO11660,2024-01-23,P030,19,118.44
SO11661,2024-01-10,P068,9,198.02
SO11662,2024-07-09,P081,14,184.9
SO11663,2024-12-30,P057,29,140.67
SO11664,2024-07-23,P080,5,21.65
SO11665,2023-12-06,P016,20,1232.47
SO11666,2024-09-04,P076,16,122.42
SO11667,2024-11-19,P042,25,248.06
SO11668,2023-08-25,P069,16,178.82
SO11669,2023-12-25,P004,1,51.82
SO11670,2023-01-31,P068,1,182.63
SO11671,2024-12-10,P016,1,647.35
SO11672,2024-08-05,P082,19,126.76
SO11673,2024-08-11,P007,16,958.29
SO11674,2024-11-09,P048,15,151.99
SO11675,2023-02-06,P085,4,164.78
SO11676,2023-09-13,P093,14,154.62
SO11677,2023-06-18,P055,11,202.83
SO11678,2023-01-11,P081,10,143.14
SO11679,2023-01-02,P002,9,166.06
SO11680,2023-07-13,P091,4,884.24
SO11681,2023-08-24,P054,9,163.48
SO11682,2024-09-30,P042,16,166.2
SO11683,2023-04-12,P030,11,183.28
SO11684,2023-09-21,P037,16,86.71
SO11685,2023-01-09,P081,17,190.56
SO11686,2023-12-22,P058,1,69.94
SO11687,2024-11-06,P083,20,146.99
SO11688,2024-02-24,P063,7,33.4
SO11689,2024-12-30,P005,16,165.0
SO11690,2023-09-21,P053,6,26.81
SO11691,2024-12-14,P082,23,104.97
SO11692,2024-09-19,P076,3,140.05
SO11693,2023-11-24,P098,24,386.33
SO11694,2023-10-25,P096,17,161.47
SO11695,2023-12-03,P088,32,170.89
SO11696,2024-06-09,P095,9,112.81
SO11697,2024-06-14,P004,8,74.98
SO11698,2024-09-09,P049,10,71.09
SO11699,2023-07-28,P031,12,38.59
SO11700,2023-01-31,P046,13,27.69
SO11701,2023-12-02,P060,23,185.98
SO11702,2024-04-01,P054,9,162.7
SO11703,2023-02-11,P030,19,122.18
SO11704,2023-03-28,P012,5,64.4
SO11705,2024-10-05,P099,23,974.74
SO11706,2023-04-07,P083,3,98.54
SO11707,2023-09-17,P024,5,113.02
SO11708,2023-02-06,P053,15,22.51
SO11709,2024-07-22,P036,9,165.39
SO11710,2024-03-08,P048,16,108.64
SO11711,2024-07-15,P075,16,86.3
SO11712,2023-10-02,P015,17,49.2
SO11713,2024-10-03,P005,15,94.69
SO11714,2023-09-25,P090,11,101.99
SO11715,2024-08-14,P016,2,1206.64
SO11716,2023-08-06,P099,13,1123.22
SO11717,2024-02-02,P024,8,71.32
SO11718,2024-10-05,P088,6,168.97
SO11719,2023-01-18,P086,2,1338.28
SO11720,2024-10-24,P064,26,146.09
SO11721,2024-06-10,P027,17,162.38
SO11722,2024-01-18,P098,12,380.78
SO11723,2023-02-17,P082,1,93.02
SO11724,2023-11-06,P062,17,83.24
SO11725,2023-01-05,P068,6,121.23
SO11726,2023-10-11,P011,5,219.5
SO11727,2023-04-14,P087,17,178.36
SO11728,2024-11-18,P044,7,71.26
SO11729,2024-08-12,P059,14,101.18
SO11730,2024-06-13,P056,12,131.32
SO11731,2024-01-20,P005,19,162.23
SO11732,2023-11-19,P095,27,93.93
SO11733,2024-04-23,P013,11,19.5
SO11734,2023-05-19,P017,14,18.93
SO11735,2024-12-12,P030,17,110.34
SO11736,2024-01-22,P002,5,96.98
SO11737,2023-01-22,P095,1,130.64
SO11738,2023-07-27,P069,17,204.41
SO11739,2023-05-13,P069,8,148.55
SO11740,2023-01-29,P054,11,140.79
SO11741,2024-05-31,P008,16,50.3
SO11742,2023-09-29,P028,15,37.54
SO11743,2023-08-05,P086,9,710.77
SO11744,2024-03-27,P061,15,59.87
SO11745,2024-02-07,P001,18,84.1
SO11746,2024-09-02,P074,18,122.63
SO11747,2024-08-24,P074,17,87.28
SO11748,2023-01-20,P055,7,199.84
SO11749,2023-08-07,P064,7,162.97
SO11750,2023-06-25,P030,19,115.68
SO11751,2023-07-31,P068,12,164.84
SO11752,2023-05-15,P054,6,147.53
SO11753,2024-10-05,P094,6,179.25
SO11754,2023-04-12,P007,9,874.79
SO11755,2024-12-25,P018,32,43.54
SO11756,2024-02-25,P024,13,104.38
SO11757,2024-12-29,P091,15,1235.36
SO11758,2024-03-28,P045,6,42.13
SO11759,2024-06-05,P095,13,103.81
SO11760,2024-02-11,P100,8,171.18
SO11761,2024-07-06,P075,19,124.35
SO11762,2023-04-02,P003,17,139.19
SO11763,2024-09-25,P003,12,229.99
SO11764,2024-06-22,P003,1,211.11
SO11765,2023-12-13,P083,20,161.61
SO11766,2024-11-11,P091,7,778.04
SO11767,2024-06-01,P071,2,20.71
SO11768,2023-02-12,P038,2,128.08
SO11769,2023-04-15,P083,18,169.68
SO11770,2024-01-17,P079,19,14.71
SO11771,2023-03-12,P023,18,30.35
SO11772,2023-10-05,P015,27,29.02
SO11773,2024-12-27,P064,9,116.34
SO11774,2024-03-06,P041,16,50.13
SO11775,2024-04-30,P072,10,184.54
SO11776,2024-08-29,P089,7,47.15
SO11777,2024-01-10,P030,9,141.08
SO11778,2023-11-14,P064,13,175.66
SO11779,2023-01-08,P061,10,54.12
SO11780,2024-10-11,P035,7,412.76
SO11781,2024-10-26,P075,7,126.67
SO11782,2024-12-29,P048,5,89.68
SO11783,2023-03-11,P092,18,114.42
SO11784,2023-09-20,P018,14,33.6
SO11785,2024-12-23,P011,10,151.53
SO11786,2024-03-12,P092,6,149.92
SO11787,2024-04-14,P081,12,169.44
SO11788,2024-09-14,P083,13,116.93
SO11789,2024-06-14,P052,13,71.64
SO11790,2023-10-24,P082,3,117.45
SO11791,2024-07-11,P001,14,65.05
SO11792,2023-09-08,P082,13,123.61
SO11793,2024-02-12,P100,19,143.88
SO11794,2024-06-24,P031,18,51.63
SO11795,2023-04-03,P089,16,65.11
SO11796,2023-06-07,P080,1,22.54
SO11797,2023-04-08,P052,19,66.34
SO11798,2024-08-20,P071,6,22.26
SO11799,2023-05-04,P027,7,146.31
SO11800,2024-08-31,P002,6,91.84
SO11801,2023-11-16,P081,17,134.51
SO11802,2024-01-14,P023,11,37.3
SO11803,2024-06-20,P054,15,186.6
SO11804,2023-02-21,P075,13,138.26
SO11805,2024-09-14,P037,12,47.72
SO11806,2023-11-19,P061,22,62.41
SO11807,2023-12-19,P036,24,165.67
SO11808,2024-04-28,P076,10,161.41
SO11809,2023-02-01,P028,17,30.14
SO11810,2023-05-11,P083,4,146.27
SO11811,2023-06-24,P098,16,489.06
SO11812,2023-08-26,P053,3,23.38
SO11813,2024-05-08,P093,11,183.95
SO11814,2024-04-18,P032,6,78.94
SO11815,2023-03-13,P011,14,203.59
SO11816,2024-09-03,P038,5,85.71
SO11817,2024-04-20,P005,16,171.69
SO11818,2024-09-03,P069,17,132.89
SO11819,2023-01-03,P034,6,75.43
SO11820,2023-04-18,P032,6,110.82
SO11821,2024-03-15,P053,16,24.3
SO11822,2023-09-18,P081,11,146.97
SO11823,2023-07-19,P032,14,63.41
SO11824,2023-02-17,P026,2,83.61
SO11825,2023-04-02,P029,11,742.5
SO11826,2023-08-28,P064,13,135.86
SO11827,2024-03-14,P045,2,54.85
SO11828,2023-08-17,P056,15,202.92
SO11829,2024-10-10,P003,29,180.85
SO11830,2023-10-17,P027,21,151.14
SO11831,2023-12-23,P015,20,44.82
SO11832,2023-09-14,P039,5,44.44
SO11833,2024-01-17,P084,1,191.8
SO11834,2023-01-13,P057,17,119.4
SO11835,2023-04-13,P100,5,131.77
SO11836,2024-08-15,P037,18,66.45
SO11837,2023-04-24,P090,19,81.74
SO11838,2024-08-11,P067,8,28.29
SO11839,2024-12-01,P066,24,101.63
SO11840,2023-06-26,P032,14,72.84
SO11841,2024-09-12,P024,2,90.52
SO11842,2023-04-17,P092,10,129.53
SO11843,2023-09-15,P028,1,38.11
SO11844,2023-03-27,P034,4,68.43
SO11845,2023-04-15,P035,2,471.82
SO11846,2023-06-13,P016,19,974.53
SO11847,2024-10-14,P055,12,234.21
SO11848,2024-09-12,P030,4,191.02
SO11849,2023-08-30,P050,7,56.16
SO11850,2023-01-29,P092,14,167.07
SO11851,2024-03-04,P013,14,17.62
SO11852,2023-08-25,P059,6,102.52
SO11853,2024-10-05,P046,25,26.53
SO11854,2024-08-20,P095,12,131.96
SO11855,2024-05-18,P008,13,56.24
SO11856,2023-01-28,P022,6,109.8
SO11857,2024-01-28,P047,17,83.49
SO11858,2023-09-03,P084,2,205.83
SO11859,2024-11-26,P004,27,45.38
SO11860,2024-12-14,P003,12,160.61
SO11861,2023-06-27,P050,7,41.32
SO11862,2023-09-26,P026,6,110.7
SO11863,2024-07-05,P019,4,247.21
SO11864,2023-12-25,P072,6,193.93
SO11865,2024-08-05,P049,15,126.1
SO11866,2024-06-20,P080,17,19.53
SO11867,2023-07-25,P010,1,64.95
SO11868,2023-05-02,P007,19,1011.71
SO11869,2023-01-02,P009,9,136.35
SO11870,2024-05-03,P100,19,154.98
SO11871,2023-07-13,P050,16,57.74
SO11872,2024-08-13,P086,3,1376.87
SO11873,2023-10-31,P046,12,29.48
SO11874,2024-09-26,P017,11,29.26
SO11875,2024-04-19,P040,17,609.62
SO11876,2023-09-27,P060,16,170.53
SO11877,2024-08-21,P051,3,85.88
SO11878,2023-10-17,P016,4,830.05
SO11879,2024-02-10,P040,10,489.72
SO11880,2023-08-26,P005,2,149.59
SO11881,2024-04-10,P097,4,20.28
SO11882,2023-07-10,P004,16,47.53
SO11883,2024-01-27,P060,5,178.82
SO11884,2023-09-29,P065,5,203.54
SO11885,2023-12-02,P097,9,18.47
SO11886,2023-05-14,P078,6,148.65
SO11887,2023-03-18,P030,7,141.2
SO11888,2023-03-29,P032,19,71.86
SO11889,2023-10-17,P073,8,182.42
SO11890,2024-07-23,P027,8,160.67
SO11891,2023-11-29,P036,17,192.3
SO11892,2023-01-13,P060,9,186.15
SO11893,2023-09-12,P048,10,98.41
SO11894,2024-02-16,P089,17,69.8
SO11895,2024-07-07,P021,14,133.84
SO11896,2024-09-22,P091,13,1119.19
SO11897,2023-05-27,P064,12,158.12
SO11898,2023-04-13,P091,19,1323.28
SO11899,2024-10-07,P076,11,121.84
SO11900,2023-07-24,P081,6,152.74
SO11901,2024-02-02,P001,4,99.39
SO11902,2023-06-25,P097,17,27.29
SO11903,2023-03-25,P021,4,124.13
SO11904,2023-05-21,P005,15,132.06
SO11905,2024-10-04,P064,13,210.86
SO11906,2023-10-04,P075,18,98.19
SO11907,2024-08-29,P067,4,45.09
SO11908,2023-04-22,P097,16,18.97
SO11909,2024-04-27,P005,8,124.78
SO11910,2023-02-18,P033,8,71.82
SO11911,2023-09-11,P031,12,41.39
SO11912,2024-04-21,P086,16,1004.88
SO11913,2024-05-25,P004,14,51.42
SO11914,2023-08-07,P076,17,148.05
SO11915,2024-07-29,P075,1,109.61
SO11916,2024-04-03,P019,8,172.61
SO11917,2023-02-19,P009,15,125.89
SO11918,2024-12-29,P086,16,995.24
SO11919,2023-10-31,P011,15,218.94
SO11920,2023-12-18,P025,20,124.42
SO11921,2024-10-22,P084,9,175.74
SO11922,2024-09-14,P044,2,104.69
SO11923,2024-06-07,P097,11,25.02
SO11924,2024-09-21,P012,19,75.15
SO11925,2023-07-17,P027,18,167.77
SO11926,2023-07-19,P003,19,168.27
SO11927,2024-06-15,P002,16,111.83
SO11928,2024-12-26,P029,3,1001.25
SO11929,2023-11-26,P048,15,133.33
SO11930,2024-06-06,P037,17,79.26
SO11931,2023-04-18,P046,15,33.61
SO11932,2024-06-13,P032,14,109.63
SO11933,2024-02-01,P075,10,100.34
SO11934,2023-02-27,P063,5,50.12
SO11935,2023-07-24,P048,19,126.14
SO11936,2024-03-02,P045,9,45.91
SO11937,2023-02-20,P100,3,111.09
SO11938,2024-01-04,P009,8,174.19
SO11939,2024-08-26,P015,17,27.9
SO11940,2023-12-09,P042,24,230.52
SO11941,2023-03-23,P066,5,166.97
SO11942,2023-10-26,P060,14,190.23
SO11943,2023-07-12,P038,3,104.49
SO11944,2024-05-21,P056,14,200.46
SO11945,2024-12-25,P056,5,188.63
SO11946,2023-02-13,P099,16,1114.48
SO11947,2023-03-26,P056,18,196.25
SO11948,2023-01-19,P016,1,903.63
SO11949,2024-01-31,P034,6,80.26
SO11950,2023-08-07,P090,10,104.92
SO11951,2023-03-08,P034,8,71.84
SO11952,2024-09-13,P040,9,501.29
SO11953,2023-08-12,P014,14,461.92
SO11954,2023-11-29,P092,3,158.04
SO11955,2024-05-29,P057,13,128.03
SO11956,2024-09-12,P006,15,165.53
SO11957,2023-03-16,P012,5,106.98
SO11958,2024-09-12,P062,12,87.61
SO11959,2024-04-09,P072,5,242.48
SO11960,2023-06-30,P044,6,109.06
SO11961,2023-10-08,P038,20,159.49
SO11962,2023-06-06,P053,7,38.57
SO11963,2023-11-22,P015,19,44.25
SO11964,2023-05-31,P023,5,25.81
SO11965,2024-03-29,P032,10,67.49
SO11966,2024-11-24,P069,11,149.15
SO11967,2024-05-13,P052,18,68.86
SO11968,2023-02-23,P093,8,122.66
SO11969,2024-07-15,P063,13,50.81
SO11970,2024-02-13,P100,17,123.73
SO11971,2024-05-27,P001,13,83.92
SO11972,2024-07-07,P006,14,209.89
SO11973,2023-11-05,P034,15,42.82
SO11974,2023-05-30,P050,12,50.22
SO11975,2024-03-03,P010,11,56.6
SO11976,2023-07-27,P034,17,67.68
SO11977,2023-05-08,P008,10,44.04
SO11978,2023-04-16,P083,3,136.95
SO11979,2023-12-28,P083,23,129.18
SO11980,2023-03-02,P097,12,15.97
SO11981,2024-10-13,P017,23,18.15
SO11982,2023-02-12,P027,2,230.47
SO11983,2023-11-19,P052,4,50.33
SO11984,2023-03-03,P014,13,312.96
SO11985,2023-08-28,P086,15,942.26
SO11986,2024-07-27,P014,11,446.89
SO11987,2023-01-04,P020,13,70.97
SO11988,2023-02-15,P086,4,759.89
SO11989,2023-06-18,P068,17,116.13
SO11990,2024-12-07,P021,15,118.58
SO11991,2024-06-27,P013,5,19.22
SO11992,2023-01-15,P028,17,25.73
SO11993,2023-09-20,P067,18,37.13
SO11994,2024-05-15,P042,7,260.2
SO11995,2024-02-15,P068,18,131.61
SO11996,2023-03-21,P032,2,78.97
SO11997,2023-08-26,P088,16,175.02
SO11998,2024-09-13,P040,16,614.31
SO11999,2024-01-14,P052,12,66.88
SO12000,2023-02-12,P095,4,73.51
SO12001,2023-09-11,P019,1,191.54
SO12002,2024-06-05,P016,12,863.28
SO12003,2023-03-13,P080,16,20.72
SO12004,2024-07-25,P057,3,123.01
SO12005,2024-11-18,P030,21,181.11
SO12006,2023-05-13,P059,11,73.0
SO12007,2024-01-16,P043,8,91.75
SO12008,2024-03-15,P086,19,1135.22
SO12009,2023-06-04,P014,14,541.52
SO12010,2023-05-08,P098,13,440.75
SO12011,2023-01-03,P061,11,68.35
SO12012,2024-12-11,P021,23,124.53
SO12013,2024-02-06,P074,16,74.0
SO12014,2023-07-29,P062,10,45.45
SO12015,2023-02-15,P038,19,159.81
SO12016,2023-11-18,P085,12,222.07
SO12017,2023-12-22,P028,33,33.35
SO12018,2024-12-03,P041,15,31.7
SO12019,2023-07-29,P014,2,314.27
SO12020,2024-12-25,P063,18,33.96
SO12021,2024-12-10,P046,25,18.67
SO12022,2024-11-20,P069,27,120.67
SO12023,2023-12-11,P029,23,643.66
SO12024,2023-11-14,P095,1,123.3
SO12025,2023-07-31,P027,11,216.43
SO12026,2024-08-15,P037,17,74.25
SO12027,2023-12-12,P082,3,100.36
SO12028,2023-07-31,P066,4,158.05
SO12029,2024-10-02,P006,3,173.5
SO12030,2023-09-09,P015,15,51.11
SO12031,2023-10-29,P032,6,104.56
SO12032,2023-02-10,P052,10,56.11
SO12033,2024-04-05,P016,8,757.21
SO12034,2023-07-09,P077,10,190.86
SO12035,2024-11-20,P073,2,116.96
SO12036,2024-09-26,P095,16,96.82
SO12037,2023-09-06,P027,19,161.05
SO12038,2024-01-07,P093,11,135.77
SO12039,2024-06-23,P068,6,134.48
SO12040,2024-06-10,P089,11,55.4
SO12041,2023-02-14,P097,3,25.93
SO12042,2023-09-04,P020,14,114.73
SO12043,2023-10-28,P039,32,35.14
SO12044,2023-03-20,P031,9,62.49
SO12045,2023-02-22,P065,9,170.24
SO12046,2024-08-06,P026,8,163.07
SO12047,2023-09-16,P043,18,78.83
SO12048,2023-02-20,P099,15,1203.99
SO12049,2023-03-24,P027,18,201.11
SO12050,2023-09-07,P032,15,102.2
SO12051,2023-04-17,P086,1,834.9
SO12052,2023-09-08,P039,14,46.78
SO12053,2024-11-01,P019,9,263.68
SO12054,2024-12-05,P076,28,193.82
SO12055,2023-07-20,P099,10,1087.1
SO12056,2024-06-04,P055,2,146.55
SO12057,2023-12-13,P065,7,132.77
SO12058,2023-11-01,P078,33,224.18
SO12059,2023-02-06,P066,15,104.96
SO12060,2024-05-21,P083,12,167.28
SO12061,2023-04-11,P012,13,79.64
SO12062,2023-07-23,P083,8,102.56
SO12063,2023-12-05,P038,31,131.47
SO12064,2024-02-23,P024,15,113.55
SO12065,2023-07-21,P065,8,214.58
SO12066,2023-05-05,P086,8,1199.15
SO12067,2023-10-20,P042,27,252.28
SO12068,2023-02-19,P060,9,149.35
SO12069,2024-08-23,P034,5,62.59
SO12070,2023-10-15,P019,17,184.81
SO12071,2023-12-03,P021,28,154.96
SO12072,2024-07-13,P043,7,76.49
SO12073,2023-05-17,P075,3,86.81
SO12074,2024-02-20,P003,16,182.92
SO12075,2023-10-16,P092,1,179.43
SO12076,2024-01-20,P088,11,200.04
SO12077,2023-01-08,P013,3,13.31
SO12078,2024-08-09,P062,19,52.0
SO12079,2023-09-01,P079,8,16.44
SO12080,2024-12-08,P075,18,96.23
SO12081,2024-08-03,P001,8,74.76
SO12082,2024-07-19,P047,14,81.43
SO12083,2023-04-10,P040,10,374.96
SO12084,2023-07-18,P015,18,46.92
SO12085,2024-08-11,P011,14,222.89
SO12086,2024-10-30,P018,31,51.78
SO12087,2024-06-28,P097,15,23.44
SO12088,2023-08-31,P063,12,52.7
SO12089,2024-03-01,P058,4,55.5
SO12090,2023-02-25,P063,13,40.5
SO12091,2024-08-16,P048,9,144.37
SO12092,2023-11-21,P068,20,176.23
SO12093,2024-04-18,P099,13,665.14
SO12094,2024-07-08,P047,14,62.3
SO12095,2024-10-17,P093,22,137.77
SO12096,2024-09-06,P068,16,172.58
SO12097,2023-12-21,P100,6,168.8
SO12098,2024-08-30,P097,6,30.17
SO12099,2024-02-25,P061,12,62.51
SO12100,2024-12-04,P022,2,206.24
SO12101,2024-12-30,P049,4,69.58
SO12102,2024-05-09,P018,4,53.24
SO12103,2024-09-05,P028,10,34.77
SO12104,2024-04-13,P026,5,86.27
SO12105,2024-06-17,P060,17,152.58
SO12106,2024-04-15,P007,16,1299.51
SO12107,2023-06-27,P093,4,126.27
SO12108,2024-06-03,P088,15,154.34
SO12109,2023-02-14,P026,4,106.57
SO12110,2024-03-10,P077,18,112.58
SO12111,2024-05-28,P075,17,91.08
SO12112,2023-04-23,P011,9,148.44
SO12113,2024-07-02,P016,15,828.97
SO12114,2023-11-23,P066,22,185.03
SO12115,2023-04-18,P076,4,118.65
SO12116,2023-02-24,P067,12,36.54
SO12117,2023-03-16,P048,3,150.47
SO12118,2023-10-28,P081,19,194.33
SO12119,2024-12-18,P067,3,41.53
SO12120,2024-02-28,P089,8,70.61
SO12121,2024-02-17,P084,16,143.73
SO12122,2024-12-20,P031,28,59.26
SO12123,2023-05-26,P037,15,47.91
SO12124,2024-07-28,P021,9,129.15
SO12125,2023-06-23,P051,6,65.57
SO12126,2024-11-13,P072,24,205.54
SO12127,2024-10-27,P087,23,140.37
SO12128,2024-04-28,P044,13,73.05
SO12129,2023-04-25,P016,6,942.16
SO12130,2024-01-15,P095,14,103.58
SO12131,2024-02-19,P083,17,163.93
SO12132,2024-05-25,P004,11,71.1
SO12133,2023-08-21,P026,14,122.62
SO12134,2024-05-29,P046,15,31.3
SO12135,2023-05-08,P054,5,98.76
SO12136,2023-06-25,P031,12,35.62
SO12137,2023-04-23,P094,3,160.62
SO12138,2024-05-13,P079,18,25.08
SO12139,2023-05-05,P002,1,163.86
SO12140,2024-06-15,P097,18,30.5
SO12141,2024-05-30,P077,4,190.2
SO12142,2023-12-15,P066,15,159.2
SO12143,2023-07-19,P098,17,447.09
SO12144,2023-09-17,P052,18,68.57
SO12145,2023-03-26,P062,8,76.41
SO12146,2024-08-04,P033,1,80.43
SO12147,2024-08-08,P086,17,1218.14
SO12148,2023-05-06,P096,13,178.28
SO12149,2023-03-04,P095,14,71.99
SO12150,2024-10-24,P004,19,66.2
SO12151,2024-02-09,P085,19,257.71
SO12152,2023-02-19,P059,12,77.98
SO12153,2024-07-01,P054,6,139.17
SO12154,2023-11-12,P004,20,46.37
SO12155,2023-12-09,P045,26,50.24
SO12156,2024-12-16,P043,19,93.0
SO12157,2023-10-21,P013,21,22.5
SO12158,2023-09-26,P056,10,177.6
SO12159,2023-03-31,P064,19,195.12
SO12160,2024-10-17,P087,3,219.49
SO12161,2024-02-14,P022,6,152.44
SO12162,2023-10-26,P057,11,184.81
SO12163,2023-04-27,P026,6,149.83
SO12164,2024-12-08,P042,36,191.43
SO12165,2023-04-30,P007,5,1348.01
SO12166,2023-04-16,P011,18,201.25
SO12167,2023-10-27,P018,21,29.37
SO12168,2024-03-29,P011,15,229.85
SO12169,2023-01-17,P069,4,220.73
SO12170,2023-11-22,P088,27,167.53
SO12171,2023-11-22,P050,14,61.16
SO12172,2024-10-02,P028,5,20.45
SO12173,2023-09-17,P040,10,531.52
SO12174,2023-11-28,P083,19,160.22
SO12175,2024-09-30,P041,9,47.12
SO12176,2024-01-21,P045,7,47.57
SO12177,2024-06-01,P086,19,1331.53
SO12178,2023-01-28,P047,16,88.19
SO12179,2023-11-29,P034,9,62.21
SO12180,2023-03-24,P098,18,555.04
SO12181,2024-01-11,P010,7,71.48
SO12182,2023-03-10,P066,12,108.2
SO12183,2024-03-06,P091,17,1252.61
SO12184,2023-04-22,P092,18,140.62
SO12185,2024-11-04,P061,19,80.18
SO12186,2023-04-05,P049,19,86.34
SO12187,2024-01-11,P034,6,65.17
SO12188,2024-06-27,P031,5,57.16
SO12189,2024-06-26,P067,7,29.3
SO12190,2023-11-30,P065,26,174.82
SO12191,2023-08-19,P049,16,105.47
SO12192,2024-03-07,P058,3,85.89
SO12193,2023-03-29,P079,12,24.07
SO12194,2023-06-22,P065,14,133.33
SO12195,2023-02-14,P010,10,42.43
SO12196,2023-04-20,P040,7,491.23
SO12197,2023-08-02,P007,17,994.63
SO12198,2023-11-16,P018,14,35.7
SO12199,2023-11-24,P062,1,70.04
SO12200,2024-02-13,P023,4,21.32
SO12201,2023-12-19,P077,12,102.08
SO12202,2024-06-04,P091,5,904.66
SO12203,2024-12-03,P038,25,118.83
SO12204,2023-11-16,P059,8,105.56
SO12205,2024-10-17,P095,32,85.5
SO12206,2023-06-27,P032,17,85.54
SO12207,2024-10-23,P080,21,15.76
SO12208,2024-01-02,P056,2,192.42
SO12209,2024-05-18,P057,4,169.42
SO12210,2024-02-07,P033,10,75.01
SO12211,2024-08-17,P085,4,212.54
SO12212,2024-06-02,P032,8,73.96
SO12213,2023-01-22,P065,2,173.62
SO12214,2024-05-12,P065,17,148.77
SO12215,2024-07-25,P073,14,191.83
SO12216,2023-02-13,P068,11,168.58
SO12217,2023-12-27,P002,14,140.94
SO12218,2023-11-29,P070,3,209.85
SO12219,2023-12-07,P092,4,103.38
SO12220,2024-09-18,P060,10,107.34
SO12221,2023-02-18,P070,13,174.37
SO12222,2023-10-25,P061,18,82.51
SO12223,2024-04-12,P033,11,76.93
SO12224,2024-06-12,P058,7,84.33
SO12225,2023-05-24,P059,15,101.94
SO12226,2024-04-23,P050,18,39.46
SO12227,2024-08-02,P070,3,243.54
SO12228,2024-09-05,P057,8,202.13
SO12229,2023-07-10,P070,1,229.6
SO12230,2023-01-13,P054,3,98.16
SO12231,2023-10-26,P095,6,72.21
SO12232,2023-09-13,P008,6,43.49
SO12233,2023-10-13,P042,7,157.73
SO12234,2023-10-23,P060,23,137.43
SO12235,2023-03-14,P085,15,179.95
SO12236,2023-02-19,P012,6,95.59
SO12237,2023-09-23,P049,10,100.61
SO12238,2023-10-21,P061,9,65.73
SO12239,2023-01-29,P020,9,64.83
SO12240,2023-04-08,P062,13,87.37
SO12241,2024-09-12,P068,12,191.83
SO12242,2023-01-12,P031,8,39.18
SO12243,2024-05-24,P002,12,157.22
SO12244,2024-06-05,P054,4,147.07
SO12245,2024-08-07,P091,12,930.31
SO12246,2024-08-27,P054,17,110.1
SO12247,2024-01-10,P007,19,1071.72
SO12248,2024-03-08,P066,10,114.8
SO12249,2024-12-19,P001,31,59.32
SO12250,2024-12-20,P075,9,96.42
SO12251,2024-08-27,P069,3,221.05
SO12252,2023-01-03,P100,5,106.48
SO12253,2024-12-26,P064,15,120.84
SO12254,2023-01-18,P042,8,175.09
SO12255,2023-05-13,P029,3,697.64
SO12256,2024-05-28,P092,6,126.08
SO12257,2024-11-12,P064,9,187.69
SO12258,2023-10-19,P006,2,199.46
SO12259,2023-04-19,P027,6,142.0
SO12260,2023-12-30,P081,35,158.76
SO12261,2023-09-12,P036,7,141.22
SO12262,2024-05-12,P016,13,793.74
SO12263,2023-06-23,P087,18,224.16
SO12264,2023-03-02,P092,2,168.86
SO12265,2023-02-14,P072,14,266.6
SO12266,2024-11-20,P031,18,36.92
SO12267,2023-09-12,P080,1,17.49
SO12268,2024-03-27,P052,2,62.05
SO12269,2023-06-21,P032,7,96.98
SO12270,2024-07-08,P057,3,154.14
SO12271,2023-01-07,P053,9,21.81
SO12272,2024-02-23,P072,12,171.93
SO12273,2023-11-21,P035,21,339.33
SO12274,2024-12-22,P006,23,114.07
SO12275,2023-03-10,P060,11,193.77
SO12276,2023-05-09,P092,17,185.86
SO12277,2023-01-24,P010,1,60.74
SO12278,2023-12-20,P100,3,142.22
SO12279,2023-09-17,P015,1,37.48
SO12280,2023-07-22,P086,6,919.63
SO12281,2023-07-05,P026,14,132.0
SO12282,2023-02-20,P007,5,844.54
SO12283,2024-04-12,P028,11,34.01
SO12284,2024-05-16,P058,13,105.77
SO12285,2023-10-11,P085,28,225.91
SO12286,2023-03-22,P011,5,193.77
SO12287,2023-06-04,P039,13,36.78
SO12288,2024-07-21,P055,4,194.22
SO12289,2023-04-04,P005,6,99.89
SO12290,2024-12-23,P076,14,134.13
SO12291,2023-06-11,P090,16,92.15
SO12292,2023-04-25,P013,18,22.18
SO12293,2023-05-02,P073,10,161.53
SO12294,2024-10-13,P078,9,160.92
SO12295,2024-09-03,P074,4,113.43
SO12296,2024-10-07,P030,13,151.6
SO12297,2023-05-07,P015,13,35.07
SO12298,2024-02-07,P034,8,60.77
SO12299,2024-04-15,P016,10,1080.61
SO12300,2024-02-10,P039,13,35.74
SO12301,2024-12-19,P058,1,78.53
SO12302,2024-06-01,P061,9,72.2
SO12303,2023-08-06,P043,18,82.68
SO12304,2024-07-14,P060,9,200.81
SO12305,2024-06-03,P028,17,26.66
SO12306,2023-06-17,P053,8,20.32
SO12307,2024-06-03,P038,4,163.4
SO12308,2023-01-29,P037,2,66.74
SO12309,2024-08-23,P030,7,163.88
SO12310,2023-11-08,P092,15,138.42
SO12311,2024-02-08,P012,9,67.73
SO12312,2024-08-04,P057,19,157.84
SO12313,2023-06-03,P037,12,88.46
SO12314,2024-06-22,P084,1,175.94
SO12315,2023-06-25,P070,9,125.02
SO12316,2024-10-23,P090,8,86.15
SO12317,2024-02-26,P044,2,81.15
SO12318,2023-02-24,P098,15,302.94
SO12319,2024-07-20,P031,7,50.36
SO12320,2023-08-14,P073,10,108.48
SO12321,2024-07-03,P095,11,90.76
SO12322,2024-07-09,P027,12,217.6
SO12323,2024-08-13,P035,8,321.32
SO12324,2023-12-24,P097,9,16.27
SO12325,2023-10-05,P073,25,111.59
SO12326,2023-10-29,P045,19,40.39
SO12327,2024-08-12,P029,17,570.94
SO12328,2023-02-26,P034,2,55.82
SO12329,2024-05-08,P039,5,41.3
SO12330,2023-10-16,P048,11,90.96
SO12331,2024-09-04,P010,9,69.14
SO12332,2024-07-07,P068,6,194.66
SO12333,2023-06-13,P062,15,61.46
SO12334,2023-12-01,P068,7,156.96
SO12335,2023-04-07,P089,13,78.26
SO12336,2024-09-22,P018,7,56.58
SO12337,2024-11-18,P060,9,107.55
SO12338,2024-07-10,P029,7,981.02
SO12339,2024-01-30,P058,10,80.01
SO12340,2024-06-04,P081,13,127.4
SO12341,2023-09-12,P036,17,128.38
SO12342,2024-12-12,P070,16,215.03
SO12343,2024-07-25,P063,6,38.58
SO12344,2024-06-28,P062,10,51.76
SO12345,2023-10-11,P067,9,51.49
SO12346,2023-01-09,P063,3,58.4
SO12347,2024-04-11,P071,9,16.13
SO12348,2024-09-12,P019,3,212.19
SO12349,2024-12-17,P068,17,156.66
SO12350,2024-06-26,P097,12,22.48
SO12351,2023-08-26,P067,18,33.58
SO12352,2024-12-15,P074,19,82.76
SO12353,2024-10-31,P034,14,70.73
SO12354,2023-10-24,P075,17,112.32
SO12355,2023-09-13,P056,14,184.25
SO12356,2023-06-02,P033,4,59.4
SO12357,2023-07-03,P082,4,123.57
SO12358,2023-12-24,P056,25,127.11
SO12359,2024-06-04,P073,5,161.67
SO12360,2024-04-20,P098,12,428.03
SO12361,2023-05-28,P088,15,134.76
SO12362,2023-06-27,P100,18,160.14
SO12363,2023-04-07,P082,6,163.98
SO12364,2024-07-24,P042,17,200.6
SO12365,2024-03-05,P003,13,134.41
SO12366,2023-10-13,P049,35,116.56
SO12367,2023-02-12,P041,14,55.08
SO12368,2023-10-16,P043,14,80.83
SO12369,2023-02-03,P038,12,98.25
SO12370,2023-01-03,P094,7,230.15
SO12371,2024-09-14,P058,10,75.15
SO12372,2023-05-18,P040,5,335.2
SO12373,2023-04-26,P040,9,387.35
SO12374,2024-09-28,P003,18,130.35
SO12375,2023-10-18,P093,25,163.22
SO12376,2023-03-09,P069,6,192.25
SO12377,2023-03-16,P096,9,182.62
SO12378,2024-12-29,P048,21,78.91
SO12379,2024-07-13,P006,6,132.61
SO12380,2023-01-21,P061,8,85.72
SO12381,2023-07-15,P058,11,66.02
SO12382,2024-03-20,P069,19,170.35
SO12383,2024-11-22,P070,13,144.09
SO12384,2023-09-08,P044,6,80.54
SO12385,2023-02-17,P026,1,144.81
SO12386,2024-12-27,P048,33,115.19
SO12387,2023-07-11,P066,2,185.15
SO12388,2023-06-11,P058,10,79.12
SO12389,2024-09-25,P055,5,181.76
SO12390,2024-12-06,P032,20,80.24
SO12391,2024-03-09,P074,10,83.86
SO12392,2023-07-21,P086,7,841.96
SO12393,2023-03-20,P062,18,61.19
SO12394,2024-11-22,P055,22,223.24
SO12395,2023-03-24,P010,9,60.27
SO12396,2023-01-05,P033,13,81.38
SO12397,2023-04-30,P004,17,40.66
SO12398,2024-02-26,P056,1,162.67
SO12399,2024-05-27,P092,13,160.74
SO12400,2023-09-27,P005,17,160.83
SO12401,2024-06-12,P033,3,65.8
SO12402,2024-01-31,P091,7,936.08
SO12403,2024-03-06,P097,2,26.73
SO12404,2024-12-13,P029,12,800.53
SO12405,2024-05-03,P051,14,52.42
SO12406,2024-08-26,P015,4,27.42
SO12407,2023-11-24,P026,21,142.56
SO12408,2023-09-17,P031,6,37.56
SO12409,2024-05-04,P097,19,24.09
SO12410,2024-12-19,P029,19,812.16
SO12411,2024-12-20,P023,15,24.06
SO12412,2024-07-10,P040,14,457.72
SO12413,2023-07-27,P093,5,215.96
SO12414,2023-08-23,P070,16,211.46
SO12415,2023-10-02,P085,13,155.11
SO12416,2024-04-29,P016,14,801.48
SO12417,2023-11-16,P078,7,181.7
SO12418,2024-07-04,P076,6,112.15
SO12419,2023-04-15,P099,7,1200.47
SO12420,2024-02-10,P002,1,85.27
SO12421,2024-04-25,P094,18,229.3
SO12422,2023-04-25,P098,12,508.43
SO12423,2024-02-10,P017,4,17.55
SO12424,2024-02-05,P013,8,11.91
SO12425,2024-05-10,P047,11,81.9
SO12426,2024-06-26,P090,6,113.3
SO12427,2023-11-09,P048,20,77.77
SO12428,2024-01-19,P087,11,240.78
SO12429,2023-10-11,P024,16,75.46
SO12430,2023-02-10,P046,13,25.85
SO12431,2024-01-11,P026,5,124.05
SO12432,2023-02-21,P099,16,692.87
SO12433,2024-04-18,P073,6,168.88
SO12434,2023-01-14,P081,12,185.04
SO12435,2024-08-22,P082,10,110.67
SO12436,2023-03-24,P046,9,20.96
SO12437,2023-03-17,P074,11,126.83
SO12438,2023-04-28,P038,13,95.42
SO12439,2023-04-18,P064,9,152.46
SO12440,2023-07-27,P021,9,167.61
SO12441,2024-04-08,P020,11,75.9
SO12442,2023-04-29,P079,11,22.35
SO12443,2024-08-08,P065,1,154.76
SO12444,2024-07-02,P091,19,779.64
SO12445,2023-08-04,P090,10,87.13
SO12446,2023-03-02,P068,12,186.35
SO12447,2023-06-19,P061,13,81.38
SO12448,2023-03-17,P060,3,157.01
SO12449,2024-10-19,P072,21,285.94
SO12450,2024-04-07,P046,5,25.2
SO12451,2024-07-29,P090,19,106.11
SO12452,2024-12-22,P068,10,137.54
SO12453,2024-01-30,P047,16,48.11
SO12454,2023-12-17,P084,22,122.4
SO12455,2023-12-22,P027,15,180.39
SO12456,2023-05-26,P010,5,50.06
SO12457,2024-06-19,P079,12,25.4
SO12458,2024-05-22,P015,6,31.11
SO12459,2024-12-01,P082,3,113.88
SO12460,2023-01-26,P096,6,188.69
SO12461,2024-08-10,P100,10,105.08
SO12462,2023-09-15,P041,17,49.29
SO12463,2023-03-30,P058,5,59.85
SO12464,2023-06-10,P075,10,92.71
SO12465,2023-07-09,P013,18,17.79
SO12466,2024-05-30,P058,1,72.92
SO12467,2024-02-26,P013,13,14.43
SO12468,2024-07-31,P034,9,76.11
SO12469,2024-07-24,P066,2,122.89
SO12470,2024-07-05,P037,4,67.45
SO12471,2023-02-17,P090,19,98.59
SO12472,2023-10-01,P013,1,16.84
SO12473,2024-06-15,P064,3,149.68
SO12474,2023-06-14,P056,13,181.19
SO12475,2023-07-23,P048,11,148.05
SO12476,2023-08-18,P085,11,165.4
SO12477,2024-04-05,P043,16,64.92
SO12478,2023-07-01,P021,11,137.66
SO12479,2024-03-26,P029,8,576.18
SO12480,2024-05-18,P084,4,171.13
SO12481,2023-01-22,P024,19,130.31
SO12482,2023-03-26,P056,1,179.33
SO12483,2023-05-31,P044,3,83.16
SO12484,2024-01-15,P095,16,135.71
SO12485,2023-11-14,P079,24,19.59
SO12486,2023-12-09,P082,3,173.62
SO12487,2024-06-18,P083,19,153.0
SO12488,2024-05-09,P062,18,81.85
SO12489,2024-03-15,P016,4,887.99
SO12490,2023-11-08,P051,11,62.43
SO12491,2024-08-16,P004,1,42.44
SO12492,2023-11-09,P080,7,25.21
SO12493,2023-02-13,P058,6,82.04
SO12494,2023-11-21,P096,19,167.25
SO12495,2023-11-22,P006,21,191.19
SO12496,2023-10-12,P040,9,580.73
SO12497,2023-05-29,P076,9,197.5
SO12498,2024-11-16,P013,8,15.73
SO12499,2023-09-12,P048,3,140.57
SO12500,2024-07-18,P098,2,378.82
SO12501,2024-11-05,P084,6,131.8
SO12502,2023-10-08,P020,5,103.95
SO12503,2023-06-16,P036,10,200.09
SO12504,2024-11-30,P007,27,1362.6
SO12505,2024-10-14,P042,10,207.17
SO12506,2024-04-18,P081,18,180.54
SO12507,2024-04-26,P069,11,175.08
SO12508,2024-04-30,P028,10,28.29
SO12509,2024-07-05,P014,18,464.21
SO12510,2024-06-10,P055,12,202.97
SO12511,2023-04-13,P036,19,163.88
SO12512,2023-01-03,P077,19,120.46
SO12513,2024-12-29,P038,20,125.55
SO12514,2023-07-03,P095,14,113.45
SO12515,2023-05-17,P023,19,33.38
SO12516,2023-03-09,P020,9,79.91
SO12517,2023-11-16,P013,10,18.62
SO12518,2023-04-28,P080,19,22.69
SO12519,2024-09-07,P017,5,22.31
SO12520,2024-03-18,P051,15,79.69
SO12521,2023-02-20,P081,1,215.48
SO12522,2024-04-12,P076,8,195.82
SO12523,2024-03-06,P008,11,74.92
SO12524,2023-07-01,P049,2,65.45
SO12525,2024-09-23,P048,4,81.72
SO12526,2023-05-10,P050,2,55.08
SO12527,2023-08-14,P038,17,115.21
SO12528,2023-06-28,P040,11,585.33
SO12529,2024-04-10,P062,10,50.17
SO12530,2023-04-17,P048,3,112.96
SO12531,2024-05-07,P004,13,68.41
SO12532,2023-02-21,P018,12,42.36
SO12533,2024-03-15,P001,19,52.44
SO12534,2023-04-22,P045,5,48.04
SO12535,2024-06-21,P049,13,83.77
SO12536,2023-12-21,P007,6,1355.49
SO12537,2024-09-19,P031,12,61.65
SO12538,2024-08-28,P080,17,20.44
SO12539,2024-09-04,P061,16,84.99
SO12540,2024-01-05,P055,15,235.86
SO12541,2023-03-13,P024,15,129.95
SO12542,2023-12-06,P022,35,164.24
SO12543,2024-07-24,P020,9,71.65
SO12544,2024-02-20,P039,11,40.82
SO12545,2024-08-12,P078,3,150.87
SO12546,2024-03-03,P083,17,132.65
SO12547,2023-08-25,P057,17,153.76
SO12548,2023-06-19,P080,17,22.69
SO12549,2023-11-05,P034,29,68.16
SO12550,2023-03-18,P034,14,70.15
SO12551,2024-01-26,P040,17,572.58
SO12552,2023-04-01,P012,18,113.64
SO12553,2023-08-22,P001,7,50.79
SO12554,2024-08-18,P057,1,174.5
SO12555,2024-06-28,P100,10,125.65
SO12556,2024-09-01,P008,11,51.14
SO12557,2023-03-09,P024,13,97.91
SO12558,2024-07-19,P075,19,97.24
SO12559,2023-04-10,P061,8,74.99
SO12560,2023-02-14,P041,2,32.71
SO12561,2024-01-21,P037,15,87.16
SO12562,2023-10-28,P055,1,233.6
SO12563,2024-12-03,P095,1,77.91
SO12564,2024-12-31,P097,8,21.75
SO12565,2023-04-08,P034,15,60.72
SO12566,2024-10-06,P094,25,254.04
SO12567,2024-07-12,P060,6,132.73
SO12568,2024-05-02,P017,9,24.97
SO12569,2024-12-18,P016,7,1001.19
SO12570,2024-01-20,P060,9,104.43
SO12571,2023-08-31,P058,18,83.01
SO12572,2024-04-13,P090,17,108.72
SO12573,2023-05-09,P048,12,116.2
SO12574,2024-04-17,P026,17,147.99
SO12575,2024-02-27,P055,10,214.2
SO12576,2023-05-05,P063,16,61.94
SO12577,2023-05-02,P094,2,166.06
SO12578,2023-10-01,P089,25,63.54
SO12579,2023-12-01,P069,14,184.37
SO12580,2023-10-11,P094,24,179.81
SO12581,2023-07-04,P041,11,31.2
SO12582,2024-03-19,P019,11,183.61
SO12583,2024-02-23,P047,10,75.91
SO12584,2023-10-06,P082,6,124.94
SO12585,2023-04-07,P033,1,88.93
SO12586,2024-05-11,P071,10,12.69
SO12587,2023-02-25,P081,10,168.52
SO12588,2024-02-18,P059,8,67.86
SO12589,2024-04-23,P011,2,182.5
SO12590,2024-04-17,P070,15,237.85
SO12591,2023-09-18,P055,18,200.04
SO12592,2023-10-24,P001,9,58.8
SO12593,2024-10-28,P029,5,768.3
SO12594,2024-03-23,P042,4,232.32
SO12595,2024-03-14,P028,13,21.77
SO12596,2024-12-15,P049,16,89.41
SO12597,2023-11-17,P072,24,249.61
SO12598,2024-03-21,P057,10,169.87
SO12599,2024-11-05,P098,29,559.36
SO12600,2023-12-06,P007,28,955.21
SO12601,2023-07-26,P047,2,72.13
SO12602,2024-06-30,P056,11,175.79
SO12603,2023-09-03,P064,13,214.17
SO12604,2023-06-04,P014,7,386.23
SO12605,2024-10-27,P092,31,150.8
SO12606,2024-07-11,P043,15,99.58
SO12607,2024-06-01,P070,17,172.14
SO12608,2023-09-27,P048,1,105.22
SO12609,2024-02-21,P064,16,164.75
SO12610,2023-01-24,P038,3,95.99
SO12611,2024-07-21,P059,19,96.35
SO12612,2024-02-25,P043,10,80.55
SO12613,2023-01-31,P054,8,177.76
SO12614,2023-12-28,P006,7,124.98
SO12615,2024-05-18,P017,4,21.63
SO12616,2023-04-11,P007,16,821.13
SO12617,2023-11-29,P069,31,146.67
SO12618,2024-11-27,P038,12,162.82
SO12619,2024-08-23,P035,14,369.24
SO12620,2024-10-16,P050,1,33.5
SO12621,2023-08-15,P077,12,193.68
SO12622,2024-06-22,P026,10,161.92
SO12623,2024-11-17,P013,25,16.96
SO12624,2023-03-09,P098,7,344.59
SO12625,2023-11-17,P027,1,214.44
SO12626,2024-02-22,P070,17,195.47
SO12627,2024-11-14,P080,15,25.4
SO12628,2024-10-26,P025,7,104.51
SO12629,2023-05-02,P070,16,174.44
SO12630,2024-07-05,P032,11,84.79
SO12631,2024-01-27,P015,6,39.64
SO12632,2023-07-13,P003,5,127.47
SO12633,2023-07-25,P032,3,93.55
SO12634,2024-11-05,P050,3,43.07
SO12635,2024-05-07,P033,4,87.51
SO12636,2023-02-25,P042,7,207.66
SO12637,2024-11-09,P045,30,40.82
SO12638,2023-11-21,P024,11,109.85
SO12639,2024-10-26,P078,3,155.18
SO12640,2023-02-03,P087,10,175.7
SO12641,2024-07-20,P006,16,193.52
SO12642,2023-10-15,P074,23,83.05
SO12643,2023-01-17,P053,8,37.13
SO12644,2023-09-25,P038,3,85.62
SO12645,2024-09-29,P086,10,929.11
SO12646,2024-10-28,P035,22,288.92
SO12647,2024-06-21,P026,6,111.94
SO12648,2024-01-08,P050,14,49.59
SO12649,2023-02-08,P099,19,1258.13
SO12650,2023-01-04,P089,2,62.37
SO12651,2023-01-02,P049,13,72.44
SO12652,2024-10-09,P078,31,132.5
SO12653,2023-09-01,P035,10,397.41
SO12654,2024-10-10,P079,25,21.15
SO12655,2023-10-21,P087,1,152.18
SO12656,2024-04-19,P067,8,49.84
SO12657,2024-11-17,P083,11,141.34
SO12658,2024-08-02,P040,10,365.45
SO12659,2024-05-04,P048,7,117.69
SO12660,2024-11-17,P068,5,128.92
SO12661,2023-09-23,P017,4,25.7
SO12662,2024-04-25,P078,11,175.88
SO12663,2023-12-15,P100,37,116.89
SO12664,2024-07-10,P052,19,54.82
SO12665,2024-09-02,P040,1,495.91
SO12666,2024-01-09,P026,11,135.78
SO12667,2024-07-01,P073,9,167.86
SO12668,2024-07-23,P081,10,206.6
SO12669,2024-12-18,P016,11,1113.45
SO12670,2023-11-28,P082,20,151.06
SO12671,2024-03-12,P061,7,58.56
SO12672,2023-12-23,P036,23,146.01
SO12673,2023-02-05,P039,5,55.41
SO12674,2024-08-26,P039,2,54.09
SO12675,2024-02-04,P016,19,844.97
SO12676,2024-10-09,P049,29,103.51
SO12677,2024-04-29,P098,1,548.65
SO12678,2024-09-01,P029,13,708.86
SO12679,2024-08-12,P049,16,104.57
SO12680,2024-03-22,P064,14,211.68
SO12681,2024-08-05,P091,10,1212.68
SO12682,2024-03-20,P053,9,35.22
SO12683,2023-02-14,P097,18,21.0
SO12684,2024-04-09,P097,19,22.29
SO12685,2024-12-06,P013,17,13.94
SO12686,2024-05-14,P083,8,87.91
SO12687,2023-09-01,P070,8,134.92
SO12688,2024-02-28,P009,1,113.32
SO12689,2023-04-21,P035,18,499.04
SO12690,2024-12-11,P077,13,175.93
SO12691,2024-11-23,P005,13,128.27
SO12692,2024-03-22,P089,15,56.31
SO12693,2024-12-16,P045,8,67.13
SO12694,2023-10-04,P022,14,157.66
SO12695,2024-11-17,P055,11,219.75
SO12696,2024-03-09,P057,8,197.24
SO12697,2023-12-16,P073,26,123.62
SO12698,2024-09-19,P097,15,16.46
SO12699,2023-11-02,P005,17,127.75
SO12700,2023-08-05,P059,13,102.83
SO12701,2024-11-16,P038,14,123.43
SO12702,2023-02-12,P060,1,151.95
SO12703,2023-08-29,P056,4,195.83
SO12704,2024-07-29,P096,17,182.53
SO12705,2024-11-18,P052,23,65.05
SO12706,2023-11-27,P002,6,126.26
SO12707,2023-05-30,P019,7,187.69
SO12708,2024-10-02,P046,2,35.56
SO12709,2023-03-09,P002,2,115.53
SO12710,2024-10-10,P084,19,132.46
SO12711,2024-12-25,P021,31,139.94
SO12712,2024-11-09,P053,9,26.68
SO12713,2024-05-16,P097,9,20.52
SO12714,2023-12-22,P056,9,180.27
SO12715,2024-09-29,P007,2,773.29
SO12716,2024-04-20,P047,12,61.35
SO12717,2024-09-16,P048,13,108.99
SO12718,2023-12-16,P072,1,188.94
SO12719,2023-10-10,P038,5,168.15
SO12720,2024-10-04,P010,26,72.58
SO12721,2024-12-25,P055,32,156.5
SO12722,2024-07-02,P041,15,43.53
SO12723,2023-08-11,P071,9,11.95
SO12724,2024-11-14,P053,1,30.32
SO12725,2023-04-11,P069,2,193.69
SO12726,2023-06-29,P002,8,151.88
SO12727,2024-11-26,P088,14,108.12
SO12728,2024-08-01,P043,14,76.91
SO12729,2024-07-04,P095,2,95.48
SO12730,2024-06-23,P021,10,145.03
SO12731,2024-01-17,P050,2,54.48
SO12732,2023-08-05,P012,13,119.44
SO12733,2024-07-04,P014,1,448.67
SO12734,2024-12-24,P057,13,149.71
SO12735,2023-01-05,P009,12,186.22
SO12736,2024-10-07,P007,32,887.29
SO12737,2024-05-05,P094,19,173.82
SO12738,2024-03-22,P060,17,174.22
SO12739,2024-10-09,P095,13,104.87
SO12740,2023-03-15,P013,2,21.34
SO12741,2024-08-01,P054,4,160.54
SO12742,2024-08-25,P052,5,52.08
SO12743,2023-06-08,P016,19,1133.3
SO12744,2023-12-25,P095,5,84.82
SO12745,2023-01-29,P022,16,196.33
SO12746,2024-10-01,P070,14,198.23
SO12747,2023-04-28,P098,12,413.25
SO12748,2023-04-14,P030,5,111.54
SO12749,2023-05-14,P010,3,43.51
SO12750,2023-04-20,P003,10,202.21
SO12751,2024-12-25,P026,17,83.89
SO12752,2023-09-25,P057,3,199.87
SO12753,2023-11-16,P082,6,114.1
SO12754,2024-03-07,P022,10,117.82
SO12755,2024-02-27,P068,14,179.42
SO12756,2023-04-23,P061,8,61.2
SO12757,2023-08-18,P072,13,190.13
SO12758,2023-07-27,P074,3,97.2
SO12759,2024-03-07,P029,13,837.13
SO12760,2024-12-19,P015,11,47.39
SO12761,2023-12-08,P016,11,811.05
SO12762,2024-04-03,P033,12,53.73
SO12763,2024-09-02,P036,11,180.62
SO12764,2023-05-06,P084,5,127.18
SO12765,2024-07-05,P037,16,48.37
SO12766,2023-06-14,P042,19,144.75
SO12767,2023-11-09,P030,13,150.5
SO12768,2023-09-02,P063,12,51.27
SO12769,2023-02-09,P009,6,179.75
SO12770,2024-10-15,P063,25,59.64
SO12771,2024-07-28,P067,1,34.15
SO12772,2023-07-13,P033,2,63.61
SO12773,2023-02-04,P027,14,139.55
SO12774,2024-01-21,P079,1,18.73
SO12775,2023-09-28,P033,1,88.62
SO12776,2023-10-25,P057,26,117.29
SO12777,2023-08-12,P012,3,65.74
SO12778,2024-10-11,P003,13,129.94
SO12779,2024-09-06,P069,16,134.71
SO12780,2024-02-20,P008,3,53.65
SO12781,2024-07-21,P049,17,116.41
SO12782,2024-11-27,P083,2,161.5
SO12783,2024-09-03,P032,8,78.47
SO12784,2024-12-11,P063,24,47.03
SO12785,2023-03-16,P029,8,781.95
SO12786,2024-05-15,P021,7,128.05
SO12787,2023-10-21,P038,30,145.53
SO12788,2024-09-30,P070,7,169.15
SO12789,2024-08-21,P080,16,16.16
SO12790,2023-03-07,P038,14,153.68
SO12791,2024-11-10,P037,16,56.3
SO12792,2023-10-30,P054,15,167.53
SO12793,2024-06-14,P008,5,76.45
SO12794,2024-04-10,P078,5,224.82
SO12795,2024-02-15,P003,5,210.32
SO12796,2024-07-20,P039,14,51.18
SO12797,2024-02-19,P052,7,67.2
SO12798,2024-04-01,P091,2,905.05
SO12799,2024-02-14,P020,2,68.21
SO12800,2024-05-27,P050,9,37.45
SO12801,2023-11-05,P096,11,224.56
SO12802,2024-07-30,P094,5,175.55
SO12803,2024-04-10,P079,13,19.73
SO12804,2023-09-29,P026,2,138.92
SO12805,2023-06-25,P004,7,67.32
SO12806,2023-09-16,P079,15,21.77
SO12807,2023-05-06,P083,17,117.79
SO12808,2024-02-14,P012,7,77.79
SO12809,2024-02-23,P094,16,228.07
SO12810,2024-05-16,P082,8,105.24
SO12811,2023-03-27,P015,2,52.4
SO12812,2024-08-23,P084,3,204.82
SO12813,2023-03-06,P052,15,85.35
SO12814,2023-10-10,P016,26,883.43
SO12815,2023-04-10,P017,16,27.73
SO12816,2023-03-02,P004,19,52.42
SO12817,2023-08-03,P016,2,970.32
SO12818,2024-08-13,P047,1,63.6
SO12819,2024-12-05,P016,14,1089.58
SO12820,2024-05-08,P022,5,183.94
SO12821,2023-06-10,P047,15,82.25
SO12822,2024-07-18,P074,4,82.51
SO12823,2024-10-28,P045,5,38.85
SO12824,2023-11-01,P039,1,54.86
SO12825,2023-01-26,P048,7,105.24
SO12826,2024-11-15,P025,10,104.53
SO12827,2023-11-12,P077,26,110.09
SO12828,2023-06-28,P079,14,14.06
SO12829,2024-10-15,P079,5,16.17
SO12830,2023-02-05,P094,15,191.37
SO12831,2023-01-13,P050,14,40.76
SO12832,2024-02-08,P056,3,186.5
SO12833,2023-07-26,P079,7,16.1
SO12834,2024-01-16,P072,8,175.47
SO12835,2024-12-13,P038,31,107.89
SO12836,2024-06-08,P012,2,72.73
SO12837,2024-06-19,P001,18,98.44
SO12838,2023-11-11,P058,23,57.86
SO12839,2024-07-26,P046,16,35.26
SO12840,2023-11-22,P017,32,26.72
SO12841,2023-11-14,P098,14,358.17
SO12842,2024-06-20,P028,17,38.63
SO12843,2024-06-30,P063,16,59.98
SO12844,2024-07-09,P097,15,30.2
SO12845,2023-10-19,P047,19,76.65
SO12846,2023-10-23,P094,5,138.67
SO12847,2024-08-22,P013,16,20.66
SO12848,2023-02-17,P062,12,50.17
SO12849,2023-01-10,P073,12,192.69
SO12850,2024-01-05,P090,1,123.78
SO12851,2023-06-13,P038,17,98.04
SO12852,2023-01-16,P042,17,184.08
SO12853,2024-07-04,P049,12,94.26
SO12854,2024-02-24,P054,7,153.53
SO12855,2024-11-26,P088,3,141.17
SO12856,2024-02-18,P024,17,89.87
SO12857,2024-05-01,P068,4,165.03
SO12858,2023-10-16,P070,12,188.37
SO12859,2024-07-28,P023,10,21.68
SO12860,2024-06-14,P057,11,173.3
SO12861,2023-05-22,P096,8,181.83
SO12862,2024-07-18,P060,3,182.96
SO12863,2023-01-07,P044,17,76.95
SO12864,2023-07-21,P075,4,148.27
SO12865,2023-05-29,P005,11,146.79
SO12866,2024-04-01,P093,5,108.05
SO12867,2023-01-28,P089,3,56.02
SO12868,2024-03-17,P007,11,873.69
SO12869,2023-08-15,P062,19,64.5
SO12870,2023-10-26,P093,26,171.7
SO12871,2023-01-14,P018,16,49.01
SO12872,2024-03-14,P069,19,164.64
SO12873,2024-12-16,P056,26,115.69
SO12874,2023-02-03,P093,18,147.59
SO12875,2023-06-06,P086,3,1371.5
SO12876,2024-06-18,P038,10,98.3
SO12877,2024-01-18,P045,18,52.28
SO12878,2023-03-22,P071,11,21.32
SO12879,2023-02-18,P066,3,171.78
SO12880,2024-03-25,P087,1,181.01
SO12881,2023-10-07,P087,20,160.1
SO12882,2023-12-02,P059,29,84.54
SO12883,2023-09-08,P042,1,203.78
SO12884,2023-08-09,P059,11,111.04
SO12885,2023-11-03,P030,23,158.79
SO12886,2024-07-09,P067,2,48.67
SO12887,2024-07-09,P072,10,284.53
SO12888,2023-07-20,P075,12,96.28
SO12889,2024-11-17,P068,7,169.61
SO12890,2024-10-19,P089,21,84.3
SO12891,2024-05-04,P081,7,132.74
SO12892,2024-10-16,P089,11,76.17
SO12893,2024-05-28,P072,11,270.76
SO12894,2024-03-14,P081,9,211.38
SO12895,2023-06-28,P079,11,13.9
SO12896,2023-08-08,P005,13,145.11
SO12897,2024-01-12,P046,18,35.01
SO12898,2023-10-02,P020,28,94.32
SO12899,2023-05-01,P100,8,113.96
SO12900,2024-10-27,P053,17,31.89
SO12901,2024-02-27,P019,10,189.09
SO12902,2024-12-21,P074,20,91.47
SO12903,2024-10-29,P059,27,62.97
SO12904,2024-09-15,P090,8,107.0
SO12905,2023-10-04,P044,1,78.09
SO12906,2024-01-13,P093,10,209.58
SO12907,2023-11-30,P059,19,120.95
SO12908,2023-10-23,P087,1,152.48
SO12909,2023-02-01,P056,17,208.19
SO12910,2023-04-29,P080,9,15.53
SO12911,2024-04-30,P041,8,42.75
SO12912,2024-09-17,P092,19,152.56
SO12913,2024-11-20,P065,9,136.65
SO12914,2024-08-13,P096,15,249.91
SO12915,2024-04-01,P071,14,17.99
SO12916,2024-01-14,P090,8,71.25
SO12917,2024-08-20,P003,10,128.15
SO12918,2024-03-09,P065,14,154.3
SO12919,2023-09-15,P061,2,100.59
SO12920,2024-09-06,P060,3,152.58
SO12921,2023-03-22,P095,11,74.34
SO12922,2023-03-24,P047,5,64.27
SO12923,2024-11-19,P096,14,231.0
SO12924,2023-04-15,P054,14,175.84
SO12925,2023-09-06,P029,18,924.33
SO12926,2024-05-10,P087,9,155.38
SO12927,2024-07-25,P083,1,128.91
SO12928,2023-09-25,P007,4,780.92
SO12929,2024-02-05,P063,1,44.52
SO12930,2024-09-07,P099,1,725.79
SO12931,2023-07-23,P052,14,58.29
SO12932,2023-11-17,P061,6,95.17
SO12933,2023-10-22,P054,30,131.95
SO12934,2024-10-29,P097,11,19.18
SO12935,2024-03-27,P036,9,191.02
SO12936,2023-01-17,P080,7,24.75
SO12937,2023-09-22,P082,10,122.17
SO12938,2024-02-12,P030,13,138.24
SO12939,2023-02-14,P040,19,552.63
SO12940,2023-09-01,P055,3,243.22
SO12941,2023-09-16,P038,17,127.7
SO12942,2024-10-07,P090,7,90.36
SO12943,2023-08-21,P098,18,352.58
SO12944,2024-05-13,P098,3,507.85
SO12945,2023-07-16,P047,2,55.22
SO12946,2024-12-28,P015,21,47.35
SO12947,2023-09-23,P087,9,252.75
SO12948,2023-10-28,P091,5,886.59
SO12949,2024-01-23,P071,16,21.78
SO12950,2023-05-14,P089,3,43.07
SO12951,2024-11-16,P019,3,196.29
SO12952,2024-03-27,P017,5,30.43
SO12953,2023-12-23,P068,20,153.72
SO12954,2024-02-21,P024,11,118.43
SO12955,2024-01-25,P071,19,19.85
SO12956,2023-06-12,P002,4,144.76
SO12957,2023-12-23,P070,7,216.68
SO12958,2023-05-13,P063,5,61.55
SO12959,2023-06-16,P062,4,66.68
SO12960,2023-11-23,P059,8,110.5
SO12961,2024-02-26,P019,16,210.59
SO12962,2024-07-06,P075,15,137.41
SO12963,2023-06-23,P005,5,153.06
SO12964,2023-11-19,P075,22,122.92
SO12965,2023-05-24,P058,16,79.35
SO12966,2024-08-09,P098,11,449.94
SO12967,2024-12-25,P061,21,95.84
SO12968,2024-03-19,P068,13,113.99
SO12969,2024-06-12,P083,3,114.21
SO12970,2024-05-30,P089,2,74.71
SO12971,2023-10-24,P020,7,114.39
SO12972,2023-12-04,P009,23,168.47
SO12973,2024-05-01,P076,9,193.79
SO12974,2024-10-14,P034,31,63.5
SO12975,2024-02-05,P062,10,47.39
SO12976,2024-04-20,P066,7,196.53
SO12977,2024-07-04,P067,8,31.94
SO12978,2024-12-18,P047,17,77.19
SO12979,2023-12-31,P095,16,125.68
SO12980,2023-05-30,P099,6,1104.37
SO12981,2023-04-24,P028,1,23.42
SO12982,2023-02-28,P015,5,50.11
SO12983,2024-02-29,P009,8,97.34
SO12984,2024-09-19,P031,10,36.3
SO12985,2023-05-23,P009,13,161.53
SO12986,2023-05-09,P042,5,236.47
SO12987,2023-12-05,P073,24,164.73
SO12988,2024-07-22,P016,12,823.79
SO12989,2023-02-18,P074,12,84.78
SO12990,2023-11-29,P018,30,29.56
SO12991,2023-02-13,P064,14,147.42
SO12992,2023-02-07,P063,18,42.5
SO12993,2024-12-20,P034,5,80.69
SO12994,2024-08-30,P024,13,89.58
SO12995,2024-01-09,P097,16,22.45
SO12996,2024-02-13,P083,14,127.14
SO12997,2024-12-17,P026,29,161.4
SO12998,2023-05-15,P036,19,171.73
SO12999,2023-02-01,P043,9,69.17
SO13000,2023-12-09,P091,22,923.02
SO13001,2024-04-27,P090,16,123.72
SO13002,2024-10-29,P005,1,106.18
SO13003,2023-10-15,P013,26,15.43
SO13004,2024-01-09,P017,1,22.16
SO13005,2023-05-14,P081,12,168.16
SO13006,2024-02-08,P012,13,94.9
SO13007,2024-06-02,P099,8,1087.32
SO13008,2023-11-11,P076,25,186.55
SO13009,2024-04-25,P098,11,536.08
SO13010,2024-05-24,P054,10,187.06
SO13011,2024-12-21,P049,21,94.75
SO13012,2024-03-15,P083,15,172.86
SO13013,2023-11-14,P001,13,92.72
SO13014,2024-07-14,P037,5,74.5
SO13015,2023-01-01,P076,17,193.85
SO13016,2023-12-29,P086,1,871.16
SO13017,2024-08-19,P092,15,173.88
SO13018,2023-01-21,P078,8,223.43
SO13019,2023-11-04,P011,3,131.53
SO13020,2023-08-06,P045,7,58.63
SO13021,2024-11-05,P002,24,139.56
SO13022,2024-12-26,P016,17,799.78
SO13023,2023-10-13,P051,29,86.56
SO13024,2024-01-16,P021,9,161.72
SO13025,2024-05-09,P067,1,37.89
SO13026,2023-04-19,P018,3,41.71
SO13027,2024-05-01,P036,4,149.04
SO13028,2023-10-24,P076,21,175.85
SO13029,2023-11-29,P067,12,52.58
SO13030,2024-11-04,P079,2,19.58
SO13031,2023-12-04,P011,25,128.2
SO13032,2024-06-19,P028,6,25.32
SO13033,2023-11-23,P059,12,114.59
SO13034,2024-06-06,P037,7,51.95
SO13035,2024-12-16,P032,3,113.04
SO13036,2024-09-08,P041,12,30.05
SO13037,2023-02-09,P045,18,65.42
SO13038,2023-08-02,P016,9,768.22
SO13039,2023-06-30,P098,9,411.19
SO13040,2024-03-01,P006,17,192.75
SO13041,2024-11-10,P042,1,187.56
SO13042,2024-01-17,P057,17,194.37
SO13043,2024-10-08,P027,29,227.45
SO13044,2024-04-15,P058,15,56.97
SO13045,2024-04-08,P092,2,192.48
SO13046,2023-12-03,P064,31,212.61
SO13047,2023-03-14,P088,4,119.06
SO13048,2024-10-25,P033,6,99.47
SO13049,2023-11-03,P061,1,76.91
SO13050,2023-03-29,P026,11,145.11
SO13051,2023-01-22,P053,11,31.24
SO13052,2023-05-19,P002,10,134.73
SO13053,2024-06-24,P036,13,148.55
SO13054,2024-05-04,P052,15,54.21
SO13055,2024-04-14,P094,17,180.87
SO13056,2023-01-18,P085,12,215.18
SO13057,2024-07-07,P014,12,510.69
SO13058,2023-08-19,P094,3,207.59
SO13059,2024-09-12,P066,12,185.38
SO13060,2024-12-09,P073,23,162.53
SO13061,2023-04-15,P004,10,67.82
SO13062,2024-09-03,P029,16,957.07
SO13063,2024-12-31,P090,8,64.37
SO13064,2023-03-27,P059,12,62.33
SO13065,2024-08-31,P002,8,141.58
SO13066,2024-06-26,P042,10,266.27
SO13067,2024-08-15,P059,7,71.84
SO13068,2023-01-11,P047,17,53.57
SO13069,2023-10-14,P041,26,41.78
SO13070,2023-12-22,P051,16,57.48
SO13071,2023-08-04,P048,2,87.3
SO13072,2024-11-07,P063,30,55.28
SO13073,2024-07-27,P094,14,211.93
SO13074,2024-02-10,P065,15,153.87
SO13075,2023-03-29,P077,14,156.24
SO13076,2024-04-16,P062,10,85.73
SO13077,2023-04-16,P098,17,512.88
SO13078,2023-12-07,P017,20,30.56
SO13079,2023-06-02,P046,7,34.37
SO13080,2023-02-12,P097,13,29.84
SO13081,2024-12-09,P012,11,63.68
SO13082,2024-01-16,P035,8,275.33
SO13083,2023-03-03,P091,8,1388.92
SO13084,2023-02-06,P061,10,54.61
SO13085,2023-03-04,P023,9,36.3
SO13086,2023-01-22,P029,7,682.39
SO13087,2024-03-20,P075,12,106.08
SO13088,2024-12-27,P093,8,145.48
SO13089,2023-10-16,P015,26,34.12
SO13090,2023-10-28,P012,17,87.33
SO13091,2024-09-14,P011,19,194.41
SO13092,2024-05-18,P081,6,166.12
SO13093,2023-05-27,P079,11,16.9
SO13094,2023-10-10,P079,15,17.48
SO13095,2023-02-02,P006,7,197.96
SO13096,2023-01-11,P048,16,80.71
SO13097,2023-05-04,P026,9,122.7
SO13098,2023-10-23,P035,13,282.99
SO13099,2023-06-16,P022,12,129.01
SO13100,2023-07-07,P048,2,125.64
SO13101,2023-05-30,P093,3,165.33
SO13102,2023-12-07,P089,21,66.48
SO13103,2024-06-14,P055,3,160.79
SO13104,2023-08-02,P090,4,94.32
SO13105,2023-01-23,P008,3,47.02
SO13106,2023-07-15,P008,1,55.87
SO13107,2024-02-13,P045,9,48.16
SO13108,2024-05-07,P015,10,49.95
SO13109,2024-04-13,P076,10,194.5
SO13110,2024-07-12,P050,10,45.5
SO13111,2023-05-03,P037,1,56.81
SO13112,2024-07-15,P042,11,140.32
SO13113,2024-02-02,P075,7,146.32
SO13114,2024-02-18,P029,12,1133.15
SO13115,2024-02-08,P073,14,200.26
SO13116,2024-11-07,P041,6,42.24
SO13117,2024-08-12,P022,6,112.59
SO13118,2023-09-13,P081,2,206.15
SO13119,2023-03-04,P001,16,93.29
SO13120,2024-05-22,P054,7,168.98
SO13121,2023-10-12,P083,4,109.45
SO13122,2023-10-30,P020,15,95.97
SO13123,2024-07-17,P045,15,41.06
SO13124,2024-04-26,P090,12,91.1
SO13125,2024-12-16,P038,22,96.58
SO13126,2023-03-18,P023,15,31.12
SO13127,2024-04-18,P007,14,1090.77
SO13128,2024-04-23,P037,19,74.37
SO13129,2024-03-05,P095,14,104.02
SO13130,2024-09-14,P019,8,144.21
SO13131,2023-06-18,P066,19,154.67
SO13132,2024-08-17,P060,12,202.37
SO13133,2023-12-05,P095,11,135.11
SO13134,2023-10-18,P040,6,373.37
SO13135,2023-01-25,P055,7,179.05
SO13136,2023-04-16,P097,16,16.65
SO13137,2023-06-25,P012,11,100.01
SO13138,2024-03-04,P006,8,170.48
SO13139,2024-01-18,P067,15,35.64
SO13140,2023-03-03,P014,5,510.69
SO13141,2024-07-18,P071,10,22.78
SO13142,2023-02-03,P082,9,158.27
SO13143,2023-05-19,P023,8,24.24
SO13144,2023-02-09,P051,15,47.2
SO13145,2023-09-24,P098,9,412.16
SO13146,2024-11-24,P023,8,36.52
SO13147,2024-11-22,P099,15,1251.56
SO13148,2024-06-06,P069,13,223.5
SO13149,2023-05-14,P091,4,1163.9
SO13150,2023-05-05,P086,7,847.45
SO13151,2023-12-27,P047,17,54.48
SO13152,2024-08-25,P015,15,36.45
SO13153,2023-11-11,P007,32,1182.95
SO13154,2023-09-14,P088,6,187.27
SO13155,2024-08-02,P011,8,163.07
SO13156,2023-02-18,P082,8,128.84
SO13157,2023-11-26,P001,31,92.47
SO13158,2024-12-18,P037,22,57.62
SO13159,2023-10-28,P015,29,42.6
SO13160,2023-08-28,P081,13,178.38
SO13161,2024-01-25,P052,6,73.95
SO13162,2023-08-30,P063,8,35.05
SO13163,2024-11-05,P024,35,139.94
SO13164,2023-06-17,P085,8,253.75
SO13165,2023-08-02,P021,10,118.27
SO13166,2023-04-05,P051,10,50.49
SO13167,2024-09-07,P049,7,77.03
SO13168,2023-01-25,P031,3,37.8
SO13169,2023-10-02,P035,9,312.79
SO13170,2024-02-20,P010,15,73.66
SO13171,2024-03-17,P053,11,21.88
SO13172,2023-06-01,P001,19,75.5
SO13173,2024-05-18,P067,10,45.04
SO13174,2023-11-05,P074,2,70.98
SO13175,2024-07-29,P055,11,203.25
SO13176,2024-07-17,P066,7,194.66
SO13177,2024-07-03,P091,13,882.81
SO13178,2023-01-20,P013,8,18.97
SO13179,2023-08-15,P088,13,194.64
SO13180,2024-09-20,P061,11,56.18
SO13181,2023-03-17,P031,5,61.63
SO13182,2023-10-19,P041,9,51.52
SO13183,2024-10-09,P017,25,25.98
SO13184,2023-08-16,P095,11,105.53
SO13185,2024-03-21,P072,8,229.01
SO13186,2023-08-09,P075,8,132.06
SO13187,2023-07-25,P032,10,88.67
SO13188,2024-07-12,P099,1,1201.31
SO13189,2024-09-04,P043,2,74.72
SO13190,2024-10-23,P055,19,133.65
SO13191,2024-05-13,P062,16,65.47
SO13192,2023-07-30,P061,10,103.81
SO13193,2024-03-22,P073,11,137.98
SO13194,2023-11-30,P015,23,34.19
SO13195,2024-01-18,P077,3,104.82
SO13196,2024-03-14,P058,8,68.56
SO13197,2024-08-02,P092,4,156.87
SO13198,2024-09-24,P004,19,53.51
SO13199,2023-04-26,P078,6,152.49
SO13200,2023-05-23,P053,17,36.98
SO13201,2023-06-08,P066,11,173.44
SO13202,2023-09-26,P097,1,19.49
SO13203,2023-02-11,P041,19,55.31
SO13204,2023-10-23,P038,16,161.24
SO13205,2023-01-18,P024,5,121.38
SO13206,2023-10-14,P084,29,121.15
SO13207,2024-03-25,P095,17,89.48
SO13208,2024-06-02,P074,10,113.53
SO13209,2023-04-09,P046,14,32.59
SO13210,2024-06-01,P063,3,34.71
SO13211,2023-09-18,P008,13,62.98
SO13212,2024-12-23,P024,18,94.32
SO13213,2024-01-01,P057,15,116.08
SO13214,2024-03-06,P009,6,132.82
SO13215,2023-12-27,P007,19,912.54
SO13216,2023-07-27,P069,13,178.96
SO13217,2023-05-06,P100,15,125.25
SO13218,2023-08-17,P064,2,193.34
SO13219,2023-04-14,P014,19,576.02
SO13220,2023-12-10,P098,23,511.04
SO13221,2024-03-04,P028,8,26.0
SO13222,2024-08-04,P090,1,96.72
SO13223,2024-03-21,P038,5,118.6
SO13224,2024-11-25,P009,11,103.75
SO13225,2024-08-31,P035,15,285.52
SO13226,2023-12-27,P082,11,117.87
SO13227,2023-03-19,P011,11,216.99
SO13228,2024-08-17,P038,7,130.14
SO13229,2024-08-20,P046,8,31.1
SO13230,2024-02-05,P003,15,176.2
SO13231,2024-11-05,P010,2,40.22
SO13232,2023-07-15,P063,15,38.57
SO13233,2024-05-10,P097,9,26.2
SO13234,2024-07-11,P065,1,185.27
SO13235,2024-09-25,P079,18,23.15
SO13236,2024-10-12,P052,11,77.16
SO13237,2023-01-26,P098,4,556.17
SO13238,2023-06-14,P079,19,16.19
SO13239,2024-03-17,P065,9,185.56
SO13240,2023-11-25,P100,3,100.11
SO13241,2024-12-20,P099,25,861.56
SO13242,2024-11-12,P096,4,214.9
SO13243,2023-06-29,P018,4,42.74
SO13244,2023-10-22,P057,15,109.24
SO13245,2023-06-09,P009,12,143.58
SO13246,2024-10-17,P049,22,112.73
SO13247,2023-09-21,P013,13,23.0
SO13248,2023-05-06,P094,7,133.96
SO13249,2024-02-23,P086,3,1195.18
SO13250,2023-07-15,P048,17,96.43
SO13251,2024-04-21,P002,10,147.0
SO13252,2024-12-30,P046,29,26.71
SO13253,2024-05-03,P019,7,249.41
SO13254,2023-06-04,P004,8,69.61
SO13255,2023-12-28,P034,1,75.95
SO13256,2023-06-05,P046,18,25.67
SO13257,2024-05-18,P046,15,18.09
SO13258,2023-05-18,P022,19,179.2
SO13259,2023-02-24,P061,16,82.59
SO13260,2024-04-21,P092,10,151.19
SO13261,2023-04-16,P098,12,524.37
SO13262,2023-02-14,P004,15,51.06
SO13263,2024-07-31,P065,11,208.7
SO13264,2024-11-19,P060,9,197.41
SO13265,2024-01-06,P073,13,135.33
SO13266,2024-11-04,P079,28,23.81
SO13267,2024-05-23,P048,12,107.05
SO13268,2023-07-06,P020,6,65.09
SO13269,2023-03-19,P033,17,84.29
SO13270,2023-07-20,P061,11,93.38
SO13271,2023-11-15,P042,12,205.11
SO13272,2023-02-03,P013,10,15.46
SO13273,2024-10-27,P059,12,89.19
SO13274,2024-11-24,P004,4,44.89
SO13275,2023-04-15,P046,8,31.54
SO13276,2024-10-02,P094,15,206.52
SO13277,2023-10-07,P077,18,106.79
SO13278,2023-03-30,P057,4,127.12
SO13279,2023-12-23,P036,16,156.5
SO13280,2024-12-27,P028,16,24.15
SO13281,2023-08-18,P042,7,226.88
SO13282,2024-07-22,P018,10,30.84
SO13283,2024-09-29,P067,5,40.99
SO13284,2024-11-25,P024,28,133.82
SO13285,2023-01-11,P061,12,91.57
SO13286,2024-01-31,P015,8,40.17
SO13287,2023-09-27,P062,13,83.03
SO13288,2024-06-03,P029,17,1023.03
SO13289,2024-08-10,P069,5,172.05
SO13290,2023-08-21,P070,10,198.49
SO13291,2023-01-07,P088,4,171.76
SO13292,2023-10-28,P058,19,80.67
SO13293,2023-11-13,P028,12,30.08
SO13294,2023-05-03,P016,1,860.72
SO13295,2024-03-31,P019,2,163.19
SO13296,2024-12-03,P093,1,150.68
SO13297,2024-07-13,P056,14,154.66
SO13298,2023-08-22,P059,15,117.37
SO13299,2023-07-10,P066,14,160.07
SO13300,2024-01-29,P095,6,101.45
SO13301,2024-04-20,P060,19,105.64
SO13302,2024-12-02,P092,34,120.34
SO13303,2023-06-19,P074,16,96.49
SO13304,2023-04-24,P060,1,165.47
SO13305,2024-04-17,P003,12,201.12
SO13306,2024-09-22,P095,5,105.6
SO13307,2024-06-08,P068,19,124.95
SO13308,2024-07-31,P072,2,187.79
SO13309,2024-11-30,P018,18,29.82
SO13310,2024-06-28,P033,4,81.93
SO13311,2023-10-30,P030,9,181.26
SO13312,2023-06-10,P094,19,245.52
SO13313,2023-09-29,P030,11,116.34
SO13314,2023-06-15,P083,11,148.78
SO13315,2023-04-21,P004,9,53.05
SO13316,2024-04-07,P058,6,83.62
SO13317,2024-01-16,P036,4,214.73
SO13318,2024-08-04,P083,13,154.44
SO13319,2024-06-25,P077,19,109.61
SO13320,2023-06-23,P012,11,95.93
SO13321,2024-11-02,P060,14,146.38
SO13322,2023-05-24,P047,14,57.07
SO13323,2023-10-14,P100,15,169.01
SO13324,2024-10-30,P009,7,168.3
SO13325,2024-11-10,P055,21,227.08
SO13326,2023-03-25,P096,17,153.48
SO13327,2023-01-21,P087,4,218.21
SO13328,2023-12-20,P037,31,90.05
SO13329,2023-09-10,P018,6,55.87
SO13330,2023-03-12,P039,13,37.71
SO13331,2023-11-26,P047,14,48.22
SO13332,2023-06-03,P031,10,61.27
SO13333,2024-04-29,P092,6,115.18
SO13334,2023-10-11,P087,9,200.58
SO13335,2023-09-07,P050,3,57.48
SO13336,2023-12-11,P067,25,30.07
SO13337,2024-04-25,P017,5,26.0
SO13338,2023-12-04,P038,1,101.69
SO13339,2024-04-21,P017,2,20.63
SO13340,2024-01-31,P085,15,157.25
SO13341,2024-03-11,P097,13,21.44
SO13342,2024-11-07,P009,2,159.78
SO13343,2023-10-17,P080,5,20.66
SO13344,2023-02-18,P034,17,53.56
SO13345,2023-05-05,P019,2,155.57
SO13346,2024-11-27,P041,6,44.38
SO13347,2023-04-06,P079,8,13.98
SO13348,2023-02-11,P072,11,284.22
SO13349,2023-01-28,P037,7,63.0
SO13350,2024-01-07,P028,11,30.95
SO13351,2024-12-25,P028,31,38.42
SO13352,2024-06-17,P014,6,423.76
SO13353,2023-09-29,P061,11,90.71
SO13354,2024-10-21,P091,35,731.09
SO13355,2024-01-01,P065,7,159.64
SO13356,2023-02-26,P042,2,237.95
SO13357,2023-10-03,P098,17,483.66
SO13358,2023-11-07,P004,9,45.11
SO13359,2024-08-26,P090,9,86.58
SO13360,2024-02-25,P061,11,103.12
SO13361,2024-01-16,P092,7,174.11
SO13362,2023-11-20,P066,11,114.19
SO13363,2024-05-26,P004,6,40.77
SO13364,2024-11-21,P066,28,144.64
SO13365,2023-12-25,P025,22,84.59
SO13366,2024-01-13,P029,16,1069.27
SO13367,2023-12-04,P005,14,114.13
SO13368,2023-04-09,P079,7,16.5
SO13369,2024-09-02,P043,8,67.19
SO13370,2024-03-04,P052,7,75.65
SO13371,2024-04-07,P055,9,192.31
SO13372,2023-11-03,P044,36,107.72
SO13373,2024-07-06,P055,17,232.69
SO13374,2023-11-08,P075,8,88.7
SO13375,2023-06-07,P057,11,115.45
SO13376,2024-01-30,P064,14,206.24
SO13377,2023-07-13,P032,17,63.62
SO13378,2024-10-16,P073,27,118.65
SO13379,2024-12-23,P008,7,41.64
SO13380,2023-09-29,P001,2,88.49
SO13381,2024-11-08,P046,15,30.37
SO13382,2023-05-27,P053,19,30.89
SO13383,2023-01-20,P027,15,137.53
SO13384,2024-01-20,P072,16,230.39
SO13385,2023-05-13,P061,5,83.42
SO13386,2024-04-15,P034,7,44.83
SO13387,2024-12-22,P096,18,210.5
SO13388,2023-12-02,P061,36,69.61
SO13389,2023-03-10,P054,12,104.8
SO13390,2024-01-07,P022,12,171.97
SO13391,2023-06-20,P100,1,132.57
SO13392,2024-06-22,P007,2,762.33
SO13393,2023-05-12,P082,12,93.59
SO13394,2023-07-27,P077,7,111.41
SO13395,2023-09-03,P070,6,195.11
SO13396,2024-09-30,P074,16,103.36
SO13397,2023-09-28,P070,8,131.52
SO13398,2024-12-05,P024,1,82.56
SO13399,2024-11-12,P051,19,57.02
SO13400,2024-01-27,P025,4,91.96
SO13401,2024-02-16,P005,4,108.55
SO13402,2024-03-23,P016,19,1120.42
SO13403,2023-08-18,P007,6,901.73
SO13404,2024-01-13,P089,3,67.79
SO13405,2024-11-17,P062,12,82.37
SO13406,2024-03-30,P027,7,222.76
SO13407,2023-09-14,P016,12,1043.77
SO13408,2023-01-07,P009,2,168.67
SO13409,2024-10-18,P008,9,59.8
SO13410,2023-10-24,P098,12,390.71
SO13411,2024-12-14,P019,10,254.72
SO13412,2024-10-30,P014,20,503.78
SO13413,2023-02-28,P080,6,24.46
SO13414,2023-06-07,P031,11,48.49
SO13415,2024-05-31,P080,7,26.37
SO13416,2024-06-03,P085,8,147.64
SO13417,2024-10-19,P045,5,43.01
SO13418,2024-03-04,P088,15,182.61
SO13419,2024-10-25,P028,24,30.97
SO13420,2023-09-05,P093,15,130.05
SO13421,2023-10-01,P078,19,134.54
SO13422,2023-11-12,P044,7,87.64
SO13423,2023-04-16,P003,16,124.23
SO13424,2023-09-09,P086,11,1350.46
SO13425,2024-06-05,P038,2,127.96
SO13426,2023-10-05,P062,7,86.44
SO13427,2023-08-06,P052,15,63.64
SO13428,2024-04-13,P034,9,51.89
SO13429,2024-09-19,P095,16,85.25
SO13430,2023-07-12,P068,5,117.16
SO13431,2023-08-09,P017,8,16.98
SO13432,2023-07-19,P053,7,25.6
SO13433,2024-04-23,P046,9,24.97
SO13434,2024-12-09,P056,17,179.87
SO13435,2023-07-09,P071,5,18.18
SO13436,2023-10-24,P032,27,70.32
SO13437,2024-06-12,P078,10,247.7
SO13438,2024-01-22,P054,4,100.3
SO13439,2023-07-21,P032,15,65.52
SO13440,2023-09-27,P062,13,69.0
SO13441,2023-06-22,P039,8,51.39
SO13442,2023-12-23,P084,32,146.23
SO13443,2023-10-07,P075,31,86.48
SO13444,2024-09-13,P001,14,99.01
SO13445,2023-08-24,P070,9,245.19
SO13446,2023-03-08,P078,2,195.09
SO13447,2023-09-23,P092,9,179.47
SO13448,2023-01-11,P052,11,47.69
SO13449,2024-08-25,P088,19,178.13
SO13450,2024-10-30,P090,3,104.5
SO13451,2023-03-10,P021,2,158.96
SO13452,2023-09-03,P009,14,130.68
SO13453,2023-12-11,P040,25,446.08
SO13454,2023-01-03,P091,2,1272.87
SO13455,2023-02-02,P004,15,53.25
SO13456,2023-12-31,P071,21,19.48
SO13457,2023-11-07,P050,21,38.09
SO13458,2024-12-07,P090,16,102.74
SO13459,2024-11-19,P097,30,22.44
SO13460,2024-04-20,P067,4,52.55
SO13461,2023-08-16,P051,11,57.13
SO13462,2023-06-04,P017,10,20.46
SO13463,2024-10-22,P020,16,104.83
SO13464,2023-01-07,P010,12,56.03
SO13465,2023-09-27,P060,13,141.52
SO13466,2024-07-24,P046,18,29.72
SO13467,2024-12-14,P086,6,1352.23
SO13468,2023-10-29,P062,26,77.11
SO13469,2024-12-16,P091,9,956.96
SO13470,2024-08-14,P074,4,74.45
SO13471,2023-07-17,P047,7,55.31
SO13472,2023-02-20,P049,15,100.7
SO13473,2023-08-17,P087,12,162.82
SO13474,2024-03-19,P095,16,101.54
SO13475,2023-10-23,P065,4,135.28
SO13476,2023-03-27,P019,8,138.06
SO13477,2023-04-05,P046,4,30.85
SO13478,2024-12-26,P055,12,255.19
SO13479,2024-01-05,P063,12,62.71
SO13480,2024-02-12,P056,19,128.21
SO13481,2024-01-13,P091,7,1329.55
SO13482,2023-11-06,P071,13,15.37
SO13483,2024-09-12,P090,8,100.21
SO13484,2023-02-20,P048,18,116.79
SO13485,2023-07-17,P084,10,113.3
SO13486,2023-03-11,P092,17,154.57
SO13487,2024-12-06,P035,29,477.43
SO13488,2023-03-18,P075,18,101.91
SO13489,2024-02-17,P058,9,68.57
SO13490,2023-09-27,P100,3,91.43
SO13491,2024-01-26,P062,18,79.36
SO13492,2024-04-11,P074,13,127.93
SO13493,2024-03-06,P001,7,53.13
SO13494,2023-08-06,P023,10,37.77
SO13495,2023-12-02,P006,13,151.87
SO13496,2023-11-13,P093,24,160.62
SO13497,2024-03-14,P016,2,710.24
SO13498,2023-05-04,P036,2,177.15
SO13499,2024-07-15,P039,1,31.84
SO13500,2024-06-12,P025,10,100.92
SO13501,2024-03-27,P005,15,145.96
SO13502,2023-03-21,P054,19,175.51
SO13503,2023-10-21,P085,7,191.08
SO13504,2024-09-03,P008,16,44.77
SO13505,2024-08-21,P089,9,82.07
SO13506,2024-04-29,P072,14,215.92
SO13507,2024-02-01,P098,19,327.17
SO13508,2024-04-02,P089,5,53.53
SO13509,2024-06-06,P048,7,92.19
SO13510,2024-11-25,P084,22,212.34
SO13511,2023-03-06,P006,5,157.04
SO13512,2024-06-28,P009,1,123.99
SO13513,2024-06-22,P100,6,103.4
SO13514,2024-07-15,P099,3,1150.41
SO13515,2024-09-30,P023,14,21.53
SO13516,2023-06-10,P036,2,223.52
SO13517,2024-09-22,P034,12,71.3
SO13518,2023-02-14,P039,4,46.49
SO13519,2023-03-17,P070,5,159.72
SO13520,2023-09-11,P079,17,14.46
SO13521,2024-11-18,P005,15,157.1
SO13522,2023-01-12,P031,3,57.59
SO13523,2023-02-02,P016,4,972.2
SO13524,2024-01-25,P041,12,46.23
SO13525,2024-09-30,P023,4,36.46
SO13526,2024-02-10,P097,3,19.14
SO13527,2024-04-24,P088,12,149.32
SO13528,2023-10-03,P014,9,539.29
SO13529,2023-09-04,P066,2,193.27
SO13530,2024-12-31,P041,17,54.92
SO13531,2023-01-15,P056,7,194.6
SO13532,2024-05-21,P046,1,30.16
SO13533,2023-07-26,P069,4,221.94
SO13534,2024-10-01,P037,30,88.69
SO13535,2024-10-26,P008,34,56.34
SO13536,2024-07-09,P050,19,62.85
SO13537,2023-01-26,P040,3,332.27
SO13538,2024-07-14,P013,17,16.51
SO13539,2024-04-24,P073,2,128.45
SO13540,2024-09-17,P080,14,26.31
SO13541,2024-07-24,P068,9,128.46
SO13542,2023-06-17,P048,16,127.9
SO13543,2024-11-09,P007,3,1156.64
SO13544,2024-02-23,P055,13,134.65
SO13545,2024-06-09,P033,11,98.41
SO13546,2024-03-22,P010,4,62.87
SO13547,2024-05-12,P028,8,23.06
SO13548,2024-11-25,P049,13,77.57
SO13549,2023-07-17,P011,5,186.64
SO13550,2024-02-02,P060,1,117.43
SO13551,2024-07-07,P047,12,48.87
SO13552,2024-04-27,P020,1,79.35
SO13553,2024-08-26,P027,14,202.68
SO13554,2024-12-20,P089,31,55.91
SO13555,2024-04-19,P090,4,80.69
SO13556,2024-09-15,P088,4,174.29
SO13557,2023-10-19,P004,16,72.95
SO13558,2024-12-18,P072,30,225.4
SO13559,2023-12-09,P016,7,1091.23
SO13560,2024-03-19,P078,3,150.55
SO13561,2023-12-23,P036,15,181.65
SO13562,2023-03-29,P053,13,35.66
SO13563,2024-02-19,P003,19,154.94
SO13564,2024-10-06,P028,16,34.0
SO13565,2024-04-22,P078,16,194.87
SO13566,2023-08-25,P036,19,208.59
SO13567,2023-04-08,P052,4,56.37
SO13568,2023-06-03,P033,16,56.91
SO13569,2024-09-04,P018,15,40.58
SO13570,2023-02-17,P048,15,136.44
SO13571,2024-01-26,P045,8,58.87
SO13572,2024-01-21,P008,19,61.15
SO13573,2023-05-11,P099,4,1068.47
SO13574,2023-07-21,P040,18,493.95
SO13575,2023-11-06,P041,18,34.82
SO13576,2024-09-08,P067,15,46.15
SO13577,2023-10-08,P072,8,246.55
SO13578,2023-07-24,P053,9,27.57
SO13579,2024-03-20,P082,9,109.38
SO13580,2023-09-04,P090,17,69.27
SO13581,2023-05-11,P034,2,72.92
SO13582,2023-10-23,P045,7,60.76
SO13583,2024-09-06,P048,4,132.21
SO13584,2023-08-23,P014,13,559.05
SO13585,2023-12-04,P094,5,150.56
SO13586,2024-11-15,P040,15,348.79
SO13587,2023-11-14,P087,14,242.14
SO13588,2023-02-18,P071,18,19.67
SO13589,2023-01-15,P038,16,142.91
SO13590,2023-03-11,P022,12,120.72
SO13591,2023-09-07,P006,7,130.57
SO13592,2024-05-31,P013,7,17.16
SO13593,2023-09-19,P013,9,17.17
SO13594,2024-06-23,P019,7,182.21
SO13595,2023-09-09,P003,4,218.96
SO13596,2023-02-13,P072,11,268.11
SO13597,2024-04-20,P057,10,181.35
SO13598,2024-10-29,P012,27,111.18
SO13599,2023-02-23,P053,14,29.74
SO13600,2023-12-19,P067,15,39.22
SO13601,2024-06-25,P016,18,1242.14
SO13602,2023-05-24,P001,9,64.59
SO13603,2024-10-23,P063,31,57.13
SO13604,2024-09-17,P026,4,128.76
SO13605,2023-07-28,P047,7,71.3
SO13606,2023-11-22,P081,7,130.56
SO13607,2023-04-12,P037,7,83.25
SO13608,2024-01-09,P056,11,123.88
SO13609,2024-06-18,P098,5,292.04
SO13610,2024-02-27,P042,3,190.21
SO13611,2024-07-16,P014,5,360.93
SO13612,2024-03-22,P035,11,444.26
SO13613,2023-03-09,P092,18,126.29
SO13614,2023-05-22,P047,10,85.67
SO13615,2024-09-13,P014,14,486.4
SO13616,2024-10-02,P036,16,196.74
SO13617,2023-11-11,P066,4,155.17
SO13618,2023-04-02,P033,3,66.97
SO13619,2024-02-18,P016,19,1092.74
SO13620,2023-04-10,P056,7,164.56
SO13621,2023-10-24,P079,10,20.22
SO13622,2024-10-13,P030,11,151.49
SO13623,2024-03-24,P095,18,82.65
SO13624,2023-05-18,P068,2,194.73
SO13625,2024-07-08,P027,11,163.49
SO13626,2023-11-25,P092,26,128.25
SO13627,2024-03-07,P093,18,131.12
SO13628,2023-05-30,P030,6,101.97
SO13629,2023-08-26,P069,8,215.38
SO13630,2024-09-06,P053,19,26.5
SO13631,2023-03-18,P074,8,82.89
SO13632,2023-08-01,P096,14,191.64
SO13633,2024-10-12,P100,15,128.77
SO13634,2024-05-23,P026,4,112.54
SO13635,2023-10-17,P003,1,187.15
SO13636,2023-01-31,P087,5,178.93
SO13637,2024-12-08,P076,16,212.39
SO13638,2024-01-01,P057,7,184.09
SO13639,2023-05-15,P048,18,106.16
SO13640,2023-12-03,P046,1,18.68
SO13641,2024-10-19,P036,34,196.64
SO13642,2024-07-14,P091,2,1296.78
SO13643,2023-07-14,P039,18,36.02
SO13644,2023-06-04,P076,19,168.79
SO13645,2024-04-23,P094,17,160.83
SO13646,2024-03-21,P021,11,102.84
SO13647,2024-06-30,P012,17,69.57
SO13648,2023-07-19,P051,6,89.58
SO13649,2023-07-18,P024,8,130.23
SO13650,2023-12-23,P095,21,117.0
SO13651,2023-02-09,P079,18,16.27
SO13652,2023-06-18,P094,13,174.21
SO13653,2024-05-07,P088,7,170.46
SO13654,2023-05-15,P083,12,172.25
SO13655,2023-07-26,P088,12,144.0
SO13656,2023-11-20,P099,1,1058.84
SO13657,2023-01-26,P014,7,516.73
SO13658,2024-05-10,P086,12,822.09
SO13659,2023-09-26,P019,10,216.82
SO13660,2023-05-20,P099,18,706.64
SO13661,2024-11-13,P072,24,167.21
SO13662,2023-01-01,P100,3,137.67
SO13663,2023-02-21,P078,1,199.08
SO13664,2024-04-30,P014,14,416.87
SO13665,2024-05-27,P090,17,77.59
SO13666,2023-03-11,P088,17,159.07
SO13667,2024-09-10,P078,4,210.74
SO13668,2024-07-02,P022,12,156.77
SO13669,2023-05-24,P009,19,184.55
SO13670,2023-10-05,P002,33,141.47
SO13671,2024-12-08,P023,23,36.79
SO13672,2023-04-05,P029,15,906.62
SO13673,2023-08-07,P053,15,20.52
SO13674,2023-06-06,P012,15,69.03
SO13675,2024-06-12,P063,19,61.58
SO13676,2024-03-08,P081,8,144.84
SO13677,2024-08-01,P022,18,161.94
SO13678,2024-02-19,P087,13,191.33
SO13679,2023-01-23,P012,2,97.94
SO13680,2023-05-13,P049,10,121.7
SO13681,2024-09-25,P064,12,211.97
SO13682,2024-11-18,P096,16,245.47
SO13683,2024-03-02,P035,9,341.94
SO13684,2023-08-25,P083,11,98.35
SO13685,2023-12-17,P004,13,54.56
SO13686,2023-09-25,P089,3,75.23
SO13687,2024-12-17,P074,25,75.39
SO13688,2024-06-25,P049,8,88.94
SO13689,2024-03-31,P040,3,422.17
SO13690,2023-05-04,P046,19,30.61
SO13691,2024-08-17,P038,9,119.24
SO13692,2023-03-20,P015,18,27.48
SO13693,2023-03-19,P023,10,37.89
SO13694,2024-07-10,P055,6,216.0
SO13695,2024-05-19,P072,17,184.92
SO13696,2024-04-20,P075,10,83.72
SO13697,2023-02-16,P094,14,196.35
SO13698,2024-07-09,P006,12,173.82
SO13699,2023-11-17,P090,3,81.31
SO13700,2024-01-26,P038,16,159.47
SO13701,2023-05-08,P099,7,944.22
SO13702,2023-08-02,P085,12,222.93
SO13703,2023-02-20,P067,19,48.15
SO13704,2023-04-26,P011,18,128.7
SO13705,2023-04-06,P056,17,195.34
SO13706,2023-10-17,P027,14,229.48
SO13707,2023-12-18,P001,18,64.64
SO13708,2024-02-21,P052,15,54.06
SO13709,2023-05-01,P044,13,65.24
SO13710,2023-03-20,P067,19,39.17
SO13711,2023-05-15,P016,10,745.36
SO13712,2023-08-30,P071,16,13.5
SO13713,2024-08-25,P041,6,42.76
SO13714,2024-01-03,P086,6,1364.09
SO13715,2024-12-19,P083,29,133.11
SO13716,2024-03-30,P078,19,230.5
SO13717,2023-01-25,P097,7,26.57
SO13718,2023-12-15,P086,10,939.45
SO13719,2024-01-20,P033,11,97.91
SO13720,2023-09-11,P060,19,126.27
SO13721,2023-08-09,P069,14,232.68
SO13722,2024-12-02,P039,9,51.65
SO13723,2024-04-17,P065,19,150.41
SO13724,2024-09-28,P026,6,83.97
SO13725,2023-12-17,P076,18,160.49
SO13726,2023-09-13,P093,18,178.13
SO13727,2024-10-30,P069,21,154.51
SO13728,2023-10-27,P069,20,164.43
SO13729,2023-11-20,P050,5,54.8
SO13730,2023-01-28,P060,5,104.07
SO13731,2024-12-29,P074,28,109.4
SO13732,2023-06-16,P033,7,99.02
SO13733,2023-02-20,P072,15,264.9
SO13734,2024-05-31,P007,1,1267.38
SO13735,2024-09-08,P012,5,118.27
SO13736,2023-08-22,P096,18,252.7
SO13737,2024-08-27,P037,7,82.21
SO13738,2024-05-24,P066,4,174.79
SO13739,2023-10-01,P089,15,55.24
SO13740,2023-05-25,P092,18,128.07
SO13741,2023-03-13,P037,9,68.74
SO13742,2024-11-30,P003,3,166.23
SO13743,2023-09-05,P047,7,47.28
SO13744,2024-07-17,P074,6,88.72
SO13745,2024-03-15,P091,12,891.83
SO13746,2023-10-30,P075,27,91.23
SO13747,2023-08-10,P016,12,1058.14
SO13748,2024-10-15,P035,33,461.31
SO13749,2023-07-01,P095,8,130.37
SO13750,2023-11-19,P100,24,144.81
SO13751,2023-11-26,P100,29,88.76
SO13752,2024-12-01,P010,27,60.14
SO13753,2023-08-15,P018,17,34.48
SO13754,2023-03-07,P094,17,251.33
SO13755,2024-06-01,P087,16,138.44
SO13756,2024-11-13,P076,1,217.78
SO13757,2023-01-21,P066,12,177.24
SO13758,2023-10-08,P024,29,92.14
SO13759,2024-03-24,P098,8,320.47
SO13760,2024-01-20,P001,12,81.26
SO13761,2024-05-19,P061,12,93.03
SO13762,2023-12-03,P012,2,111.61
SO13763,2023-02-06,P051,16,80.24
SO13764,2023-04-27,P068,5,197.33
SO13765,2023-10-05,P024,23,138.4
SO13766,2024-02-16,P043,9,96.84
SO13767,2023-09-07,P076,8,140.69
SO13768,2024-12-26,P045,25,45.04
SO13769,2024-12-14,P056,11,187.87
SO13770,2023-07-06,P055,14,141.73
SO13771,2023-03-08,P063,18,59.77
SO13772,2024-06-14,P002,17,134.55
SO13773,2023-10-12,P063,21,53.19
SO13774,2024-04-26,P098,4,364.04
SO13775,2024-10-31,P057,28,149.24
SO13776,2023-02-01,P055,4,185.99
SO13777,2023-06-06,P079,2,16.96
SO13778,2024-01-06,P001,2,69.25
SO13779,2023-01-08,P077,17,196.01
SO13780,2023-03-11,P037,11,58.76
SO13781,2023-05-17,P088,17,101.91
SO13782,2023-02-19,P098,14,512.11
SO13783,2024-03-07,P012,4,82.55
SO13784,2024-01-08,P093,15,157.56
SO13785,2024-07-19,P018,13,38.8
SO13786,2024-11-11,P052,6,51.91
SO13787,2023-10-10,P021,32,138.92
SO13788,2024-10-13,P076,5,179.81
SO13789,2023-03-20,P082,7,170.37
SO13790,2023-03-28,P069,19,138.4
SO13791,2024-03-20,P017,13,15.71
SO13792,2024-07-19,P062,5,71.84
SO13793,2024-05-26,P031,9,50.04
SO13794,2024-05-17,P073,14,110.85
SO13795,2023-07-01,P078,19,190.02
SO13796,2024-06-16,P029,1,1112.14
SO13797,2023-12-01,P019,1,148.56
SO13798,2023-02-23,P034,5,65.31
SO13799,2023-01-12,P100,3,98.06
SO13800,2023-01-18,P026,11,86.19
SO13801,2023-06-17,P077,7,153.55
SO13802,2023-12-28,P007,30,1209.51
SO13803,2023-09-03,P048,18,150.57
SO13804,2024-12-17,P052,13,72.2
SO13805,2024-05-15,P001,2,56.3
SO13806,2024-09-19,P074,17,123.9
SO13807,2023-06-16,P006,6,196.32
SO13808,2023-08-13,P042,13,250.3
SO13809,2024-12-28,P045,30,61.22
SO13810,2023-06-16,P087,18,141.63
SO13811,2024-12-05,P060,11,200.27
SO13812,2023-11-03,P075,23,90.92
SO13813,2024-02-26,P088,16,174.67
SO13814,2023-03-23,P054,14,162.34
SO13815,2023-03-23,P053,6,36.69
SO13816,2024-07-14,P019,3,218.71
SO13817,2023-01-30,P095,9,69.69
SO13818,2023-05-20,P075,2,80.1
SO13819,2024-03-13,P074,17,69.14
SO13820,2023-03-10,P012,15,78.47
SO13821,2023-01-09,P069,12,149.53
SO13822,2024-08-12,P078,18,207.83
SO13823,2023-04-06,P099,11,737.89
SO13824,2024-12-22,P068,21,130.31
SO13825,2023-06-08,P059,13,93.63
SO13826,2024-02-18,P077,16,167.45
SO13827,2024-10-22,P047,21,63.88
SO13828,2023-11-04,P089,17,79.62
SO13829,2023-03-25,P012,14,123.12
SO13830,2024-11-01,P061,1,77.42
SO13831,2023-04-29,P081,9,161.93
SO13832,2024-03-09,P099,14,813.47
SO13833,2024-07-13,P032,4,68.06
SO13834,2024-12-09,P044,12,103.93
SO13835,2023-09-11,P060,13,138.0
SO13836,2023-01-12,P051,9,82.25
SO13837,2024-07-10,P069,14,178.13
SO13838,2024-04-20,P080,5,16.75
SO13839,2024-06-07,P053,6,20.91
SO13840,2023-11-25,P069,27,157.43
SO13841,2023-03-14,P049,4,92.4
SO13842,2024-08-23,P001,13,88.91
SO13843,2024-05-10,P074,3,93.46
SO13844,2024-03-22,P012,10,64.47
SO13845,2023-05-13,P057,7,176.91
SO13846,2024-08-26,P057,11,134.17
SO13847,2024-10-25,P022,11,111.79
SO13848,2023-02-11,P017,5,17.56
SO13849,2023-06-08,P074,13,107.62
SO13850,2024-04-01,P086,8,830.75
SO13851,2023-09-22,P032,7,98.73
SO13852,2023-07-26,P046,13,33.44
SO13853,2024-01-16,P020,15,97.75
SO13854,2023-06-16,P004,2,73.46
SO13855,2024-08-20,P073,4,152.53
SO13856,2024-10-12,P093,24,165.5
SO13857,2024-02-01,P009,12,162.26
SO13858,2024-06-10,P051,4,65.31
SO13859,2023-08-24,P042,15,261.55
SO13860,2024-09-07,P009,1,99.56
SO13861,2023-09-01,P076,17,168.37
SO13862,2023-03-18,P082,19,99.5
SO13863,2023-09-18,P033,12,63.89
SO13864,2023-10-07,P080,22,17.44
SO13865,2023-06-21,P003,14,138.69
SO13866,2024-01-04,P091,16,816.43
SO13867,2023-04-19,P088,5,157.81
SO13868,2024-10-23,P094,2,217.25
SO13869,2024-08-26,P031,11,61.52
SO13870,2024-02-29,P058,5,73.05
SO13871,2023-07-04,P073,1,188.61
SO13872,2024-06-18,P011,11,151.61
SO13873,2023-01-25,P047,6,46.04
SO13874,2024-12-30,P018,1,56.61
SO13875,2024-12-05,P005,8,90.54
SO13876,2024-07-04,P095,6,102.98
SO13877,2023-02-28,P003,13,209.57
SO13878,2023-03-26,P031,3,38.12
SO13879,2024-11-17,P059,20,78.66
SO13880,2024-07-28,P060,6,162.58
SO13881,2023-08-14,P075,14,83.59
SO13882,2023-06-28,P024,8,77.79
SO13883,2023-12-29,P039,17,40.03
SO13884,2023-11-08,P037,9,89.85
SO13885,2024-05-23,P090,12,79.62
SO13886,2023-07-15,P038,6,145.78
SO13887,2024-12-17,P035,24,508.24
SO13888,2024-07-25,P076,7,116.0
SO13889,2023-08-02,P045,6,51.58
SO13890,2023-05-04,P064,16,162.56
SO13891,2024-02-20,P034,9,77.41
SO13892,2024-06-15,P099,9,1108.56
SO13893,2024-03-22,P019,9,158.77
SO13894,2024-04-12,P045,15,43.03
SO13895,2024-03-31,P076,7,212.09
SO13896,2023-07-04,P039,7,35.05
SO13897,2023-05-30,P030,11,130.44
SO13898,2023-05-08,P047,16,60.61
SO13899,2024-07-20,P039,13,39.08
SO13900,2024-10-23,P083,3,93.61
SO13901,2023-08-03,P068,15,155.73
SO13902,2024-10-11,P094,16,263.2
SO13903,2023-01-04,P092,7,102.42
SO13904,2024-04-29,P018,13,34.08
SO13905,2023-11-04,P057,3,139.7
SO13906,2023-01-06,P035,13,411.82
SO13907,2023-03-25,P096,13,239.57
SO13908,2023-09-06,P012,2,93.14
SO13909,2023-05-26,P091,18,751.72
SO13910,2024-11-15,P067,6,45.79
SO13911,2024-02-15,P046,10,30.97
SO13912,2024-10-27,P069,16,122.75
SO13913,2024-07-04,P088,12,112.76
SO13914,2023-09-07,P025,9,81.73
SO13915,2023-07-24,P032,18,100.47
SO13916,2023-07-05,P010,12,60.21
SO13917,2024-02-28,P050,4,56.1
SO13918,2023-10-14,P048,5,114.67
SO13919,2024-11-21,P079,3,22.67
SO13920,2023-04-24,P089,4,51.27
SO13921,2024-02-08,P039,19,37.43
SO13922,2023-10-03,P018,7,48.53
SO13923,2023-02-04,P031,1,57.15
SO13924,2023-03-20,P091,1,1137.22
SO13925,2023-04-15,P094,13,166.67
SO13926,2024-10-03,P068,9,161.34
SO13927,2023-10-23,P064,24,143.34
SO13928,2024-08-25,P035,15,405.58
SO13929,2024-07-23,P016,17,747.5
SO13930,2024-08-27,P017,7,27.77
SO13931,2023-07-29,P008,13,39.66
SO13932,2024-07-27,P083,7,170.18
SO13933,2024-02-21,P020,19,90.84
SO13934,2024-09-05,P068,14,143.33
SO13935,2024-10-30,P068,4,196.82
SO13936,2023-03-30,P039,18,33.85
SO13937,2024-02-16,P052,15,47.54
SO13938,2023-09-16,P042,1,228.59
SO13939,2023-10-09,P065,27,202.94
SO13940,2024-02-16,P077,8,101.39
SO13941,2023-11-22,P098,26,510.18
SO13942,2023-11-01,P042,27,173.83
SO13943,2023-03-03,P100,18,134.65
SO13944,2024-03-27,P041,2,50.55
SO13945,2024-11-03,P025,28,104.54
SO13946,2023-12-11,P026,8,148.44
SO13947,2024-12-08,P058,23,69.13
SO13948,2024-09-27,P016,13,729.62
SO13949,2024-07-17,P003,5,169.42
SO13950,2023-06-27,P087,18,161.41
SO13951,2023-04-15,P036,2,216.34
SO13952,2023-05-11,P044,14,99.1
SO13953,2023-02-03,P099,9,1185.69
SO13954,2023-07-21,P037,12,81.96
SO13955,2023-04-27,P058,4,70.97
SO13956,2023-11-16,P005,27,130.57
SO13957,2023-03-03,P055,4,240.3
SO13958,2023-04-23,P020,15,66.25
SO13959,2023-11-14,P094,9,153.06
SO13960,2024-09-07,P038,10,121.58
SO13961,2023-09-03,P084,3,128.36
SO13962,2023-07-27,P087,15,172.14
SO13963,2023-05-21,P030,15,113.77
SO13964,2023-06-18,P003,16,165.33
SO13965,2023-05-21,P064,4,209.83
SO13966,2024-08-20,P047,16,77.36
SO13967,2023-06-13,P068,10,122.96
SO13968,2023-07-30,P077,12,107.83
SO13969,2023-02-01,P051,7,48.49
SO13970,2023-05-18,P041,6,48.16
SO13971,2024-06-27,P075,5,97.99
SO13972,2023-11-26,P044,13,68.19
SO13973,2024-06-17,P045,7,50.86
SO13974,2023-04-24,P092,19,150.59
SO13975,2023-05-02,P019,4,245.12
SO13976,2023-01-13,P047,6,89.17
SO13977,2023-04-18,P086,10,694.89
SO13978,2024-06-23,P099,16,1261.17
SO13979,2024-03-21,P094,17,243.57
SO13980,2023-03-21,P039,14,41.65
SO13981,2024-11-14,P080,4,16.04
SO13982,2024-02-03,P010,12,71.23
SO13983,2024-10-19,P020,9,98.32
SO13984,2024-02-17,P092,3,176.63
SO13985,2024-10-13,P009,20,176.0
SO13986,2024-02-12,P077,8,102.12
SO13987,2023-06-12,P031,4,42.47
SO13988,2023-06-14,P067,11,33.53
SO13989,2023-06-19,P072,15,170.02
SO13990,2023-08-17,P016,16,644.57
SO13991,2024-05-01,P030,5,132.37
SO13992,2023-12-28,P092,1,112.82
SO13993,2024-12-06,P086,8,1036.76
SO13994,2024-03-21,P089,9,82.68
SO13995,2024-07-02,P074,15,99.62
SO13996,2024-02-10,P035,7,387.98
SO13997,2024-10-04,P029,10,1016.63
SO13998,2023-02-28,P011,7,222.64
SO13999,2023-01-31,P095,16,69.43
SO14000,2023-04-20,P056,1,187.08
SO14001,2023-03-27,P094,4,241.98
SO14002,2023-09-28,P046,2,34.85
SO14003,2023-05-29,P090,5,106.02
SO14004,2023-08-30,P016,10,764.31
SO14005,2023-09-29,P006,7,201.49
SO14006,2023-11-13,P095,6,94.47
SO14007,2023-09-27,P041,2,35.67
SO14008,2023-10-07,P049,18,122.36
SO14009,2023-09-13,P068,9,195.94
SO14010,2024-09-06,P082,4,150.57
SO14011,2024-11-23,P042,5,256.03
SO14012,2024-01-15,P045,10,42.49
SO14013,2024-08-31,P091,17,1253.51
SO14014,2024-04-25,P026,2,161.03
SO14015,2024-04-12,P020,13,99.94
SO14016,2024-10-31,P096,4,139.49
SO14017,2023-08-03,P026,15,126.88
SO14018,2024-09-28,P038,5,98.5
SO14019,2024-02-02,P025,4,74.61
SO14020,2023-12-25,P031,14,50.94
SO14021,2024-04-13,P002,15,132.84
SO14022,2024-09-07,P052,17,85.55
SO14023,2023-11-06,P040,12,616.08
SO14024,2023-06-01,P061,14,83.15
SO14025,2023-09-26,P053,6,25.55
SO14026,2024-03-23,P012,5,74.09
SO14027,2023-08-06,P028,18,22.64
SO14028,2024-10-29,P091,13,907.52
SO14029,2024-11-04,P008,28,42.42
SO14030,2024-09-05,P041,16,35.87
SO14031,2024-07-13,P077,2,131.73
SO14032,2023-02-05,P081,5,142.11
SO14033,2024-03-09,P027,11,147.58
SO14034,2024-08-17,P094,13,251.37
SO14035,2023-11-04,P019,24,174.7
SO14036,2024-06-26,P011,9,159.97
SO14037,2024-05-14,P057,14,190.39
SO14038,2023-06-21,P041,15,42.38
SO14039,2024-07-18,P085,8,225.59
SO14040,2023-05-13,P079,11,14.96
SO14041,2024-06-17,P081,19,112.22
SO14042,2024-08-28,P065,5,229.8
SO14043,2024-01-07,P026,17,136.64
SO14044,2024-09-29,P081,19,125.11
SO14045,2024-08-30,P007,5,998.89
SO14046,2024-06-05,P055,6,215.84
SO14047,2023-01-25,P094,13,246.45
SO14048,2023-07-03,P039,9,33.01
SO14049,2024-11-30,P082,22,120.52
SO14050,2024-01-08,P086,11,979.42
SO14051,2023-09-19,P074,12,134.11
SO14052,2024-12-03,P006,18,200.33
SO14053,2024-02-09,P084,10,186.44
SO14054,2024-09-06,P066,4,187.2
SO14055,2024-11-25,P032,1,116.37
SO14056,2024-03-07,P077,7,116.5
SO14057,2024-05-12,P049,15,122.49
SO14058,2023-09-06,P003,19,176.36
SO14059,2024-09-01,P080,7,16.36
SO14060,2024-02-27,P003,2,146.0
SO14061,2024-06-02,P027,4,185.57
SO14062,2024-02-02,P077,9,182.67
SO14063,2023-08-23,P027,17,131.41
SO14064,2023-05-05,P055,14,230.71
SO14065,2023-12-15,P060,6,187.5
SO14066,2023-11-08,P076,17,116.23
SO14067,2023-07-02,P011,11,228.96
SO14068,2024-12-19,P085,26,203.47
SO14069,2024-09-02,P016,9,1057.41
SO14070,2024-07-18,P019,9,161.02
SO14071,2024-02-25,P072,13,173.03
SO14072,2023-02-19,P040,11,351.52
SO14073,2023-11-07,P050,11,64.47
SO14074,2024-07-21,P054,1,117.89
SO14075,2023-11-18,P015,24,31.26
SO14076,2023-11-04,P036,33,120.62
SO14077,2024-05-03,P011,8,204.42
SO14078,2023-10-15,P076,26,168.19
SO14079,2024-11-19,P019,12,180.49
SO14080,2023-12-08,P083,8,139.86
SO14081,2023-10-15,P064,31,147.56
SO14082,2023-02-18,P006,16,168.1
SO14083,2023-03-22,P043,7,97.48
SO14084,2023-08-17,P052,3,55.97
SO14085,2024-08-10,P079,6,14.38
SO14086,2023-01-19,P095,19,102.13
SO14087,2024-12-30,P085,6,219.16
SO14088,2023-03-02,P038,14,167.85
SO14089,2023-06-11,P041,9,47.77
SO14090,2024-03-28,P039,17,41.04
SO14091,2023-06-21,P005,7,129.81
SO14092,2024-02-07,P053,9,21.58
SO14093,2024-01-12,P070,15,206.62
SO14094,2023-08-13,P016,3,1168.98
SO14095,2023-11-11,P080,4,25.29
SO14096,2023-05-01,P083,15,142.75
SO14097,2023-02-25,P056,1,171.0
SO14098,2023-06-25,P097,8,16.83
SO14099,2024-07-17,P060,16,108.8
SO14100,2023-08-14,P039,15,49.85
SO14101,2023-09-22,P085,11,239.93
SO14102,2023-03-13,P017,12,27.3
SO14103,2023-10-11,P004,14,52.64
SO14104,2023-03-04,P039,1,43.19
SO14105,2023-10-19,P053,4,27.77
SO14106,2024-07-17,P092,18,145.51
SO14107,2024-03-09,P026,4,134.13
SO14108,2023-03-09,P030,1,131.68
SO14109,2024-10-11,P045,18,42.69
SO14110,2023-06-11,P075,11,121.95
SO14111,2023-12-05,P001,2,79.86
SO14112,2023-06-16,P006,3,183.13
SO14113,2024-08-23,P055,10,244.23
SO14114,2023-12-05,P020,6,81.38
SO14115,2024-08-08,P016,3,1055.37
SO14116,2024-12-09,P082,27,172.81
SO14117,2024-01-12,P013,16,15.59
SO14118,2024-05-30,P082,13,159.71
SO14119,2023-01-29,P006,13,131.85
SO14120,2023-03-11,P038,15,109.2
SO14121,2024-05-25,P041,17,42.66
SO14122,2023-09-03,P062,17,76.45
SO14123,2023-01-17,P065,15,120.89
SO14124,2023-05-10,P073,4,129.02
SO14125,2023-10-30,P045,11,44.38
SO14126,2023-04-13,P075,17,146.17
SO14127,2024-11-30,P075,20,86.17
SO14128,2024-07-17,P006,17,213.91
SO14129,2023-05-11,P084,5,178.24
SO14130,2023-05-15,P070,2,127.48
SO14131,2023-06-30,P009,4,138.19
SO14132,2024-11-17,P042,30,156.63
SO14133,2024-06-10,P087,18,257.82
SO14134,2024-06-16,P093,19,203.0
SO14135,2023-06-11,P009,9,152.57
SO14136,2024-08-10,P060,1,154.58
SO14137,2023-09-15,P089,1,74.36
SO14138,2023-04-12,P046,19,19.41
SO14139,2023-08-01,P093,18,209.03
SO14140,2024-11-13,P050,28,42.42
SO14141,2024-10-18,P027,18,142.68
SO14142,2024-05-19,P026,19,123.39
SO14143,2023-08-16,P019,4,260.29
SO14144,2023-11-21,P030,3,192.98
SO14145,2024-08-06,P024,3,106.77
SO14146,2024-04-25,P069,6,176.95
SO14147,2024-08-25,P073,14,156.54
SO14148,2024-07-06,P004,19,46.77
SO14149,2024-10-16,P052,15,45.21
SO14150,2024-10-03,P014,10,320.93
SO14151,2024-03-16,P082,12,105.16
SO14152,2024-02-19,P026,16,115.18
SO14153,2024-06-02,P034,17,63.83
SO14154,2024-01-19,P034,19,63.12
SO14155,2023-12-25,P026,23,83.98
SO14156,2023-12-08,P006,14,209.61
SO14157,2023-06-17,P031,7,48.67
SO14158,2024-07-23,P014,8,532.74
SO14159,2023-04-28,P049,3,76.5
SO14160,2024-02-03,P047,1,66.9
SO14161,2023-08-09,P088,4,184.48
SO14162,2024-05-05,P018,6,30.77
SO14163,2024-04-21,P025,19,125.65
SO14164,2023-12-08,P087,11,266.46
SO14165,2023-03-25,P091,12,818.06
SO14166,2024-04-29,P059,6,70.97
SO14167,2024-07-27,P060,16,143.26
SO14168,2023-11-03,P032,6,111.0
SO14169,2024-08-26,P006,13,169.5
SO14170,2024-11-12,P027,21,217.15
SO14171,2024-01-09,P026,10,160.35
SO14172,2024-08-11,P034,3,74.38
SO14173,2024-08-31,P088,3,153.22
SO14174,2024-04-22,P058,16,75.34
SO14175,2023-03-25,P071,12,18.21
SO14176,2023-05-31,P003,6,206.72
SO14177,2024-11-20,P068,6,108.1
SO14178,2023-01-10,P024,19,113.33
SO14179,2024-04-25,P059,5,109.93
SO14180,2023-12-08,P011,33,204.21
SO14181,2023-02-14,P017,14,15.97
SO14182,2024-06-24,P040,18,626.78
SO14183,2024-06-04,P071,10,11.84
SO14184,2023-05-12,P029,9,1054.02
SO14185,2023-11-27,P058,6,68.63
SO14186,2024-12-11,P065,5,124.89
SO14187,2023-04-27,P007,8,1392.77
SO14188,2024-04-06,P009,11,185.19
SO14189,2023-07-14,P073,19,144.76
SO14190,2024-08-21,P065,11,148.47
SO14191,2024-06-04,P007,6,953.15
SO14192,2023-07-11,P002,1,88.45
SO14193,2024-01-31,P074,6,109.12
SO14194,2024-05-02,P085,7,186.64
SO14195,2024-09-05,P073,17,144.33
SO14196,2023-12-20,P087,9,270.92
SO14197,2023-07-29,P094,12,226.16
SO14198,2024-07-31,P096,3,226.91
SO14199,2023-05-19,P002,6,142.69
SO14200,2024-09-19,P088,3,118.52
SO14201,2023-11-11,P091,31,1152.93
SO14202,2023-12-27,P030,5,120.58
SO14203,2023-06-20,P067,1,40.35
SO14204,2024-10-19,P059,14,71.48
SO14205,2024-01-02,P051,9,71.45
SO14206,2024-04-17,P004,17,43.32
SO14207,2024-05-16,P087,10,226.67
SO14208,2023-08-22,P013,4,14.52
SO14209,2024-03-26,P019,6,135.88
SO14210,2024-06-22,P041,2,56.87
SO14211,2023-07-02,P059,14,94.18
SO14212,2023-04-22,P054,2,96.89
SO14213,2023-04-25,P068,13,182.8
SO14214,2024-06-06,P073,2,154.64
SO14215,2023-06-07,P098,17,313.13
SO14216,2023-02-08,P082,7,156.37
SO14217,2023-05-12,P058,2,60.55
SO14218,2023-07-20,P047,10,69.66
SO14219,2023-01-07,P096,8,135.54
SO14220,2023-12-16,P047,22,76.69
SO14221,2023-03-17,P041,5,30.38
SO14222,2024-05-27,P023,14,32.06
SO14223,2024-12-20,P048,3,134.67
SO14224,2023-03-26,P077,1,153.85
SO14225,2023-04-13,P094,10,138.97
SO14226,2023-01-05,P001,5,68.93
SO14227,2023-03-26,P080,4,22.51
SO14228,2023-11-21,P035,1,367.65
SO14229,2024-10-17,P051,15,84.0
SO14230,2023-06-07,P003,19,180.8
SO14231,2024-11-08,P018,18,47.54
SO14232,2024-12-04,P061,18,90.05
SO14233,2023-05-14,P005,14,112.39
SO14234,2023-10-19,P040,7,605.49
SO14235,2024-03-18,P024,19,100.57
SO14236,2024-03-29,P089,17,43.07
SO14237,2023-08-03,P048,3,147.82
SO14238,2024-10-20,P039,16,36.12
SO14239,2023-07-02,P019,16,178.04
SO14240,2023-04-15,P054,15,121.44
SO14241,2023-08-16,P070,14,123.98
SO14242,2024-06-26,P005,3,148.67
SO14243,2023-11-09,P053,17,30.3
SO14244,2023-10-11,P069,7,213.15
SO14245,2024-08-28,P084,7,200.45
SO14246,2023-03-23,P075,14,134.91
SO14247,2023-08-17,P036,3,190.05
SO14248,2023-10-19,P027,1,235.37
SO14249,2023-04-17,P097,3,22.66
SO14250,2023-10-25,P018,4,56.35
SO14251,2024-08-31,P033,17,81.93
SO14252,2024-07-20,P015,10,47.3
SO14253,2023-08-21,P083,9,172.1
SO14254,2024-08-29,P093,15,173.02
SO14255,2023-12-03,P006,19,181.14
SO14256,2023-11-03,P019,1,252.9
SO14257,2024-03-09,P034,7,51.5
SO14258,2023-07-13,P018,10,42.99
SO14259,2024-09-14,P061,2,61.28
SO14260,2024-10-22,P075,29,133.81
SO14261,2024-12-14,P009,18,128.0
SO14262,2024-12-29,P016,24,723.32
SO14263,2023-04-07,P071,9,13.48
SO14264,2024-08-01,P086,14,710.72
SO14265,2023-04-21,P023,1,35.51
SO14266,2024-07-14,P048,9,135.42
SO14267,2024-12-28,P035,6,427.74
SO14268,2024-09-19,P043,8,93.8
SO14269,2024-11-19,P097,21,18.95
SO14270,2024-03-25,P007,8,983.27
SO14271,2024-02-18,P025,11,125.57
SO14272,2024-06-30,P049,10,77.9
SO14273,2024-09-05,P018,18,39.01
SO14274,2024-11-01,P078,6,253.5
SO14275,2024-04-20,P073,12,106.47
SO14276,2024-04-19,P050,14,57.75
SO14277,2024-07-17,P091,14,951.4
SO14278,2024-08-02,P083,19,160.5
SO14279,2023-12-15,P054,3,114.91
SO14280,2024-09-03,P096,3,214.64
SO14281,2024-03-13,P038,16,150.77
SO14282,2023-04-11,P047,7,52.18
SO14283,2024-02-09,P028,5,34.97
SO14284,2024-08-04,P065,8,190.81
SO14285,2023-01-15,P096,18,177.5
SO14286,2024-03-25,P002,13,118.03
SO14287,2024-04-24,P050,13,49.33
SO14288,2023-05-15,P014,4,578.01
SO14289,2024-01-20,P032,2,99.87
SO14290,2024-09-26,P024,11,75.58
SO14291,2024-12-11,P006,3,208.52
SO14292,2023-05-03,P044,19,108.04
SO14293,2023-12-17,P021,25,139.54
SO14294,2024-05-22,P098,2,527.32
SO14295,2024-09-30,P097,14,22.68
SO14296,2023-08-29,P035,1,288.68
SO14297,2024-04-22,P010,10,46.64
SO14298,2023-03-27,P097,13,18.97
SO14299,2024-11-02,P016,5,1085.83
SO14300,2024-07-27,P066,14,156.52
SO14301,2023-10-08,P075,30,140.34
SO14302,2024-08-04,P043,9,100.72
SO14303,2023-12-16,P094,20,179.45
SO14304,2023-04-29,P094,3,205.35
SO14305,2023-11-24,P044,11,104.56
SO14306,2023-07-27,P084,4,122.07
SO14307,2023-04-15,P082,10,170.5
SO14308,2023-07-25,P052,12,60.46
SO14309,2024-11-10,P091,16,1306.68
SO14310,2023-08-10,P014,8,412.7
SO14311,2023-04-23,P029,15,886.14
SO14312,2024-07-19,P084,15,125.57
SO14313,2024-12-20,P040,3,404.67
SO14314,2023-04-27,P066,13,138.38
SO14315,2023-03-25,P030,8,186.56
SO14316,2023-09-17,P068,7,156.95
SO14317,2023-08-15,P087,7,214.83
SO14318,2024-09-27,P091,6,1425.45
SO14319,2024-08-29,P076,3,202.83
SO14320,2023-10-01,P016,17,1066.74
SO14321,2024-06-11,P048,18,88.02
SO14322,2023-04-23,P066,1,128.81
SO14323,2023-07-23,P017,15,30.06
SO14324,2023-05-26,P041,6,55.48
SO14325,2024-10-30,P024,28,93.84
SO14326,2024-12-16,P046,9,34.18
SO14327,2023-10-17,P073,9,158.73
SO14328,2023-01-08,P059,16,116.4
SO14329,2024-06-30,P097,11,20.8
SO14330,2023-12-16,P032,7,70.74
SO14331,2024-01-14,P075,15,110.73
SO14332,2023-03-30,P086,6,1200.85
SO14333,2024-01-09,P042,13,136.91
SO14334,2024-05-23,P023,1,33.6
SO14335,2024-06-07,P025,11,126.6
SO14336,2023-06-07,P016,6,778.22
SO14337,2024-09-16,P095,1,68.59
SO14338,2024-09-14,P026,8,139.9
SO14339,2024-08-07,P080,11,24.4
SO14340,2024-05-28,P092,7,180.62
SO14341,2023-12-04,P082,32,138.91
SO14342,2023-08-01,P013,12,12.13
SO14343,2023-05-18,P089,5,75.3
SO14344,2024-09-18,P004,13,44.25
SO14345,2023-04-08,P001,7,54.83
SO14346,2023-02-22,P012,8,85.32
SO14347,2023-06-23,P072,13,232.58
SO14348,2023-03-01,P068,8,106.85
SO14349,2024-02-11,P008,13,62.62
SO14350,2024-02-06,P093,13,136.74
SO14351,2024-01-05,P069,14,172.59
SO14352,2023-06-05,P047,1,86.23
SO14353,2023-07-22,P001,6,54.9
SO14354,2024-01-13,P077,17,122.18
SO14355,2024-03-06,P082,19,152.4
SO14356,2024-02-02,P074,3,86.4
SO14357,2023-06-26,P037,7,83.08
SO14358,2024-04-24,P019,11,218.78
SO14359,2024-06-20,P035,4,400.87
SO14360,2024-02-25,P045,18,51.09
SO14361,2024-11-23,P019,3,238.3
SO14362,2023-10-20,P027,7,171.72
SO14363,2024-09-17,P078,18,210.71
SO14364,2023-05-20,P006,14,178.81
SO14365,2023-01-13,P003,9,182.09
SO14366,2024-01-16,P055,18,198.29
SO14367,2024-06-17,P078,10,257.77
SO14368,2024-01-19,P012,1,62.79
SO14369,2023-08-18,P070,1,136.97
SO14370,2023-09-14,P046,6,30.25
SO14371,2024-07-23,P068,13,158.95
SO14372,2023-12-11,P069,13,197.51
SO14373,2023-07-30,P068,12,138.36
SO14374,2023-11-15,P025,26,114.27
SO14375,2023-05-04,P031,4,55.39
SO14376,2023-06-23,P041,14,50.91
SO14377,2023-12-13,P041,11,31.37
SO14378,2024-08-11,P071,2,18.27
SO14379,2024-12-12,P046,26,33.04
SO14380,2024-10-23,P089,15,51.81
SO14381,2024-12-14,P069,14,174.75
SO14382,2024-04-18,P037,1,88.4
SO14383,2024-10-17,P074,6,87.67
SO14384,2023-11-16,P046,27,29.58
SO14385,2024-12-20,P043,1,99.56
SO14386,2023-04-21,P052,9,65.89
SO14387,2024-03-10,P029,19,947.54
SO14388,2023-11-25,P023,5,20.43
SO14389,2023-05-28,P012,1,117.17
SO14390,2023-05-13,P072,11,251.83
SO14391,2024-06-25,P100,7,139.24
SO14392,2023-07-15,P042,8,197.61
SO14393,2024-07-27,P079,6,18.99
SO14394,2023-10-03,P038,37,139.2
SO14395,2024-09-15,P030,13,124.6
SO14396,2023-03-09,P022,19,165.0
SO14397,2024-04-16,P098,13,313.17
SO14398,2023-10-01,P057,16,178.3
SO14399,2024-06-12,P064,5,159.54
SO14400,2023-06-27,P028,11,36.75
SO14401,2024-01-07,P050,11,36.82
SO14402,2023-02-18,P034,9,54.72
SO14403,2024-10-16,P050,12,38.28
SO14404,2023-02-17,P069,12,190.46
SO14405,2024-11-10,P092,4,101.09
SO14406,2024-02-18,P035,12,378.82
SO14407,2024-08-21,P058,1,106.32
SO14408,2024-03-28,P079,3,25.26
SO14409,2023-08-27,P055,7,158.98
SO14410,2024-01-07,P035,15,417.1
SO14411,2024-06-06,P065,7,130.33
SO14412,2023-12-27,P088,34,135.4
SO14413,2024-05-24,P010,18,62.89
SO14414,2024-07-24,P027,16,160.68
SO14415,2023-03-15,P042,9,136.49
SO14416,2023-06-04,P082,4,105.04
SO14417,2024-04-06,P040,10,500.92
SO14418,2023-11-23,P030,13,173.31
SO14419,2024-05-03,P021,17,125.35
SO14420,2023-02-08,P072,9,236.13
SO14421,2023-05-27,P047,6,70.92
SO14422,2024-02-02,P008,15,50.73
SO14423,2024-05-09,P056,6,136.03
SO14424,2023-09-11,P044,10,65.42
SO14425,2024-10-04,P091,20,916.16
SO14426,2024-02-20,P046,8,32.6
SO14427,2024-10-28,P094,27,260.17
SO14428,2023-09-24,P005,5,150.03
SO14429,2024-07-15,P062,19,76.66
SO14430,2023-06-14,P015,18,42.38
SO14431,2023-12-13,P065,16,220.55
SO14432,2023-10-26,P051,20,50.43
SO14433,2024-04-08,P033,5,85.31
SO14434,2023-09-01,P021,16,155.44
SO14435,2024-04-04,P100,11,96.9
SO14436,2023-01-09,P083,2,150.31
SO14437,2023-07-04,P036,11,125.57
SO14438,2023-11-27,P051,3,87.28
SO14439,2023-03-29,P001,4,62.43
SO14440,2024-08-13,P098,6,418.51
SO14441,2024-11-11,P004,19,53.7
SO14442,2023-06-02,P023,7,35.9
SO14443,2023-03-03,P056,18,194.88
SO14444,2024-08-06,P062,13,58.55
SO14445,2023-03-29,P015,5,43.98
SO14446,2024-06-19,P016,19,1191.45
SO14447,2023-08-30,P030,6,103.53
SO14448,2024-09-07,P077,17,194.43
SO14449,2024-10-20,P011,27,226.09
SO14450,2024-12-26,P041,28,54.02
SO14451,2024-10-25,P002,19,103.3
SO14452,2023-11-29,P003,17,195.84
SO14453,2023-12-24,P008,3,71.5
SO14454,2023-02-18,P060,4,110.69
SO14455,2023-12-19,P025,1,134.07
SO14456,2024-09-05,P070,13,150.3
SO14457,2023-03-30,P072,17,217.34
SO14458,2024-09-21,P060,10,186.38
SO14459,2023-05-07,P063,3,42.76
SO14460,2023-02-01,P084,11,160.41
SO14461,2023-05-14,P013,14,14.09
SO14462,2024-08-28,P030,3,156.19
SO14463,2023-05-14,P028,13,33.15
SO14464,2024-09-19,P085,6,241.24
SO14465,2023-03-22,P008,7,65.41
SO14466,2023-03-02,P025,1,113.86
SO14467,2024-05-23,P036,5,192.26
SO14468,2024-03-15,P082,17,142.41
SO14469,2024-03-08,P077,9,106.87
SO14470,2024-10-12,P017,16,15.95
SO14471,2023-02-21,P023,12,30.92
SO14472,2023-06-17,P005,3,143.06
SO14473,2024-08-20,P063,9,62.65
SO14474,2023-06-03,P032,1,109.88
SO14475,2023-12-25,P049,25,121.97
SO14476,2023-11-20,P006,18,193.4
SO14477,2024-05-17,P034,12,65.33
SO14478,2023-09-16,P053,2,24.01
SO14479,2023-04-25,P011,12,209.1
SO14480,2024-06-19,P080,16,19.9
SO14481,2023-08-15,P045,15,52.13
SO14482,2024-06-06,P057,10,201.75
SO14483,2024-09-23,P084,1,125.96
SO14484,2023-08-28,P025,1,100.35
SO14485,2024-01-18,P049,3,109.74
SO14486,2023-06-13,P051,8,84.85
SO14487,2023-05-02,P098,18,332.8
SO14488,2023-01-29,P068,15,124.67
SO14489,2024-08-26,P078,6,234.49
SO14490,2023-10-21,P029,11,822.43
SO14491,2023-03-31,P061,1,87.16
SO14492,2023-03-05,P055,11,149.92
SO14493,2024-12-27,P085,24,164.5
SO14494,2024-12-05,P060,20,110.48
SO14495,2023-01-05,P038,19,118.62
SO14496,2024-02-18,P093,18,135.4
SO14497,2023-03-20,P062,17,67.44
SO14498,2024-10-14,P084,26,143.69
SO14499,2023-01-22,P099,12,1040.63
SO14500,2024-02-01,P033,9,56.48
SO14501,2023-02-15,P047,10,83.81
SO14502,2024-06-01,P097,8,25.78
SO14503,2024-08-06,P053,15,22.02
SO14504,2024-05-25,P020,18,80.84
SO14505,2024-07-03,P068,4,166.96
SO14506,2023-01-20,P004,6,76.06
SO14507,2024-10-13,P062,13,52.34
SO14508,2023-07-26,P046,6,22.19
SO14509,2024-03-26,P019,8,181.03
SO14510,2024-03-04,P058,2,57.74
SO14511,2023-08-31,P042,3,177.34
SO14512,2024-10-17,P095,23,83.79
SO14513,2023-09-08,P030,5,174.97
SO14514,2024-04-09,P046,16,31.68
SO14515,2023-04-06,P073,7,155.94
SO14516,2023-12-10,P037,7,49.79
SO14517,2023-08-15,P056,17,207.19
SO14518,2024-05-31,P097,15,17.08
SO14519,2024-11-19,P017,15,30.03
SO14520,2023-12-16,P097,11,27.08
SO14521,2024-12-29,P052,12,78.71
SO14522,2024-12-29,P086,6,1130.84
SO14523,2023-08-27,P021,5,87.9
SO14524,2023-10-09,P029,6,586.03
SO14525,2024-05-17,P093,11,130.96
SO14526,2024-12-24,P007,29,861.37
SO14527,2023-10-11,P006,26,218.2
SO14528,2023-10-16,P001,17,65.06
SO14529,2023-10-30,P062,16,78.41
SO14530,2024-04-18,P100,16,107.65
SO14531,2023-07-04,P024,7,119.91
SO14532,2023-07-11,P065,16,178.12
SO14533,2023-08-15,P091,17,1202.97
SO14534,2024-09-21,P040,17,625.97
SO14535,2023-08-11,P100,10,130.47
SO14536,2024-12-20,P081,25,121.1
SO14537,2024-03-07,P003,3,140.33
SO14538,2023-03-08,P069,8,215.35
SO14539,2023-11-14,P048,15,139.37
SO14540,2024-06-30,P083,6,142.61
SO14541,2024-05-02,P048,4,81.51
SO14542,2023-04-01,P017,4,29.69
SO14543,2023-02-26,P015,15,45.81
SO14544,2024-11-23,P049,20,128.66
SO14545,2024-05-20,P098,5,344.14
SO14546,2024-03-28,P064,18,174.76
SO14547,2023-09-06,P024,19,81.8
SO14548,2024-10-23,P025,27,92.24
SO14549,2024-01-18,P080,2,24.6
SO14550,2023-01-15,P012,11,122.16
SO14551,2023-04-30,P060,8,148.63
SO14552,2023-05-01,P016,3,862.02
SO14553,2024-03-12,P027,6,234.65
SO14554,2024-11-09,P013,1,22.18
SO14555,2024-10-08,P058,32,90.9
SO14556,2023-06-19,P010,15,51.92
SO14557,2023-05-19,P086,5,1110.4
SO14558,2023-11-06,P024,32,84.38
SO14559,2024-02-17,P013,10,23.02
SO14560,2024-08-08,P012,18,63.84
SO14561,2023-12-12,P096,6,184.22
SO14562,2023-08-22,P088,15,182.78
SO14563,2023-12-22,P096,9,218.54
SO14564,2024-02-11,P047,14,63.45
SO14565,2024-12-23,P010,7,48.41
SO14566,2024-04-26,P068,3,180.58
SO14567,2024-09-16,P098,9,385.93
SO14568,2024-03-08,P060,10,179.03
SO14569,2024-01-31,P035,11,504.14
SO14570,2024-05-15,P051,3,48.56
SO14571,2024-11-19,P061,28,73.96
SO14572,2023-04-30,P060,9,115.18
SO14573,2024-02-12,P092,19,162.5
SO14574,2023-10-23,P032,19,66.36
SO14575,2023-09-14,P021,18,149.38
SO14576,2024-02-29,P011,9,157.56
SO14577,2024-09-16,P020,2,114.09
SO14578,2024-03-07,P053,5,23.92
SO14579,2023-03-24,P024,15,115.65
SO14580,2024-01-07,P058,15,66.13
SO14581,2023-11-27,P022,8,202.53
SO14582,2023-12-18,P034,15,56.7
SO14583,2024-09-03,P055,15,240.17
SO14584,2023-01-25,P007,12,736.44
SO14585,2023-01-11,P076,15,158.63
SO14586,2024-12-07,P048,1,143.33
SO14587,2023-01-17,P037,4,64.1
SO14588,2023-03-16,P049,14,82.28
SO14589,2024-04-04,P008,2,76.89
SO14590,2024-10-24,P034,4,53.89
SO14591,2024-01-25,P085,14,250.08
SO14592,2024-08-09,P092,9,135.96
SO14593,2023-08-10,P073,8,137.31
SO14594,2024-02-06,P008,7,75.69
SO14595,2024-04-19,P024,3,107.27
SO14596,2023-08-23,P075,2,124.67
SO14597,2023-11-11,P073,28,195.3
SO14598,2024-11-09,P024,20,112.93
SO14599,2024-03-22,P069,9,144.74
SO14600,2024-02-29,P089,9,52.59
SO14601,2024-04-29,P072,18,282.66
SO14602,2023-08-02,P097,14,30.3
SO14603,2024-07-07,P097,16,16.22
SO14604,2024-02-26,P027,9,123.55
SO14605,2024-07-31,P038,17,127.35
SO14606,2023-05-31,P082,4,161.86
SO14607,2024-04-03,P091,12,1381.29
SO14608,2024-04-22,P095,19,107.55
SO14609,2024-12-24,P049,26,121.23
SO14610,2024-05-18,P009,9,120.45
SO14611,2024-06-23,P057,10,137.86
SO14612,2024-03-09,P042,2,226.16
SO14613,2024-06-20,P076,10,169.07
SO14614,2023-12-10,P013,29,13.2
SO14615,2023-09-19,P050,16,46.5
SO14616,2024-05-30,P039,12,38.64
SO14617,2023-02-12,P012,14,122.43
SO14618,2023-11-30,P016,13,915.57
SO14619,2023-12-25,P056,19,114.74
SO14620,2024-02-22,P014,17,406.57
SO14621,2024-10-22,P047,19,70.38
SO14622,2024-12-17,P072,5,278.48
SO14623,2024-03-25,P044,3,110.61
SO14624,2024-09-29,P082,12,159.3
SO14625,2024-09-29,P050,10,43.43
SO14626,2023-07-09,P068,8,127.91
SO14627,2023-07-20,P008,3,76.89
SO14628,2023-03-07,P018,15,57.18
SO14629,2023-12-25,P050,22,33.51
SO14630,2024-07-30,P009,12,112.5
SO14631,2024-02-21,P078,15,184.37
SO14632,2023-06-02,P068,11,189.02
SO14633,2024-07-06,P030,19,191.82
SO14634,2024-06-27,P078,8,233.28
SO14635,2024-02-27,P065,13,191.27
SO14636,2023-05-26,P081,12,144.21
SO14637,2023-03-10,P022,17,125.69
SO14638,2024-03-11,P023,18,23.12
SO14639,2023-11-04,P053,25,25.41
SO14640,2023-08-19,P068,4,108.56
SO14641,2024-01-14,P069,6,216.16
SO14642,2024-02-24,P086,10,802.66
SO14643,2024-05-05,P071,5,16.59
SO14644,2023-05-23,P037,4,88.72
SO14645,2024-05-23,P042,8,216.92
SO14646,2024-12-29,P068,6,197.91
SO14647,2024-10-27,P057,11,146.33
SO14648,2024-08-29,P028,8,33.39
SO14649,2023-06-13,P001,10,95.96
SO14650,2023-05-21,P037,14,77.12
SO14651,2024-03-04,P010,5,69.28
SO14652,2024-05-16,P043,10,100.06
SO14653,2023-01-19,P042,4,246.42
SO14654,2023-10-03,P094,17,237.55
SO14655,2024-01-18,P091,3,794.27
SO14656,2024-03-28,P095,6,106.87
SO14657,2024-12-15,P051,27,92.05
SO14658,2024-12-14,P053,9,32.01
SO14659,2023-08-21,P026,8,84.3
SO14660,2024-09-03,P057,2,119.33
SO14661,2023-02-01,P082,3,144.72
SO14662,2023-07-19,P077,4,183.73
SO14663,2023-04-20,P019,10,174.48
SO14664,2023-09-07,P046,5,29.89
SO14665,2023-11-07,P004,6,64.42
SO14666,2023-06-02,P020,1,73.72
SO14667,2023-03-13,P095,16,68.46
SO14668,2024-04-26,P088,18,198.41
SO14669,2023-08-11,P008,15,76.33
SO14670,2023-11-10,P100,6,105.66
SO14671,2024-01-05,P092,4,125.17
SO14672,2023-10-10,P083,1,90.21
SO14673,2023-05-24,P040,13,557.02
SO14674,2023-07-28,P097,15,16.16
SO14675,2024-08-20,P089,14,84.61
SO14676,2024-12-03,P082,27,102.72
SO14677,2024-02-28,P075,3,144.65
SO14678,2024-12-26,P097,26,20.58
SO14679,2024-03-17,P028,17,27.1
SO14680,2024-07-05,P052,16,81.76
SO14681,2023-07-15,P041,10,36.63
SO14682,2024-05-19,P001,7,51.68
SO14683,2024-02-24,P079,14,19.52
SO14684,2024-07-06,P054,12,116.19
SO14685,2023-02-17,P069,12,134.18
SO14686,2024-09-03,P082,2,108.39
SO14687,2023-02-07,P055,15,146.55
SO14688,2024-09-08,P049,6,112.41
SO14689,2023-09-25,P067,17,43.5
SO14690,2024-11-21,P044,25,78.89
SO14691,2023-08-28,P070,18,243.55
SO14692,2023-06-02,P030,4,105.46
SO14693,2023-06-18,P052,19,48.34
SO14694,2023-12-17,P046,30,32.69
SO14695,2023-06-04,P034,8,71.56
SO14696,2023-02-20,P075,1,130.47
SO14697,2024-06-13,P069,9,231.56
SO14698,2023-12-05,P090,5,82.4
SO14699,2023-07-12,P096,17,147.73
SO14700,2024-02-23,P031,13,54.33
SO14701,2023-09-03,P037,1,52.65
SO14702,2024-04-29,P041,7,43.46
SO14703,2023-10-17,P092,6,182.03
SO14704,2023-08-03,P088,3,148.8
SO14705,2023-06-18,P036,9,122.28
SO14706,2023-07-20,P045,11,48.49
SO14707,2023-12-24,P011,9,181.34
SO14708,2023-10-12,P045,5,59.78
SO14709,2024-02-09,P041,3,32.22
SO14710,2023-07-28,P034,1,78.75
SO14711,2024-06-03,P075,9,110.87
SO14712,2024-06-25,P020,6,80.4
SO14713,2023-04-04,P066,15,102.39
SO14714,2023-07-04,P008,10,56.99
SO14715,2023-12-14,P077,13,148.36
SO14716,2023-08-25,P071,3,22.09
SO14717,2024-10-11,P012,1,120.48
SO14718,2023-04-06,P085,6,206.5
SO14719,2023-02-16,P014,4,310.64
SO14720,2024-08-04,P098,14,474.28
SO14721,2023-04-03,P048,15,136.11
SO14722,2023-04-15,P061,6,95.34
SO14723,2023-03-03,P085,9,220.56
SO14724,2023-10-17,P020,5,73.87
SO14725,2023-11-25,P011,27,227.1
SO14726,2024-07-03,P072,17,227.82
SO14727,2024-12-22,P021,17,132.36
SO14728,2023-06-06,P059,1,103.05
SO14729,2024-10-27,P089,13,63.07
SO14730,2023-08-05,P011,9,167.14
SO14731,2023-01-22,P006,12,130.77
SO14732,2023-03-27,P081,13,188.77
SO14733,2024-11-26,P042,12,190.47
SO14734,2023-01-29,P030,12,184.08
SO14735,2023-02-13,P099,15,1141.92
SO14736,2023-08-27,P045,5,48.37
SO14737,2024-02-20,P059,16,114.05
SO14738,2024-10-02,P087,25,182.15
SO14739,2024-04-27,P004,5,54.66
SO14740,2023-02-04,P073,19,207.81
SO14741,2023-09-18,P070,15,123.43
SO14742,2024-11-21,P100,19,100.38
SO14743,2023-07-01,P047,19,89.2
SO14744,2024-07-28,P093,8,137.3
SO14745,2023-02-06,P052,1,76.89
SO14746,2024-06-24,P029,13,590.48
SO14747,2024-02-22,P015,14,52.47
SO14748,2024-07-19,P100,2,133.6
SO14749,2024-05-06,P037,19,57.74
SO14750,2024-08-02,P005,7,88.38
SO14751,2023-06-29,P021,15,96.5
SO14752,2023-01-23,P074,7,73.95
SO14753,2023-03-17,P093,15,153.39
SO14754,2023-01-16,P048,11,113.02
SO14755,2024-05-18,P060,11,130.12
SO14756,2023-06-10,P029,14,1027.13
SO14757,2024-02-12,P067,14,40.59
SO14758,2023-02-19,P063,3,50.63
SO14759,2023-06-14,P033,17,63.07
SO14760,2024-12-22,P004,25,55.64
SO14761,2023-04-29,P007,9,856.29
SO14762,2024-10-24,P033,22,73.57
SO14763,2023-12-30,P002,25,117.94
SO14764,2023-02-23,P100,9,113.8
SO14765,2023-05-27,P015,18,36.99
SO14766,2023-05-16,P054,8,141.17
SO14767,2024-04-29,P018,7,37.7
SO14768,2024-02-21,P073,2,129.54
SO14769,2024-10-05,P029,7,774.89
SO14770,2023-03-26,P067,8,33.64
SO14771,2024-07-03,P067,7,45.98
SO14772,2023-08-04,P009,15,170.81
SO14773,2024-11-11,P003,27,230.4
SO14774,2024-06-04,P055,3,258.19
SO14775,2023-07-01,P045,16,48.12
SO14776,2023-11-29,P014,14,297.58
SO14777,2024-03-17,P040,6,382.06
SO14778,2024-10-04,P025,7,96.83
SO14779,2023-04-24,P004,5,54.25
SO14780,2023-12-19,P008,2,46.3
SO14781,2024-12-15,P054,1,106.34
SO14782,2024-03-13,P029,10,690.42
SO14783,2024-11-23,P071,12,22.28
SO14784,2023-06-15,P038,6,96.82
SO14785,2024-05-16,P057,16,136.21
SO14786,2024-06-19,P020,9,69.97
SO14787,2023-09-24,P011,3,132.0
SO14788,2024-01-18,P007,18,1080.47
SO14789,2024-06-09,P098,15,416.28
SO14790,2023-11-19,P066,24,160.3
SO14791,2024-06-22,P058,18,103.22
SO14792,2024-04-28,P014,6,490.28
SO14793,2023-07-23,P093,3,189.7
SO14794,2024-07-29,P042,17,222.05
SO14795,2023-11-07,P032,3,114.46
SO14796,2023-04-06,P049,8,97.35
SO14797,2023-09-19,P010,19,66.8
SO14798,2023-09-14,P067,6,36.71
SO14799,2024-08-13,P076,6,198.02
SO14800,2024-10-27,P011,1,152.33
SO14801,2023-11-24,P026,10,92.46
SO14802,2024-05-09,P009,1,139.28
SO14803,2024-02-18,P092,3,179.14
SO14804,2023-01-25,P030,7,156.41
SO14805,2024-02-15,P093,2,136.21
SO14806,2023-10-29,P040,21,606.13
SO14807,2023-10-08,P095,24,77.72
SO14808,2024-12-01,P042,4,250.36
SO14809,2023-07-09,P092,1,154.31
SO14810,2023-10-24,P061,25,61.81
SO14811,2024-02-20,P072,13,194.02
SO14812,2024-04-21,P028,4,30.4
SO14813,2023-10-17,P003,15,195.21
SO14814,2024-09-16,P045,11,70.06
SO14815,2023-05-31,P047,3,61.36
SO14816,2024-02-25,P048,12,109.63
SO14817,2023-02-18,P094,19,241.7
SO14818,2023-04-21,P045,8,69.99
SO14819,2024-10-28,P029,20,968.02
SO14820,2023-08-03,P077,19,177.55
SO14821,2024-03-07,P055,17,211.59
SO14822,2024-02-01,P071,9,21.13
SO14823,2023-05-02,P043,4,70.89
SO14824,2024-03-30,P010,14,60.47
SO14825,2024-07-05,P014,3,330.56
SO14826,2023-04-03,P035,13,494.94
SO14827,2023-01-16,P094,19,200.11
SO14828,2023-01-27,P044,16,63.92
SO14829,2023-11-07,P079,26,22.02
SO14830,2024-06-07,P027,4,126.11
SO14831,2024-02-07,P040,4,616.88
SO14832,2024-02-03,P082,18,161.6
SO14833,2023-08-08,P077,7,184.29
SO14834,2023-11-28,P043,8,64.58
SO14835,2023-05-31,P042,4,209.66
SO14836,2023-11-30,P079,3,23.95
SO14837,2023-07-21,P010,6,77.67
SO14838,2023-06-28,P076,10,172.92
SO14839,2023-04-26,P011,5,218.75
SO14840,2023-09-21,P003,7,192.27
SO14841,2023-04-28,P099,10,766.69
SO14842,2023-05-29,P083,11,112.87
SO14843,2023-06-21,P099,12,783.11
SO14844,2024-10-22,P054,3,124.78
SO14845,2024-11-04,P022,15,172.5
SO14846,2023-06-12,P056,8,150.27
SO14847,2023-08-29,P035,3,293.97
SO14848,2023-07-05,P042,1,169.8
SO14849,2023-09-22,P034,15,53.34
SO14850,2023-07-26,P089,2,58.86
SO14851,2024-06-25,P099,8,816.5
SO14852,2023-10-20,P005,16,128.74
SO14853,2024-06-11,P063,16,47.13
SO14854,2024-09-07,P077,10,184.78
SO14855,2024-06-10,P071,17,22.37
SO14856,2023-11-03,P098,14,429.32
SO14857,2023-02-12,P071,10,15.77
SO14858,2024-02-09,P044,12,101.91
SO14859,2024-12-27,P060,17,185.45
SO14860,2024-10-25,P013,1,23.38
SO14861,2023-05-26,P048,16,127.8
SO14862,2023-07-14,P066,18,176.05
SO14863,2023-06-19,P053,12,20.1
SO14864,2023-11-12,P016,1,1222.94
SO14865,2023-09-02,P045,12,64.52
SO14866,2023-08-23,P050,9,64.55
SO14867,2023-05-04,P013,18,19.88
SO14868,2023-01-19,P088,8,159.75
SO14869,2024-07-22,P018,11,40.16
SO14870,2024-06-17,P032,15,114.17
SO14871,2023-11-01,P013,7,23.6
SO14872,2023-12-06,P039,35,47.79
SO14873,2024-08-17,P031,14,44.15
SO14874,2023-11-10,P034,5,74.93
SO14875,2023-08-13,P038,8,99.38
SO14876,2023-07-18,P027,12,235.31
SO14877,2024-01-24,P040,19,475.7
SO14878,2024-08-01,P092,1,175.87
SO14879,2023-04-13,P049,3,70.03
SO14880,2024-10-09,P016,9,704.73
SO14881,2024-12-24,P013,34,20.05
SO14882,2023-10-18,P095,20,71.02
SO14883,2023-04-15,P041,6,55.82
SO14884,2023-03-03,P027,19,132.14
SO14885,2024-06-09,P027,5,133.5
SO14886,2024-03-04,P067,16,36.73
SO14887,2024-04-21,P058,13,86.0
SO14888,2024-03-27,P057,13,145.17
SO14889,2024-11-21,P096,2,246.69
SO14890,2023-04-16,P075,2,93.91
SO14891,2023-04-16,P010,3,51.2
SO14892,2024-08-21,P032,12,63.62
SO14893,2023-06-18,P034,3,64.07
SO14894,2023-08-12,P049,17,118.08
SO14895,2024-02-12,P061,6,86.93
SO14896,2024-03-14,P052,6,56.43
SO14897,2024-08-15,P052,1,45.58
SO14898,2023-08-21,P028,15,38.49
SO14899,2023-10-19,P006,2,176.47
SO14900,2023-03-28,P013,4,14.98
SO14901,2024-12-30,P019,7,228.98
SO14902,2023-03-26,P014,3,312.3
SO14903,2023-08-21,P030,16,158.73
SO14904,2023-11-07,P014,19,543.63
SO14905,2023-06-20,P029,10,1051.85
SO14906,2023-04-04,P014,1,553.03
SO14907,2023-06-13,P029,3,746.63
SO14908,2023-10-25,P051,32,71.0
SO14909,2024-11-21,P052,18,72.01
SO14910,2023-10-17,P087,32,253.12
SO14911,2023-11-27,P062,19,85.58
SO14912,2024-12-19,P037,19,81.5
SO14913,2024-02-23,P074,5,97.25
SO14914,2024-01-09,P016,3,982.39
SO14915,2023-05-12,P067,4,28.7
SO14916,2024-01-20,P021,13,157.5
SO14917,2023-04-03,P054,15,100.63
SO14918,2023-07-23,P077,13,128.51
SO14919,2023-06-30,P080,6,19.83
SO14920,2024-02-19,P029,12,736.82
SO14921,2024-12-25,P027,6,169.3
SO14922,2023-01-27,P071,19,16.6
SO14923,2024-07-27,P025,17,75.32
SO14924,2024-06-05,P039,11,41.91
SO14925,2024-05-16,P026,2,163.95
SO14926,2023-08-09,P042,3,152.58
SO14927,2023-12-25,P013,18,16.81
SO14928,2023-01-24,P035,5,352.56
SO14929,2023-06-06,P061,8,86.67
SO14930,2023-06-25,P087,10,162.79
SO14931,2023-01-07,P008,14,50.69
SO14932,2023-11-28,P050,2,62.84
SO14933,2024-02-13,P022,3,190.55
SO14934,2024-04-26,P080,19,22.74
SO14935,2024-01-17,P040,17,414.68
SO14936,2023-09-14,P053,2,27.24
SO14937,2024-02-08,P081,12,114.82
SO14938,2024-11-04,P007,25,1055.85
SO14939,2023-05-25,P095,2,131.02
SO14940,2024-05-09,P046,8,30.81
SO14941,2024-12-31,P075,2,105.02
SO14942,2023-12-05,P043,20,97.73
SO14943,2024-02-12,P083,3,163.09
SO14944,2023-08-21,P031,14,44.69
SO14945,2023-11-01,P062,37,69.92
SO14946,2024-05-06,P010,13,53.06
SO14947,2024-01-18,P090,12,63.55
SO14948,2024-12-24,P060,1,171.97
SO14949,2024-02-18,P074,19,80.43
SO14950,2023-05-20,P049,6,87.02
SO14951,2024-02-14,P064,19,148.71
SO14952,2024-06-23,P094,13,253.32
SO14953,2023-05-23,P039,16,44.79
SO14954,2024-12-14,P030,14,139.76
SO14955,2023-06-15,P009,12,183.79
SO14956,2024-10-01,P089,34,51.63
SO14957,2023-02-08,P065,4,179.47
SO14958,2023-06-05,P080,8,25.21
SO14959,2023-03-21,P021,16,119.69
SO14960,2023-09-18,P006,16,150.28
SO14961,2023-08-14,P081,8,121.13
SO14962,2024-01-16,P036,13,166.59
SO14963,2024-11-29,P096,27,148.99
SO14964,2024-05-07,P043,14,55.09
SO14965,2023-04-27,P095,7,132.9
SO14966,2024-07-22,P057,16,162.97
SO14967,2023-03-12,P078,5,181.14
SO14968,2023-11-10,P087,2,232.58
SO14969,2024-12-20,P097,21,29.05
SO14970,2024-07-30,P018,15,35.16
SO14971,2023-10-18,P075,1,121.58
SO14972,2024-04-09,P096,14,165.58
SO14973,2023-03-31,P088,9,195.99
SO14974,2023-02-10,P007,18,1371.64
SO14975,2024-11-22,P001,14,52.89
SO14976,2023-06-27,P057,9,177.54
SO14977,2023-11-02,P099,24,799.33
SO14978,2024-04-03,P081,13,171.98
SO14979,2023-05-21,P013,3,20.21
SO14980,2023-02-07,P086,13,772.94
SO14981,2023-06-29,P018,13,52.68
SO14982,2024-12-15,P100,16,103.14
SO14983,2023-02-02,P066,11,161.25
SO14984,2023-04-30,P001,3,85.27
SO14985,2023-02-08,P040,19,523.79
SO14986,2023-03-08,P072,11,264.05
SO14987,2023-03-29,P049,8,89.12
SO14988,2024-12-10,P052,1,72.22
SO14989,2023-04-30,P075,14,84.64
SO14990,2024-08-18,P047,3,83.31
SO14991,2023-10-07,P090,13,111.52
SO14992,2024-11-14,P057,21,185.25
SO14993,2024-09-29,P068,4,127.21
SO14994,2024-03-10,P068,11,128.45
SO14995,2023-10-17,P020,23,80.37
SO14996,2023-10-27,P019,15,162.38
SO14997,2023-07-07,P003,16,160.14
SO14998,2024-11-27,P008,22,67.89
SO14999,2023-04-02,P069,10,186.4
SO15000,2023-12-08,P012,30,113.26
SO15001,2023-07-01,P092,8,187.89
SO15002,2024-09-14,P040,11,370.73
SO15003,2024-08-01,P028,7,33.3
SO15004,2023-02-18,P031,9,37.43
SO15005,2023-07-26,P065,18,213.31
SO15006,2023-11-16,P023,7,23.31
SO15007,2024-12-05,P066,26,132.99
SO15008,2024-05-28,P063,16,62.83
SO15009,2023-08-31,P094,7,251.41
SO15010,2024-05-07,P048,8,115.19
SO15011,2023-09-30,P025,10,124.85
SO15012,2023-04-18,P043,2,67.36
SO15013,2023-05-05,P082,17,119.42
SO15014,2024-08-03,P087,5,254.93
SO15015,2023-01-05,P073,1,115.85
SO15016,2024-04-03,P033,6,94.16
SO15017,2024-05-07,P074,11,103.02
SO15018,2023-06-04,P008,8,65.41
SO15019,2024-05-28,P040,14,398.98
SO15020,2023-06-19,P063,18,54.09
SO15021,2024-04-04,P026,18,103.78
SO15022,2023-02-27,P038,5,123.81
SO15023,2024-01-08,P073,11,177.74
SO15024,2023-01-24,P002,17,105.06
SO15025,2023-12-10,P020,28,89.07
SO15026,2024-12-03,P099,10,1011.6
SO15027,2024-10-17,P012,31,64.08
SO15028,2024-12-26,P090,4,70.46
SO15029,2023-07-07,P027,1,144.43
SO15030,2024-04-15,P063,7,48.22
SO15031,2023-04-26,P053,5,23.76
SO15032,2024-08-21,P007,12,1210.33
SO15033,2024-12-10,P013,14,14.79
SO15034,2024-12-25,P013,20,22.62
SO15035,2023-12-15,P038,20,135.93
SO15036,2024-03-03,P030,4,99.69
SO15037,2024-01-13,P024,5,128.2
SO15038,2024-12-04,P042,8,183.79
SO15039,2024-06-12,P072,14,159.07
SO15040,2024-02-02,P042,11,147.81
SO15041,2024-06-20,P092,1,179.9
SO15042,2023-05-22,P002,7,86.77
SO15043,2024-10-17,P083,22,96.65
SO15044,2024-09-26,P085,10,269.88
SO15045,2024-04-23,P070,17,147.59
SO15046,2023-10-25,P029,4,672.03
SO15047,2023-04-27,P014,16,345.38
SO15048,2024-12-19,P022,19,145.05
SO15049,2024-08-27,P030,16,195.05
SO15050,2023-01-20,P050,12,39.9
SO15051,2024-03-17,P034,17,68.52
SO15052,2024-04-07,P020,2,106.94
SO15053,2023-06-21,P015,19,50.59
SO15054,2024-12-04,P055,22,167.56
SO15055,2024-07-07,P084,19,111.31
SO15056,2024-01-22,P092,11,109.37
SO15057,2023-09-15,P067,10,55.11
SO15058,2024-01-22,P028,12,22.95
SO15059,2023-06-27,P002,15,163.95
SO15060,2024-03-27,P029,18,1099.13
SO15061,2024-07-13,P011,13,152.21
SO15062,2024-07-07,P041,9,50.57
SO15063,2024-07-09,P055,8,149.96
SO15064,2023-07-24,P032,11,76.77
SO15065,2024-04-08,P009,19,154.28
SO15066,2023-08-13,P002,7,113.9
SO15067,2023-01-30,P008,10,70.21
SO15068,2024-06-13,P032,5,72.75
SO15069,2024-11-12,P075,5,102.94
SO15070,2024-01-06,P046,19,30.93
SO15071,2024-09-03,P077,16,174.2
SO15072,2024-05-11,P055,4,207.19
SO15073,2023-09-02,P057,3,175.31
SO15074,2024-08-31,P067,13,53.86
SO15075,2024-05-02,P010,18,47.45
SO15076,2024-04-21,P012,16,71.23
SO15077,2023-09-07,P062,7,71.57
SO15078,2024-06-24,P072,16,227.82
SO15079,2023-11-12,P005,8,110.78
SO15080,2024-03-25,P020,4,76.01
SO15081,2024-06-16,P055,18,255.34
SO15082,2023-07-31,P099,7,1014.19
SO15083,2023-04-01,P041,8,32.09
SO15084,2023-12-19,P092,14,172.49
SO15085,2024-10-09,P044,5,106.13
SO15086,2024-03-05,P065,7,116.34
SO15087,2023-06-24,P013,11,15.97
SO15088,2023-01-21,P046,17,33.63
SO15089,2023-04-26,P073,10,146.33
SO15090,2024-12-14,P086,5,1090.89
SO15091,2023-04-14,P063,7,59.68
SO15092,2024-10-17,P050,24,47.25
SO15093,2023-05-20,P044,7,100.0
SO15094,2023-09-06,P008,19,75.02
SO15095,2023-07-29,P087,13,183.08
SO15096,2024-08-01,P086,1,978.06
SO15097,2024-11-10,P012,16,114.39
SO15098,2024-08-26,P015,16,49.11
SO15099,2024-07-29,P039,2,49.07
SO15100,2023-08-28,P016,16,651.7
SO15101,2023-11-03,P041,28,40.21
SO15102,2024-11-23,P028,8,31.96
SO15103,2023-02-27,P028,16,39.42
SO15104,2024-11-27,P097,21,17.16
SO15105,2024-07-11,P039,15,31.13
SO15106,2024-01-11,P077,11,172.77
SO15107,2024-12-25,P052,21,67.35
SO15108,2023-07-03,P046,3,26.31
SO15109,2024-02-10,P050,2,36.63
SO15110,2023-02-15,P064,18,181.02
SO15111,2024-10-21,P032,11,81.62
SO15112,2024-05-12,P072,8,149.12
SO15113,2024-09-05,P025,14,109.76
SO15114,2023-08-23,P007,11,1027.0
SO15115,2023-05-31,P032,10,114.01
SO15116,2023-07-04,P087,1,186.18
SO15117,2023-05-02,P006,13,130.19
SO15118,2023-07-22,P082,10,96.05
SO15119,2023-10-28,P048,10,124.68
SO15120,2024-12-19,P090,7,72.63
SO15121,2023-10-06,P035,1,380.94
SO15122,2024-07-13,P047,4,80.4
SO15123,2023-01-15,P038,15,120.2
SO15124,2023-09-18,P100,7,90.85
SO15125,2023-01-26,P069,15,234.98
SO15126,2023-03-25,P099,3,1244.58
SO15127,2023-12-05,P052,2,78.95
SO15128,2023-07-15,P073,13,181.54
SO15129,2024-12-15,P056,16,196.06
SO15130,2024-01-30,P069,19,219.64
SO15131,2024-09-09,P012,13,77.85
SO15132,2024-10-05,P012,7,87.13
SO15133,2024-12-19,P001,30,56.24
SO15134,2023-12-20,P058,23,98.7
SO15135,2023-12-22,P009,37,109.64
SO15136,2024-01-17,P039,6,52.14
SO15137,2023-07-24,P009,2,135.56
SO15138,2024-11-11,P049,5,122.05
SO15139,2023-07-13,P085,11,158.36
SO15140,2023-10-16,P092,1,121.22
SO15141,2023-07-25,P055,7,222.17
SO15142,2024-03-30,P021,19,159.92
SO15143,2024-05-20,P059,15,75.87
SO15144,2023-08-23,P005,3,108.56
SO15145,2023-01-15,P061,19,53.15
SO15146,2024-01-31,P100,6,99.84
SO15147,2023-03-02,P002,10,163.67
SO15148,2023-03-10,P035,14,382.34
SO15149,2024-04-12,P059,15,112.35
SO15150,2023-09-28,P085,1,183.71
SO15151,2024-01-23,P028,7,30.55
SO15152,2024-04-16,P072,5,164.41
SO15153,2024-07-15,P006,2,129.45
SO15154,2023-12-01,P035,15,314.12
SO15155,2023-06-05,P031,6,54.05
SO15156,2023-04-28,P070,6,147.54
SO15157,2023-12-06,P080,22,18.08
SO15158,2023-10-12,P044,6,118.55
SO15159,2023-09-29,P015,10,51.32
SO15160,2023-09-19,P039,18,48.54
SO15161,2023-10-23,P092,2,97.77
SO15162,2023-10-14,P060,30,138.68
SO15163,2023-06-14,P080,8,15.14
SO15164,2024-06-22,P062,1,48.89
SO15165,2024-05-28,P034,4,62.25
SO15166,2023-11-30,P075,15,123.2
SO15167,2023-01-28,P072,2,269.4
SO15168,2024-09-17,P095,1,95.01
SO15169,2024-11-30,P096,7,197.35
SO15170,2024-08-19,P042,16,200.64
SO15171,2023-12-04,P053,37,29.16
SO15172,2023-01-02,P032,7,76.04
SO15173,2024-05-07,P007,6,827.95
SO15174,2024-07-29,P033,8,65.23
SO15175,2023-09-12,P064,4,177.46
SO15176,2023-11-13,P058,17,87.08
SO15177,2024-01-28,P092,9,183.82
SO15178,2023-06-08,P022,1,139.43
SO15179,2024-04-10,P068,14,175.6
SO15180,2024-09-10,P046,15,26.95
SO15181,2023-07-16,P040,9,476.02
SO15182,2023-08-26,P085,18,206.4
SO15183,2023-08-03,P091,1,1359.02
SO15184,2024-10-15,P070,30,217.26
SO15185,2023-09-05,P061,11,86.1
SO15186,2023-06-30,P068,16,187.54
SO15187,2023-08-19,P031,18,38.65
SO15188,2023-12-19,P051,6,62.43
SO15189,2023-07-29,P009,6,106.54
SO15190,2023-07-24,P062,16,69.73
SO15191,2024-12-08,P047,28,53.73
SO15192,2024-12-31,P011,11,169.84
SO15193,2023-07-23,P069,8,175.32
SO15194,2024-06-22,P019,18,200.69
SO15195,2023-07-25,P095,19,112.67
SO15196,2024-04-01,P017,14,30.79
SO15197,2023-12-10,P022,11,200.92
SO15198,2024-04-06,P016,19,891.5
SO15199,2024-09-19,P029,17,822.66
SO15200,2024-09-12,P077,17,175.42
SO15201,2023-02-15,P080,5,16.86
SO15202,2023-02-02,P058,16,70.81
SO15203,2023-04-30,P003,3,116.69
SO15204,2024-06-29,P087,3,207.28
SO15205,2023-09-01,P042,6,146.68
SO15206,2024-04-24,P010,4,56.41
SO15207,2024-04-27,P070,17,202.44
SO15208,2023-03-24,P047,14,50.53
SO15209,2023-12-29,P058,17,83.03
SO15210,2024-07-09,P066,1,163.04
SO15211,2023-06-20,P064,15,173.4
SO15212,2023-06-05,P027,7,211.89
SO15213,2024-12-28,P087,3,257.01
SO15214,2024-03-06,P082,16,144.19
SO15215,2023-05-18,P030,2,153.77
SO15216,2023-03-04,P053,6,26.06
SO15217,2024-02-22,P036,12,209.19
SO15218,2023-06-23,P096,9,232.29
SO15219,2023-09-09,P072,9,205.64
SO15220,2023-12-17,P093,14,196.99
SO15221,2023-11-30,P078,26,172.79
SO15222,2023-05-17,P053,13,28.17
SO15223,2023-05-14,P068,8,117.42
SO15224,2023-10-24,P055,13,234.66
SO15225,2023-10-09,P051,22,61.9
SO15226,2023-12-19,P068,5,168.64
SO15227,2024-07-11,P055,8,210.04
SO15228,2023-10-28,P083,5,121.53
SO15229,2023-04-23,P042,18,151.43
SO15230,2024-11-30,P021,6,155.18
SO15231,2023-03-22,P061,4,61.83
SO15232,2024-03-16,P072,3,234.09
SO15233,2024-04-12,P045,13,47.93
SO15234,2023-04-15,P069,16,202.91
SO15235,2023-12-08,P055,5,230.39
SO15236,2023-01-25,P026,18,95.34
SO15237,2024-12-26,P005,2,155.37
SO15238,2024-01-21,P027,6,145.71
SO15239,2024-10-23,P017,10,17.25
SO15240,2024-06-18,P080,12,21.88
SO15241,2023-11-20,P022,25,169.73
SO15242,2024-06-11,P051,6,77.86
SO15243,2023-07-31,P003,2,144.27
SO15244,2024-10-12,P036,2,224.82
SO15245,2023-12-04,P012,17,106.25
SO15246,2023-05-22,P082,15,171.05
SO15247,2023-03-15,P083,2,102.81
SO15248,2024-01-01,P044,16,93.12
SO15249,2023-09-01,P040,19,575.25
SO15250,2024-07-23,P004,1,48.36
SO15251,2024-06-10,P060,19,198.96
SO15252,2024-11-18,P073,23,198.66
SO15253,2024-08-20,P030,17,109.33
SO15254,2024-07-24,P052,12,51.1
SO15255,2023-10-04,P062,14,87.98
SO15256,2024-07-01,P081,5,170.8
SO15257,2024-03-16,P002,7,130.12
SO15258,2023-12-17,P004,26,65.01
SO15259,2023-05-25,P048,6,103.32
SO15260,2023-12-12,P055,10,184.05
SO15261,2023-06-22,P022,17,176.99
SO15262,2023-03-31,P034,6,48.91
SO15263,2023-08-08,P096,15,146.69
SO15264,2023-09-30,P086,9,1246.65
SO15265,2023-10-13,P047,2,66.82
SO15266,2023-08-17,P035,3,307.5
SO15267,2024-05-05,P035,14,499.25
SO15268,2024-03-27,P095,18,132.27
SO15269,2024-12-25,P016,6,728.29
SO15270,2024-06-04,P010,15,60.26
SO15271,2023-09-23,P011,2,229.17
SO15272,2024-02-25,P041,8,52.14
SO15273,2023-03-14,P062,9,70.88
SO15274,2024-12-08,P065,17,190.63
SO15275,2023-09-25,P025,3,72.77
SO15276,2023-01-03,P040,7,445.16
SO15277,2023-04-18,P059,8,81.18
SO15278,2024-01-27,P027,12,157.91
SO15279,2023-09-30,P090,16,64.32
SO15280,2023-07-11,P037,14,55.1
SO15281,2024-03-10,P016,18,939.88
SO15282,2023-12-08,P031,22,53.24
SO15283,2023-10-03,P092,13,189.68
SO15284,2023-05-25,P100,18,135.43
SO15285,2023-04-01,P078,12,141.2
SO15286,2024-06-01,P009,9,183.07
SO15287,2024-03-16,P018,16,32.82
SO15288,2023-07-28,P016,10,1143.46
SO15289,2024-07-04,P026,9,131.47
SO15290,2023-02-10,P073,19,153.5
SO15291,2024-12-11,P006,8,193.07
SO15292,2024-07-13,P065,19,123.57
SO15293,2023-08-12,P079,12,13.52
SO15294,2024-05-18,P046,4,28.29
SO15295,2024-12-18,P053,36,21.36
SO15296,2023-11-02,P068,34,159.15
SO15297,2024-09-11,P058,5,100.26
SO15298,2023-09-08,P062,8,68.03
SO15299,2023-04-05,P078,7,185.77
SO15300,2024-10-21,P034,14,58.78
SO15301,2023-01-09,P095,10,108.61
SO15302,2023-02-25,P056,13,168.35
SO15303,2023-05-14,P065,15,119.25
SO15304,2023-04-09,P077,16,191.88
SO15305,2023-04-21,P041,11,34.87
SO15306,2023-07-21,P094,11,214.03
SO15307,2024-08-04,P008,4,41.91
SO15308,2024-08-19,P054,9,182.5
SO15309,2023-01-14,P015,7,36.21
SO15310,2023-09-21,P002,11,101.2
SO15311,2024-03-15,P085,10,156.32
SO15312,2023-02-03,P010,7,56.66
SO15313,2023-03-02,P069,13,225.37
SO15314,2024-08-09,P099,5,682.91
SO15315,2024-03-08,P024,4,138.77
SO15316,2023-09-23,P058,7,87.22
SO15317,2024-11-21,P065,17,188.5
SO15318,2024-06-05,P042,10,237.54
SO15319,2023-09-10,P046,3,20.89
SO15320,2024-01-17,P042,1,267.68
SO15321,2024-08-20,P044,16,66.52
SO15322,2024-08-25,P084,3,167.52
SO15323,2023-12-03,P023,8,35.33
SO15324,2023-09-11,P031,14,46.65
SO15325,2024-03-21,P091,19,1283.61
SO15326,2024-06-14,P053,13,35.02
SO15327,2023-11-13,P053,21,30.38
SO15328,2024-08-23,P071,11,21.2
SO15329,2023-09-14,P045,1,69.37
SO15330,2023-01-28,P052,4,65.21
SO15331,2024-03-15,P067,5,28.02
SO15332,2023-10-20,P070,26,215.25
SO15333,2023-05-22,P056,8,169.71
SO15334,2024-08-21,P082,13,101.14
SO15335,2024-04-20,P098,7,382.77
SO15336,2024-03-27,P082,7,166.35
SO15337,2024-11-05,P008,1,59.18
SO15338,2024-06-23,P013,14,19.7
SO15339,2023-10-02,P087,15,153.41
SO15340,2024-03-25,P091,10,1322.62
SO15341,2023-10-03,P025,16,104.52
SO15342,2023-02-09,P083,15,91.14
SO15343,2023-10-16,P044,7,101.85
SO15344,2023-05-14,P052,11,51.99
SO15345,2024-04-19,P083,12,157.64
SO15346,2024-03-15,P085,13,203.89
SO15347,2023-09-07,P056,1,197.63
SO15348,2023-06-07,P019,7,201.31
SO15349,2024-09-23,P044,5,113.03
SO15350,2024-02-01,P034,9,80.68
SO15351,2023-09-21,P063,13,41.77
SO15352,2024-11-17,P068,31,123.76
SO15353,2023-11-24,P029,18,1039.05
SO15354,2024-05-24,P074,13,127.36
SO15355,2023-03-17,P095,6,80.38
SO15356,2023-05-14,P048,3,80.82
SO15357,2024-03-21,P049,7,77.0
SO15358,2024-04-10,P075,13,104.99
SO15359,2024-03-29,P026,3,162.1
SO15360,2023-12-10,P044,24,72.14
SO15361,2024-02-18,P081,13,159.09
SO15362,2023-03-31,P058,19,71.93
SO15363,2024-05-29,P032,18,114.48
SO15364,2024-09-25,P058,16,98.11
SO15365,2023-06-18,P093,10,114.71
SO15366,2024-05-22,P017,7,30.24
SO15367,2023-05-27,P089,2,65.66
SO15368,2023-04-17,P100,12,169.1
SO15369,2023-11-20,P094,27,259.3
SO15370,2024-06-10,P100,6,111.04
SO15371,2023-10-12,P095,36,83.44
SO15372,2023-11-08,P027,21,163.49
SO15373,2023-09-16,P034,3,57.51
SO15374,2023-09-11,P002,11,99.26
SO15375,2024-08-13,P002,8,160.2
SO15376,2024-05-17,P026,15,114.6
SO15377,2024-12-29,P057,10,124.6
SO15378,2024-10-14,P083,8,164.52
SO15379,2024-09-05,P061,12,80.35
SO15380,2024-12-22,P049,24,96.63
SO15381,2024-04-12,P081,10,174.43
SO15382,2023-10-11,P014,5,497.63
SO15383,2024-07-08,P063,1,47.51
SO15384,2024-11-23,P065,10,209.45
SO15385,2023-01-16,P048,5,149.65
SO15386,2024-04-13,P058,16,96.69
SO15387,2024-05-10,P092,6,118.18
SO15388,2023-05-18,P075,18,151.55
SO15389,2023-11-04,P052,23,84.31
SO15390,2023-09-21,P037,11,71.87
SO15391,2023-10-21,P023,30,32.74
SO15392,2024-02-03,P091,1,887.5
SO15393,2024-02-10,P085,18,186.35
SO15394,2023-07-03,P036,7,217.2
SO15395,2024-10-29,P090,28,98.4
SO15396,2023-06-08,P035,18,330.12
SO15397,2024-05-25,P017,19,22.4
SO15398,2023-05-16,P045,10,46.71
SO15399,2023-09-17,P026,10,86.29
SO15400,2023-03-26,P088,2,109.12
SO15401,2024-07-08,P096,7,141.7
SO15402,2024-01-22,P020,19,65.7
SO15403,2024-09-09,P055,15,175.67
SO15404,2024-03-27,P004,14,58.51
SO15405,2024-07-21,P008,6,56.29
SO15406,2023-11-09,P068,13,146.28
SO15407,2024-01-23,P096,12,246.98
SO15408,2023-06-05,P026,3,161.69
SO15409,2023-11-03,P071,10,14.13
SO15410,2024-12-19,P072,16,248.28
SO15411,2024-12-27,P041,2,55.12
SO15412,2023-06-16,P011,4,141.65
SO15413,2023-08-03,P100,17,135.77
SO15414,2023-10-08,P060,6,118.06
SO15415,2023-07-15,P002,17,136.64
SO15416,2023-12-25,P098,15,547.67
SO15417,2024-09-10,P030,19,105.01
SO15418,2023-09-01,P003,11,222.83
SO15419,2024-04-04,P068,4,168.13
SO15420,2024-04-04,P033,12,84.79
SO15421,2024-03-25,P082,2,135.31
SO15422,2023-07-10,P092,15,154.55
SO15423,2023-11-30,P055,30,158.7
SO15424,2023-12-22,P001,10,69.37
SO15425,2024-01-13,P051,10,79.44
SO15426,2024-06-14,P015,10,35.58
SO15427,2024-08-25,P059,13,91.25
SO15428,2024-10-23,P043,6,66.8
SO15429,2024-08-06,P006,3,177.39
SO15430,2023-03-17,P006,5,140.35
SO15431,2024-08-15,P093,8,181.83
SO15432,2023-12-26,P028,22,31.16
SO15433,2024-07-31,P006,5,181.36
SO15434,2024-03-01,P067,12,49.5
SO15435,2023-05-19,P095,15,93.93
SO15436,2024-08-01,P078,7,182.51
SO15437,2023-09-12,P020,9,106.39
SO15438,2023-04-04,P007,2,1419.69
SO15439,2023-04-29,P033,7,84.46
SO15440,2024-12-27,P071,4,16.43
SO15441,2024-05-14,P029,10,1119.12
SO15442,2023-03-20,P056,15,122.38
SO15443,2023-10-04,P051,23,76.03
SO15444,2024-12-11,P027,21,141.5
SO15445,2023-12-23,P078,10,135.09
SO15446,2023-07-17,P068,2,128.63
SO15447,2024-06-23,P053,6,37.99
SO15448,2024-11-03,P088,6,145.71
SO15449,2023-06-13,P064,9,185.17
SO15450,2023-02-24,P002,9,133.64
SO15451,2023-08-12,P041,9,56.22
SO15452,2024-10-17,P038,14,108.73
SO15453,2024-05-05,P005,19,152.45
SO15454,2024-04-12,P034,7,72.65
SO15455,2024-10-21,P019,26,156.26
SO15456,2024-06-19,P034,15,42.36
SO15457,2024-03-12,P009,14,118.75
SO15458,2023-10-10,P081,34,200.9
SO15459,2024-10-16,P064,3,158.69
SO15460,2024-10-09,P097,27,17.47
SO15461,2023-05-16,P011,16,218.36
SO15462,2024-03-06,P049,13,77.97
SO15463,2024-10-19,P043,18,100.36
SO15464,2023-07-22,P072,17,192.7
SO15465,2023-06-22,P065,5,191.2
SO15466,2023-12-31,P061,11,84.21
SO15467,2023-04-05,P053,19,29.31
SO15468,2024-12-17,P024,3,71.43
SO15469,2024-06-26,P068,11,192.74
SO15470,2024-08-07,P036,2,222.33
SO15471,2024-02-12,P004,19,49.1
SO15472,2023-06-03,P095,18,104.62
SO15473,2023-10-27,P002,27,104.5
SO15474,2024-07-07,P027,6,173.2
SO15475,2024-08-27,P072,9,236.14
SO15476,2024-06-16,P039,10,43.14
SO15477,2024-10-12,P010,37,63.96
SO15478,2023-04-29,P055,7,241.91
SO15479,2024-07-20,P019,12,245.22
SO15480,2023-01-22,P051,8,82.4
SO15481,2024-05-20,P056,1,150.98
SO15482,2024-10-02,P045,12,48.98
SO15483,2023-02-14,P017,5,17.2
SO15484,2024-10-06,P059,34,106.59
SO15485,2023-03-14,P043,11,97.5
SO15486,2024-11-30,P056,15,198.52
SO15487,2024-08-17,P069,7,153.0
SO15488,2023-02-13,P081,6,150.43
SO15489,2023-06-06,P023,13,27.07
SO15490,2023-12-11,P027,16,228.1
SO15491,2023-08-15,P005,15,98.82
SO15492,2024-03-18,P009,18,131.04
SO15493,2023-01-11,P021,15,143.26
SO15494,2023-05-18,P036,17,213.97
SO15495,2024-05-02,P065,10,160.43
SO15496,2023-02-14,P067,4,34.11
SO15497,2024-12-27,P085,17,254.24
SO15498,2023-11-23,P012,8,112.72
SO15499,2023-10-19,P067,30,40.4
SO15500,2023-06-13,P012,2,120.35
SO15501,2023-02-01,P090,5,62.37
SO15502,2024-01-30,P009,19,121.11
SO15503,2023-06-27,P056,10,164.94
SO15504,2024-09-02,P074,3,69.65
SO15505,2024-08-23,P097,1,18.98
SO15506,2024-07-13,P032,13,116.24
SO15507,2023-12-28,P072,14,272.59
SO15508,2024-10-08,P079,9,20.75
SO15509,2024-05-25,P092,15,124.78
SO15510,2024-03-20,P092,10,113.55
SO15511,2024-07-17,P021,7,158.76
SO15512,2024-12-29,P036,22,223.05
SO15513,2024-12-06,P069,32,171.55
SO15514,2023-07-06,P006,4,204.2
SO15515,2023-09-26,P014,16,367.24
SO15516,2023-12-19,P063,2,60.08
SO15517,2023-09-25,P064,18,194.27
SO15518,2024-08-19,P050,17,60.45
SO15519,2023-03-10,P004,16,72.5
SO15520,2023-08-08,P060,16,143.25
SO15521,2024-11-08,P094,24,138.46
SO15522,2024-08-13,P089,19,54.19
SO15523,2023-07-26,P008,9,40.23
SO15524,2024-01-25,P087,15,254.67
SO15525,2024-02-06,P088,19,195.72
SO15526,2023-09-19,P023,4,26.15
SO15527,2023-03-28,P033,13,62.49
SO15528,2024-04-28,P060,13,131.44
SO15529,2024-01-24,P005,16,170.31
SO15530,2023-11-18,P047,9,64.31
SO15531,2023-08-28,P010,1,75.45
SO15532,2023-07-31,P095,14,124.57
SO15533,2023-08-31,P062,13,48.45
SO15534,2024-06-25,P044,4,97.08
SO15535,2023-12-16,P001,24,76.76
SO15536,2023-08-17,P087,11,148.17
SO15537,2023-04-30,P100,3,98.33
SO15538,2023-05-09,P075,4,149.67
SO15539,2023-02-03,P016,9,1110.96
SO15540,2023-12-11,P049,14,70.33
SO15541,2023-02-15,P087,10,250.81
SO15542,2024-07-29,P065,9,187.38
SO15543,2023-05-20,P069,7,200.53
SO15544,2023-09-21,P033,6,71.97
SO15545,2023-01-13,P059,12,75.55
SO15546,2024-05-15,P001,1,91.31
SO15547,2023-09-01,P018,16,48.85
SO15548,2024-04-14,P032,19,102.33
SO15549,2024-03-17,P024,8,98.55
SO15550,2023-11-03,P082,5,173.7
SO15551,2023-04-06,P013,3,16.34
SO15552,2024-03-07,P060,13,117.11
SO15553,2024-12-29,P093,25,163.99
SO15554,2024-07-21,P008,4,43.49
SO15555,2024-10-03,P083,7,106.03
SO15556,2024-03-13,P097,11,16.81
SO15557,2024-01-16,P013,2,18.18
SO15558,2023-06-04,P084,12,203.49
SO15559,2024-09-20,P076,3,161.59
SO15560,2024-06-10,P054,10,94.07
SO15561,2023-09-21,P095,15,126.7
SO15562,2024-02-05,P011,4,176.06
SO15563,2023-02-24,P023,1,38.05
SO15564,2023-06-05,P047,18,58.53
SO15565,2024-06-17,P088,13,108.99
SO15566,2024-05-29,P005,10,126.8
SO15567,2024-12-11,P096,28,184.19
SO15568,2024-06-22,P048,9,103.81
SO15569,2024-07-12,P066,18,156.48
SO15570,2024-11-27,P002,35,125.99
SO15571,2023-08-07,P074,15,69.89
SO15572,2023-11-27,P057,2,199.28
SO15573,2023-11-05,P092,27,154.87
SO15574,2023-06-24,P019,9,258.26
SO15575,2023-10-17,P062,17,79.38
SO15576,2023-07-14,P024,12,141.3
SO15577,2024-04-09,P065,19,201.72
SO15578,2024-01-03,P090,10,117.81
SO15579,2024-07-12,P027,1,202.84
SO15580,2024-04-22,P049,11,124.0
SO15581,2023-09-08,P092,6,160.14
SO15582,2024-03-29,P055,19,260.88
SO15583,2024-08-12,P072,13,168.11
SO15584,2024-03-12,P019,14,186.3
SO15585,2024-03-25,P100,3,130.47
SO15586,2024-06-22,P022,2,143.36
SO15587,2023-09-05,P089,7,62.15
SO15588,2024-08-09,P049,12,84.38
SO15589,2024-10-18,P040,30,589.51
SO15590,2023-01-24,P041,10,42.66
SO15591,2023-05-23,P045,5,43.01
SO15592,2023-06-21,P026,17,138.64
SO15593,2024-11-08,P069,14,175.79
SO15594,2023-08-09,P055,16,234.6
SO15595,2023-10-21,P071,24,14.67
SO15596,2024-09-20,P091,15,962.42
SO15597,2023-12-17,P055,19,149.06
SO15598,2024-06-04,P056,6,145.74
SO15599,2023-12-10,P051,24,83.47
SO15600,2024-08-15,P098,18,421.26
SO15601,2023-03-22,P071,18,22.67
SO15602,2023-01-12,P034,7,45.37
SO15603,2023-10-24,P056,1,194.67
SO15604,2024-08-31,P098,8,314.83
SO15605,2024-09-10,P080,2,20.44
SO15606,2023-11-05,P052,1,73.73
SO15607,2024-11-15,P073,10,143.17
SO15608,2023-11-22,P068,7,107.78
SO15609,2024-03-02,P099,5,971.28
SO15610,2023-12-25,P024,7,82.38
SO15611,2023-08-24,P073,16,205.52
SO15612,2023-07-19,P071,18,17.13
SO15613,2023-10-24,P056,18,138.82
SO15614,2023-03-10,P050,14,60.54
SO15615,2023-11-28,P021,9,105.03
SO15616,2023-01-04,P020,18,77.09
SO15617,2024-03-16,P030,4,180.97
SO15618,2024-09-23,P027,7,211.46
SO15619,2024-11-27,P038,8,165.47
SO15620,2024-01-29,P031,8,45.45
SO15621,2023-06-24,P093,13,190.98
SO15622,2023-11-26,P017,19,26.68
SO15623,2023-08-19,P035,5,300.37
SO15624,2023-02-17,P043,7,72.66
SO15625,2023-05-15,P082,2,101.45
SO15626,2023-05-17,P015,12,33.24
SO15627,2023-06-08,P043,14,62.84
SO15628,2023-01-24,P092,15,161.88
SO15629,2023-06-18,P075,8,147.88
SO15630,2024-05-04,P004,13,39.12
SO15631,2024-06-16,P078,7,223.86
SO15632,2024-06-21,P061,17,70.89
SO15633,2023-07-09,P093,15,170.74
SO15634,2024-04-26,P042,5,153.44
SO15635,2024-10-15,P042,2,258.06
SO15636,2023-10-09,P014,4,539.27
SO15637,2023-11-10,P047,10,87.18
SO15638,2023-08-20,P016,10,679.07
SO15639,2024-07-19,P030,8,139.16
SO15640,2023-05-01,P066,19,122.95
SO15641,2024-04-07,P046,16,21.28
SO15642,2023-06-02,P051,12,89.82
SO15643,2023-12-07,P009,8,152.58
SO15644,2024-06-17,P057,11,144.04
SO15645,2024-12-31,P014,13,344.79
SO15646,2023-01-24,P095,6,74.78
SO15647,2024-06-30,P019,8,242.21
SO15648,2023-11-30,P008,23,51.09
SO15649,2023-09-26,P017,1,30.67
SO15650,2023-11-23,P081,16,153.34
SO15651,2023-01-29,P050,11,64.59
SO15652,2023-12-09,P073,13,159.59
SO15653,2024-03-28,P042,18,189.42
SO15654,2024-07-21,P094,7,171.25
SO15655,2023-03-27,P099,18,1007.5
SO15656,2023-02-21,P067,8,44.47
SO15657,2024-05-24,P091,17,931.1
SO15658,2023-11-17,P028,2,21.45
SO15659,2023-01-22,P068,12,188.54
SO15660,2023-04-03,P074,13,69.35
SO15661,2024-08-11,P053,3,37.71
SO15662,2024-06-11,P076,3,189.31
SO15663,2023-10-20,P009,10,140.8
SO15664,2023-07-10,P075,9,135.88
SO15665,2023-08-10,P052,1,80.76
SO15666,2023-03-01,P004,1,40.13
SO15667,2024-11-30,P058,24,100.6
SO15668,2023-09-18,P030,8,190.18
SO15669,2023-12-10,P097,29,24.25
SO15670,2024-02-10,P015,3,37.46
SO15671,2023-03-03,P063,19,37.04
SO15672,2024-03-02,P084,10,214.48
SO15673,2023-03-16,P091,19,868.94
SO15674,2024-02-23,P082,11,100.43
SO15675,2023-03-11,P033,3,65.2
SO15676,2023-04-19,P017,19,27.84
SO15677,2024-02-10,P070,10,190.8
SO15678,2023-12-27,P075,24,93.41
SO15679,2024-12-03,P037,24,87.17
SO15680,2023-02-14,P010,17,48.26
SO15681,2024-08-06,P051,18,87.86
SO15682,2023-07-01,P084,18,170.91
SO15683,2023-01-07,P023,6,32.49
SO15684,2023-07-12,P006,18,167.87
SO15685,2024-05-18,P018,8,30.31
SO15686,2023-01-19,P067,2,46.26
SO15687,2023-09-15,P005,4,142.97
SO15688,2023-04-12,P054,2,178.29
SO15689,2024-06-29,P099,5,839.41
SO15690,2023-09-05,P031,17,45.06
SO15691,2024-09-05,P005,4,111.75
SO15692,2024-12-18,P025,22,108.08
SO15693,2024-02-06,P009,18,120.59
SO15694,2023-10-16,P086,18,877.39
SO15695,2023-01-13,P084,6,144.48
SO15696,2024-01-28,P046,4,21.89
SO15697,2023-08-04,P066,1,141.62
SO15698,2023-01-10,P073,10,202.99
SO15699,2024-04-29,P086,5,895.21
SO15700,2024-02-12,P062,18,77.99
SO15701,2023-12-07,P068,11,114.34
SO15702,2024-11-14,P100,9,103.95
SO15703,2024-10-03,P067,23,53.54
SO15704,2023-04-05,P029,13,1110.83
SO15705,2024-07-24,P012,6,99.34
SO15706,2023-02-25,P087,1,247.37
SO15707,2024-03-14,P097,13,18.99
SO15708,2023-07-27,P004,12,73.33
SO15709,2024-05-15,P046,5,20.04
SO15710,2024-10-09,P048,8,140.41
SO15711,2023-11-23,P012,13,78.93
SO15712,2024-08-03,P086,4,1293.83
SO15713,2023-02-05,P076,19,138.01
SO15714,2024-06-15,P088,5,157.7
SO15715,2024-01-06,P090,6,70.39
SO15716,2023-12-04,P010,19,74.94
SO15717,2024-12-03,P047,20,62.56
SO15718,2024-08-16,P067,10,43.04
SO15719,2023-01-17,P057,18,121.25
SO15720,2024-08-01,P095,8,72.59
SO15721,2023-05-29,P051,7,51.91
SO15722,2023-05-25,P015,11,52.92
SO15723,2023-09-11,P055,19,142.67
SO15724,2023-11-14,P032,30,92.36
SO15725,2024-12-06,P047,8,71.8
SO15726,2024-12-15,P044,16,84.74
SO15727,2024-07-10,P043,10,67.43
SO15728,2024-01-26,P045,7,64.07
SO15729,2023-03-07,P044,7,73.01
SO15730,2024-07-29,P045,19,36.4
SO15731,2024-01-28,P087,16,221.47
SO15732,2024-04-07,P085,15,205.74
SO15733,2023-09-03,P029,10,856.39
SO15734,2023-07-11,P079,18,21.46
SO15735,2023-08-19,P055,3,209.0
SO15736,2023-06-03,P056,11,175.47
SO15737,2023-05-08,P032,8,107.55
SO15738,2023-12-03,P050,13,35.78
SO15739,2023-12-24,P043,30,58.03
SO15740,2024-04-17,P055,18,159.83
SO15741,2024-07-06,P079,10,16.41
SO15742,2024-11-12,P067,1,44.88
SO15743,2023-09-30,P076,8,192.22
SO15744,2023-05-01,P072,3,191.77
SO15745,2023-06-15,P037,17,63.83
SO15746,2024-04-12,P028,15,25.01
SO15747,2023-02-23,P064,18,113.73
SO15748,2024-07-23,P055,1,180.91
SO15749,2024-08-18,P020,17,76.73
SO15750,2024-01-15,P056,8,188.83
SO15751,2023-12-12,P036,1,221.22
SO15752,2023-08-13,P078,14,245.64
SO15753,2024-10-22,P007,16,1436.89
SO15754,2024-11-28,P055,16,183.35
SO15755,2023-06-09,P044,9,79.91
SO15756,2023-01-07,P069,8,216.28
SO15757,2023-04-02,P010,10,43.58
SO15758,2023-11-18,P041,9,57.01
SO15759,2024-07-24,P046,3,34.63
SO15760,2023-11-30,P086,18,1042.62
SO15761,2023-07-21,P027,5,225.48
SO15762,2024-07-27,P100,11,116.43
SO15763,2024-02-07,P010,7,60.11
SO15764,2024-06-01,P089,12,55.52
SO15765,2024-10-14,P012,16,64.27
SO15766,2023-03-20,P037,18,84.37
SO15767,2023-07-25,P048,14,78.51
SO15768,2024-02-23,P019,2,204.8
SO15769,2024-08-22,P023,10,34.49
SO15770,2024-10-12,P017,10,18.69
SO15771,2023-02-03,P073,10,160.04
SO15772,2023-01-31,P083,9,167.1
SO15773,2024-12-21,P061,8,79.95
SO15774,2024-08-14,P018,5,36.12
SO15775,2023-07-30,P079,11,24.57
SO15776,2023-02-03,P093,7,179.65
SO15777,2023-10-03,P010,7,63.17
SO15778,2024-01-07,P082,5,147.46
SO15779,2023-07-12,P005,16,107.89
SO15780,2023-11-07,P009,6,97.81
SO15781,2023-05-01,P044,18,79.43
SO15782,2024-11-13,P074,7,93.32
SO15783,2023-02-20,P013,11,21.69
SO15784,2023-08-30,P079,13,21.32
SO15785,2023-02-24,P003,2,174.16
SO15786,2024-07-29,P035,7,273.01
SO15787,2023-12-13,P012,23,79.61
SO15788,2024-07-11,P061,18,79.32
SO15789,2023-01-17,P085,12,203.11
SO15790,2023-03-02,P008,15,62.16
SO15791,2023-03-01,P089,5,78.72
SO15792,2023-10-29,P027,1,185.96
SO15793,2023-02-08,P051,11,85.96
SO15794,2024-04-24,P057,19,136.5
SO15795,2024-09-15,P071,8,21.12
SO15796,2023-08-22,P066,1,175.49
SO15797,2023-06-01,P047,12,76.28
SO15798,2024-05-16,P052,11,54.03
SO15799,2023-10-25,P017,12,30.88
SO15800,2024-08-07,P013,15,18.51
SO15801,2023-06-06,P087,4,141.29
SO15802,2024-11-06,P052,12,58.24
SO15803,2023-06-19,P081,2,202.14
SO15804,2024-05-03,P089,8,68.47
SO15805,2024-11-21,P046,17,28.39
SO15806,2024-08-07,P072,16,274.54
SO15807,2024-11-23,P076,1,110.72
SO15808,2024-05-03,P077,5,109.69
SO15809,2023-11-27,P032,7,70.55
SO15810,2024-11-02,P088,16,160.25
SO15811,2023-10-05,P085,4,226.94
SO15812,2023-09-09,P080,14,13.44
SO15813,2024-06-06,P018,10,54.63
SO15814,2024-02-11,P074,8,132.14
SO15815,2023-10-25,P072,23,148.95
SO15816,2024-05-15,P050,4,46.83
SO15817,2023-06-22,P051,4,53.01
SO15818,2023-07-17,P028,4,39.47
SO15819,2024-02-19,P002,7,85.92
SO15820,2023-01-30,P078,3,203.3
SO15821,2024-02-05,P059,4,72.52
SO15822,2023-12-17,P003,19,222.79
SO15823,2024-01-29,P017,9,24.06
SO15824,2023-01-02,P026,5,134.64
SO15825,2023-05-10,P086,16,751.56
SO15826,2024-05-19,P043,10,80.71
SO15827,2024-03-31,P015,14,39.39
SO15828,2024-10-28,P024,25,93.41
SO15829,2023-03-07,P059,16,63.17
SO15830,2024-10-29,P087,25,171.97
SO15831,2024-04-28,P069,1,141.82
SO15832,2023-08-05,P087,14,265.51
SO15833,2023-08-12,P059,18,118.99
SO15834,2024-04-28,P001,18,58.59
SO15835,2023-02-28,P074,3,69.53
SO15836,2024-01-23,P018,15,35.93
SO15837,2023-04-01,P042,16,174.51
SO15838,2024-04-14,P073,5,137.53
SO15839,2023-12-03,P094,5,229.56
SO15840,2023-04-04,P008,5,47.42
SO15841,2024-11-07,P088,19,195.42
SO15842,2024-05-14,P037,7,72.41
SO15843,2023-03-14,P032,12,113.75
SO15844,2023-06-29,P099,1,656.01
SO15845,2024-06-26,P048,15,147.39
SO15846,2023-05-14,P034,13,70.92
SO15847,2023-07-12,P081,5,117.53
SO15848,2023-07-15,P070,16,212.46
SO15849,2023-05-19,P079,10,22.32
SO15850,2024-06-11,P036,19,144.65
SO15851,2023-09-13,P030,19,192.93
SO15852,2024-07-22,P050,6,49.69
SO15853,2024-11-14,P051,4,55.8
SO15854,2024-06-11,P049,8,96.56
SO15855,2024-03-19,P023,16,35.63
SO15856,2023-06-02,P063,7,62.32
SO15857,2024-08-27,P097,3,25.83
SO15858,2024-10-14,P076,14,201.76
SO15859,2023-07-22,P004,12,62.88
SO15860,2024-10-01,P100,2,168.06
SO15861,2023-07-08,P085,7,216.07
SO15862,2024-09-02,P050,11,60.37
SO15863,2024-12-31,P068,33,121.21
SO15864,2024-10-23,P035,27,429.46
SO15865,2024-02-06,P038,18,137.85
SO15866,2023-04-01,P038,14,113.78
SO15867,2023-07-23,P039,12,44.96
SO15868,2024-12-09,P027,16,212.75
SO15869,2023-10-17,P003,11,185.97
SO15870,2023-11-29,P062,1,71.18
SO15871,2024-05-18,P086,8,1186.53
SO15872,2024-08-20,P024,11,98.97
SO15873,2024-03-07,P077,6,140.15
SO15874,2023-10-24,P005,16,122.76
SO15875,2024-12-05,P031,7,63.25
SO15876,2024-02-27,P031,3,42.45
SO15877,2024-01-19,P003,13,211.07
SO15878,2024-09-29,P039,11,44.69
SO15879,2024-09-16,P087,3,267.2
SO15880,2024-08-07,P002,16,115.22
SO15881,2024-07-01,P040,5,603.2
SO15882,2023-03-06,P047,16,64.16
SO15883,2023-01-15,P080,13,23.27
SO15884,2024-10-04,P032,31,104.3
SO15885,2024-08-22,P068,19,196.51
SO15886,2024-11-06,P100,7,128.58
SO15887,2024-09-25,P019,16,262.72
SO15888,2023-12-15,P035,31,526.15
SO15889,2023-10-13,P057,29,163.1
SO15890,2023-12-09,P077,13,194.63
SO15891,2023-03-29,P099,11,658.27
SO15892,2023-12-20,P031,11,44.86
SO15893,2023-09-22,P027,19,201.89
SO15894,2023-04-10,P080,14,13.91
SO15895,2023-09-15,P097,2,24.65
SO15896,2024-09-17,P030,8,182.7
SO15897,2023-09-27,P034,14,49.6
SO15898,2023-11-16,P048,1,93.73
SO15899,2024-03-30,P069,11,139.15
SO15900,2024-02-17,P039,3,55.12
SO15901,2024-07-03,P012,13,89.75
SO15902,2023-03-26,P049,14,95.25
SO15903,2023-08-31,P100,11,96.21
SO15904,2024-10-04,P079,21,24.38
SO15905,2024-05-13,P035,4,326.66
SO15906,2023-04-10,P076,7,126.62
SO15907,2023-05-06,P050,18,52.89
SO15908,2023-10-04,P096,8,134.22
SO15909,2023-09-15,P057,9,145.15
SO15910,2023-02-19,P099,13,1214.77
SO15911,2024-03-08,P002,1,99.39
SO15912,2024-05-11,P076,11,112.42
SO15913,2024-05-01,P007,8,1241.38
SO15914,2023-01-08,P043,12,61.02
SO15915,2023-06-05,P068,10,152.19
SO15916,2024-09-03,P037,2,53.75
SO15917,2023-04-23,P014,2,530.58
SO15918,2023-10-26,P017,27,20.28
SO15919,2023-11-07,P091,16,1236.55
SO15920,2024-05-30,P010,19,68.91
SO15921,2023-04-20,P075,14,137.71
SO15922,2024-04-23,P062,19,57.19
SO15923,2024-06-28,P069,6,122.25
SO15924,2024-11-30,P085,23,142.67
SO15925,2024-05-27,P049,11,88.11
SO15926,2023-08-26,P007,8,836.19
SO15927,2024-04-25,P099,7,1091.08
SO15928,2023-05-19,P073,13,144.65
SO15929,2024-07-16,P042,17,267.78
SO15930,2023-01-02,P001,10,93.63
SO15931,2024-03-24,P031,5,45.36
SO15932,2024-03-02,P053,19,22.97
SO15933,2023-03-01,P005,4,168.97
SO15934,2023-04-22,P095,5,116.61
SO15935,2024-03-25,P071,1,14.87
SO15936,2024-06-15,P090,13,99.6
SO15937,2024-08-29,P069,9,218.06
SO15938,2023-04-26,P044,17,117.39
SO15939,2023-11-30,P011,7,217.46
SO15940,2024-05-17,P095,15,72.49
SO15941,2023-12-10,P090,13,116.18
SO15942,2024-08-02,P035,18,275.86
SO15943,2024-05-14,P090,19,97.66
SO15944,2024-04-29,P067,12,53.92
SO15945,2024-10-13,P012,16,94.06
SO15946,2024-08-08,P096,11,218.49
SO15947,2023-09-14,P097,14,24.81
SO15948,2023-11-30,P085,26,183.75
SO15949,2024-10-16,P062,4,46.56
SO15950,2023-11-24,P064,12,150.55
SO15951,2024-04-02,P017,5,23.25
SO15952,2024-06-18,P067,2,51.03
SO15953,2024-11-11,P082,14,172.18
SO15954,2023-02-20,P052,2,84.91
SO15955,2024-03-20,P035,1,359.29
SO15956,2024-04-22,P061,13,75.72
SO15957,2024-08-13,P043,17,95.09
SO15958,2024-04-25,P024,15,106.3
SO15959,2023-03-11,P049,10,70.97
SO15960,2024-05-22,P087,5,172.78
SO15961,2023-06-25,P039,16,29.23
SO15962,2024-12-08,P074,19,112.71
SO15963,2023-03-02,P050,3,59.81
SO15964,2023-03-14,P077,3,173.43
SO15965,2023-02-04,P022,10,137.83
SO15966,2024-12-30,P029,30,839.58
SO15967,2024-09-28,P094,2,265.21
SO15968,2023-05-17,P018,17,28.93
SO15969,2023-09-27,P010,4,53.93
SO15970,2023-10-14,P006,4,112.61
SO15971,2023-01-24,P091,12,1434.16
SO15972,2023-08-23,P031,12,37.87
SO15973,2023-03-11,P053,10,24.71
SO15974,2023-02-28,P072,6,253.33
SO15975,2024-03-27,P032,8,89.27
SO15976,2023-11-09,P031,36,32.75
SO15977,2024-12-27,P017,27,31.13
SO15978,2024-10-13,P081,14,217.66
SO15979,2024-08-23,P038,18,108.72
SO15980,2024-11-13,P066,15,185.33
SO15981,2024-11-19,P072,20,235.45
SO15982,2024-05-10,P095,4,80.22
SO15983,2023-07-01,P089,16,81.98
SO15984,2023-02-17,P082,13,160.4
SO15985,2023-10-09,P057,16,142.22
SO15986,2024-07-29,P037,5,76.8
SO15987,2024-08-20,P055,3,175.33
SO15988,2023-01-21,P051,17,70.66
SO15989,2023-10-12,P044,22,78.46
SO15990,2023-12-16,P013,9,19.2
SO15991,2024-01-22,P057,3,143.02
SO15992,2024-10-11,P027,25,173.9
SO15993,2023-08-01,P040,15,383.15
SO15994,2023-01-17,P027,6,121.62
SO15995,2024-04-19,P040,12,576.69
SO15996,2023-04-29,P065,2,199.43
SO15997,2023-04-18,P062,13,56.51
SO15998,2023-04-08,P088,8,154.8
SO15999,2024-11-19,P085,22,222.25
SO16000,2024-10-18,P087,4,263.68
SO16001,2023-08-30,P055,10,195.01
SO16002,2023-11-18,P092,35,140.72
SO16003,2023-02-23,P035,2,326.43
SO16004,2023-10-25,P062,2,60.12
SO16005,2024-03-25,P071,12,22.97
SO16006,2024-05-02,P009,7,188.98
SO16007,2023-03-27,P076,14,109.31
SO16008,2024-10-19,P034,1,52.48
SO16009,2023-07-03,P039,2,51.99
SO16010,2024-12-23,P031,7,58.91
SO16011,2024-03-02,P038,18,94.64
SO16012,2023-02-23,P055,4,244.92
SO16013,2023-01-12,P011,9,222.97
SO16014,2024-08-21,P068,9,137.4
SO16015,2023-07-15,P013,12,19.66
SO16016,2023-05-14,P024,7,81.93
SO16017,2023-02-03,P005,10,87.6
SO16018,2024-04-28,P016,16,856.72
SO16019,2024-01-27,P089,3,67.74
SO16020,2023-03-18,P017,11,19.64
SO16021,2023-08-04,P010,16,68.16
SO16022,2023-10-25,P097,19,17.99
SO16023,2023-05-22,P026,15,136.66
SO16024,2023-12-05,P055,23,197.77
SO16025,2023-10-15,P053,30,30.73
SO16026,2023-03-26,P024,1,112.36
SO16027,2023-09-25,P032,18,93.08
SO16028,2024-03-03,P046,4,31.31
SO16029,2024-09-15,P079,1,22.62
SO16030,2024-12-31,P024,16,77.95
SO16031,2023-06-08,P098,5,469.99
SO16032,2023-06-13,P062,18,85.84
SO16033,2023-03-01,P093,3,183.84
SO16034,2023-08-03,P099,11,813.49
SO16035,2024-06-06,P100,3,154.01
SO16036,2024-11-11,P027,1,179.92
SO16037,2024-02-16,P011,3,122.53
SO16038,2024-06-05,P065,19,140.96
SO16039,2023-09-22,P073,9,120.03
SO16040,2023-04-22,P093,16,209.24
SO16041,2023-04-09,P085,18,160.23
SO16042,2023-05-08,P007,12,1147.26
SO16043,2023-11-13,P022,8,137.82
SO16044,2024-06-11,P070,17,222.78
SO16045,2023-09-15,P052,4,68.48
SO16046,2024-12-26,P071,27,21.17
SO16047,2023-05-02,P023,11,27.6
SO16048,2023-06-06,P065,19,212.38
SO16049,2024-02-03,P017,19,27.02
SO16050,2023-10-23,P067,16,37.01
SO16051,2024-08-28,P039,5,46.06
SO16052,2024-07-07,P072,7,247.14
SO16053,2023-07-11,P096,4,153.86
SO16054,2024-05-31,P040,8,535.04
SO16055,2023-04-22,P001,14,90.43
SO16056,2023-10-17,P072,7,256.67
SO16057,2023-02-23,P012,16,100.45
SO16058,2024-08-08,P027,11,162.35
SO16059,2024-11-17,P065,31,170.29
SO16060,2024-09-19,P073,11,172.21
SO16061,2023-01-14,P039,2,38.71
SO16062,2024-12-25,P060,30,187.45
SO16063,2023-06-05,P090,8,99.2
SO16064,2024-09-06,P055,1,194.6
SO16065,2024-09-12,P010,5,73.92
SO16066,2024-10-15,P072,9,264.04
SO16067,2023-07-08,P061,1,97.46
SO16068,2024-03-10,P084,6,183.5
SO16069,2024-10-13,P055,9,236.79
SO16070,2024-05-25,P041,17,39.16
SO16071,2023-09-07,P007,7,1329.57
SO16072,2024-09-04,P029,9,1078.6
SO16073,2023-02-16,P054,5,139.92
SO16074,2024-03-13,P040,13,418.86
SO16075,2023-03-04,P074,12,137.13
SO16076,2023-01-03,P082,14,100.45
SO16077,2024-05-09,P077,18,197.61
SO16078,2023-05-09,P030,8,124.83
SO16079,2023-06-10,P024,12,111.18
SO16080,2023-10-17,P091,1,961.31
SO16081,2023-05-05,P038,7,158.07
SO16082,2023-01-10,P079,3,20.98
SO16083,2023-08-12,P061,9,101.6
SO16084,2023-04-14,P054,12,186.92
SO16085,2024-11-07,P072,3,235.36
SO16086,2024-12-05,P059,13,104.52
SO16087,2023-01-05,P090,5,63.09
SO16088,2024-01-19,P034,16,76.91
SO16089,2023-05-18,P066,2,115.33
SO16090,2024-11-03,P064,3,210.21
SO16091,2024-03-21,P015,4,46.59
SO16092,2023-01-01,P088,6,167.26
SO16093,2023-06-17,P086,1,888.13
SO16094,2024-01-28,P021,17,100.14
SO16095,2024-08-25,P060,5,119.28
SO16096,2023-02-23,P007,7,1299.26
SO16097,2023-05-07,P042,12,208.79
SO16098,2024-07-29,P075,11,82.32
SO16099,2024-03-15,P024,7,71.48
SO16100,2023-10-25,P076,9,190.03
SO16101,2024-11-12,P027,3,150.95
SO16102,2023-09-29,P022,4,178.63
SO16103,2023-10-12,P040,1,426.21
SO16104,2023-10-25,P024,33,77.69
SO16105,2024-04-07,P058,4,67.84
SO16106,2023-12-08,P069,24,233.37
SO16107,2023-12-16,P098,17,549.36
SO16108,2024-12-30,P033,28,63.05
SO16109,2023-06-23,P069,15,212.53
SO16110,2023-06-18,P046,1,29.07
SO16111,2023-08-04,P075,5,79.78
SO16112,2023-05-17,P064,17,169.26
SO16113,2024-04-23,P015,7,53.08
SO16114,2024-01-08,P059,10,67.72
SO16115,2024-06-29,P061,10,102.39
SO16116,2024-07-30,P078,13,216.32
SO16117,2024-10-31,P085,8,241.19
SO16118,2023-12-02,P023,22,27.16
SO16119,2024-09-15,P052,10,56.05
SO16120,2023-07-25,P070,2,203.22
SO16121,2023-08-23,P099,5,818.89
SO16122,2023-07-01,P021,15,134.06
SO16123,2023-01-14,P009,13,149.94
SO16124,2023-10-27,P072,22,275.36
SO16125,2024-01-03,P052,18,46.97
SO16126,2023-06-05,P100,1,99.88
SO16127,2024-08-04,P005,9,119.62
SO16128,2023-06-21,P093,8,188.1
SO16129,2023-10-27,P089,27,60.62
SO16130,2023-11-13,P021,9,121.09
SO16131,2023-10-01,P059,21,88.08
SO16132,2023-11-15,P005,15,122.13
SO16133,2023-03-29,P061,12,57.3
SO16134,2024-02-16,P048,4,143.12
SO16135,2023-08-12,P064,14,136.13
SO16136,2023-09-03,P003,18,146.35
SO16137,2023-07-26,P031,19,34.33
SO16138,2024-11-21,P077,28,125.22
SO16139,2023-03-20,P096,19,157.92
SO16140,2023-05-29,P071,19,14.0
SO16141,2024-10-24,P085,16,255.65
SO16142,2023-12-13,P020,20,74.93
SO16143,2023-04-20,P064,9,151.36
SO16144,2023-08-20,P059,6,68.13
SO16145,2023-02-23,P097,12,28.07
SO16146,2023-09-10,P094,17,184.59
SO16147,2023-10-17,P050,19,34.51
SO16148,2023-01-17,P061,8,76.85
SO16149,2024-06-05,P002,1,159.86
SO16150,2024-12-03,P010,23,59.03
SO16151,2023-08-15,P098,11,378.21
SO16152,2023-09-11,P022,19,201.61
SO16153,2023-05-02,P027,2,139.01
SO16154,2024-04-29,P098,9,504.36
SO16155,2023-12-12,P077,10,176.69
SO16156,2023-12-15,P055,1,209.81
SO16157,2024-08-24,P022,16,116.66
SO16158,2023-01-01,P039,14,42.74
SO16159,2024-04-02,P017,9,20.27
SO16160,2024-09-21,P051,5,69.08
SO16161,2023-05-05,P024,18,136.13
SO16162,2023-08-07,P018,4,53.11
SO16163,2023-03-08,P028,15,31.13
SO16164,2024-05-06,P014,8,548.19
SO16165,2023-11-17,P055,19,137.14
SO16166,2023-09-23,P037,14,79.34
SO16167,2023-06-27,P100,4,146.42
SO16168,2023-08-30,P019,15,135.14
SO16169,2024-12-23,P017,21,30.93
SO16170,2023-01-15,P002,1,103.47
SO16171,2024-11-26,P064,10,120.0
SO16172,2023-03-26,P098,7,489.87
SO16173,2023-06-29,P096,11,215.5
SO16174,2023-11-10,P085,12,161.44
SO16175,2023-03-07,P048,1,82.76
SO16176,2023-02-24,P068,2,190.48
SO16177,2023-03-05,P087,9,183.22
SO16178,2024-06-04,P094,17,168.65
SO16179,2023-03-03,P027,10,212.56
SO16180,2023-07-20,P079,8,24.14
SO16181,2024-12-17,P008,19,58.82
SO16182,2024-06-14,P024,19,109.52
SO16183,2024-05-30,P049,15,100.81
SO16184,2023-05-05,P085,6,163.57
SO16185,2023-12-26,P038,7,96.83
SO16186,2024-07-11,P048,17,131.53
SO16187,2024-08-26,P027,14,205.37
SO16188,2023-07-23,P036,12,157.06
SO16189,2023-04-24,P092,13,129.51
SO16190,2024-05-03,P053,5,38.14
SO16191,2023-08-05,P038,8,145.87
SO16192,2023-04-13,P013,16,15.47
SO16193,2023-04-07,P037,4,83.54
SO16194,2023-05-10,P024,14,97.68
SO16195,2024-07-12,P005,19,125.67
SO16196,2024-10-17,P100,3,120.08
SO16197,2023-10-01,P067,18,33.13
SO16198,2024-09-17,P077,16,101.17
SO16199,2024-06-15,P047,10,80.47
SO16200,2024-07-19,P006,3,128.0
SO16201,2023-06-25,P097,12,20.36
SO16202,2023-07-05,P053,19,36.91
SO16203,2024-04-05,P069,12,217.24
SO16204,2024-01-03,P069,12,188.57
SO16205,2024-08-15,P034,7,43.76
SO16206,2023-05-21,P074,17,112.75
SO16207,2024-03-10,P055,5,167.39
SO16208,2023-06-27,P095,1,95.4
SO16209,2023-11-04,P082,9,128.76
SO16210,2023-11-01,P009,26,167.29
SO16211,2023-11-22,P053,17,28.97
SO16212,2024-07-31,P098,9,346.29
SO16213,2024-09-28,P069,1,145.98
SO16214,2023-11-02,P086,15,836.4
SO16215,2024-05-22,P048,6,111.0
SO16216,2023-10-20,P007,11,1004.19
SO16217,2024-01-17,P069,4,208.58
SO16218,2023-01-13,P089,17,80.5
SO16219,2023-07-29,P042,3,150.26
SO16220,2024-12-23,P072,26,179.66
SO16221,2023-10-19,P040,35,336.79
SO16222,2023-09-16,P021,3,131.53
SO16223,2024-12-27,P066,21,133.82
SO16224,2024-04-01,P047,15,82.95
SO16225,2024-08-11,P038,8,144.69
SO16226,2023-01-02,P061,9,96.52
SO16227,2023-01-14,P038,17,129.64
SO16228,2023-03-16,P089,13,70.86
SO16229,2024-04-07,P030,6,182.98
SO16230,2024-09-19,P014,13,408.24
SO16231,2024-05-24,P058,18,92.11
SO16232,2023-03-23,P029,17,673.46
SO16233,2023-01-18,P019,8,135.33
SO16234,2023-10-07,P052,28,83.66
SO16235,2024-06-26,P067,11,38.19
SO16236,2023-04-28,P093,11,138.0
SO16237,2024-07-29,P072,2,280.69
SO16238,2023-03-29,P029,7,1120.6
SO16239,2023-11-16,P094,33,222.57
SO16240,2024-07-24,P013,15,23.58
SO16241,2023-06-01,P094,2,187.14
SO16242,2023-11-06,P050,25,54.63
SO16243,2023-09-20,P019,3,215.49
SO16244,2024-01-05,P047,6,48.16
SO16245,2023-07-16,P042,6,193.77
SO16246,2024-09-17,P046,3,19.28
SO16247,2023-06-17,P044,1,63.98
SO16248,2023-01-03,P065,6,183.73
SO16249,2024-12-09,P078,23,212.08
SO16250,2023-11-05,P082,1,153.47
SO16251,2024-02-05,P018,9,46.14
SO16252,2024-01-20,P080,3,22.32
SO16253,2024-01-20,P053,12,22.79
SO16254,2023-02-01,P046,17,34.7
SO16255,2023-04-25,P028,2,37.08
SO16256,2024-03-02,P051,11,51.96
SO16257,2023-08-08,P033,4,95.43
SO16258,2023-08-11,P007,2,941.04
SO16259,2024-03-13,P030,5,112.35
SO16260,2023-08-09,P093,2,151.93
SO16261,2023-12-24,P014,25,437.98
SO16262,2024-03-06,P005,15,171.37
SO16263,2023-07-21,P053,17,34.21
SO16264,2023-02-09,P061,16,96.41
SO16265,2024-06-21,P070,19,146.05
SO16266,2023-03-11,P056,6,145.81
SO16267,2023-10-29,P042,10,195.32
SO16268,2023-01-06,P064,2,164.73
SO16269,2023-08-01,P097,19,24.68
SO16270,2024-10-28,P045,16,49.59
SO16271,2023-10-07,P094,2,177.69
SO16272,2023-10-17,P032,8,59.28
SO16273,2024-02-09,P036,15,222.65
SO16274,2023-04-22,P002,5,139.14
SO16275,2024-10-05,P098,4,486.78
SO16276,2023-11-25,P005,9,97.15
SO16277,2023-05-30,P053,9,23.41
SO16278,2024-04-10,P047,3,88.33
SO16279,2023-01-11,P040,5,473.73
SO16280,2024-09-26,P090,13,85.29
SO16281,2023-05-04,P094,9,259.27
SO16282,2023-04-02,P044,18,97.44
SO16283,2024-06-24,P004,3,69.44
SO16284,2023-07-31,P081,16,203.89
SO16285,2024-04-08,P093,17,198.33
SO16286,2024-10-03,P012,13,104.79
SO16287,2023-03-27,P074,17,98.77
SO16288,2023-05-25,P031,4,53.28
SO16289,2024-02-02,P029,15,717.68
SO16290,2023-10-12,P086,7,730.01
SO16291,2024-01-30,P075,3,142.92
SO16292,2024-10-13,P067,19,32.63
SO16293,2024-05-16,P011,15,154.95
SO16294,2024-04-12,P087,9,171.25
SO16295,2024-03-17,P019,16,213.93
SO16296,2024-08-22,P055,9,243.22
SO16297,2024-09-13,P093,4,135.04
SO16298,2023-07-17,P025,1,100.05
SO16299,2024-02-16,P057,17,185.17
SO16300,2023-01-21,P066,7,156.67
SO16301,2023-12-22,P100,2,160.63
SO16302,2023-04-28,P034,9,62.27
SO16303,2023-07-22,P088,9,147.06
SO16304,2024-08-13,P071,15,14.38
SO16305,2023-04-10,P042,18,270.93
SO16306,2024-03-25,P067,19,28.06
SO16307,2023-10-05,P073,3,181.16
SO16308,2024-01-27,P095,3,115.69
SO16309,2023-03-03,P061,18,81.93
SO16310,2023-01-30,P003,7,158.91
SO16311,2024-09-13,P092,12,148.95
SO16312,2024-05-19,P058,10,101.96
SO16313,2023-09-08,P091,10,1007.88
SO16314,2023-02-20,P083,11,170.94
SO16315,2024-07-30,P074,5,73.7
SO16316,2023-08-16,P091,9,1348.83
SO16317,2023-10-22,P027,26,202.94
SO16318,2023-09-25,P042,10,235.44
SO16319,2024-02-05,P098,13,408.68
SO16320,2023-03-28,P023,5,36.26
SO16321,2023-07-03,P031,11,40.8
SO16322,2023-02-21,P053,4,29.77
SO16323,2024-02-04,P082,2,160.76
SO16324,2024-04-16,P086,14,882.66
SO16325,2023-09-28,P040,1,446.42
SO16326,2023-12-05,P018,6,46.91
SO16327,2023-11-21,P014,10,552.04
SO16328,2024-10-05,P066,8,160.73
SO16329,2023-08-12,P024,16,107.82
SO16330,2024-01-21,P043,1,82.02
SO16331,2024-06-05,P065,16,194.24
SO16332,2024-08-27,P023,16,38.14
SO16333,2023-02-21,P072,6,239.91
SO16334,2023-10-09,P045,11,66.79
SO16335,2023-05-08,P012,7,76.79
SO16336,2023-09-06,P079,5,17.05
SO16337,2024-02-25,P018,5,48.52
SO16338,2023-07-18,P043,19,58.33
SO16339,2024-01-30,P014,18,524.04
SO16340,2023-11-26,P004,30,52.92
SO16341,2024-11-27,P024,12,135.43
SO16342,2024-11-04,P045,6,47.06
SO16343,2024-12-03,P028,26,36.18
SO16344,2023-08-05,P019,13,208.82
SO16345,2023-04-03,P041,19,32.48
SO16346,2023-10-08,P030,36,118.39
SO16347,2023-12-12,P094,17,260.61
SO16348,2023-04-25,P073,11,201.77
SO16349,2024-04-09,P061,6,98.26
SO16350,2023-11-24,P017,18,27.18
SO16351,2024-10-07,P015,15,43.14
SO16352,2023-06-09,P074,19,119.7
SO16353,2023-06-08,P070,3,231.69
SO16354,2023-07-24,P044,8,86.0
SO16355,2024-04-21,P026,18,136.08
SO16356,2023-09-29,P083,2,95.27
SO16357,2023-03-29,P030,4,164.79
SO16358,2024-11-27,P056,18,116.31
SO16359,2024-02-25,P032,18,66.66
SO16360,2024-10-13,P066,4,144.78
SO16361,2023-01-29,P026,6,136.38
SO16362,2023-06-24,P086,9,904.41
SO16363,2024-11-09,P045,2,48.45
SO16364,2023-10-30,P050,26,37.49
SO16365,2023-09-30,P020,6,67.47
SO16366,2024-04-23,P031,19,49.23
SO16367,2024-04-20,P023,9,23.06
SO16368,2024-05-12,P051,17,77.89
SO16369,2023-09-16,P005,14,125.27
SO16370,2024-01-13,P085,3,243.84
SO16371,2024-08-20,P048,2,110.3
SO16372,2023-11-27,P035,2,459.77
SO16373,2024-09-24,P082,1,149.31
SO16374,2024-03-27,P039,3,44.51
SO16375,2024-10-27,P095,3,93.44
SO16376,2023-12-02,P047,1,52.31
SO16377,2024-01-23,P011,4,136.02
SO16378,2023-05-09,P090,6,115.78
SO16379,2023-12-02,P010,3,47.68
SO16380,2023-02-24,P055,9,162.13
SO16381,2024-09-30,P062,18,47.66
SO16382,2024-04-16,P020,1,103.58
SO16383,2024-10-18,P038,6,124.13
SO16384,2024-05-14,P005,8,141.36
SO16385,2023-08-05,P039,3,39.68
SO16386,2024-02-14,P062,2,60.38
SO16387,2024-08-29,P094,9,234.63
SO16388,2023-03-16,P026,19,164.94
SO16389,2024-05-25,P013,18,22.31
SO16390,2024-05-06,P004,17,50.05
SO16391,2024-03-23,P080,17,18.81
SO16392,2024-04-22,P033,12,95.83
SO16393,2023-08-13,P026,17,102.71
SO16394,2024-06-01,P018,18,35.53
SO16395,2024-06-14,P081,13,157.31
SO16396,2024-10-08,P057,20,130.25
SO16397,2024-09-01,P038,7,128.45
SO16398,2023-01-23,P038,17,93.83
SO16399,2023-10-08,P100,17,133.17
SO16400,2023-12-10,P078,23,164.5
SO16401,2024-07-08,P075,10,136.32
SO16402,2023-01-24,P037,18,63.26
SO16403,2023-12-20,P044,20,63.2
SO16404,2023-05-06,P068,18,191.55
SO16405,2024-12-23,P100,17,149.02
SO16406,2023-08-09,P050,18,59.42
SO16407,2023-05-03,P044,4,85.48
SO16408,2024-11-01,P009,13,151.88
SO16409,2024-02-18,P003,18,202.79
SO16410,2023-09-13,P050,17,46.2
SO16411,2023-05-03,P082,3,174.46
SO16412,2023-04-09,P022,19,123.22
SO16413,2023-03-26,P027,13,180.55
SO16414,2024-12-27,P096,4,135.37
SO16415,2024-01-20,P017,2,26.74
SO16416,2024-09-10,P079,16,15.11
SO16417,2024-11-09,P013,11,17.67
SO16418,2024-09-10,P090,10,92.2
SO16419,2023-09-27,P087,16,196.69
SO16420,2023-11-02,P022,21,139.68
SO16421,2024-08-03,P024,16,133.29
SO16422,2023-03-05,P035,2,339.94
SO16423,2024-01-22,P095,8,115.43
SO16424,2024-04-26,P036,11,195.25
SO16425,2024-03-16,P095,18,92.0
SO16426,2023-12-07,P093,18,210.1
SO16427,2024-08-23,P081,10,127.29
SO16428,2023-12-21,P015,34,47.86
SO16429,2024-12-02,P006,1,152.59
SO16430,2023-09-10,P006,5,140.47
SO16431,2024-07-26,P010,5,58.71
SO16432,2023-02-05,P064,19,142.15
SO16433,2023-10-31,P008,36,69.67
SO16434,2024-08-08,P035,12,520.32
SO16435,2023-06-28,P007,1,1358.38
SO16436,2024-10-02,P085,8,203.9
SO16437,2023-02-21,P052,1,85.54
SO16438,2023-12-09,P044,7,67.96
SO16439,2024-02-18,P012,7,102.45
SO16440,2024-03-09,P013,19,14.53
SO16441,2024-06-17,P066,15,136.86
SO16442,2024-04-15,P018,19,32.83
SO16443,2024-07-11,P083,3,102.37
SO16444,2024-08-07,P084,9,185.44
SO16445,2023-06-30,P022,3,148.82
SO16446,2024-04-11,P004,10,42.49
SO16447,2023-09-11,P099,16,995.69
SO16448,2024-04-03,P049,19,122.18
SO16449,2024-04-28,P026,14,140.29
SO16450,2024-06-16,P011,2,156.57
SO16451,2023-03-27,P030,1,177.04
SO16452,2023-11-19,P079,22,24.54
SO16453,2023-02-06,P022,6,207.75
SO16454,2023-02-28,P055,6,190.18
SO16455,2024-09-28,P082,18,166.85
SO16456,2023-09-05,P046,15,35.36
SO16457,2023-10-08,P040,28,491.17
SO16458,2024-10-12,P008,1,75.09
SO16459,2024-02-12,P051,4,47.11
SO16460,2023-08-07,P086,5,1308.69
SO16461,2023-12-29,P057,7,177.58
SO16462,2024-08-05,P061,2,73.16
SO16463,2023-08-07,P065,14,134.24
SO16464,2024-07-24,P021,9,120.98
SO16465,2024-06-17,P066,6,157.32
SO16466,2023-07-09,P029,12,1001.73
SO16467,2024-07-20,P021,12,119.21
SO16468,2023-11-12,P014,17,346.97
SO16469,2024-06-15,P041,1,50.52
SO16470,2024-06-12,P029,10,654.47
SO16471,2024-06-05,P049,17,106.97
SO16472,2023-12-25,P085,3,220.29
SO16473,2024-09-15,P022,10,130.93
SO16474,2023-06-13,P074,14,104.03
SO16475,2023-08-03,P094,15,262.04
SO16476,2024-02-29,P080,9,21.24
SO16477,2024-08-02,P029,17,941.23
SO16478,2024-12-10,P082,15,124.04
SO16479,2024-12-16,P036,8,135.84
SO16480,2023-03-14,P048,11,148.82
SO16481,2023-11-13,P092,10,128.47
SO16482,2023-03-08,P084,7,209.72
SO16483,2024-02-16,P007,7,800.18
SO16484,2023-07-23,P086,10,1371.38
SO16485,2024-05-15,P054,1,150.45
SO16486,2024-12-22,P080,19,15.3
SO16487,2024-08-20,P040,8,627.96
SO16488,2024-11-13,P082,24,135.11
SO16489,2024-09-22,P066,18,102.26
SO16490,2024-07-06,P081,12,173.21
SO16491,2024-01-10,P075,4,87.5
SO16492,2023-05-10,P048,19,118.14
SO16493,2023-04-03,P056,6,115.47
SO16494,2023-07-13,P075,18,140.66
SO16495,2023-11-24,P066,21,128.68
SO16496,2024-03-27,P087,3,150.46
SO16497,2023-09-18,P056,13,203.8
SO16498,2023-08-02,P051,5,47.52
SO16499,2024-10-17,P022,9,134.62
SO16500,2024-01-06,P067,12,54.43
SO16501,2023-04-07,P006,9,191.96
SO16502,2024-08-12,P013,14,20.6
SO16503,2023-03-27,P012,10,103.45
SO16504,2024-10-20,P084,23,206.35
SO16505,2024-01-08,P039,19,32.11
SO16506,2023-05-07,P092,2,104.3
SO16507,2023-08-06,P086,12,889.72
SO16508,2023-02-05,P087,6,235.8
SO16509,2023-08-09,P051,18,70.7
SO16510,2023-12-25,P081,7,123.1
SO16511,2023-10-25,P089,16,53.26
SO16512,2024-09-10,P096,10,221.15
SO16513,2024-09-21,P028,3,25.0
SO16514,2024-02-17,P088,14,153.72
SO16515,2024-06-10,P071,4,17.64
SO16516,2023-10-28,P027,7,224.72
SO16517,2023-06-04,P079,2,15.23
SO16518,2023-02-08,P045,9,61.83
SO16519,2023-07-08,P090,10,65.94
SO16520,2023-03-20,P012,8,80.18
SO16521,2024-01-22,P020,10,83.67
SO16522,2023-11-11,P014,14,456.78
SO16523,2023-11-28,P018,17,50.45
SO16524,2024-01-28,P032,13,87.94
SO16525,2024-10-21,P065,14,162.54
SO16526,2024-09-26,P020,18,84.04
SO16527,2023-06-27,P019,13,250.3
SO16528,2024-02-02,P075,6,140.32
SO16529,2024-01-09,P003,18,168.82
SO16530,2023-06-15,P087,1,227.5
SO16531,2024-12-21,P100,29,164.55
SO16532,2024-02-28,P069,6,152.05
SO16533,2024-12-01,P095,1,77.89
SO16534,2024-06-27,P047,19,68.86
SO16535,2023-09-04,P038,3,143.0
SO16536,2023-04-09,P054,18,139.33
SO16537,2023-02-22,P048,9,142.42
SO16538,2024-03-02,P044,1,95.88
SO16539,2023-09-12,P077,17,134.59
SO16540,2023-09-26,P005,3,88.49
SO16541,2023-04-27,P073,15,169.56
SO16542,2023-05-10,P043,6,56.25
SO16543,2024-10-29,P025,14,77.03
SO16544,2023-04-22,P051,7,66.36
SO16545,2024-06-05,P052,16,85.53
SO16546,2024-03-01,P011,1,225.31
SO16547,2023-01-10,P063,5,54.36
SO16548,2024-09-04,P003,12,201.6
SO16549,2024-04-08,P066,19,104.73
SO16550,2023-05-26,P063,12,59.19
SO16551,2024-08-25,P084,14,120.02
SO16552,2023-10-31,P099,5,1272.23
SO16553,2024-04-21,P020,14,89.32
SO16554,2023-06-04,P040,6,369.42
SO16555,2023-08-17,P001,2,59.62
SO16556,2023-03-01,P024,11,77.21
SO16557,2024-09-08,P022,9,138.94
SO16558,2024-09-03,P052,12,70.22
SO16559,2023-06-18,P071,10,12.5
SO16560,2024-06-14,P084,18,188.59
SO16561,2024-07-07,P100,19,136.69
SO16562,2023-06-23,P053,6,32.39
SO16563,2023-11-10,P008,17,39.39
SO16564,2023-07-08,P067,17,37.81
SO16565,2024-09-15,P026,3,99.63
SO16566,2024-11-05,P018,9,42.42
SO16567,2024-12-01,P073,19,110.93
SO16568,2024-08-04,P021,9,108.83
SO16569,2024-09-30,P086,11,1058.29
SO16570,2024-06-04,P095,18,127.51
SO16571,2024-01-28,P035,19,300.14
SO16572,2024-11-13,P027,24,207.25
SO16573,2023-07-09,P069,7,197.46
SO16574,2024-05-19,P064,15,169.36
SO16575,2024-01-17,P035,4,482.28
SO16576,2024-09-24,P093,6,193.03
SO16577,2023-04-30,P063,18,57.06
SO16578,2023-03-19,P026,4,158.96
SO16579,2024-10-04,P001,4,77.14
SO16580,2023-12-22,P015,19,42.27
SO16581,2023-09-26,P063,17,33.62
SO16582,2024-10-06,P068,3,148.13
SO16583,2023-11-26,P021,8,88.35
SO16584,2024-09-01,P023,17,34.31
SO16585,2024-05-31,P095,18,100.43
SO16586,2023-01-06,P033,17,71.64
SO16587,2023-04-10,P013,12,20.3
SO16588,2024-07-13,P082,12,144.6
SO16589,2023-09-26,P011,11,224.62
SO16590,2023-09-19,P083,9,118.51
SO16591,2024-04-04,P057,8,196.76
SO16592,2023-11-07,P033,2,60.16
SO16593,2023-06-07,P075,16,92.64
SO16594,2023-07-23,P081,14,182.77
SO16595,2023-12-12,P015,7,35.5
SO16596,2024-11-11,P004,8,49.77
SO16597,2024-01-23,P064,6,193.06
SO16598,2024-08-18,P066,13,107.1
SO16599,2024-03-13,P085,10,164.96
SO16600,2023-02-11,P082,3,103.29
SO16601,2023-01-13,P026,5,83.39
SO16602,2024-05-15,P066,18,128.35
SO16603,2024-12-07,P070,20,226.43
SO16604,2024-07-07,P043,14,89.19
SO16605,2023-10-05,P015,3,33.95
SO16606,2024-11-19,P092,5,133.38
SO16607,2023-01-11,P030,10,120.89
SO16608,2023-10-11,P035,31,419.04
SO16609,2024-11-05,P010,28,70.81
SO16610,2024-03-18,P045,9,42.9
SO16611,2023-03-24,P097,9,28.1
SO16612,2023-01-18,P086,16,1257.77
SO16613,2023-04-11,P032,9,76.91
SO16614,2023-01-27,P047,15,82.02
SO16615,2023-09-29,P038,10,95.93
SO16616,2023-04-05,P031,15,51.56
SO16617,2024-07-05,P039,15,55.97
SO16618,2023-03-14,P044,3,84.97
SO16619,2024-05-14,P016,2,1206.45
SO16620,2024-04-16,P056,8,111.53
SO16621,2023-11-12,P063,25,42.59
SO16622,2024-10-06,P031,19,60.6
SO16623,2024-03-08,P003,8,158.6
SO16624,2023-03-10,P043,3,76.91
SO16625,2024-02-23,P054,8,113.62
SO16626,2023-11-02,P061,3,101.12
SO16627,2024-04-03,P043,19,101.13
SO16628,2024-04-25,P081,15,188.95
SO16629,2024-02-12,P097,14,18.15
SO16630,2024-04-10,P096,6,171.29
SO16631,2024-07-13,P010,13,75.14
SO16632,2024-12-08,P099,7,957.31
SO16633,2023-08-26,P005,10,105.68
SO16634,2023-07-08,P075,14,145.37
SO16635,2023-09-03,P057,18,191.09
SO16636,2023-01-05,P059,2,99.39
SO16637,2023-03-22,P027,17,128.65
SO16638,2024-07-30,P084,7,137.86
SO16639,2024-06-06,P080,18,24.93
SO16640,2023-12-23,P067,25,32.64
SO16641,2023-04-04,P086,14,829.92
SO16642,2023-03-25,P064,16,173.23
SO16643,2023-12-19,P043,6,58.16
SO16644,2024-12-02,P086,35,725.53
SO16645,2023-04-19,P073,8,108.55
SO16646,2023-10-01,P096,7,164.2
SO16647,2023-11-13,P032,13,111.15
SO16648,2024-03-27,P085,13,234.7
SO16649,2023-07-22,P023,11,23.71
SO16650,2024-07-18,P010,11,39.7
SO16651,2024-10-09,P068,13,142.09
SO16652,2024-09-02,P032,12,75.52
SO16653,2023-04-07,P058,8,76.58
SO16654,2023-08-20,P008,4,46.67
SO16655,2023-12-22,P068,7,195.12
SO16656,2023-09-22,P093,4,164.23
SO16657,2024-01-02,P035,17,421.27
SO16658,2024-11-17,P039,26,29.46
SO16659,2023-08-26,P011,1,228.57
SO16660,2024-02-22,P084,12,207.06
SO16661,2023-12-12,P033,20,92.89
SO16662,2024-03-20,P100,15,140.88
SO16663,2024-10-23,P078,16,139.52
SO16664,2024-08-31,P043,10,53.52
SO16665,2024-04-02,P036,18,188.69
SO16666,2023-09-05,P017,8,29.48
SO16667,2024-08-19,P021,9,116.75
SO16668,2024-03-16,P053,18,33.18
SO16669,2024-10-02,P009,24,175.9
SO16670,2024-06-28,P070,16,131.63
SO16671,2024-09-30,P088,5,189.19
SO16672,2024-06-16,P028,16,21.92
SO16673,2023-01-13,P010,14,58.49
SO16674,2023-08-21,P057,14,176.21
SO16675,2024-07-12,P016,7,1285.87
SO16676,2024-06-25,P072,8,183.44
SO16677,2024-04-05,P036,14,115.8
SO16678,2024-12-31,P082,14,118.22
SO16679,2023-08-26,P016,9,1033.97
SO16680,2023-11-18,P094,8,203.22
SO16681,2024-05-12,P038,17,123.76
SO16682,2024-02-08,P050,7,54.2
SO16683,2024-01-23,P002,17,101.62
SO16684,2023-10-04,P084,7,201.35
SO16685,2024-07-02,P007,10,863.48
SO16686,2023-01-17,P051,6,56.44
SO16687,2023-03-29,P082,9,97.58
SO16688,2023-11-10,P058,4,84.47
SO16689,2023-11-29,P084,30,150.69
SO16690,2023-04-03,P082,18,133.87
SO16691,2023-01-18,P100,3,107.27
SO16692,2023-09-29,P039,8,36.85
SO16693,2023-03-11,P078,9,222.96
SO16694,2024-05-01,P053,16,30.44
SO16695,2023-07-09,P085,3,270.35
SO16696,2024-03-14,P077,2,116.37
SO16697,2024-07-22,P060,9,124.38
SO16698,2024-01-01,P089,1,43.35
SO16699,2023-03-30,P017,5,24.21
SO16700,2024-06-13,P029,11,742.85
SO16701,2023-12-17,P016,4,989.4
SO16702,2024-01-06,P009,19,108.02
SO16703,2023-03-17,P021,13,140.78
SO16704,2024-09-06,P039,1,50.18
SO16705,2023-08-21,P080,13,19.31
SO16706,2024-07-20,P002,9,120.44
SO16707,2023-09-21,P066,5,179.17
SO16708,2023-03-27,P019,17,149.59
SO16709,2023-09-02,P093,9,147.51
SO16710,2024-07-06,P036,7,224.5
SO16711,2024-06-05,P075,17,132.25
SO16712,2023-06-05,P045,15,71.05
SO16713,2023-01-28,P089,8,54.2
SO16714,2023-02-13,P093,1,131.81
SO16715,2023-08-30,P095,13,113.94
SO16716,2023-09-19,P081,17,156.44
SO16717,2024-01-30,P057,15,113.72
SO16718,2023-08-12,P090,4,74.26
SO16719,2023-06-06,P023,7,38.39
SO16720,2024-10-11,P028,9,38.52
SO16721,2023-04-09,P043,14,92.56
SO16722,2023-05-18,P041,14,33.58
SO16723,2024-10-20,P044,9,90.02
SO16724,2024-11-27,P062,13,79.9
SO16725,2024-01-23,P009,15,122.35
SO16726,2024-02-01,P092,19,128.22
SO16727,2024-06-05,P088,1,130.9
SO16728,2024-07-25,P058,9,100.69
SO16729,2023-09-17,P095,2,100.77
SO16730,2023-08-01,P090,16,94.46
SO16731,2023-01-10,P001,19,73.23
SO16732,2024-06-17,P004,10,51.11
SO16733,2024-07-30,P076,14,150.31
SO16734,2024-04-27,P071,1,22.47
SO16735,2023-08-01,P078,16,204.95
SO16736,2023-11-19,P078,24,133.82
SO16737,2023-09-29,P058,18,79.25
SO16738,2023-05-11,P011,10,151.16
SO16739,2024-01-04,P057,18,201.3
SO16740,2024-08-03,P020,12,81.89
SO16741,2024-04-18,P023,15,28.3
SO16742,2023-02-01,P096,13,178.52
SO16743,2023-12-29,P039,24,42.53
SO16744,2023-08-10,P020,18,93.3
SO16745,2023-04-24,P089,7,73.23
SO16746,2023-06-06,P086,1,817.69
SO16747,2023-05-13,P046,6,34.11
SO16748,2024-04-18,P074,18,109.62
SO16749,2023-12-16,P028,5,24.24
SO16750,2024-08-12,P088,7,201.14
SO16751,2023-08-24,P048,9,124.96
SO16752,2024-04-15,P021,12,91.94
SO16753,2023-06-22,P061,16,87.89
SO16754,2024-10-06,P098,4,554.25
SO16755,2023-01-07,P068,15,115.66
SO16756,2023-05-04,P037,19,54.1
SO16757,2023-06-01,P100,17,99.34
SO16758,2024-02-08,P071,17,21.41
SO16759,2024-10-16,P020,9,104.74
SO16760,2024-04-01,P069,4,148.77
SO16761,2024-08-03,P055,17,207.11
SO16762,2024-10-04,P043,1,71.27
SO16763,2023-08-27,P021,14,96.71
SO16764,2024-06-04,P049,11,116.64
SO16765,2024-05-20,P044,11,80.05
SO16766,2023-01-02,P053,17,22.87
SO16767,2023-09-07,P038,6,143.03
SO16768,2024-08-02,P027,11,200.89
SO16769,2024-07-24,P004,2,61.3
SO16770,2023-05-07,P095,9,99.39
SO16771,2023-09-23,P003,4,222.86
SO16772,2023-10-24,P052,13,53.95
SO16773,2023-03-11,P099,14,1068.34
SO16774,2023-05-10,P036,18,180.81
SO16775,2023-04-08,P003,11,140.87
SO16776,2024-06-14,P090,11,74.25
SO16777,2023-12-31,P014,13,506.1
SO16778,2024-12-08,P097,22,29.14
SO16779,2024-05-18,P077,16,189.98
SO16780,2024-05-22,P026,16,130.67
SO16781,2023-08-06,P037,8,50.12
SO16782,2024-05-21,P064,12,117.19
SO16783,2024-08-12,P038,18,139.66
SO16784,2023-10-31,P017,36,26.83
SO16785,2023-09-17,P051,7,85.6
SO16786,2024-01-29,P099,7,906.9
SO16787,2023-01-11,P084,11,216.1
SO16788,2023-11-25,P061,4,74.3
SO16789,2024-07-27,P060,16,198.04
SO16790,2023-07-08,P009,10,115.99
SO16791,2024-05-19,P093,8,149.65
SO16792,2023-03-07,P011,9,209.27
SO16793,2023-01-31,P018,5,33.32
SO16794,2023-12-28,P046,1,28.38
SO16795,2024-11-03,P064,22,197.37
SO16796,2024-07-06,P009,8,164.95
SO16797,2024-04-07,P037,16,47.0
SO16798,2023-09-28,P014,18,530.82
SO16799,2024-09-02,P092,1,167.49
SO16800,2024-01-15,P024,1,104.92
SO16801,2024-06-15,P020,16,115.13
SO16802,2024-06-01,P073,7,113.3
SO16803,2024-06-22,P055,7,189.25
SO16804,2024-08-01,P038,15,128.09
SO16805,2023-03-14,P086,10,1204.29
SO16806,2024-06-03,P022,17,122.39
SO16807,2024-01-04,P073,10,151.2
SO16808,2023-10-11,P065,7,191.81
SO16809,2023-10-04,P082,20,100.72
SO16810,2024-05-24,P054,3,109.2
SO16811,2024-10-01,P082,25,140.34
SO16812,2023-03-12,P051,5,87.17
SO16813,2023-11-22,P056,28,127.02
SO16814,2024-08-07,P065,10,117.57
SO16815,2023-12-03,P031,11,43.99
SO16816,2023-07-11,P018,6,47.11
SO16817,2023-01-03,P093,12,165.04
SO16818,2024-08-28,P045,6,47.23
SO16819,2023-02-25,P075,11,127.19
SO16820,2023-12-11,P029,26,615.65
SO16821,2023-05-23,P053,12,20.94
SO16822,2023-09-21,P010,1,40.1
SO16823,2024-06-08,P006,11,170.53
SO16824,2023-01-31,P088,18,145.62
SO16825,2024-09-09,P084,3,181.23
SO16826,2023-09-25,P004,15,65.64
SO16827,2024-12-17,P067,9,44.8
SO16828,2023-08-26,P053,12,37.6
SO16829,2023-09-22,P007,17,1240.52
SO16830,2023-07-06,P083,7,129.83
SO16831,2024-12-10,P028,17,35.15
SO16832,2024-01-07,P043,8,73.14
SO16833,2023-10-20,P004,5,71.38
SO16834,2023-01-23,P052,16,44.37
SO16835,2023-12-23,P062,15,56.88
SO16836,2024-07-31,P094,4,248.67
SO16837,2024-12-14,P083,13,94.08
SO16838,2024-02-09,P097,19,20.62
SO16839,2024-06-18,P019,8,245.12
SO16840,2024-10-31,P083,19,153.37
SO16841,2023-12-08,P078,22,181.99
SO16842,2024-10-16,P046,8,24.17
SO16843,2023-03-05,P090,18,69.9
SO16844,2023-12-11,P002,35,116.08
SO16845,2023-01-01,P054,5,117.74
SO16846,2023-07-12,P001,10,80.14
SO16847,2023-10-23,P041,24,29.22
SO16848,2024-01-19,P009,2,140.67
SO16849,2023-03-11,P086,17,954.81
SO16850,2024-07-13,P051,9,80.84
SO16851,2024-02-13,P091,19,1442.53
SO16852,2024-11-09,P083,1,148.58
SO16853,2024-08-26,P084,8,183.07
SO16854,2023-01-09,P048,8,124.47
SO16855,2023-12-02,P060,7,137.94
SO16856,2024-01-16,P083,18,168.59
SO16857,2024-05-03,P064,4,179.22
SO16858,2023-01-30,P099,18,1159.67
SO16859,2023-03-03,P002,18,90.42
SO16860,2023-04-02,P019,8,227.88
SO16861,2023-03-03,P001,4,68.82
SO16862,2024-01-25,P053,17,30.79
SO16863,2024-06-15,P049,15,81.16
SO16864,2023-09-25,P063,6,44.71
SO16865,2023-06-09,P083,9,152.02
SO16866,2024-09-14,P090,6,99.32
SO16867,2024-03-26,P066,16,191.9
SO16868,2024-12-09,P084,5,128.72
SO16869,2023-07-22,P046,11,20.13
SO16870,2023-11-02,P091,31,1323.83
SO16871,2023-02-19,P050,2,63.06
SO16872,2023-06-12,P089,6,44.43
SO16873,2024-07-14,P061,13,81.48
SO16874,2024-12-04,P055,7,180.66
SO16875,2024-09-17,P047,2,70.44
SO16876,2023-10-01,P065,8,212.39
SO16877,2024-09-14,P018,14,46.0
SO16878,2024-02-04,P013,9,18.74
SO16879,2024-04-17,P067,7,54.36
SO16880,2023-04-07,P091,3,961.94
SO16881,2023-02-02,P007,15,1078.44
SO16882,2023-10-16,P044,29,119.62
SO16883,2023-10-16,P074,29,78.41
SO16884,2023-06-09,P047,18,48.63
SO16885,2024-02-05,P095,2,94.88
SO16886,2024-03-06,P048,3,117.03
SO16887,2023-06-30,P003,8,205.12
SO16888,2023-06-09,P006,4,122.7
SO16889,2024-09-10,P064,2,124.81
SO16890,2024-03-14,P068,8,161.72
SO16891,2024-09-28,P005,6,162.76
SO16892,2024-10-11,P027,11,121.12
SO16893,2024-06-18,P089,13,55.72
SO16894,2024-01-29,P065,19,149.24
SO16895,2024-03-30,P040,17,549.01
SO16896,2023-08-31,P081,12,138.67
SO16897,2024-01-16,P080,6,25.52
SO16898,2023-03-27,P076,5,142.51
SO16899,2024-08-09,P007,9,762.99
SO16900,2024-03-03,P025,18,121.86
SO16901,2023-03-25,P074,4,121.81
SO16902,2023-01-18,P098,18,517.6
SO16903,2023-01-05,P086,10,927.19
SO16904,2023-10-06,P096,13,244.09
SO16905,2024-04-21,P063,10,32.05
SO16906,2024-10-01,P057,19,171.26
SO16907,2024-12-31,P054,17,97.25
SO16908,2023-12-24,P040,18,424.45
SO16909,2024-10-03,P059,31,113.33
SO16910,2024-01-18,P046,13,32.7
SO16911,2024-05-20,P037,15,90.97
SO16912,2023-10-10,P081,1,129.83
SO16913,2023-03-12,P036,3,141.53
SO16914,2024-07-18,P091,1,1211.3
SO16915,2024-07-04,P094,11,242.5
SO16916,2024-05-01,P091,11,1302.53
SO16917,2024-12-10,P091,23,892.9
SO16918,2024-07-18,P032,15,86.14
SO16919,2024-06-18,P075,16,88.34
SO16920,2024-07-28,P031,15,62.6
SO16921,2023-07-05,P016,9,669.15
SO16922,2024-02-05,P006,4,115.69
SO16923,2024-10-20,P100,25,100.19
SO16924,2024-08-22,P005,17,141.67
SO16925,2023-03-28,P069,5,152.99
SO16926,2024-03-17,P025,14,76.37
SO16927,2023-07-02,P082,6,166.04
SO16928,2023-11-22,P100,3,117.71
SO16929,2023-11-18,P054,11,126.69
SO16930,2023-04-08,P076,15,213.23
SO16931,2024-06-24,P007,4,1079.94
SO16932,2024-10-03,P087,10,188.55
SO16933,2023-09-14,P060,4,183.6
SO16934,2024-06-07,P063,19,43.28
SO16935,2023-06-23,P093,6,113.11
SO16936,2024-08-08,P004,4,61.61
SO16937,2024-02-13,P044,4,111.65
SO16938,2024-02-29,P097,15,26.18
SO16939,2024-10-17,P052,31,44.01
SO16940,2024-10-16,P093,16,146.13
SO16941,2024-02-01,P017,19,26.77
SO16942,2024-03-24,P070,14,210.08
SO16943,2024-12-21,P028,2,20.44
SO16944,2024-06-04,P011,5,127.06
SO16945,2023-09-16,P020,19,71.1
SO16946,2023-05-05,P072,19,148.91
SO16947,2024-06-19,P023,18,20.43
SO16948,2023-07-14,P051,9,84.21
SO16949,2024-08-18,P068,13,135.12
SO16950,2024-06-05,P002,11,106.55
SO16951,2024-12-07,P089,9,52.18
SO16952,2023-02-16,P073,8,170.46
SO16953,2023-10-30,P056,7,196.48
SO16954,2024-07-26,P027,11,217.34
SO16955,2024-05-17,P025,18,105.71
SO16956,2023-11-22,P065,19,211.09
SO16957,2024-09-08,P080,17,17.12
SO16958,2023-12-14,P054,25,144.68
SO16959,2023-08-15,P057,16,128.19
SO16960,2023-05-05,P042,4,256.99
SO16961,2024-03-24,P015,15,33.11
SO16962,2024-11-20,P014,13,300.45
SO16963,2024-11-06,P043,22,89.9
SO16964,2024-04-14,P041,12,46.51
SO16965,2024-04-02,P067,10,49.41
SO16966,2023-05-22,P024,19,95.53
SO16967,2023-03-14,P078,1,129.77
SO16968,2023-11-20,P006,17,135.2
SO16969,2024-08-18,P077,2,157.56
SO16970,2023-05-11,P084,3,183.07
SO16971,2023-03-27,P080,6,13.7
SO16972,2024-05-23,P069,12,216.0
SO16973,2023-07-07,P075,1,76.42
SO16974,2024-04-29,P038,14,130.1
SO16975,2023-08-08,P068,5,129.37
SO16976,2023-03-10,P083,19,95.87
SO16977,2024-09-19,P067,14,49.94
SO16978,2023-05-24,P009,5,188.0
SO16979,2023-09-18,P024,11,126.3
SO16980,2024-01-27,P028,3,38.74
SO16981,2024-08-11,P083,7,111.68
SO16982,2024-04-16,P076,16,118.25
SO16983,2023-03-31,P072,15,156.79
SO16984,2024-04-27,P004,5,58.76
SO16985,2023-10-13,P059,21,91.8
SO16986,2024-07-20,P003,19,216.03
SO16987,2023-01-19,P080,11,18.43
SO16988,2023-03-14,P031,14,43.6
SO16989,2024-05-09,P005,8,119.95
SO16990,2023-09-10,P041,1,39.68
SO16991,2023-04-26,P045,10,56.29
SO16992,2023-04-29,P052,14,45.64
SO16993,2023-08-29,P055,2,208.89
SO16994,2024-02-26,P062,8,88.01
SO16995,2024-04-25,P097,12,18.45
SO16996,2023-06-03,P096,12,199.92
SO16997,2023-02-26,P043,14,59.91
SO16998,2024-10-04,P006,13,130.05
SO16999,2024-05-11,P040,8,548.06
SO17000,2024-12-25,P050,8,54.81
SO17001,2023-09-14,P078,4,140.53
SO17002,2024-05-22,P010,17,72.02
SO17003,2024-08-17,P087,4,171.99
SO17004,2023-03-06,P061,2,101.75
SO17005,2023-08-30,P070,8,162.91
SO17006,2023-02-21,P088,16,145.14
SO17007,2023-04-23,P090,18,85.87
SO17008,2024-08-01,P090,10,80.41
SO17009,2024-11-12,P006,16,215.82
SO17010,2024-02-11,P032,16,70.85
SO17011,2024-10-31,P055,13,246.67
SO17012,2023-07-29,P067,11,51.21
SO17013,2023-08-22,P063,8,57.54
SO17014,2024-08-03,P076,6,195.82
SO17015,2024-02-10,P045,18,53.7
SO17016,2024-11-11,P010,19,77.57
SO17017,2024-07-23,P066,19,191.16
SO17018,2023-05-20,P009,8,145.66
SO17019,2023-11-06,P018,8,57.64
SO17020,2023-12-30,P026,15,156.89
SO17021,2024-10-24,P011,1,129.9
SO17022,2023-04-27,P070,3,190.46
SO17023,2023-07-31,P033,18,57.04
SO17024,2023-04-30,P037,14,76.25
SO17025,2023-06-02,P070,14,211.02
SO17026,2023-05-03,P070,18,190.88
SO17027,2024-04-28,P086,9,1265.35
SO17028,2024-11-08,P015,6,30.78
SO17029,2023-07-26,P008,5,64.81
SO17030,2024-05-15,P056,3,156.58
SO17031,2023-07-05,P094,8,170.9
SO17032,2024-02-15,P092,11,114.87
SO17033,2023-02-22,P065,13,191.89
SO17034,2023-05-10,P100,8,103.16
SO17035,2024-08-06,P020,14,96.08
SO17036,2023-07-14,P013,17,19.57
SO17037,2023-09-29,P028,13,31.14
SO17038,2024-03-08,P083,9,106.91
SO17039,2023-04-11,P033,14,92.14
SO17040,2024-07-27,P034,10,68.3
SO17041,2024-06-20,P096,3,160.99
SO17042,2024-03-10,P078,5,190.32
SO17043,2024-10-30,P025,4,132.19
SO17044,2024-07-07,P075,5,127.76
SO17045,2023-07-02,P070,1,139.18
SO17046,2024-06-14,P032,17,101.07
SO17047,2023-07-31,P080,7,14.43
SO17048,2024-05-26,P085,6,255.13
SO17049,2024-04-11,P035,1,384.13
SO17050,2023-03-23,P018,6,38.13
SO17051,2023-04-05,P089,5,68.06
SO17052,2024-09-16,P038,1,107.94
SO17053,2023-11-28,P085,22,215.66
SO17054,2023-05-06,P098,4,450.26
SO17055,2024-10-17,P003,12,173.5
SO17056,2023-06-14,P025,14,72.42
SO17057,2024-04-13,P095,12,119.58
SO17058,2023-06-06,P056,11,142.26
SO17059,2023-08-04,P051,3,48.89
SO17060,2023-10-30,P039,14,29.73
SO17061,2024-04-09,P027,13,136.07
SO17062,2023-05-04,P050,14,55.29
SO17063,2024-03-04,P038,11,88.6
SO17064,2024-08-24,P040,17,562.6
SO17065,2024-09-01,P006,13,170.42
SO17066,2023-08-31,P092,15,163.59
SO17067,2024-06-02,P073,6,201.05
SO17068,2023-04-28,P082,8,169.27
SO17069,2023-06-08,P089,17,54.37
SO17070,2023-10-21,P080,22,21.83
SO17071,2023-01-03,P052,4,65.64
SO17072,2024-06-09,P040,1,346.43
SO17073,2024-05-12,P060,13,191.63
SO17074,2024-05-17,P015,1,41.2
SO17075,2024-09-12,P002,9,84.81
SO17076,2024-02-08,P032,15,78.65
SO17077,2023-09-01,P029,11,714.3
SO17078,2023-03-04,P022,16,131.82
SO17079,2024-08-23,P066,16,137.89
SO17080,2023-06-29,P050,13,42.71
SO17081,2023-12-16,P089,18,43.33
SO17082,2024-08-12,P006,3,184.9
SO17083,2024-11-02,P028,21,32.24
SO17084,2024-03-21,P092,3,139.24
SO17085,2023-04-14,P095,19,93.3
SO17086,2024-12-29,P025,11,96.91
SO17087,2024-07-18,P035,2,296.54
SO17088,2024-05-23,P081,8,215.2
SO17089,2023-08-06,P038,12,149.19
SO17090,2024-05-15,P060,19,138.07
SO17091,2023-10-31,P032,8,84.45
SO17092,2023-08-14,P086,11,1215.1
SO17093,2024-07-06,P061,8,99.08
SO17094,2024-02-11,P095,8,107.21
SO17095,2024-04-03,P046,9,20.48
SO17096,2023-02-16,P091,18,1009.07
SO17097,2023-05-29,P054,4,157.5
SO17098,2024-10-07,P012,17,117.2
SO17099,2024-04-30,P068,17,180.59
SO17100,2023-10-04,P084,19,130.05
SO17101,2023-03-16,P004,13,56.51
SO17102,2024-01-29,P032,5,65.84
SO17103,2023-06-12,P098,10,403.29
SO17104,2024-09-06,P005,1,107.08
SO17105,2023-09-20,P053,7,26.43
SO17106,2023-10-02,P098,29,453.95
SO17107,2023-05-22,P023,7,27.04
SO17108,2024-09-28,P058,7,57.36
SO17109,2024-11-24,P005,14,115.41
SO17110,2023-07-15,P069,18,164.69
SO17111,2024-08-04,P039,19,49.43
SO17112,2024-01-24,P020,16,117.53
SO17113,2023-06-10,P053,8,30.71
SO17114,2024-06-13,P052,3,76.41
SO17115,2024-10-23,P044,21,109.99
SO17116,2024-03-14,P085,1,191.22
SO17117,2024-03-27,P082,6,146.94
SO17118,2023-01-03,P052,3,58.36
SO17119,2024-10-31,P002,2,120.36
SO17120,2023-10-31,P040,15,630.93
SO17121,2023-07-12,P087,4,169.2
SO17122,2023-06-18,P010,8,60.61
SO17123,2023-04-19,P045,9,53.0
SO17124,2024-10-05,P096,4,186.62
SO17125,2024-06-23,P069,12,134.88
SO17126,2024-07-06,P024,2,91.0
SO17127,2023-02-05,P026,15,113.01
SO17128,2023-01-18,P036,19,137.21
SO17129,2023-09-06,P021,4,146.59
SO17130,2023-10-12,P003,12,208.23
SO17131,2024-01-15,P013,8,18.76
SO17132,2023-02-05,P068,17,105.84
SO17133,2024-08-06,P085,5,143.01
SO17134,2023-03-10,P051,9,87.45
SO17135,2023-03-11,P098,7,306.89
SO17136,2023-07-13,P052,6,47.56
SO17137,2024-06-03,P092,18,99.57
SO17138,2024-08-20,P033,10,95.39
SO17139,2023-01-18,P059,10,98.48
SO17140,2024-11-18,P012,20,74.66
SO17141,2023-12-01,P056,31,140.36
SO17142,2024-10-21,P043,29,97.6
SO17143,2024-01-30,P010,9,39.98
SO17144,2023-01-13,P060,14,149.32
SO17145,2023-06-25,P024,9,118.36
SO17146,2023-01-27,P097,3,23.64
SO17147,2024-06-29,P094,12,212.67
SO17148,2024-04-28,P048,15,112.68
SO17149,2024-01-13,P037,5,82.25
SO17150,2024-04-03,P074,17,95.69
SO17151,2023-02-10,P018,17,56.28
SO17152,2024-06-28,P095,19,105.69
SO17153,2024-10-11,P033,37,74.7
SO17154,2023-09-25,P033,12,83.81
SO17155,2023-08-13,P026,5,87.32
SO17156,2024-07-02,P028,4,38.19
SO17157,2024-10-03,P018,8,43.42
SO17158,2024-05-17,P007,17,1162.41
SO17159,2024-06-28,P067,15,37.08
SO17160,2024-08-14,P033,2,97.19
SO17161,2023-05-02,P015,15,32.57
SO17162,2024-03-25,P096,18,148.58
SO17163,2024-09-25,P016,9,1227.76
SO17164,2024-12-26,P094,1,171.6
SO17165,2023-08-01,P069,19,166.52
SO17166,2024-11-07,P097,10,26.27
SO17167,2023-04-24,P079,11,23.61
SO17168,2024-07-17,P072,14,217.79
SO17169,2023-06-24,P091,16,913.03
SO17170,2023-01-03,P031,3,53.36
SO17171,2024-11-13,P094,1,191.25
SO17172,2023-11-11,P047,9,50.56
SO17173,2023-09-22,P054,16,155.1
SO17174,2024-05-21,P099,11,700.4
SO17175,2024-09-01,P004,16,66.77
SO17176,2024-06-17,P088,3,157.98
SO17177,2023-05-07,P072,16,157.33
SO17178,2023-04-14,P035,6,366.92
SO17179,2024-01-22,P047,6,78.12
SO17180,2023-08-13,P033,15,54.34
SO17181,2024-06-29,P075,4,82.09
SO17182,2023-10-05,P026,20,98.19
SO17183,2023-12-20,P079,22,19.77
SO17184,2024-10-25,P094,30,159.98
SO17185,2024-01-25,P067,12,48.97
SO17186,2024-07-03,P062,13,62.96
SO17187,2023-07-24,P023,2,24.65
SO17188,2024-09-11,P089,6,56.75
SO17189,2023-05-29,P011,5,137.43
SO17190,2024-09-02,P071,17,20.2
SO17191,2024-09-12,P094,18,237.72
SO17192,2023-06-01,P045,11,53.86
SO17193,2024-07-03,P016,4,742.25
SO17194,2023-06-06,P013,10,14.17
SO17195,2023-03-11,P008,1,64.93
SO17196,2023-03-17,P036,15,161.89
SO17197,2024-12-25,P013,10,16.73
SO17198,2023-02-23,P055,5,211.13
SO17199,2023-01-18,P044,12,80.26
SO17200,2024-11-26,P006,28,118.37
SO17201,2024-12-21,P043,26,54.11
SO17202,2023-02-16,P068,13,156.5
SO17203,2023-03-12,P067,5,51.14
SO17204,2023-12-19,P031,32,52.93
SO17205,2023-02-10,P029,16,1069.25
SO17206,2023-12-26,P058,16,77.44
SO17207,2023-12-20,P070,32,213.31
SO17208,2024-02-17,P063,4,60.9
SO17209,2024-07-02,P056,15,196.83
SO17210,2023-11-21,P021,21,151.85
SO17211,2023-08-17,P078,9,141.8
SO17212,2024-10-14,P057,6,165.29
SO17213,2023-04-17,P029,17,855.85
SO17214,2024-10-04,P035,10,290.78
SO17215,2023-12-14,P092,6,116.82
SO17216,2024-12-29,P057,20,104.92
SO17217,2024-08-01,P018,8,55.27
SO17218,2024-05-24,P026,9,148.72
SO17219,2023-06-08,P092,17,163.49
SO17220,2024-07-26,P099,19,930.26
SO17221,2024-05-16,P082,18,142.72
SO17222,2024-02-07,P081,13,177.73
SO17223,2023-04-23,P051,14,81.32
SO17224,2024-08-27,P057,19,186.21
SO17225,2023-09-26,P037,16,52.24
SO17226,2023-03-14,P027,8,184.69
SO17227,2023-10-14,P089,17,68.53
SO17228,2024-12-23,P010,21,45.12
SO17229,2023-07-02,P049,10,109.15
SO17230,2024-01-04,P068,3,114.67
SO17231,2024-11-09,P022,1,111.08
SO17232,2023-08-29,P042,4,211.44
SO17233,2023-08-08,P023,7,33.0
SO17234,2024-02-12,P031,17,33.34
SO17235,2023-11-27,P060,11,128.2
SO17236,2024-08-14,P082,6,147.34
SO17237,2024-02-04,P006,6,207.95
SO17238,2024-04-30,P090,14,102.82
SO17239,2024-01-25,P100,14,115.66
SO17240,2024-11-26,P017,5,30.27
SO17241,2023-12-30,P055,14,222.61
SO17242,2023-12-09,P072,21,164.55
SO17243,2024-01-28,P002,19,87.41
SO17244,2024-08-02,P081,2,161.36
SO17245,2024-10-05,P013,7,13.82
SO17246,2023-05-18,P089,12,68.62
SO17247,2023-01-07,P100,7,108.41
SO17248,2024-05-13,P005,19,111.61
SO17249,2023-12-19,P021,3,170.03
SO17250,2024-04-08,P025,18,84.65
SO17251,2023-04-09,P066,2,152.34
SO17252,2024-05-17,P050,11,59.03
SO17253,2024-03-10,P054,11,106.04
SO17254,2024-05-14,P027,15,136.01
SO17255,2023-12-03,P041,27,39.24
SO17256,2023-06-25,P066,2,120.27
SO17257,2024-08-20,P041,19,45.12
SO17258,2023-07-12,P085,11,268.7
SO17259,2024-03-18,P072,9,200.44
SO17260,2023-05-03,P030,6,169.0
SO17261,2024-11-16,P028,26,38.48
SO17262,2024-07-24,P014,15,519.37
SO17263,2023-01-28,P056,5,172.42
SO17264,2024-09-29,P092,2,116.49
SO17265,2023-08-11,P087,17,150.93
SO17266,2023-06-26,P005,7,99.8
SO17267,2024-05-01,P080,18,25.81
SO17268,2023-01-22,P028,18,28.58
SO17269,2023-06-18,P010,12,56.97
SO17270,2024-07-01,P074,3,137.59
SO17271,2023-12-01,P047,13,90.54
SO17272,2024-12-30,P088,16,179.13
SO17273,2024-12-05,P073,5,203.9
SO17274,2024-10-13,P077,2,103.41
SO17275,2024-07-29,P058,15,66.63
SO17276,2024-04-17,P055,1,212.78
SO17277,2024-03-09,P085,7,173.97
SO17278,2023-04-13,P099,15,743.27
SO17279,2024-01-03,P046,9,26.87
SO17280,2023-06-29,P066,8,152.05
SO17281,2024-10-02,P093,7,129.9
SO17282,2024-12-16,P070,19,223.89
SO17283,2023-02-14,P090,12,89.19
SO17284,2023-02-09,P083,1,125.76
SO17285,2023-02-03,P067,16,29.19
SO17286,2024-09-04,P079,15,20.67
SO17287,2023-05-17,P098,14,369.02
SO17288,2023-05-22,P086,11,1048.74
SO17289,2024-07-19,P040,7,596.67
SO17290,2024-03-17,P013,19,20.44
SO17291,2024-08-17,P061,15,100.72
SO17292,2024-11-21,P094,16,205.14
SO17293,2024-05-31,P051,14,75.91
SO17294,2023-01-15,P012,5,86.87
SO17295,2023-10-17,P067,16,32.8
SO17296,2023-06-06,P049,2,110.72
SO17297,2024-05-29,P039,18,31.48
SO17298,2024-02-14,P006,6,209.71
SO17299,2023-02-04,P027,3,136.09
SO17300,2023-06-10,P067,3,27.78
SO17301,2024-12-04,P003,15,192.55
SO17302,2024-01-15,P097,16,21.96
SO17303,2024-04-07,P053,14,36.36
SO17304,2024-01-05,P030,2,143.35
SO17305,2024-01-20,P028,15,36.04
SO17306,2023-09-20,P015,7,30.92
SO17307,2024-04-26,P017,1,17.14
SO17308,2023-04-30,P020,16,79.92
SO17309,2024-12-09,P051,24,72.03
SO17310,2023-12-30,P038,29,143.94
SO17311,2024-09-29,P093,18,211.16
SO17312,2024-11-29,P024,7,112.3
SO17313,2024-06-02,P070,7,159.19
SO17314,2024-06-03,P017,8,19.87
SO17315,2023-11-18,P055,10,214.24
SO17316,2023-10-04,P008,30,40.78
SO17317,2024-09-06,P031,2,37.07
SO17318,2024-01-08,P065,4,179.01
SO17319,2023-01-04,P069,8,202.28
SO17320,2024-11-05,P089,8,46.68
SO17321,2023-02-11,P030,16,174.37
SO17322,2024-03-23,P054,7,154.87
SO17323,2024-08-26,P044,17,80.57
SO17324,2024-08-19,P041,5,55.48
SO17325,2024-11-07,P039,22,42.17
SO17326,2024-06-16,P048,9,149.29
SO17327,2024-03-25,P015,16,40.29
SO17328,2024-08-17,P021,3,119.47
SO17329,2024-01-27,P073,5,139.92
SO17330,2023-08-07,P099,2,1115.95
SO17331,2024-07-20,P019,14,148.23
SO17332,2024-08-22,P011,10,176.18
SO17333,2024-07-24,P015,15,33.0
SO17334,2024-12-29,P077,18,160.65
SO17335,2024-05-29,P087,11,157.0
SO17336,2024-03-28,P049,14,81.09
SO17337,2024-02-04,P051,11,77.2
SO17338,2024-12-30,P024,12,119.1
SO17339,2024-11-14,P010,12,39.4
SO17340,2024-08-14,P045,14,37.89
SO17341,2024-03-31,P049,1,91.61
SO17342,2023-03-13,P014,3,442.24
SO17343,2024-05-17,P070,13,187.49
SO17344,2024-12-19,P074,3,92.83
SO17345,2024-09-08,P009,7,173.98
SO17346,2024-10-09,P097,8,16.44
SO17347,2024-07-07,P086,11,1149.85
SO17348,2023-03-24,P038,17,113.39
SO17349,2024-05-06,P090,3,81.13
SO17350,2024-07-17,P024,19,104.62
SO17351,2023-11-06,P094,14,244.25
SO17352,2023-01-25,P048,10,91.69
SO17353,2023-07-14,P090,11,64.3
SO17354,2023-05-13,P067,7,37.85
SO17355,2023-11-25,P091,5,1334.29
SO17356,2024-07-06,P001,6,92.84
SO17357,2024-12-23,P051,31,92.5
SO17358,2023-06-13,P029,19,693.82
SO17359,2023-08-07,P003,19,124.48
SO17360,2023-06-19,P046,13,35.31
SO17361,2023-08-23,P063,15,41.71
SO17362,2023-12-28,P039,25,35.85
SO17363,2024-05-02,P008,19,48.35
SO17364,2023-05-15,P016,5,943.03
SO17365,2024-01-27,P096,14,242.98
SO17366,2024-11-21,P091,31,1172.31
SO17367,2023-07-24,P049,15,111.56
SO17368,2024-01-02,P065,16,167.54
SO17369,2023-02-17,P054,19,120.23
SO17370,2024-05-12,P027,14,237.85
SO17371,2023-11-07,P041,3,48.26
SO17372,2023-10-19,P058,26,62.66
SO17373,2024-10-30,P058,8,93.06
SO17374,2023-01-04,P070,2,226.62
SO17375,2024-05-05,P025,13,110.29
SO17376,2024-10-29,P078,21,158.28
SO17377,2024-06-08,P033,18,84.19
SO17378,2023-03-13,P091,18,847.25
SO17379,2024-03-20,P061,6,67.49
SO17380,2024-04-30,P074,4,74.9
SO17381,2023-11-06,P019,17,187.88
SO17382,2024-07-14,P020,10,108.92
SO17383,2023-11-16,P014,10,484.87
SO17384,2023-07-07,P063,5,41.03
SO17385,2023-10-04,P044,17,92.68
SO17386,2023-10-19,P086,27,1238.36
SO17387,2023-06-05,P003,13,124.29
SO17388,2024-08-24,P086,10,1228.57
SO17389,2023-03-28,P074,15,92.23
SO17390,2024-11-16,P026,30,148.02
SO17391,2024-12-22,P046,16,19.73
SO17392,2023-05-02,P074,12,91.49
SO17393,2023-06-13,P075,2,76.91
SO17394,2024-11-01,P082,19,135.6
SO17395,2023-07-27,P042,14,141.96
SO17396,2024-02-18,P093,11,207.19
SO17397,2023-10-20,P019,23,151.59
SO17398,2023-11-09,P058,16,84.56
SO17399,2023-03-14,P094,13,206.09
SO17400,2023-02-24,P085,15,189.31
SO17401,2024-06-23,P092,3,149.24
SO17402,2024-10-31,P053,8,26.04
SO17403,2023-10-09,P092,15,179.56
SO17404,2023-09-01,P004,6,67.78
SO17405,2024-09-10,P096,13,141.03
SO17406,2024-08-27,P054,15,116.13
SO17407,2024-06-12,P030,18,191.76
SO17408,2023-04-14,P039,15,57.33
SO17409,2024-09-25,P077,17,113.49
SO17410,2024-02-02,P082,15,155.33
SO17411,2023-05-24,P043,2,70.7
SO17412,2024-09-19,P017,2,20.86
SO17413,2024-12-03,P018,4,44.28
SO17414,2024-01-13,P023,5,29.16
SO17415,2024-07-31,P081,9,192.34
SO17416,2023-04-22,P061,19,61.28
SO17417,2024-02-22,P096,12,127.59
SO17418,2024-12-10,P051,17,60.21
SO17419,2023-12-22,P001,18,51.42
SO17420,2023-07-03,P081,5,145.94
SO17421,2024-07-26,P097,17,23.8
SO17422,2024-05-10,P081,5,205.96
SO17423,2024-01-02,P057,14,177.15
SO17424,2023-07-18,P023,15,38.54
SO17425,2024-11-15,P021,6,90.85
SO17426,2024-02-09,P091,17,870.48
SO17427,2023-04-04,P055,14,165.51
SO17428,2023-05-29,P017,7,25.55
SO17429,2023-03-20,P086,12,833.19
SO17430,2023-07-04,P053,15,35.86
SO17431,2024-07-03,P012,8,79.2
SO17432,2023-03-12,P035,17,471.39
SO17433,2024-07-17,P045,7,71.17
SO17434,2024-09-16,P050,13,42.94
SO17435,2023-04-12,P002,4,102.08
SO17436,2024-02-24,P059,7,92.46
SO17437,2024-02-05,P039,16,30.24
SO17438,2024-02-14,P093,14,183.32
SO17439,2023-04-20,P084,9,157.27
SO17440,2023-05-30,P052,5,63.38
SO17441,2024-06-20,P100,6,110.14
SO17442,2024-03-26,P019,9,180.75
SO17443,2023-09-07,P087,18,148.52
SO17444,2023-06-13,P024,6,108.2
SO17445,2023-08-24,P049,3,98.6
SO17446,2023-09-27,P059,9,88.78
SO17447,2024-09-10,P099,17,644.72
SO17448,2023-03-21,P094,3,164.66
SO17449,2023-03-15,P016,8,1101.31
SO17450,2023-03-22,P090,2,120.05
SO17451,2024-12-21,P071,9,14.06
SO17452,2023-02-09,P080,6,20.64
SO17453,2023-03-16,P099,12,1094.99
SO17454,2023-05-03,P081,15,151.25
SO17455,2024-08-18,P025,14,76.92
SO17456,2023-01-18,P041,5,32.74
SO17457,2024-04-23,P035,19,351.23
SO17458,2024-10-28,P079,25,13.82
SO17459,2024-04-27,P060,16,129.28
SO17460,2024-05-19,P055,17,189.38
SO17461,2023-03-04,P045,2,65.83
SO17462,2024-01-21,P044,16,111.06
SO17463,2023-03-03,P071,13,17.64
SO17464,2023-05-31,P074,1,70.94
SO17465,2023-10-02,P016,3,703.8
SO17466,2024-06-07,P064,2,145.54
SO17467,2023-10-31,P042,23,183.02
SO17468,2023-09-21,P011,4,145.4
SO17469,2023-02-14,P028,16,32.84
SO17470,2024-06-05,P091,11,934.31
SO17471,2023-01-16,P074,19,122.21
SO17472,2023-05-28,P030,16,179.18
SO17473,2024-08-21,P057,3,113.5
SO17474,2024-06-24,P082,4,152.69
SO17475,2023-11-03,P081,23,139.86
SO17476,2024-08-02,P054,18,114.35
SO17477,2023-01-26,P099,9,981.71
SO17478,2024-02-09,P030,6,168.35
SO17479,2023-11-23,P003,11,171.17
SO17480,2023-11-20,P053,1,26.98
SO17481,2024-03-03,P013,12,12.08
SO17482,2023-08-26,P021,10,126.99
SO17483,2024-05-23,P077,7,125.2
SO17484,2023-09-08,P089,14,85.01
SO17485,2023-06-15,P073,1,157.35
SO17486,2024-02-25,P046,18,28.26
SO17487,2024-10-16,P042,5,136.83
SO17488,2024-09-22,P029,1,591.14
SO17489,2023-03-20,P045,11,45.11
SO17490,2023-08-07,P073,18,165.55
SO17491,2024-08-29,P031,16,37.96
SO17492,2023-06-02,P099,19,732.78
SO17493,2023-10-24,P049,26,93.55
SO17494,2023-03-31,P095,4,80.01
SO17495,2024-09-21,P032,15,92.01
SO17496,2023-02-05,P096,3,153.66
SO17497,2024-11-05,P056,18,163.14
SO17498,2024-04-19,P011,13,119.3
SO17499,2024-02-10,P021,10,134.73
SO17500,2024-11-14,P081,5,207.13
SO17501,2024-09-19,P005,17,154.18
SO17502,2024-02-19,P082,9,167.88
SO17503,2023-03-17,P033,12,87.28
SO17504,2024-11-16,P034,29,53.19
SO17505,2023-12-12,P043,7,97.02
SO17506,2023-05-08,P061,10,62.6
SO17507,2024-07-09,P014,14,469.69
SO17508,2024-09-22,P095,5,132.25
SO17509,2024-01-29,P050,6,61.15
SO17510,2024-01-20,P046,16,30.17
SO17511,2024-02-10,P047,13,81.04
SO17512,2023-06-17,P062,15,64.2
SO17513,2024-11-04,P048,2,129.38
SO17514,2023-05-24,P075,5,134.15
SO17515,2024-12-14,P009,7,107.58
SO17516,2023-08-13,P028,16,36.72
SO17517,2023-09-17,P037,14,78.1
SO17518,2024-08-22,P013,13,22.81
SO17519,2024-01-03,P004,13,53.87
SO17520,2024-04-08,P032,8,69.06
SO17521,2023-12-10,P084,35,115.03
SO17522,2024-02-19,P051,8,61.42
SO17523,2024-04-28,P002,12,151.74
SO17524,2024-06-19,P081,6,168.74
SO17525,2023-08-14,P054,13,121.37
SO17526,2024-04-20,P059,4,102.05
SO17527,2024-09-24,P069,6,228.11
SO17528,2023-10-19,P063,12,49.82
SO17529,2023-10-30,P064,11,115.3
SO17530,2023-09-24,P043,15,81.74
SO17531,2024-06-15,P077,19,177.2
SO17532,2024-09-30,P037,4,76.92
SO17533,2024-03-20,P054,15,139.91
SO17534,2023-12-17,P061,11,102.93
SO17535,2023-10-06,P021,14,167.77
SO17536,2024-07-31,P008,16,64.86
SO17537,2023-08-31,P021,8,105.38
SO17538,2024-09-05,P051,13,72.18
SO17539,2024-12-23,P038,21,166.24
SO17540,2023-02-26,P054,4,137.62
SO17541,2024-08-12,P072,13,208.33
SO17542,2023-03-30,P071,8,16.36
SO17543,2024-08-18,P090,5,62.1
SO17544,2023-04-25,P035,7,418.84
SO17545,2023-11-07,P042,22,164.67
SO17546,2024-09-29,P041,6,44.5
SO17547,2024-08-25,P011,16,191.98
SO17548,2023-06-28,P069,14,151.64
SO17549,2023-05-27,P004,13,58.85
SO17550,2024-03-20,P095,3,83.9
SO17551,2024-12-16,P093,19,113.46
SO17552,2024-02-11,P061,19,96.7
SO17553,2024-07-25,P011,18,133.64
SO17554,2024-06-01,P040,7,341.67
SO17555,2024-02-10,P049,13,124.51
SO17556,2023-12-27,P067,19,31.33
SO17557,2023-09-06,P048,16,103.09
SO17558,2024-02-06,P003,18,137.38
SO17559,2023-07-29,P066,2,130.56
SO17560,2024-08-05,P069,16,181.05
SO17561,2024-12-31,P090,16,83.64
SO17562,2023-05-13,P008,2,77.87
SO17563,2024-04-20,P025,1,97.63
SO17564,2024-10-18,P066,6,132.2
SO17565,2024-03-08,P058,17,102.83
SO17566,2023-02-18,P040,17,376.81
SO17567,2024-02-12,P078,5,192.42
SO17568,2024-05-10,P017,7,17.47
SO17569,2023-07-09,P019,4,245.48
SO17570,2024-05-23,P019,11,196.5
SO17571,2023-10-14,P002,20,146.38
SO17572,2023-09-26,P073,14,162.53
SO17573,2023-09-09,P076,3,138.28
SO17574,2024-07-20,P021,7,140.11
SO17575,2024-01-20,P016,19,1071.34
SO17576,2024-04-18,P078,8,184.72
SO17577,2024-05-02,P023,14,33.44
SO17578,2024-04-03,P036,4,160.3
SO17579,2023-12-30,P086,1,722.79
SO17580,2024-03-14,P083,5,148.05
SO17581,2024-12-31,P060,13,136.69
SO17582,2023-09-10,P020,4,64.95
SO17583,2024-12-26,P078,23,236.69
SO17584,2024-05-29,P081,17,196.11
SO17585,2024-11-28,P028,28,26.13
SO17586,2023-10-25,P033,1,87.16
SO17587,2024-06-14,P060,18,179.74
SO17588,2023-08-03,P060,3,123.88
SO17589,2024-07-03,P067,19,48.88
SO17590,2023-09-14,P060,14,135.04
SO17591,2024-09-24,P004,7,63.86
SO17592,2024-11-10,P045,14,41.36
SO17593,2024-06-13,P046,15,31.91
SO17594,2023-10-29,P044,1,74.82
SO17595,2023-07-29,P044,11,64.6
SO17596,2024-08-10,P100,15,87.75
SO17597,2023-04-07,P058,9,87.49
SO17598,2023-09-15,P052,10,82.08
SO17599,2023-09-14,P052,7,60.58
SO17600,2023-12-18,P050,13,63.08
SO17601,2023-04-10,P037,17,70.16
SO17602,2023-10-24,P046,2,33.54
SO17603,2023-07-10,P064,14,119.07
SO17604,2023-12-17,P023,7,21.02
SO17605,2023-10-02,P082,11,163.18
SO17606,2024-08-17,P027,19,140.2
SO17607,2023-08-23,P028,13,21.14
SO17608,2024-06-07,P059,10,101.99
SO17609,2024-12-24,P050,19,55.03
SO17610,2023-05-30,P015,17,46.55
SO17611,2024-04-27,P012,17,96.1
SO17612,2024-07-18,P032,19,59.97
SO17613,2024-05-21,P001,4,78.89
SO17614,2023-03-28,P052,11,60.24
SO17615,2023-01-18,P028,12,32.17
SO17616,2024-04-11,P054,12,122.22
SO17617,2023-02-26,P096,2,232.88
SO17618,2024-08-10,P009,2,141.14
SO17619,2024-06-26,P023,2,30.84
SO17620,2023-03-31,P034,1,52.59
SO17621,2024-01-31,P088,3,176.19
SO17622,2024-08-29,P077,12,168.21
SO17623,2023-05-12,P036,17,128.78
SO17624,2023-09-24,P090,17,74.39
SO17625,2023-08-21,P093,18,196.72
SO17626,2023-01-10,P003,6,121.75
SO17627,2024-06-05,P071,12,21.66
SO17628,2023-02-15,P094,18,154.67
SO17629,2024-11-16,P021,1,99.26
SO17630,2023-08-02,P050,3,39.27
SO17631,2023-06-26,P046,10,33.19
SO17632,2023-03-26,P031,5,57.46
SO17633,2023-07-23,P001,11,62.01
SO17634,2023-06-22,P095,4,88.87
SO17635,2024-07-20,P004,10,53.21
SO17636,2023-02-18,P007,7,1402.68
SO17637,2023-06-08,P042,13,164.91
SO17638,2023-09-28,P098,8,409.03
SO17639,2023-04-26,P099,14,874.88
SO17640,2024-10-18,P023,34,29.83
SO17641,2023-08-16,P063,4,53.8
SO17642,2023-01-14,P082,3,102.1
SO17643,2023-11-07,P060,26,162.3
SO17644,2024-01-18,P036,5,206.56
SO17645,2023-08-23,P072,16,145.32
SO17646,2024-03-17,P011,17,210.55
SO17647,2024-01-03,P088,14,195.26
SO17648,2023-09-08,P097,5,24.93
SO17649,2023-07-18,P017,19,21.31
SO17650,2024-10-03,P055,28,209.12
SO17651,2023-05-02,P014,2,350.55
SO17652,2023-07-26,P069,7,121.65
SO17653,2024-04-23,P043,13,63.08
SO17654,2024-05-02,P080,4,23.12
SO17655,2024-01-25,P038,19,168.23
SO17656,2024-10-03,P042,26,136.78
SO17657,2024-03-10,P098,18,438.09
SO17658,2023-10-18,P021,11,111.99
SO17659,2024-05-03,P012,8,81.28
SO17660,2023-01-05,P079,9,17.53
SO17661,2023-10-25,P077,23,192.79
SO17662,2023-05-07,P070,12,176.33
SO17663,2024-01-04,P059,9,85.89
SO17664,2024-02-03,P056,6,174.48
SO17665,2023-03-04,P029,7,869.97
SO17666,2023-02-07,P047,10,69.95
SO17667,2023-08-02,P089,5,63.06
SO17668,2023-01-22,P084,15,171.51
SO17669,2024-01-25,P042,10,138.8
SO17670,2024-04-26,P010,5,63.66
SO17671,2024-10-11,P070,23,181.16
SO17672,2024-11-18,P042,23,205.43
SO17673,2023-08-23,P094,13,134.3
SO17674,2024-05-06,P083,8,169.59
SO17675,2023-06-21,P046,15,30.14
SO17676,2024-08-10,P051,10,76.79
SO17677,2024-05-25,P061,13,68.35
SO17678,2024-03-01,P095,4,114.12
SO17679,2023-03-22,P048,8,134.05
SO17680,2024-08-05,P093,7,179.78
SO17681,2024-09-26,P055,3,135.95
SO17682,2023-12-10,P033,20,54.13
SO17683,2023-01-31,P007,7,1334.38
SO17684,2023-03-13,P042,8,250.34
SO17685,2024-12-07,P016,16,865.13
SO17686,2023-03-19,P003,10,165.83
SO17687,2024-11-16,P096,17,145.19
SO17688,2024-02-29,P073,14,165.62
SO17689,2024-09-24,P090,9,71.95
SO17690,2023-01-23,P032,7,76.96
SO17691,2023-12-03,P063,2,47.02
SO17692,2024-11-19,P092,4,125.6
SO17693,2024-11-27,P022,5,157.56
SO17694,2024-07-24,P089,13,49.32
SO17695,2023-09-20,P033,3,98.8
SO17696,2023-09-06,P035,3,479.59
SO17697,2024-12-21,P018,19,46.69
SO17698,2023-08-18,P066,3,107.65
SO17699,2023-04-29,P066,13,183.04
SO17700,2024-11-22,P073,11,132.47
SO17701,2023-06-06,P003,13,138.24
SO17702,2024-03-11,P004,18,52.73
SO17703,2023-08-16,P095,1,102.52
SO17704,2023-05-22,P053,17,32.57
SO17705,2024-09-22,P010,10,42.59
SO17706,2024-11-13,P032,15,84.19
SO17707,2024-09-14,P056,4,119.8
SO17708,2024-01-25,P050,17,40.61
SO17709,2023-09-14,P067,10,54.27
SO17710,2023-03-15,P011,1,225.25
SO17711,2023-10-31,P044,1,110.86
SO17712,2024-09-24,P018,12,41.97
SO17713,2024-04-30,P073,4,181.32
SO17714,2024-03-22,P010,15,65.63
SO17715,2024-08-01,P063,12,42.33
SO17716,2023-02-27,P043,13,68.4
SO17717,2023-06-12,P075,2,109.9
SO17718,2024-08-16,P097,6,24.89
SO17719,2024-12-28,P058,19,105.96
SO17720,2024-07-08,P003,6,134.18
SO17721,2023-10-25,P059,6,114.2
SO17722,2023-12-29,P012,2,65.74
SO17723,2024-11-08,P088,25,104.52
SO17724,2023-07-02,P028,16,24.85
SO17725,2023-09-30,P063,4,43.53
SO17726,2023-12-13,P056,20,208.18
SO17727,2024-10-13,P013,33,21.67
SO17728,2024-06-30,P092,3,154.85
SO17729,2024-09-07,P063,16,50.27
SO17730,2024-07-21,P050,13,64.11
SO17731,2024-05-31,P051,13,65.06
SO17732,2024-06-25,P004,1,57.6
SO17733,2024-10-24,P011,7,136.85
SO17734,2024-06-07,P018,15,52.43
SO17735,2024-10-14,P055,20,257.78
SO17736,2024-05-15,P044,6,109.16
SO17737,2023-08-28,P083,15,118.67
SO17738,2024-08-01,P009,7,131.96
SO17739,2024-04-28,P027,7,237.82
SO17740,2024-08-20,P038,4,145.33
SO17741,2024-08-22,P072,14,246.03
SO17742,2024-05-23,P031,17,58.07
SO17743,2024-02-20,P093,3,143.57
SO17744,2024-09-07,P095,12,118.69
SO17745,2024-03-05,P031,4,62.88
SO17746,2023-05-27,P038,16,169.58
SO17747,2023-02-08,P100,19,126.97
SO17748,2023-08-25,P011,4,217.21
SO17749,2023-02-20,P021,8,88.79
SO17750,2024-08-19,P037,2,79.57
SO17751,2024-08-09,P099,16,716.82
SO17752,2023-08-24,P010,2,70.82
SO17753,2023-11-15,P083,35,97.82
SO17754,2024-10-15,P011,3,158.29
SO17755,2023-11-20,P010,7,69.48
SO17756,2024-05-11,P074,12,69.85
SO17757,2023-04-04,P042,3,232.1
SO17758,2024-04-15,P071,8,22.05
SO17759,2023-12-25,P090,3,73.35
SO17760,2024-06-14,P018,11,44.06
SO17761,2023-12-07,P025,18,123.53
SO17762,2023-02-22,P087,4,152.92
SO17763,2024-02-21,P095,19,115.63
SO17764,2023-10-22,P065,18,182.65
SO17765,2024-07-24,P036,13,156.55
SO17766,2024-10-25,P079,17,18.39
SO17767,2023-03-01,P028,18,34.01
SO17768,2023-03-21,P043,7,91.04
SO17769,2023-07-05,P051,8,53.37
SO17770,2023-10-23,P012,4,82.44
SO17771,2023-04-20,P057,15,176.72
SO17772,2023-11-13,P034,28,65.5
SO17773,2024-10-03,P025,30,103.18
SO17774,2023-12-24,P040,36,475.79
SO17775,2024-10-08,P002,7,121.74
SO17776,2024-06-18,P027,7,202.89
SO17777,2023-04-11,P011,11,195.5
SO17778,2024-01-21,P044,15,76.92
SO17779,2024-06-28,P012,6,116.49
SO17780,2023-04-03,P004,8,67.51
SO17781,2023-02-21,P063,5,33.04
SO17782,2024-03-22,P065,5,154.34
SO17783,2024-04-22,P080,11,20.84
SO17784,2024-09-14,P024,5,131.23
SO17785,2023-03-14,P007,10,1426.07
SO17786,2023-04-14,P022,14,110.28
SO17787,2023-06-20,P086,16,1015.71
SO17788,2024-02-11,P022,14,208.56
SO17789,2024-06-05,P030,11,101.5
SO17790,2023-11-28,P016,26,1019.64
SO17791,2024-08-30,P039,9,54.88
SO17792,2023-11-19,P095,30,85.88
SO17793,2024-01-26,P056,16,144.25
SO17794,2024-10-19,P038,1,143.8
SO17795,2024-04-16,P063,5,58.35
SO17796,2023-04-18,P007,6,1084.08
SO17797,2024-12-30,P098,29,430.68
SO17798,2024-05-03,P009,10,109.42
SO17799,2024-09-29,P058,5,90.04
SO17800,2023-03-04,P045,2,45.8
SO17801,2023-10-23,P091,8,1027.72
SO17802,2024-09-30,P057,2,169.35
SO17803,2023-04-04,P037,15,49.01
SO17804,2024-06-05,P079,5,21.74
SO17805,2023-12-17,P025,5,97.14
SO17806,2024-08-06,P067,1,34.97
SO17807,2024-04-16,P007,15,1148.55
SO17808,2024-02-28,P059,12,117.57
SO17809,2023-02-08,P099,5,973.5
SO17810,2024-02-23,P050,2,52.83
SO17811,2024-07-28,P024,14,100.87
SO17812,2023-05-10,P083,3,136.88
SO17813,2023-11-28,P079,27,22.73
SO17814,2023-07-19,P051,1,92.26
SO17815,2024-02-12,P100,15,117.87
SO17816,2023-10-09,P092,9,126.71
SO17817,2024-07-05,P069,8,218.0
SO17818,2024-06-15,P094,4,140.81
SO17819,2023-06-04,P068,13,172.15
SO17820,2024-01-30,P065,9,200.48
SO17821,2024-04-07,P053,16,36.11
SO17822,2024-07-29,P049,6,90.65
SO17823,2023-07-04,P028,10,40.03
SO17824,2023-01-13,P076,16,164.96
SO17825,2023-05-17,P013,7,17.56
SO17826,2023-03-25,P016,13,866.43
SO17827,2023-01-01,P013,13,21.28
SO17828,2024-04-09,P019,19,189.48
SO17829,2024-05-18,P008,14,43.26
SO17830,2024-07-07,P054,13,105.1
SO17831,2023-08-02,P019,4,167.34
SO17832,2024-07-14,P052,17,75.16
SO17833,2024-01-12,P097,1,20.73
SO17834,2024-10-13,P059,34,106.94
SO17835,2023-05-24,P057,2,113.21
SO17836,2023-08-17,P024,13,99.03
SO17837,2023-01-06,P100,5,164.46
SO17838,2023-01-28,P001,8,88.95
SO17839,2023-02-25,P045,11,69.24
SO17840,2023-05-26,P091,5,1198.3
SO17841,2024-09-07,P038,7,145.33
SO17842,2024-01-20,P073,18,126.35
SO17843,2023-08-12,P061,2,62.38
SO17844,2023-04-10,P059,14,63.18
SO17845,2024-09-04,P031,1,57.39
SO17846,2024-10-25,P025,27,95.09
SO17847,2023-01-12,P001,14,60.0
SO17848,2024-02-04,P050,16,40.66
SO17849,2024-10-26,P019,19,216.71
SO17850,2023-02-14,P016,2,1158.54
SO17851,2023-05-09,P035,10,308.98
SO17852,2023-10-29,P048,16,109.57
SO17853,2023-05-22,P076,15,166.19
SO17854,2024-11-16,P006,13,116.28
SO17855,2024-04-04,P069,4,124.03
SO17856,2024-10-01,P041,3,38.02
SO17857,2024-09-10,P077,16,183.9
SO17858,2024-03-17,P057,11,183.43
SO17859,2024-08-29,P066,19,132.26
SO17860,2023-07-03,P056,16,137.77
SO17861,2023-08-23,P009,9,96.5
SO17862,2024-09-27,P099,9,1268.23
SO17863,2024-07-18,P008,13,50.57
SO17864,2024-11-20,P004,13,50.4
SO17865,2024-12-25,P073,8,119.41
SO17866,2023-02-12,P086,9,1155.89
SO17867,2023-05-05,P054,17,148.64
SO17868,2024-01-04,P005,12,86.8
SO17869,2023-07-03,P052,9,77.07
SO17870,2023-03-22,P011,4,146.65
SO17871,2024-07-26,P058,17,72.15
SO17872,2023-01-15,P069,8,159.54
SO17873,2024-04-19,P081,8,196.82
SO17874,2024-12-22,P097,1,26.48
SO17875,2023-01-23,P020,2,65.4
SO17876,2024-12-24,P077,20,174.44
SO17877,2024-01-08,P080,18,19.61
SO17878,2024-04-15,P073,19,133.53
SO17879,2023-01-14,P003,19,145.72
SO17880,2024-07-17,P068,6,137.84
SO17881,2024-10-15,P038,9,133.51
SO17882,2024-01-26,P087,1,239.24
SO17883,2024-04-03,P013,9,23.27
SO17884,2024-02-20,P057,3,172.48
SO17885,2024-12-29,P057,10,183.32
SO17886,2023-12-29,P049,3,91.13
SO17887,2024-01-15,P076,19,141.89
SO17888,2024-08-01,P098,14,296.03
SO17889,2023-02-20,P099,18,731.39
SO17890,2024-07-10,P092,1,113.2
SO17891,2024-02-12,P094,14,133.79
SO17892,2024-10-12,P097,14,16.04
SO17893,2023-10-02,P090,28,108.83
SO17894,2024-09-28,P082,3,103.53
SO17895,2024-08-11,P019,3,164.17
SO17896,2024-04-22,P055,16,160.36
SO17897,2023-08-30,P034,8,58.85
SO17898,2024-12-13,P086,25,1016.79
SO17899,2023-10-18,P002,2,115.93
SO17900,2023-05-27,P015,10,34.56
SO17901,2023-03-05,P093,12,124.4
SO17902,2024-12-02,P072,27,234.65
SO17903,2023-08-26,P070,5,225.64
SO17904,2024-09-30,P052,3,52.2
SO17905,2023-07-02,P032,18,100.84
SO17906,2024-09-13,P019,17,247.83
SO17907,2024-12-19,P023,16,30.99
SO17908,2023-06-28,P039,8,50.44
SO17909,2024-12-16,P003,14,158.52
SO17910,2024-04-13,P010,12,63.24
SO17911,2024-11-03,P001,17,85.66
SO17912,2023-06-24,P047,9,82.67
SO17913,2024-11-14,P083,9,158.82
SO17914,2023-01-20,P084,10,189.47
SO17915,2024-01-03,P086,14,1266.94
SO17916,2024-01-21,P018,2,53.84
SO17917,2024-05-29,P071,3,20.27
SO17918,2023-12-09,P034,17,76.83
SO17919,2024-10-22,P064,15,185.44
SO17920,2024-07-21,P070,17,242.34
SO17921,2024-03-15,P080,14,21.32
SO17922,2024-10-26,P095,36,132.74
SO17923,2024-09-02,P007,3,1379.7
SO17924,2023-03-03,P018,2,42.27
SO17925,2024-12-30,P024,15,72.33
SO17926,2024-11-21,P063,1,55.36
SO17927,2023-06-23,P001,13,50.86
SO17928,2023-06-06,P009,19,137.66
SO17929,2024-12-09,P046,26,27.25
SO17930,2024-11-07,P099,26,729.88
SO17931,2023-12-05,P028,1,36.89
SO17932,2023-03-26,P042,9,161.76
SO17933,2023-11-15,P053,22,34.08
SO17934,2023-04-11,P094,1,198.9
SO17935,2024-09-27,P040,7,466.62
SO17936,2024-05-02,P081,5,182.15
SO17937,2023-07-15,P009,9,96.26
SO17938,2024-05-06,P034,18,67.03
SO17939,2024-09-23,P067,9,49.5
SO17940,2023-11-18,P043,5,87.65
SO17941,2024-04-18,P054,13,134.11
SO17942,2024-07-31,P068,2,185.77
SO17943,2023-12-07,P088,9,156.41
SO17944,2024-02-09,P063,5,42.82
SO17945,2023-01-02,P044,12,92.8
SO17946,2024-01-24,P072,3,239.49
SO17947,2024-12-06,P048,31,86.79
SO17948,2023-10-18,P059,34,114.31
SO17949,2023-07-18,P026,5,145.56
SO17950,2024-12-01,P068,4,122.68
SO17951,2023-11-18,P059,10,118.52
SO17952,2024-08-08,P062,3,72.75
SO17953,2023-12-11,P074,18,132.19
SO17954,2023-10-27,P041,16,32.79
SO17955,2024-12-04,P033,12,65.69
SO17956,2023-08-28,P047,18,69.66
SO17957,2023-04-27,P060,17,169.92
SO17958,2024-10-05,P100,20,144.5
SO17959,2023-06-06,P071,3,17.29
SO17960,2023-08-28,P046,1,22.7
SO17961,2023-01-28,P032,14,97.22
SO17962,2023-04-18,P074,13,70.29
SO17963,2023-11-12,P002,15,143.38
SO17964,2024-02-28,P055,13,193.98
SO17965,2023-04-24,P026,7,124.97
SO17966,2023-03-01,P011,1,155.75
SO17967,2023-08-27,P009,16,99.73
SO17968,2023-03-30,P055,4,231.32
SO17969,2023-11-16,P028,6,32.58
SO17970,2024-03-02,P035,12,440.82
SO17971,2023-03-18,P059,9,118.69
SO17972,2024-09-17,P078,5,157.47
SO17973,2023-01-21,P031,19,37.53
SO17974,2024-08-01,P073,10,175.29
SO17975,2024-11-16,P084,18,148.27
SO17976,2024-05-16,P075,15,146.1
SO17977,2024-05-07,P006,11,116.35
SO17978,2024-11-20,P065,26,118.93
SO17979,2023-05-05,P022,14,142.71
SO17980,2023-11-14,P097,4,18.21
SO17981,2024-08-21,P030,2,186.0
SO17982,2024-03-02,P064,9,129.52
SO17983,2023-12-07,P079,14,15.99
SO17984,2024-12-18,P023,7,22.66
SO17985,2024-02-01,P100,7,88.78
SO17986,2024-02-27,P060,5,125.51
SO17987,2023-02-18,P028,3,23.94
SO17988,2023-05-31,P071,11,21.68
SO17989,2024-03-01,P047,1,74.92
SO17990,2024-10-16,P063,1,60.85
SO17991,2024-03-30,P097,11,18.91
SO17992,2024-04-16,P022,5,110.63
SO17993,2023-02-21,P072,4,270.95
SO17994,2023-11-13,P050,16,36.79
SO17995,2023-09-11,P053,18,32.59
SO17996,2024-04-18,P054,15,119.73
SO17997,2024-07-12,P056,17,111.97
SO17998,2024-01-16,P022,8,125.53
SO17999,2024-02-06,P052,5,56.98
SO18000,2024-03-24,P043,10,100.79
SO18001,2023-07-22,P013,2,20.56
SO18002,2024-12-12,P061,13,68.73
SO18003,2024-02-18,P097,9,15.55
SO18004,2023-09-30,P070,12,225.6
SO18005,2023-08-30,P074,18,127.25
SO18006,2023-10-24,P038,25,148.3
SO18007,2024-02-18,P075,19,80.91
SO18008,2024-03-23,P048,3,149.28
SO18009,2023-06-28,P051,8,86.85
SO18010,2023-05-10,P098,6,530.26
SO18011,2023-02-08,P014,1,478.44
SO18012,2023-02-11,P057,9,167.2
SO18013,2023-10-30,P003,13,131.88
SO18014,2024-04-03,P075,2,77.8
SO18015,2023-03-02,P051,16,77.7
SO18016,2023-09-28,P094,18,176.85
SO18017,2023-02-27,P093,5,182.26
SO18018,2024-03-03,P037,11,57.05
SO18019,2023-11-16,P090,2,87.0
SO18020,2023-05-25,P085,15,211.37
SO18021,2023-10-12,P035,13,449.54
SO18022,2023-05-07,P097,8,19.76
SO18023,2023-10-02,P054,29,166.5
SO18024,2024-11-13,P004,21,63.77
SO18025,2024-12-13,P079,23,22.68
SO18026,2023-06-23,P040,14,354.93
SO18027,2024-11-05,P100,4,95.98
SO18028,2023-03-10,P005,9,91.44
SO18029,2024-09-29,P019,1,260.33
SO18030,2023-01-02,P062,13,66.99
SO18031,2024-07-25,P099,8,922.01
SO18032,2023-03-03,P041,8,33.35
SO18033,2024-06-09,P080,18,22.48
SO18034,2024-09-04,P010,6,45.18
SO18035,2024-02-21,P086,8,694.29
SO18036,2023-04-06,P066,15,163.64
SO18037,2024-03-15,P057,6,160.93
SO18038,2023-01-24,P083,19,127.28
SO18039,2024-09-18,P057,12,133.82
SO18040,2024-05-03,P006,16,209.62
SO18041,2024-04-04,P034,15,44.41
SO18042,2023-04-29,P051,13,80.97
SO18043,2023-07-08,P089,5,51.69
SO18044,2024-01-01,P050,4,51.68
SO18045,2023-08-28,P072,18,250.64
SO18046,2024-05-22,P001,5,90.59
SO18047,2023-12-23,P082,5,90.75
SO18048,2023-10-15,P046,14,34.31
SO18049,2023-05-08,P091,16,893.71
SO18050,2024-06-09,P032,10,115.46
SO18051,2024-11-01,P019,20,263.4
SO18052,2024-10-25,P069,13,216.43
SO18053,2023-08-24,P012,3,72.4
SO18054,2023-10-05,P025,18,124.28
SO18055,2023-04-03,P049,8,68.87
SO18056,2024-08-04,P045,9,43.2
SO18057,2024-06-12,P006,7,210.14
SO18058,2023-12-23,P084,27,182.9
SO18059,2023-05-31,P100,4,161.88
SO18060,2024-12-09,P069,29,199.77
SO18061,2023-02-04,P009,11,175.8
SO18062,2024-03-15,P086,13,1304.69
SO18063,2024-04-12,P010,9,45.57
SO18064,2024-12-27,P046,21,30.21
SO18065,2023-10-27,P036,31,134.8
SO18066,2023-12-19,P094,23,168.23
SO18067,2023-04-21,P041,6,51.52
SO18068,2023-10-29,P018,13,52.42
SO18069,2024-09-11,P085,1,138.0
SO18070,2023-02-25,P048,15,140.03
SO18071,2023-09-17,P016,18,1242.64
SO18072,2024-01-22,P098,13,384.79
SO18073,2023-02-19,P057,4,192.86
SO18074,2023-02-15,P054,10,177.5
SO18075,2024-07-28,P030,13,132.82
SO18076,2024-08-28,P055,9,217.77
SO18077,2023-10-23,P051,15,65.17
SO18078,2023-12-20,P065,11,180.37
SO18079,2024-08-10,P055,5,157.52
SO18080,2023-09-20,P019,7,265.47
SO18081,2023-11-30,P072,5,245.59
SO18082,2023-12-08,P057,31,171.21
SO18083,2023-08-04,P038,7,120.35
SO18084,2024-03-18,P068,3,196.64
SO18085,2023-10-13,P060,17,121.5
SO18086,2024-03-24,P073,6,145.82
SO18087,2024-03-10,P037,18,47.41
SO18088,2023-08-01,P095,12,118.51
SO18089,2024-09-06,P013,16,16.9
SO18090,2023-02-06,P084,6,184.66
SO18091,2024-09-27,P036,19,202.93
SO18092,2024-12-28,P043,27,84.81
SO18093,2024-05-30,P014,8,580.22
SO18094,2024-12-11,P044,1,111.06
SO18095,2023-12-07,P003,1,175.86
SO18096,2023-01-19,P070,14,126.71
SO18097,2023-01-24,P075,9,93.98
SO18098,2023-06-30,P060,8,164.08
SO18099,2024-02-11,P093,5,175.55
SO18100,2024-05-06,P014,16,533.41
SO18101,2024-04-09,P086,18,1242.17
SO18102,2023-06-17,P054,4,126.21
SO18103,2023-06-25,P064,8,199.21
SO18104,2023-10-16,P083,34,98.98
SO18105,2023-07-17,P098,5,399.13
SO18106,2024-02-27,P014,16,341.9
SO18107,2024-07-09,P084,15,154.13
SO18108,2023-05-10,P004,1,40.9
SO18109,2023-12-31,P048,13,149.6
SO18110,2024-07-18,P081,11,150.41
SO18111,2024-06-01,P030,17,182.45
SO18112,2023-04-24,P026,8,135.42
SO18113,2024-08-11,P039,6,48.89
SO18114,2024-12-21,P038,23,117.57
SO18115,2023-05-08,P068,19,200.94
SO18116,2024-04-28,P050,18,39.77
SO18117,2024-05-30,P016,18,833.24
SO18118,2023-04-12,P094,14,259.58
SO18119,2023-11-16,P099,14,1110.8
SO18120,2023-06-21,P002,3,86.58
SO18121,2023-04-08,P053,2,19.8
SO18122,2024-03-13,P075,13,99.95
SO18123,2023-07-09,P017,1,20.37
SO18124,2023-03-21,P043,13,79.92
SO18125,2023-04-06,P029,2,1005.15
SO18126,2023-01-12,P074,8,72.72
SO18127,2024-12-23,P009,6,144.63
SO18128,2024-12-17,P022,19,164.45
SO18129,2023-07-26,P056,13,180.16
SO18130,2023-01-28,P033,8,81.19
SO18131,2024-12-24,P015,6,53.45
SO18132,2023-03-12,P013,11,16.09
SO18133,2024-12-27,P047,19,70.46
SO18134,2024-03-08,P011,5,160.88
SO18135,2023-09-06,P043,15,73.42
SO18136,2024-06-01,P054,14,152.04
SO18137,2023-10-20,P088,18,146.45
SO18138,2024-01-18,P096,8,224.38
SO18139,2023-12-23,P005,19,102.23
SO18140,2023-04-16,P095,10,70.45
SO18141,2023-10-23,P003,14,184.82
SO18142,2023-10-17,P055,5,131.71
SO18143,2024-08-17,P052,17,82.77
SO18144,2023-03-17,P094,17,249.67
SO18145,2023-08-10,P039,11,56.75
SO18146,2024-05-28,P028,3,26.45
SO18147,2023-12-25,P023,18,26.42
SO18148,2023-02-11,P081,9,187.06
SO18149,2024-01-12,P002,5,102.93
SO18150,2023-01-11,P062,12,64.4
SO18151,2023-01-20,P025,9,140.38
SO18152,2023-08-14,P051,6,87.17
SO18153,2023-04-22,P050,10,61.98
SO18154,2023-07-17,P081,9,161.79
SO18155,2024-11-10,P004,17,73.0
SO18156,2023-01-18,P070,11,211.32
SO18157,2023-08-20,P076,9,111.58
SO18158,2024-02-22,P051,14,73.45
SO18159,2024-10-14,P036,37,162.73
SO18160,2024-07-27,P037,15,49.12
SO18161,2023-09-09,P059,14,62.03
SO18162,2023-04-20,P079,10,23.31
SO18163,2024-06-09,P056,1,208.09
SO18164,2023-07-12,P059,13,82.5
SO18165,2024-04-21,P032,14,95.21
SO18166,2023-06-12,P042,8,263.56
SO18167,2023-09-22,P081,2,217.53
SO18168,2024-10-10,P006,14,147.96
SO18169,2024-01-03,P086,12,1106.54
SO18170,2023-11-21,P002,17,113.59
SO18171,2024-03-25,P012,7,86.24
SO18172,2024-06-03,P087,15,163.96
SO18173,2024-03-03,P049,14,123.69
SO18174,2024-09-03,P002,14,148.83
SO18175,2024-06-18,P007,13,1200.02
SO18176,2024-10-20,P031,25,32.24
SO18177,2023-10-03,P055,31,237.33
SO18178,2023-01-07,P089,18,75.29
SO18179,2023-04-18,P094,18,246.87
SO18180,2023-03-08,P023,16,37.47
SO18181,2023-11-23,P051,28,77.79
SO18182,2023-07-19,P096,14,189.82
SO18183,2023-05-12,P004,16,58.14
SO18184,2023-11-01,P071,6,12.97
SO18185,2023-05-18,P037,3,83.76
SO18186,2023-11-19,P026,11,132.19
SO18187,2024-12-23,P094,22,164.51
SO18188,2023-08-26,P029,19,702.84
SO18189,2024-07-12,P069,17,203.19
SO18190,2024-04-05,P050,14,37.11
SO18191,2023-03-07,P078,12,142.43
SO18192,2024-07-29,P002,19,93.17
SO18193,2024-05-08,P019,10,199.89
SO18194,2023-07-23,P032,16,82.42
SO18195,2024-01-20,P045,6,66.88
SO18196,2023-06-03,P020,6,92.36
SO18197,2023-11-08,P043,27,55.47
SO18198,2024-10-15,P092,19,179.67
SO18199,2024-02-01,P069,6,125.88
SO18200,2023-06-08,P019,3,146.39
SO18201,2024-10-20,P032,11,74.54
SO18202,2023-12-04,P048,9,126.55
SO18203,2023-05-31,P042,5,172.23
SO18204,2024-06-13,P029,11,754.66
SO18205,2024-03-01,P035,14,353.84
SO18206,2023-07-26,P027,19,135.1
SO18207,2023-05-25,P075,14,137.1
SO18208,2023-10-18,P061,13,54.48
SO18209,2023-06-15,P013,15,18.81
SO18210,2024-07-03,P012,5,111.94
SO18211,2024-05-31,P017,18,29.27
SO18212,2023-10-29,P007,17,1246.49
SO18213,2023-04-08,P085,1,143.42
SO18214,2023-04-22,P011,11,217.96
SO18215,2024-06-24,P047,6,67.93
SO18216,2023-08-15,P035,3,517.3
SO18217,2024-12-30,P076,1,203.38
SO18218,2024-04-08,P005,15,110.65
SO18219,2023-07-03,P022,10,141.5
SO18220,2023-04-26,P030,17,153.19
SO18221,2024-06-16,P091,9,1393.8
SO18222,2024-04-25,P027,4,179.02
SO18223,2023-09-05,P092,16,129.06
SO18224,2024-04-11,P095,7,96.2
SO18225,2023-11-17,P066,11,170.07
SO18226,2023-06-24,P061,15,53.2
SO18227,2024-02-06,P034,6,66.26
SO18228,2023-07-10,P014,14,562.66
SO18229,2024-02-28,P005,8,87.74
SO18230,2024-03-07,P096,10,205.7
SO18231,2023-10-22,P024,21,132.69
SO18232,2023-12-09,P079,11,21.12
SO18233,2023-08-01,P053,11,20.4
SO18234,2023-03-08,P071,16,20.49
SO18235,2023-05-20,P069,11,209.75
SO18236,2024-12-06,P028,8,38.02
SO18237,2024-09-05,P094,12,196.37
SO18238,2023-10-09,P008,23,41.22
SO18239,2023-09-07,P038,18,154.9
SO18240,2023-02-22,P026,8,119.37
SO18241,2024-07-02,P091,18,804.09
SO18242,2024-08-03,P086,9,841.85
SO18243,2024-03-22,P040,10,485.36
SO18244,2024-02-16,P040,2,550.67
SO18245,2023-10-18,P094,19,220.3
SO18246,2024-10-25,P064,35,179.81
SO18247,2023-04-11,P052,12,64.79
SO18248,2023-09-05,P003,14,173.36
SO18249,2024-12-08,P055,30,229.03
SO18250,2023-06-02,P012,11,90.7
SO18251,2024-08-29,P031,8,62.36
SO18252,2023-03-03,P061,8,64.08
SO18253,2023-09-26,P070,2,223.54
SO18254,2023-01-09,P033,1,90.04
SO18255,2023-11-17,P013,6,12.12
SO18256,2023-10-21,P032,31,93.83
SO18257,2024-08-22,P014,1,518.82
SO18258,2024-08-15,P034,8,80.8
SO18259,2024-11-12,P014,29,451.93
SO18260,2023-04-06,P042,19,259.05
SO18261,2024-11-24,P068,15,130.03
SO18262,2024-07-01,P061,19,65.14
SO18263,2023-01-20,P020,2,106.86
SO18264,2024-12-13,P017,23,16.42
SO18265,2024-06-20,P029,16,1129.01
SO18266,2024-05-07,P026,7,134.87
SO18267,2023-03-24,P018,14,37.12
SO18268,2023-01-23,P016,16,1224.23
SO18269,2024-06-20,P055,1,158.44
SO18270,2023-04-23,P078,14,249.53
SO18271,2024-08-25,P088,13,171.5
SO18272,2023-12-01,P091,23,1374.01
SO18273,2024-11-01,P026,1,159.7
SO18274,2024-08-24,P010,9,54.26
SO18275,2023-07-18,P048,2,127.76
SO18276,2023-09-30,P037,3,85.22
SO18277,2023-06-05,P041,6,49.03
SO18278,2024-06-29,P027,19,199.54
SO18279,2023-07-25,P003,3,179.72
SO18280,2023-01-07,P035,14,501.65
SO18281,2023-08-30,P029,9,960.94
SO18282,2023-12-26,P094,5,171.6
SO18283,2024-06-22,P016,16,938.96
SO18284,2024-12-28,P053,10,29.51
SO18285,2024-12-02,P013,1,20.05
SO18286,2024-08-13,P093,12,123.04
SO18287,2023-10-11,P060,7,138.33
SO18288,2023-06-11,P052,6,71.82
SO18289,2024-10-06,P063,4,53.84
SO18290,2023-05-29,P037,7,69.4
SO18291,2023-11-27,P076,26,149.93
SO18292,2024-03-13,P082,2,128.39
SO18293,2024-03-15,P086,1,1027.73
SO18294,2024-11-13,P067,29,38.95
SO18295,2024-08-13,P051,4,86.41
SO18296,2023-01-02,P068,12,185.83
SO18297,2023-11-29,P066,23,123.53
SO18298,2023-08-22,P011,19,185.71
SO18299,2024-12-20,P079,15,15.96
SO18300,2024-12-04,P017,2,23.2
SO18301,2024-08-20,P075,4,113.96
SO18302,2023-04-01,P056,19,175.17
SO18303,2024-05-01,P098,6,422.48
SO18304,2023-03-07,P090,10,118.78
SO18305,2023-06-01,P093,14,193.74
SO18306,2024-02-11,P052,12,60.56
SO18307,2024-01-28,P038,15,133.25
SO18308,2024-03-11,P053,11,20.68
SO18309,2023-11-24,P070,5,191.44
SO18310,2023-05-15,P078,8,138.03
SO18311,2024-07-24,P094,14,135.38
SO18312,2023-06-21,P032,9,88.32
SO18313,2023-08-09,P061,6,86.45
SO18314,2024-07-28,P048,12,113.42
SO18315,2024-11-11,P035,32,397.38
SO18316,2024-06-11,P026,18,121.09
SO18317,2023-11-07,P004,16,42.47
SO18318,2023-11-05,P003,7,199.37
SO18319,2024-06-28,P066,14,140.0
SO18320,2024-12-26,P031,4,54.19
SO18321,2024-08-07,P078,10,210.06
SO18322,2024-01-27,P093,12,162.63
SO18323,2024-11-18,P023,27,23.48
SO18324,2024-11-08,P067,5,33.44
SO18325,2024-12-17,P064,1,225.36
SO18326,2024-01-09,P059,16,68.15
SO18327,2023-10-23,P002,15,140.44
SO18328,2023-07-29,P090,6,110.85
SO18329,2023-03-16,P022,7,182.78
SO18330,2024-03-16,P093,3,176.34
SO18331,2024-07-10,P034,14,68.65
SO18332,2024-10-03,P045,13,67.61
SO18333,2024-10-19,P062,9,77.04
SO18334,2024-05-26,P084,14,171.06
SO18335,2024-06-27,P043,13,102.67
SO18336,2023-08-17,P083,19,148.45
SO18337,2024-08-31,P021,12,100.76
SO18338,2024-08-11,P079,8,19.14
SO18339,2024-10-11,P037,25,86.0
SO18340,2023-10-10,P046,19,32.13
SO18341,2023-08-31,P069,10,161.37
SO18342,2023-03-29,P075,2,119.31
SO18343,2023-07-28,P036,6,167.43
SO18344,2024-05-18,P081,5,127.6
SO18345,2024-04-26,P031,1,49.59
SO18346,2024-12-30,P030,13,153.6
SO18347,2023-09-21,P070,1,162.03
SO18348,2024-10-03,P038,24,146.08
SO18349,2024-06-03,P079,10,13.31
SO18350,2024-10-04,P065,18,178.25
SO18351,2024-10-22,P040,13,610.87
SO18352,2023-02-08,P073,11,150.16
SO18353,2024-08-15,P048,8,104.57
SO18354,2024-11-03,P067,22,30.93
SO18355,2023-09-01,P083,15,125.17
SO18356,2023-02-08,P073,11,206.5
SO18357,2023-05-25,P012,3,101.67
SO18358,2024-01-13,P020,13,108.76
SO18359,2024-04-30,P008,3,40.99
SO18360,2023-09-17,P018,1,43.14
SO18361,2024-12-17,P029,14,608.29
SO18362,2023-07-18,P081,14,154.02
SO18363,2023-06-06,P070,2,197.71
SO18364,2024-09-16,P020,4,105.07
SO18365,2024-04-24,P067,6,38.8
SO18366,2024-10-11,P071,5,22.74
SO18367,2023-06-16,P042,2,192.28
SO18368,2024-07-19,P008,19,57.28
SO18369,2023-05-20,P033,11,69.25
SO18370,2023-12-17,P095,19,126.8
SO18371,2024-06-02,P059,19,68.07
SO18372,2024-10-29,P069,9,157.02
SO18373,2024-09-11,P052,3,67.11
SO18374,2023-02-13,P038,19,150.59
SO18375,2024-02-09,P055,4,219.74
SO18376,2023-09-24,P027,19,184.0
SO18377,2024-05-16,P057,16,124.24
SO18378,2024-03-27,P011,12,150.0
SO18379,2024-12-27,P002,6,165.02
SO18380,2023-08-09,P028,19,32.83
SO18381,2023-05-25,P082,13,114.52
SO18382,2024-04-28,P076,12,135.73
SO18383,2024-11-09,P013,32,22.77
SO18384,2023-01-30,P047,19,77.36
SO18385,2023-02-15,P077,4,129.96
SO18386,2024-11-11,P032,20,93.18
SO18387,2024-08-29,P035,9,363.99
SO18388,2023-08-06,P043,14,98.65
SO18389,2023-06-17,P005,1,120.94
SO18390,2024-06-17,P075,4,106.87
SO18391,2024-04-24,P089,4,55.91
SO18392,2024-09-22,P027,9,215.86
SO18393,2024-03-11,P085,17,141.25
SO18394,2023-03-31,P043,19,64.26
SO18395,2023-04-09,P022,17,198.96
SO18396,2024-09-10,P009,8,148.18
SO18397,2023-09-24,P072,10,267.84
SO18398,2023-06-13,P096,11,242.49
SO18399,2023-03-15,P049,17,72.15
SO18400,2023-06-24,P083,12,166.91
SO18401,2023-10-02,P071,9,16.73
SO18402,2023-11-14,P086,15,1233.05
SO18403,2023-06-10,P033,15,82.2
SO18404,2024-06-28,P066,15,186.04
SO18405,2023-02-18,P059,4,71.36
SO18406,2024-05-27,P001,18,86.14
SO18407,2024-06-22,P034,14,56.59
SO18408,2024-12-03,P080,23,26.48
SO18409,2023-08-26,P058,5,59.24
SO18410,2023-02-16,P064,11,153.2
SO18411,2023-04-04,P041,7,52.23
SO18412,2024-11-23,P058,2,62.45
SO18413,2024-02-09,P074,13,108.92
SO18414,2024-07-05,P011,3,190.25
SO18415,2023-10-29,P032,4,73.15
SO18416,2023-01-02,P012,8,112.77
SO18417,2024-09-20,P087,12,165.39
SO18418,2024-04-23,P017,18,18.07
SO18419,2023-10-28,P044,5,110.04
SO18420,2023-02-03,P005,16,143.3
SO18421,2024-07-22,P079,18,23.23
SO18422,2024-06-04,P028,11,22.48
SO18423,2024-09-10,P095,1,71.74
SO18424,2024-08-26,P100,1,113.42
SO18425,2024-05-04,P064,6,209.75
SO18426,2023-12-28,P055,20,250.81
SO18427,2024-01-15,P065,5,147.66
SO18428,2024-08-17,P079,3,14.66
SO18429,2024-01-10,P047,5,82.52
SO18430,2024-03-25,P074,8,79.47
SO18431,2024-03-18,P036,10,148.01
SO18432,2024-10-19,P039,19,41.11
SO18433,2024-08-17,P082,14,125.52
SO18434,2024-06-14,P055,16,203.13
SO18435,2023-04-27,P083,2,107.37
SO18436,2024-03-21,P026,2,105.38
SO18437,2023-05-30,P018,14,50.2
SO18438,2023-10-28,P064,26,184.08
SO18439,2024-05-22,P059,1,120.92
SO18440,2023-01-12,P016,1,688.12
SO18441,2024-09-18,P069,18,220.93
SO18442,2023-08-27,P068,8,152.53
SO18443,2023-08-08,P049,1,74.37
SO18444,2024-04-30,P034,5,65.9
SO18445,2024-05-30,P099,4,679.82
SO18446,2023-09-10,P024,17,114.43
SO18447,2023-11-27,P028,7,37.27
SO18448,2023-03-27,P069,5,218.37
SO18449,2024-05-23,P063,16,52.77
SO18450,2024-09-17,P009,16,152.31
SO18451,2023-09-18,P065,12,202.44
SO18452,2023-07-04,P096,9,189.12
SO18453,2024-08-07,P001,15,63.29
SO18454,2023-08-08,P026,19,87.61
SO18455,2023-01-16,P049,19,124.58
SO18456,2023-10-27,P091,23,820.22
SO18457,2023-04-16,P007,17,1454.17
SO18458,2023-02-19,P085,9,184.49
SO18459,2024-07-01,P032,7,88.93
SO18460,2023-05-03,P091,18,1348.34
SO18461,2023-09-28,P051,14,64.32
SO18462,2023-01-01,P035,17,443.27
SO18463,2023-01-13,P047,10,53.81
SO18464,2024-05-10,P008,5,76.86
SO18465,2024-11-18,P024,9,108.15
SO18466,2023-06-02,P028,17,23.75
SO18467,2023-10-27,P030,13,168.64
SO18468,2023-05-24,P039,1,44.28
SO18469,2024-06-18,P056,12,154.92
SO18470,2024-02-01,P025,13,90.36
SO18471,2024-04-03,P047,15,63.37
SO18472,2024-02-01,P043,8,87.56
SO18473,2024-12-09,P042,23,268.18
SO18474,2023-01-08,P052,9,47.25
SO18475,2024-11-16,P005,22,138.94
SO18476,2023-08-10,P087,13,200.89
SO18477,2024-12-13,P026,1,151.78
SO18478,2023-10-07,P044,9,63.81
SO18479,2024-10-04,P087,15,272.25
SO18480,2023-04-11,P034,17,73.49
SO18481,2024-03-30,P079,10,21.39
SO18482,2023-04-09,P090,14,119.02
SO18483,2023-11-05,P099,16,1242.72
SO18484,2024-12-16,P030,9,187.72
SO18485,2023-05-11,P012,6,120.91
SO18486,2024-07-23,P022,11,119.09
SO18487,2023-04-25,P011,18,221.32
SO18488,2024-07-05,P018,14,40.82
SO18489,2024-02-24,P050,5,61.73
SO18490,2024-06-22,P020,4,116.28
SO18491,2024-01-19,P089,1,71.37
SO18492,2023-08-21,P026,10,130.97
SO18493,2024-03-12,P024,12,80.18
SO18494,2024-04-17,P044,2,71.58
SO18495,2023-12-26,P067,8,54.25
SO18496,2023-07-20,P009,12,182.71
SO18497,2023-02-27,P031,7,36.23
SO18498,2024-04-07,P094,5,148.87
SO18499,2024-05-24,P040,14,514.93
SO18500,2024-12-27,P076,26,180.65
SO18501,2024-03-20,P002,5,164.1
SO18502,2024-11-22,P042,1,194.55
SO18503,2023-09-13,P045,10,44.41
SO18504,2023-02-24,P080,17,20.55
SO18505,2024-11-03,P049,9,108.82
SO18506,2023-11-22,P092,18,122.74
SO18507,2024-02-08,P032,12,88.94
SO18508,2023-12-22,P100,16,110.9
SO18509,2024-04-14,P092,1,107.39
SO18510,2023-12-30,P096,17,230.5
SO18511,2023-07-04,P029,17,787.22
SO18512,2023-06-20,P089,6,61.64
SO18513,2023-07-03,P006,9,160.46
SO18514,2024-04-25,P082,16,91.03
SO18515,2023-02-13,P080,19,20.58
SO18516,2024-05-15,P095,6,105.09
SO18517,2023-09-26,P052,8,58.94
SO18518,2023-07-06,P096,5,231.77
SO18519,2024-06-21,P086,2,860.92
SO18520,2024-06-27,P051,5,75.17
SO18521,2024-09-17,P004,11,69.74
SO18522,2024-11-16,P035,9,450.52
SO18523,2024-11-23,P021,9,125.12
SO18524,2023-08-26,P051,10,92.46
SO18525,2024-12-17,P080,7,15.47
SO18526,2024-04-23,P070,6,158.82
SO18527,2023-01-22,P077,10,107.49
SO18528,2023-09-16,P060,10,133.74
SO18529,2024-08-10,P047,4,87.37
SO18530,2023-12-08,P099,17,787.64
SO18531,2024-09-02,P078,17,234.12
SO18532,2023-12-29,P058,22,82.93
SO18533,2024-08-18,P025,8,91.47
SO18534,2024-03-10,P017,15,22.59
SO18535,2024-09-17,P090,13,122.98
SO18536,2023-05-24,P038,9,132.32
SO18537,2024-03-25,P023,16,28.01
SO18538,2024-11-03,P063,5,38.34
SO18539,2024-10-29,P002,5,110.84
SO18540,2023-11-12,P050,21,36.27
SO18541,2024-03-01,P086,6,1317.31
SO18542,2023-05-21,P037,15,72.73
SO18543,2024-01-28,P046,2,32.78
SO18544,2023-11-17,P064,9,224.81
SO18545,2023-10-02,P013,14,23.19
SO18546,2023-05-09,P092,13,160.9
SO18547,2024-01-29,P020,19,98.65
SO18548,2024-10-22,P055,20,143.7
SO18549,2024-05-05,P070,11,193.81
SO18550,2024-04-03,P001,16,59.71
SO18551,2023-02-06,P034,3,76.51
SO18552,2024-12-04,P085,2,267.36
SO18553,2024-10-11,P052,17,54.15
SO18554,2023-03-15,P088,8,178.52
SO18555,2023-10-14,P072,17,231.87
SO18556,2024-11-27,P025,24,110.15
SO18557,2024-01-19,P020,13,98.03
SO18558,2024-05-14,P002,11,106.14
SO18559,2023-02-15,P071,1,20.44
SO18560,2023-12-28,P006,30,160.98
SO18561,2024-11-19,P071,31,20.7
SO18562,2023-10-15,P040,14,507.48
SO18563,2023-09-08,P067,8,51.76
SO18564,2024-10-07,P031,6,48.3
SO18565,2023-07-19,P033,16,72.16
SO18566,2024-02-22,P055,13,173.07
SO18567,2023-01-15,P003,5,140.87
SO18568,2023-05-30,P069,18,118.5
SO18569,2023-12-16,P062,16,67.7
SO18570,2024-04-25,P079,4,20.71
SO18571,2023-07-08,P051,1,67.96
SO18572,2024-05-25,P005,8,88.04
SO18573,2023-03-20,P078,12,224.64
SO18574,2024-10-31,P024,26,91.75
SO18575,2023-08-06,P084,15,152.3
SO18576,2024-03-30,P025,9,118.69
SO18577,2024-06-23,P081,17,139.76
SO18578,2023-11-25,P048,2,88.39
SO18579,2024-03-29,P028,2,37.1
SO18580,2023-05-24,P038,3,143.12
SO18581,2023-10-15,P017,17,19.05
SO18582,2024-06-12,P087,16,176.81
SO18583,2023-07-01,P060,16,150.66
SO18584,2023-11-30,P005,29,167.76
SO18585,2024-03-27,P051,6,53.74
SO18586,2023-03-27,P051,16,53.65
SO18587,2023-10-24,P050,4,42.02
SO18588,2024-09-30,P080,8,13.84
SO18589,2023-09-14,P004,9,54.51
SO18590,2024-02-10,P058,3,59.33
SO18591,2023-02-07,P011,17,154.13
SO18592,2023-07-19,P063,2,53.65
SO18593,2024-10-10,P026,25,121.07
SO18594,2024-12-13,P082,22,160.63
SO18595,2023-05-02,P079,5,23.32
SO18596,2024-09-08,P035,7,471.94
SO18597,2023-02-03,P057,13,102.72
SO18598,2024-05-13,P004,14,56.45
SO18599,2024-11-24,P082,11,156.58
SO18600,2023-11-11,P024,23,137.02
SO18601,2023-01-27,P087,2,235.28
SO18602,2024-09-13,P030,19,148.25
SO18603,2023-06-13,P076,10,140.91
SO18604,2023-07-11,P012,17,64.76
SO18605,2024-05-28,P027,4,207.29
SO18606,2023-11-28,P070,14,157.45
SO18607,2024-12-10,P031,6,39.31
SO18608,2024-05-13,P039,13,56.25
SO18609,2024-08-21,P081,5,217.62
SO18610,2024-12-15,P015,27,44.49
SO18611,2024-07-06,P052,9,65.89
SO18612,2024-10-19,P012,13,95.65
SO18613,2023-01-11,P034,11,58.72
SO18614,2023-02-09,P003,2,208.48
SO18615,2024-10-07,P004,1,75.22
SO18616,2023-09-04,P008,19,50.28
SO18617,2024-10-06,P056,6,190.62
SO18618,2024-04-06,P004,1,51.81
SO18619,2024-03-03,P029,11,1037.57
SO18620,2024-11-15,P026,6,128.98
SO18621,2023-07-19,P027,6,176.96
SO18622,2023-08-15,P062,5,56.75
SO18623,2024-08-08,P036,7,219.57
SO18624,2023-12-18,P034,35,62.25
SO18625,2023-06-27,P050,10,55.97
SO18626,2023-01-18,P010,18,69.86
SO18627,2024-05-24,P046,2,32.08
SO18628,2023-09-08,P085,15,216.95
SO18629,2024-07-22,P010,7,63.73
SO18630,2023-09-22,P082,16,158.38
SO18631,2023-05-31,P062,9,80.87
SO18632,2024-07-26,P081,6,185.12
SO18633,2024-12-01,P096,18,136.21
SO18634,2024-11-11,P072,10,285.01
SO18635,2024-11-06,P034,21,44.91
SO18636,2023-05-07,P076,8,175.51
SO18637,2024-11-26,P097,1,17.02
SO18638,2024-04-25,P061,1,63.04
SO18639,2023-02-27,P029,6,971.45
SO18640,2024-02-08,P017,4,18.88
SO18641,2023-09-21,P074,18,70.07
SO18642,2024-09-19,P069,19,151.65
SO18643,2024-12-07,P030,25,106.33
SO18644,2024-06-11,P065,5,164.3
SO18645,2023-09-24,P028,15,29.02
SO18646,2023-10-03,P030,24,176.81
SO18647,2024-03-26,P047,4,54.91
SO18648,2023-10-06,P044,5,69.42
SO18649,2023-06-05,P036,7,170.26
SO18650,2024-05-20,P027,12,137.51
SO18651,2023-04-29,P077,3,191.43
SO18652,2023-04-09,P044,13,105.51
SO18653,2023-06-24,P092,11,118.93
SO18654,2023-11-10,P022,28,204.8
SO18655,2023-05-13,P014,12,307.82
SO18656,2024-02-07,P089,2,78.22
SO18657,2023-04-16,P078,15,217.41
SO18658,2024-12-04,P009,26,187.1
SO18659,2023-06-24,P083,17,125.14
SO18660,2024-05-26,P046,8,34.52
SO18661,2023-11-20,P086,20,758.94
SO18662,2024-12-17,P064,15,200.01
SO18663,2024-09-09,P056,3,194.72
SO18664,2023-11-23,P077,35,133.48
SO18665,2023-10-22,P041,29,43.2
SO18666,2023-05-17,P049,12,80.45
SO18667,2023-09-02,P090,1,116.36
SO18668,2023-03-21,P074,5,89.8
SO18669,2023-09-07,P045,13,61.07
SO18670,2023-12-23,P056,5,201.33
SO18671,2024-09-20,P055,1,210.94
SO18672,2023-10-10,P066,17,143.68
SO18673,2024-09-25,P073,2,157.74
SO18674,2024-09-27,P052,5,51.56
SO18675,2023-05-14,P083,16,138.93
SO18676,2023-03-24,P092,16,162.94
SO18677,2024-11-06,P098,6,490.81
SO18678,2023-03-12,P100,17,122.23
SO18679,2024-02-17,P100,6,152.11
SO18680,2024-02-06,P086,1,696.94
SO18681,2023-09-04,P009,5,182.11
SO18682,2024-01-17,P036,4,189.49
SO18683,2023-04-27,P011,17,224.85
SO18684,2024-11-05,P077,30,172.39
SO18685,2023-06-17,P100,9,170.32
SO18686,2023-03-26,P050,1,44.84
SO18687,2024-08-11,P029,1,570.38
SO18688,2024-09-27,P008,9,46.87
SO18689,2023-12-05,P025,27,137.09
SO18690,2023-06-08,P084,3,161.79
SO18691,2023-02-20,P071,5,12.83
SO18692,2023-12-03,P020,6,60.77
SO18693,2023-05-12,P047,16,86.22
SO18694,2024-10-11,P012,27,88.12
SO18695,2024-05-26,P060,2,166.55
SO18696,2023-06-10,P067,6,29.04
SO18697,2024-08-25,P018,3,45.74
SO18698,2024-05-05,P034,16,40.63
SO18699,2024-12-06,P015,8,51.79
SO18700,2024-08-09,P033,13,96.26
SO18701,2024-04-19,P010,2,46.64
SO18702,2024-05-05,P081,9,183.89
SO18703,2024-06-21,P020,10,76.16
SO18704,2024-06-24,P006,3,146.95
SO18705,2024-02-10,P092,7,102.27
SO18706,2023-07-13,P007,6,1295.73
SO18707,2023-02-07,P041,19,50.61
SO18708,2024-07-22,P034,13,42.43
SO18709,2024-12-26,P001,11,53.67
SO18710,2024-04-02,P086,6,1176.42
SO18711,2024-12-02,P054,19,157.11
SO18712,2023-02-06,P021,18,90.4
SO18713,2024-09-14,P094,5,242.75
SO18714,2023-05-20,P082,3,113.25
SO18715,2023-12-01,P073,37,124.81
SO18716,2024-12-22,P050,19,54.35
SO18717,2024-11-30,P011,28,184.53
SO18718,2024-12-18,P029,23,992.6
SO18719,2023-04-04,P037,1,72.52
SO18720,2023-10-25,P046,28,34.31
SO18721,2024-02-13,P033,19,68.43
SO18722,2024-06-16,P090,19,111.02
SO18723,2024-07-08,P056,19,131.33
SO18724,2024-10-31,P031,23,39.95
SO18725,2023-06-22,P091,13,1113.15
SO18726,2023-02-22,P053,1,27.68
SO18727,2023-03-10,P074,7,78.58
SO18728,2024-07-15,P014,12,517.4
SO18729,2023-10-02,P096,28,150.88
SO18730,2023-07-26,P012,14,88.37
SO18731,2023-11-05,P016,4,764.45
SO18732,2023-01-10,P098,10,511.93
SO18733,2023-11-14,P080,8,22.25
SO18734,2024-08-20,P007,3,1076.74
SO18735,2024-11-16,P092,34,128.05
SO18736,2024-04-13,P089,14,43.38
SO18737,2023-04-15,P038,17,123.91
SO18738,2023-02-17,P006,18,118.65
SO18739,2023-06-26,P054,10,145.03
SO18740,2024-01-01,P016,16,1042.36
SO18741,2023-05-29,P092,14,162.46
SO18742,2023-01-20,P068,4,152.19
SO18743,2023-12-18,P041,1,48.03
SO18744,2024-05-02,P069,7,172.94
SO18745,2023-07-22,P006,13,133.0
SO18746,2023-07-27,P046,13,25.05
SO18747,2024-02-15,P093,18,190.44
SO18748,2024-01-29,P021,6,156.2
SO18749,2024-08-29,P052,12,47.34
SO18750,2023-01-31,P036,9,197.01
SO18751,2024-04-19,P055,7,163.86
SO18752,2024-10-12,P092,23,158.81
SO18753,2024-10-27,P018,1,50.37
SO18754,2023-09-12,P009,14,96.59
SO18755,2024-11-14,P079,6,22.25
SO18756,2024-08-14,P068,11,122.73
SO18757,2024-11-27,P055,32,250.3
SO18758,2024-09-11,P062,19,59.65
SO18759,2024-09-20,P013,6,16.95
SO18760,2024-09-09,P014,8,509.87
SO18761,2024-08-09,P081,2,116.06
SO18762,2023-03-18,P094,8,150.54
SO18763,2024-12-09,P023,20,27.17
SO18764,2023-09-06,P070,17,150.53
SO18765,2024-04-13,P064,3,116.85
SO18766,2023-08-20,P039,9,54.18
SO18767,2024-07-14,P018,5,57.06
SO18768,2024-10-10,P048,21,91.52
SO18769,2023-09-24,P098,5,461.01
SO18770,2024-01-30,P017,1,23.79
SO18771,2024-10-25,P084,3,118.08
SO18772,2024-09-07,P060,9,190.27
SO18773,2024-12-12,P064,8,154.21
SO18774,2023-11-10,P084,8,115.19
SO18775,2024-03-14,P046,17,26.89
SO18776,2023-02-05,P018,9,44.91
SO18777,2024-08-08,P086,2,1131.41
SO18778,2023-12-05,P005,8,97.83
SO18779,2023-10-24,P086,22,1377.3
SO18780,2023-07-01,P069,10,122.87
SO18781,2023-05-01,P036,14,214.39
SO18782,2023-08-09,P017,14,28.89
SO18783,2024-12-17,P029,8,808.23
SO18784,2023-11-14,P081,10,218.09
SO18785,2024-03-25,P011,4,153.72
SO18786,2023-05-15,P046,1,31.93
SO18787,2024-04-01,P068,16,160.42
SO18788,2024-10-07,P061,7,62.01
SO18789,2023-06-16,P041,10,56.27
SO18790,2023-07-20,P059,2,117.49
SO18791,2024-06-20,P018,7,50.93
SO18792,2024-05-30,P068,19,127.27
SO18793,2024-06-23,P079,6,19.65
SO18794,2024-10-31,P005,11,105.26
SO18795,2023-12-02,P031,15,58.15
SO18796,2023-12-01,P091,6,843.58
SO18797,2023-03-30,P009,9,137.21
SO18798,2024-12-05,P005,20,130.38
SO18799,2024-12-15,P040,17,621.55
SO18800,2023-12-22,P048,33,135.04
SO18801,2024-01-21,P009,5,103.36
SO18802,2023-09-13,P030,19,165.89
SO18803,2024-09-07,P029,18,1102.17
SO18804,2023-08-22,P033,10,77.21
SO18805,2024-12-22,P029,10,1036.77
SO18806,2024-04-19,P063,16,36.16
SO18807,2023-03-19,P074,16,86.65
SO18808,2023-05-06,P078,12,165.37
SO18809,2024-06-14,P080,10,23.63
SO18810,2023-02-03,P091,16,1283.04
SO18811,2024-11-07,P059,24,103.72
SO18812,2024-04-10,P036,6,213.17
SO18813,2024-10-16,P065,1,225.23
SO18814,2023-01-23,P029,6,631.56
SO18815,2023-07-04,P047,16,66.51
SO18816,2023-01-06,P086,10,911.63
SO18817,2024-11-20,P043,25,55.47
SO18818,2023-05-17,P060,8,109.42
SO18819,2023-02-08,P048,16,138.0
SO18820,2024-12-11,P095,13,125.86
SO18821,2023-04-27,P001,1,88.05
SO18822,2024-01-19,P019,9,145.19
SO18823,2024-11-18,P024,7,71.38
SO18824,2024-01-15,P074,18,128.95
SO18825,2024-01-16,P004,7,59.31
SO18826,2023-01-01,P012,18,102.54
SO18827,2023-04-24,P021,17,157.53
SO18828,2023-11-12,P065,19,178.41
SO18829,2023-05-21,P012,4,93.4
SO18830,2024-03-06,P085,7,212.61
SO18831,2023-05-16,P036,3,216.29
SO18832,2023-04-21,P094,6,211.58
SO18833,2024-09-07,P086,17,994.97
SO18834,2023-05-12,P042,18,173.98
SO18835,2024-01-14,P044,5,103.82
SO18836,2023-02-01,P055,16,241.14
SO18837,2024-12-22,P010,1,64.95
SO18838,2024-10-16,P060,2,178.0
SO18839,2023-10-23,P020,8,101.75
SO18840,2024-07-28,P005,7,89.87
SO18841,2024-12-22,P096,3,246.3
SO18842,2023-01-11,P050,6,37.65
SO18843,2024-05-23,P066,10,162.33
SO18844,2023-10-08,P033,3,86.34
SO18845,2023-02-11,P075,2,126.81
SO18846,2023-06-08,P031,1,33.93
SO18847,2024-06-01,P014,3,465.38
SO18848,2024-05-15,P032,1,88.2
SO18849,2023-03-16,P029,4,1062.57
SO18850,2024-07-21,P027,3,202.29
SO18851,2023-06-29,P051,17,51.34
SO18852,2023-05-05,P033,2,72.85
SO18853,2023-10-08,P077,29,196.63
SO18854,2023-05-20,P008,5,47.85
SO18855,2023-01-26,P028,2,24.53
SO18856,2024-10-11,P043,10,81.5
SO18857,2023-05-23,P076,6,184.18
SO18858,2024-04-27,P014,9,395.31
SO18859,2023-11-27,P076,15,115.46
SO18860,2024-07-29,P088,1,134.68
SO18861,2023-06-19,P069,6,202.45
SO18862,2024-11-22,P038,33,144.99
SO18863,2024-09-04,P079,19,18.77
SO18864,2023-10-20,P010,14,70.85
SO18865,2023-04-15,P098,3,524.66
SO18866,2024-04-12,P009,16,127.77
SO18867,2024-09-15,P069,9,163.61
SO18868,2024-09-10,P099,19,1006.4
SO18869,2024-09-29,P058,6,68.64
SO18870,2024-10-23,P083,23,124.42
SO18871,2023-10-20,P051,9,58.71
SO18872,2024-12-21,P084,15,147.45
SO18873,2023-04-05,P022,6,180.41
SO18874,2023-11-08,P007,10,984.93
SO18875,2024-11-26,P025,21,76.0
SO18876,2024-06-17,P022,11,166.65
SO18877,2023-03-25,P050,13,44.52
SO18878,2023-07-03,P005,6,138.44
SO18879,2024-10-19,P002,1,132.6
SO18880,2024-11-21,P005,11,164.71
SO18881,2024-02-05,P038,14,166.95
SO18882,2024-03-18,P099,3,1160.44
SO18883,2024-10-02,P077,25,144.5
SO18884,2024-06-01,P052,6,46.43
SO18885,2023-06-28,P094,14,142.81
SO18886,2024-08-26,P096,12,216.5
SO18887,2023-01-20,P026,5,83.49
SO18888,2023-09-13,P100,15,97.74
SO18889,2023-02-10,P028,4,22.33
SO18890,2024-07-03,P061,17,104.21
SO18891,2023-01-15,P011,12,224.93
SO18892,2024-02-07,P012,14,72.79
SO18893,2024-01-13,P034,11,67.12
SO18894,2023-03-15,P016,19,1064.54
SO18895,2024-10-19,P078,1,206.35
SO18896,2023-08-06,P062,8,60.16
SO18897,2024-07-05,P076,17,113.07
SO18898,2024-12-12,P037,23,54.52
SO18899,2024-09-10,P071,12,12.86
SO18900,2024-09-07,P040,8,560.56
SO18901,2023-06-27,P035,12,305.42
SO18902,2024-09-03,P027,7,204.39
SO18903,2023-10-19,P036,23,212.62
SO18904,2024-12-10,P084,6,147.85
SO18905,2024-02-24,P061,9,68.76
SO18906,2023-09-08,P001,4,97.1
SO18907,2023-04-06,P022,8,186.22
SO18908,2023-04-07,P034,8,54.18
SO18909,2024-12-15,P014,8,314.17
SO18910,2024-11-12,P079,28,24.64
SO18911,2023-10-26,P006,18,132.27
SO18912,2024-05-14,P070,13,216.0
SO18913,2023-03-24,P049,9,109.98
SO18914,2024-07-08,P029,14,1025.71
SO18915,2023-06-11,P012,7,113.71
SO18916,2023-08-19,P097,18,29.04
SO18917,2023-01-05,P082,18,114.63
SO18918,2023-03-19,P009,1,125.18
SO18919,2024-02-24,P075,4,83.25
SO18920,2024-12-18,P007,29,1003.55
SO18921,2023-03-30,P075,6,104.42
SO18922,2023-08-07,P042,8,152.05
SO18923,2023-02-19,P055,7,252.44
SO18924,2024-01-10,P070,16,168.93
SO18925,2024-11-10,P006,13,182.44
SO18926,2023-01-27,P051,19,61.17
SO18927,2024-09-29,P073,5,174.69
SO18928,2023-01-26,P058,4,64.77
SO18929,2023-08-20,P030,8,192.43
SO18930,2024-02-22,P077,11,178.51
SO18931,2024-06-11,P094,17,200.04
SO18932,2024-01-05,P056,14,157.65
SO18933,2023-03-07,P033,2,65.94
SO18934,2023-03-25,P068,16,136.4
SO18935,2024-09-13,P005,6,101.32
SO18936,2023-07-15,P094,7,251.48
SO18937,2023-12-08,P064,22,209.31
SO18938,2024-01-07,P012,9,121.67
SO18939,2024-08-19,P070,2,184.52
SO18940,2023-06-19,P046,11,32.29
SO18941,2023-02-18,P062,2,85.09
SO18942,2024-11-01,P097,12,17.63
SO18943,2023-01-25,P099,10,1198.03
SO18944,2023-03-16,P089,1,69.07
SO18945,2024-08-22,P073,16,136.37
SO18946,2023-01-02,P100,8,137.75
SO18947,2023-04-19,P016,12,1025.07
SO18948,2024-05-10,P061,14,91.79
SO18949,2024-03-26,P025,3,115.61
SO18950,2024-07-12,P042,12,255.8
SO18951,2023-08-07,P055,18,243.46
SO18952,2023-12-12,P047,33,88.83
SO18953,2023-06-22,P079,11,22.94
SO18954,2023-12-16,P057,7,117.34
SO18955,2023-03-05,P085,16,216.78
SO18956,2024-03-12,P070,12,244.74
SO18957,2023-05-14,P053,10,30.16
SO18958,2023-12-10,P038,16,148.2
SO18959,2024-05-13,P094,14,210.82
SO18960,2024-10-20,P090,15,87.71
SO18961,2024-04-28,P004,11,43.56
SO18962,2024-10-30,P071,12,17.95
SO18963,2023-08-20,P082,12,166.83
SO18964,2023-04-16,P010,9,75.92
SO18965,2023-11-02,P065,7,189.54
SO18966,2023-02-05,P021,6,106.63
SO18967,2023-05-10,P070,6,186.69
SO18968,2023-11-28,P068,1,138.26
SO18969,2024-06-21,P046,8,24.65
SO18970,2023-12-08,P040,25,437.95
SO18971,2023-09-10,P057,9,166.59
SO18972,2023-02-07,P099,19,818.82
SO18973,2024-11-19,P061,6,69.36
SO18974,2023-08-11,P003,3,186.22
SO18975,2023-05-20,P063,12,38.52
SO18976,2023-02-24,P100,3,141.02
SO18977,2024-09-03,P015,8,30.8
SO18978,2023-10-02,P068,22,167.65
SO18979,2024-06-07,P067,9,54.11
SO18980,2024-04-22,P016,13,753.5
SO18981,2024-09-21,P008,2,63.76
SO18982,2024-11-11,P099,27,1223.32
SO18983,2023-08-20,P003,10,124.74
SO18984,2023-01-17,P046,8,24.51
SO18985,2023-11-20,P094,13,190.6
SO18986,2023-03-08,P036,13,214.6
SO18987,2023-12-07,P033,29,92.92
SO18988,2024-07-20,P083,3,162.39
SO18989,2024-11-06,P070,13,124.55
SO18990,2023-01-09,P003,1,126.14
SO18991,2023-06-10,P022,5,174.43
SO18992,2023-10-31,P036,7,205.42
SO18993,2024-06-10,P031,18,58.12
SO18994,2024-12-25,P091,15,1241.83
SO18995,2023-06-19,P062,4,74.76
SO18996,2024-12-24,P055,25,191.61
SO18997,2024-05-17,P038,8,139.45
SO18998,2023-10-06,P031,35,35.47
SO18999,2023-04-26,P065,5,174.81
SO19000,2023-09-14,P062,6,77.51
SO19001,2023-06-03,P090,16,77.93
SO19002,2024-03-18,P075,12,135.51
SO19003,2024-04-13,P036,16,167.29
SO19004,2024-01-22,P076,4,178.91
SO19005,2023-05-29,P057,10,179.45
SO19006,2023-05-22,P075,16,135.16
SO19007,2023-02-09,P022,8,123.32
SO19008,2023-04-07,P030,10,169.5
SO19009,2023-05-07,P006,9,115.06
SO19010,2023-02-23,P009,18,180.54
SO19011,2023-08-01,P078,14,245.3
SO19012,2023-06-25,P036,11,158.19
SO19013,2024-08-18,P021,17,144.74
SO19014,2023-12-24,P026,27,132.9
SO19015,2023-12-20,P056,13,112.9
SO19016,2024-07-31,P089,8,56.57
SO19017,2023-03-13,P084,18,215.97
SO19018,2024-12-04,P083,23,134.95
SO19019,2023-02-15,P078,6,241.66
SO19020,2024-11-21,P059,4,110.97
SO19021,2023-07-05,P028,17,20.97
SO19022,2024-05-11,P006,19,209.48
SO19023,2024-03-14,P089,9,78.88
SO19024,2024-09-22,P051,12,55.0
SO19025,2023-09-04,P011,9,129.69
SO19026,2023-08-20,P025,16,84.69
SO19027,2024-11-18,P044,24,112.79
SO19028,2024-07-22,P072,3,168.46
SO19029,2023-08-18,P062,10,73.24
SO19030,2024-02-08,P029,19,1127.09
SO19031,2023-04-12,P050,7,52.81
SO19032,2024-07-07,P028,17,37.3
SO19033,2024-09-13,P086,6,864.3
SO19034,2024-05-25,P063,6,53.51
SO19035,2024-07-20,P057,18,147.31
SO19036,2023-08-11,P064,16,116.63
SO19037,2023-05-25,P033,8,63.89
SO19038,2023-09-24,P031,9,43.76
SO19039,2023-08-28,P052,4,71.92
SO19040,2024-10-23,P078,29,239.82
SO19041,2023-11-30,P028,13,24.39
SO19042,2024-10-27,P002,14,86.34
SO19043,2023-03-05,P047,14,72.5
SO19044,2023-05-15,P073,18,131.12
SO19045,2023-02-11,P034,12,47.16
SO19046,2023-08-17,P036,15,206.77
SO19047,2024-09-02,P090,12,102.23
SO19048,2024-08-21,P062,5,71.28
SO19049,2023-09-30,P073,19,135.25
SO19050,2023-01-29,P043,17,75.69
SO19051,2023-08-11,P047,6,71.77
SO19052,2024-06-27,P088,10,166.55
SO19053,2024-06-29,P015,14,41.86
SO19054,2023-01-11,P017,16,21.24
SO19055,2024-11-02,P069,11,130.55
SO19056,2023-03-22,P047,15,59.88
SO19057,2023-04-24,P009,8,120.67
SO19058,2023-01-20,P072,5,255.71
SO19059,2023-09-27,P064,10,217.63
SO19060,2024-04-06,P011,3,195.34
SO19061,2024-02-10,P035,1,482.98
SO19062,2024-09-04,P031,2,45.79
SO19063,2023-12-17,P082,16,115.03
SO19064,2023-03-06,P044,14,83.12
SO19065,2024-10-19,P027,25,163.08
SO19066,2023-04-09,P062,8,68.61
SO19067,2024-07-17,P061,11,66.3
SO19068,2024-04-03,P006,4,160.73
SO19069,2024-04-14,P045,18,46.13
SO19070,2024-08-29,P099,5,1143.37
SO19071,2024-06-03,P069,18,138.29
SO19072,2023-12-27,P045,20,51.29
SO19073,2024-10-21,P083,31,145.83
SO19074,2023-01-03,P038,16,169.19
SO19075,2024-09-02,P042,14,225.26
SO19076,2024-05-27,P093,13,167.54
SO19077,2023-04-08,P064,5,196.92
SO19078,2023-09-02,P047,14,46.76
SO19079,2023-09-18,P019,1,193.19
SO19080,2024-08-09,P100,8,171.14
SO19081,2023-03-28,P094,7,140.43
SO19082,2023-11-13,P002,14,123.85
SO19083,2023-12-14,P034,25,66.55
SO19084,2024-05-22,P016,18,1110.88
SO19085,2024-08-02,P092,9,99.71
SO19086,2023-02-08,P036,3,115.38
SO19087,2023-03-30,P067,10,27.98
SO19088,2023-10-06,P074,13,119.69
SO19089,2024-06-23,P011,7,215.43
SO19090,2024-11-02,P019,25,239.18
SO19091,2024-04-30,P068,14,161.31
SO19092,2024-10-26,P072,15,264.59
SO19093,2023-02-11,P051,3,87.29
SO19094,2024-07-05,P052,19,70.45
SO19095,2024-10-10,P049,23,72.12
SO19096,2024-01-16,P058,3,102.14
SO19097,2024-06-24,P041,19,52.44
SO19098,2023-11-23,P005,17,86.39
SO19099,2024-04-10,P093,17,158.91
SO19100,2024-01-15,P031,19,59.57
SO19101,2024-11-02,P042,34,200.83
SO19102,2024-07-16,P084,7,183.37
SO19103,2023-07-21,P055,18,172.14
SO19104,2023-10-02,P003,22,194.34
SO19105,2023-05-26,P032,1,70.44
SO19106,2023-11-20,P085,3,229.25
SO19107,2023-06-06,P032,18,86.75
SO19108,2023-02-23,P096,8,178.34
SO19109,2024-09-28,P032,2,62.71
SO19110,2023-09-09,P016,13,805.66
SO19111,2024-08-19,P020,4,93.83
SO19112,2023-01-08,P010,19,75.15
SO19113,2024-02-17,P080,4,14.76
SO19114,2023-03-16,P078,14,210.9
SO19115,2023-01-26,P054,8,141.01
SO19116,2023-12-06,P006,9,152.23
SO19117,2023-10-10,P095,20,105.13
SO19118,2024-03-24,P078,10,146.31
SO19119,2024-02-18,P092,14,100.53
SO19120,2024-04-13,P018,3,55.76
SO19121,2024-10-21,P009,22,143.55
SO19122,2023-05-27,P098,19,485.17
SO19123,2024-04-25,P012,18,113.56
SO19124,2024-09-13,P019,13,269.14
SO19125,2023-06-07,P041,16,53.98
SO19126,2023-07-15,P043,7,89.55
SO19127,2023-12-09,P024,19,98.72
SO19128,2023-06-07,P066,11,110.89
SO19129,2023-06-22,P004,19,43.69
SO19130,2023-12-16,P074,14,77.54
SO19131,2024-02-04,P094,19,188.8
SO19132,2023-08-22,P044,3,98.61
SO19133,2024-01-09,P011,1,176.09
SO19134,2023-03-12,P003,7,117.17
SO19135,2024-01-03,P088,1,135.23
SO19136,2024-02-13,P058,5,60.77
SO19137,2023-09-15,P068,11,113.64
SO19138,2024-11-20,P001,11,95.15
SO19139,2024-07-28,P022,13,173.92
SO19140,2024-12-06,P095,33,128.37
SO19141,2024-05-12,P091,9,1151.27
SO19142,2024-11-24,P022,28,128.39
SO19143,2024-06-30,P071,6,19.86
SO19144,2024-05-05,P066,8,112.47
SO19145,2023-02-17,P100,19,119.72
SO19146,2023-03-28,P042,12,256.7
SO19147,2024-03-17,P058,19,90.13
SO19148,2024-09-19,P090,16,107.86
SO19149,2024-07-03,P083,8,109.05
SO19150,2023-05-11,P100,15,172.83
SO19151,2023-08-07,P003,5,210.16
SO19152,2024-08-01,P062,4,55.26
SO19153,2024-05-05,P037,17,56.24
SO19154,2024-02-15,P004,5,72.28
SO19155,2024-01-15,P040,13,599.9
SO19156,2023-10-28,P055,18,256.86
SO19157,2024-04-21,P031,6,37.26
SO19158,2024-11-23,P056,1,108.62
SO19159,2023-06-04,P063,9,57.03
SO19160,2023-08-13,P012,6,95.02
SO19161,2024-05-18,P006,18,203.75
SO19162,2023-03-14,P030,14,99.05
SO19163,2024-01-22,P032,5,90.49
SO19164,2023-06-19,P004,13,54.71
SO19165,2023-08-03,P011,19,131.51
SO19166,2023-01-21,P073,10,203.47
SO19167,2023-12-15,P046,23,22.95
SO19168,2024-09-11,P047,18,89.12
SO19169,2023-02-03,P068,6,129.15
SO19170,2024-10-06,P049,9,66.66
SO19171,2023-08-07,P035,6,447.85
SO19172,2024-08-11,P053,5,30.03
SO19173,2023-07-23,P033,3,99.35
SO19174,2023-06-21,P006,3,179.42
SO19175,2024-12-27,P041,24,36.74
SO19176,2024-05-21,P040,18,490.36
SO19177,2023-07-02,P028,18,29.89
SO19178,2023-03-21,P044,17,74.74
SO19179,2024-09-07,P009,15,165.01
SO19180,2024-09-21,P082,19,133.93
SO19181,2023-03-26,P028,10,36.24
SO19182,2024-05-31,P054,1,118.26
SO19183,2023-09-04,P003,11,227.8
SO19184,2024-11-12,P012,30,78.23
SO19185,2023-03-21,P049,15,77.85
SO19186,2023-05-18,P067,13,31.6
SO19187,2024-02-22,P045,17,63.51
SO19188,2023-10-08,P087,33,190.2
SO19189,2024-08-04,P053,14,26.79
SO19190,2023-01-11,P018,10,36.43
SO19191,2023-08-17,P093,5,199.65
SO19192,2024-04-11,P072,19,160.05
SO19193,2023-07-01,P001,18,81.71
SO19194,2024-01-19,P041,18,35.44
SO19195,2024-09-24,P092,7,119.93
SO19196,2024-09-16,P088,10,136.2
SO19197,2024-06-26,P056,12,186.42
SO19198,2024-01-12,P086,14,886.08
SO19199,2023-04-15,P070,9,206.71
SO19200,2024-08-03,P093,4,187.16
SO19201,2024-10-05,P077,30,151.23
SO19202,2023-01-20,P016,19,836.79
SO19203,2023-11-25,P082,16,135.12
SO19204,2024-05-11,P084,15,171.57
SO19205,2024-04-28,P068,1,199.03
SO19206,2023-08-26,P001,4,85.22
SO19207,2023-01-10,P007,9,1093.33
SO19208,2023-07-24,P072,15,180.31
SO19209,2024-12-30,P053,8,19.77
SO19210,2023-03-12,P068,14,134.09
SO19211,2024-04-27,P050,13,47.85
SO19212,2024-04-25,P049,18,130.14
SO19213,2024-11-27,P091,12,984.27
SO19214,2024-09-02,P045,19,37.47
SO19215,2024-12-19,P017,21,28.39
SO19216,2024-05-31,P096,13,140.49
SO19217,2023-06-28,P062,9,49.3
SO19218,2024-10-13,P006,13,159.41
SO19219,2024-06-30,P010,7,68.24
SO19220,2023-02-11,P031,2,38.95
SO19221,2024-07-20,P018,15,39.12
SO19222,2023-11-10,P054,27,147.7
SO19223,2024-12-10,P094,11,137.23
SO19224,2024-01-25,P058,7,66.73
SO19225,2023-08-04,P031,15,44.78
SO19226,2023-10-17,P060,12,153.65
SO19227,2024-05-31,P016,1,985.89
SO19228,2024-10-18,P006,32,119.0
SO19229,2024-10-09,P021,4,99.25
SO19230,2024-11-16,P098,27,322.1
SO19231,2023-11-13,P050,7,43.41
SO19232,2024-03-12,P031,12,39.19
SO19233,2023-02-03,P064,14,197.93
SO19234,2024-02-03,P029,15,694.62
SO19235,2024-07-31,P028,19,32.58
SO19236,2023-12-23,P018,27,37.12
SO19237,2023-08-02,P023,6,29.55
SO19238,2023-12-05,P037,12,52.86
SO19239,2024-08-10,P095,16,116.78
SO19240,2023-01-23,P032,17,97.75
SO19241,2023-01-19,P018,10,45.08
SO19242,2023-08-29,P039,8,40.46
SO19243,2024-04-12,P089,6,55.6
SO19244,2023-05-27,P091,11,1164.2
SO19245,2024-01-12,P037,7,69.07
SO19246,2024-01-10,P054,19,168.75
SO19247,2023-09-17,P092,5,144.25
SO19248,2024-07-01,P030,4,114.26
SO19249,2023-12-07,P039,20,45.78
SO19250,2024-05-23,P055,10,178.59
SO19251,2023-07-21,P040,13,558.25
SO19252,2024-12-16,P097,25,23.64
SO19253,2024-07-03,P079,3,25.43
SO19254,2023-06-06,P025,15,75.72
SO19255,2024-01-30,P005,13,98.56
SO19256,2023-08-20,P078,13,196.73
SO19257,2024-11-18,P069,21,234.32
SO19258,2024-08-31,P073,17,118.1
SO19259,2023-12-31,P035,6,318.6
SO19260,2023-10-26,P032,18,112.02
SO19261,2023-07-02,P086,15,1025.32
SO19262,2023-01-07,P064,1,155.02
SO19263,2023-08-19,P019,18,140.92
SO19264,2023-01-20,P097,3,25.04
SO19265,2024-11-08,P005,5,103.67
SO19266,2023-06-02,P057,8,204.49
SO19267,2023-07-01,P009,13,185.11
SO19268,2024-09-02,P080,17,13.51
SO19269,2024-04-18,P099,2,1156.41
SO19270,2024-04-23,P071,1,21.61
SO19271,2024-05-23,P067,19,46.04
SO19272,2024-02-03,P079,3,14.82
SO19273,2023-07-23,P035,9,278.85
SO19274,2023-12-31,P026,11,105.55
SO19275,2023-01-30,P056,14,162.57
SO19276,2024-01-24,P037,15,77.2
SO19277,2023-09-07,P040,15,574.41
SO19278,2024-07-20,P001,16,71.06
SO19279,2024-04-20,P005,16,106.84
SO19280,2023-02-26,P059,14,103.96
SO19281,2024-04-28,P007,9,1209.34
SO19282,2024-01-25,P082,6,116.3
SO19283,2023-07-02,P014,6,472.53
SO19284,2024-02-20,P012,6,105.22
SO19285,2024-06-03,P079,17,19.11
SO19286,2023-03-11,P073,2,189.73
SO19287,2024-09-20,P061,7,58.02
SO19288,2024-12-26,P070,14,208.26
SO19289,2024-11-03,P027,17,206.12
SO19290,2024-07-29,P076,16,164.59
SO19291,2024-06-24,P083,18,159.25
SO19292,2024-06-07,P073,13,153.82
SO19293,2023-04-13,P059,15,103.9
SO19294,2023-10-10,P025,6,101.16
SO19295,2023-01-17,P089,12,81.25
SO19296,2023-03-23,P013,17,23.4
SO19297,2023-05-09,P026,5,119.7
SO19298,2023-08-31,P025,14,95.38
SO19299,2024-04-28,P088,17,126.07
SO19300,2023-09-20,P044,2,89.95
SO19301,2024-11-05,P072,4,233.03
SO19302,2024-05-09,P087,14,205.86
SO19303,2024-12-28,P003,17,221.0
SO19304,2023-07-06,P023,16,30.0
SO19305,2024-10-11,P041,14,44.24
SO19306,2023-03-28,P089,8,44.64
SO19307,2024-12-28,P037,3,80.37
SO19308,2023-12-20,P036,11,129.18
SO19309,2024-05-17,P024,17,101.32
SO19310,2024-08-04,P032,16,98.53
SO19311,2023-02-12,P029,8,710.28
SO19312,2024-01-15,P056,4,154.76
SO19313,2023-07-29,P043,9,100.85
SO19314,2024-04-13,P098,3,356.3
SO19315,2023-06-21,P003,11,159.1
SO19316,2024-01-21,P067,3,38.11
SO19317,2023-10-27,P079,3,24.28
SO19318,2023-03-06,P030,15,191.1
SO19319,2024-09-05,P068,19,195.57
SO19320,2024-03-22,P029,12,909.82
SO19321,2023-01-08,P063,14,43.15
SO19322,2024-02-07,P020,8,83.67
SO19323,2023-06-09,P089,2,42.97
SO19324,2024-09-02,P007,3,1036.69
SO19325,2023-10-29,P053,25,21.15
SO19326,2024-12-10,P058,24,81.05
SO19327,2024-03-15,P003,10,201.22
SO19328,2024-08-04,P042,14,146.92
SO19329,2023-03-26,P057,13,111.28
SO19330,2023-12-15,P041,22,50.54
SO19331,2024-09-10,P011,4,179.13
SO19332,2024-09-05,P018,15,39.03
SO19333,2023-01-09,P078,16,177.5
SO19334,2024-08-13,P005,15,141.31
SO19335,2023-10-30,P019,15,237.06
SO19336,2024-09-27,P065,6,185.9
SO19337,2023-01-04,P001,7,50.7
SO19338,2024-11-24,P048,23,105.55
SO19339,2024-10-10,P081,22,200.48
SO19340,2024-04-18,P055,7,211.91
SO19341,2024-03-14,P096,11,248.68
SO19342,2023-10-24,P044,17,120.73
SO19343,2023-12-05,P016,7,839.2
SO19344,2024-12-05,P027,27,202.92
SO19345,2023-01-15,P060,6,150.68
SO19346,2023-01-18,P033,8,55.56
SO19347,2023-05-10,P063,14,55.12
SO19348,2024-11-29,P033,2,80.36
SO19349,2023-05-26,P057,17,118.68
SO19350,2024-03-25,P078,10,211.83
SO19351,2023-11-22,P007,15,948.38
SO19352,2024-05-02,P093,7,195.37
SO19353,2023-06-27,P048,16,125.7
SO19354,2024-01-26,P034,2,79.59
SO19355,2023-11-07,P093,3,157.86
SO19356,2023-10-13,P012,16,74.33
SO19357,2024-09-08,P011,9,117.06
SO19358,2024-06-08,P026,10,92.77
SO19359,2023-03-17,P009,17,102.82
SO19360,2023-07-15,P093,16,162.17
SO19361,2023-10-05,P072,13,181.53
SO19362,2023-09-09,P020,6,94.89
SO19363,2024-02-23,P003,15,222.4
SO19364,2024-10-11,P016,11,987.48
SO19365,2023-06-25,P049,11,93.23
SO19366,2023-06-06,P025,15,114.63
SO19367,2024-08-23,P081,17,218.95
SO19368,2024-07-06,P098,1,446.24
SO19369,2024-07-06,P040,11,567.1
SO19370,2023-09-03,P057,11,143.85
SO19371,2023-11-28,P064,3,183.57
SO19372,2023-02-10,P005,6,160.59
SO19373,2023-09-13,P086,13,707.19
SO19374,2023-11-03,P023,19,23.23
SO19375,2023-05-16,P078,6,170.43
SO19376,2023-03-11,P068,10,198.92
SO19377,2024-01-20,P015,3,41.13
SO19378,2024-10-11,P035,7,327.01
SO19379,2023-06-06,P046,3,25.99
SO19380,2023-12-05,P061,31,84.16
SO19381,2023-05-22,P069,14,174.46
SO19382,2024-09-20,P028,6,32.82
SO19383,2023-02-26,P049,2,122.58
SO19384,2023-02-08,P035,2,517.96
SO19385,2023-08-04,P028,18,36.43
SO19386,2024-05-05,P023,16,26.94
SO19387,2023-10-23,P085,25,203.55
SO19388,2023-01-23,P045,5,44.26
SO19389,2023-02-05,P022,2,169.51
SO19390,2024-08-06,P017,9,18.45
SO19391,2023-07-21,P038,15,98.84
SO19392,2024-12-07,P037,15,74.95
SO19393,2023-11-11,P073,23,205.36
SO19394,2023-01-25,P062,16,82.22
SO19395,2023-03-19,P029,15,810.99
SO19396,2023-06-19,P069,3,152.87
SO19397,2023-02-17,P082,2,170.69
SO19398,2023-01-06,P023,8,23.35
SO19399,2024-05-17,P073,12,186.17
SO19400,2023-05-17,P085,2,182.12
SO19401,2023-05-24,P012,13,119.86
SO19402,2023-12-01,P043,6,53.12
SO19403,2023-04-10,P023,14,21.61
SO19404,2023-10-23,P074,4,117.69
SO19405,2024-03-12,P096,13,222.6
SO19406,2023-11-30,P062,16,67.45
SO19407,2023-05-19,P067,5,35.18
SO19408,2023-01-08,P035,13,368.92
SO19409,2023-09-04,P045,10,50.96
SO19410,2024-04-08,P024,5,102.23
SO19411,2023-07-20,P047,11,62.74
SO19412,2023-04-09,P008,8,56.43
SO19413,2023-09-16,P075,13,144.9
SO19414,2024-03-13,P045,6,46.25
SO19415,2024-11-04,P008,4,52.45
SO19416,2024-12-07,P032,22,91.71
SO19417,2023-11-23,P067,11,47.42
SO19418,2024-06-15,P043,8,88.95
SO19419,2023-03-02,P013,7,17.82
SO19420,2023-12-18,P087,17,212.63
SO19421,2023-02-23,P043,13,61.79
SO19422,2023-03-17,P050,8,61.08
SO19423,2024-03-31,P087,7,208.63
SO19424,2024-04-30,P099,18,1036.3
SO19425,2023-01-20,P031,10,61.1
SO19426,2024-12-21,P040,31,502.47
SO19427,2023-04-19,P084,1,118.26
SO19428,2023-10-06,P085,26,153.05
SO19429,2024-02-29,P056,17,171.19
SO19430,2023-06-05,P073,18,131.84
SO19431,2023-01-22,P024,18,117.44
SO19432,2024-06-12,P001,6,58.42
SO19433,2023-07-28,P046,13,35.1
SO19434,2024-05-30,P044,14,80.92
SO19435,2023-07-04,P005,10,170.81
SO19436,2024-01-10,P074,15,83.5
SO19437,2023-08-20,P092,10,128.71
SO19438,2024-03-31,P031,6,44.54
SO19439,2023-02-01,P065,4,195.52
SO19440,2024-07-10,P091,18,1376.29
SO19441,2023-01-27,P003,19,144.08
SO19442,2024-01-22,P050,2,38.33
SO19443,2023-11-19,P046,8,33.52
SO19444,2023-03-23,P083,17,155.04
SO19445,2023-11-23,P086,16,1307.2
SO19446,2024-07-24,P052,4,49.98
SO19447,2023-02-18,P093,18,158.86
SO19448,2024-02-24,P100,9,164.6
SO19449,2024-11-13,P013,14,21.99
SO19450,2024-01-05,P019,8,267.66
SO19451,2023-09-28,P073,14,189.95
SO19452,2024-12-04,P074,29,132.47
SO19453,2023-03-21,P059,16,122.92
SO19454,2023-06-29,P034,8,74.31
SO19455,2024-07-23,P046,8,28.44
SO19456,2023-02-08,P097,2,26.74
SO19457,2023-03-01,P083,15,155.17
SO19458,2024-01-15,P018,19,53.65
SO19459,2023-06-24,P089,7,55.39
SO19460,2024-03-12,P048,2,113.39
SO19461,2023-09-06,P035,10,363.15
SO19462,2023-07-14,P051,11,53.75
SO19463,2023-09-06,P044,8,76.68
SO19464,2024-05-31,P052,9,48.17
SO19465,2024-10-10,P081,1,132.22
SO19466,2024-12-08,P074,5,82.92
SO19467,2024-07-16,P010,14,46.28
SO19468,2023-09-16,P023,13,23.86
SO19469,2024-08-11,P047,7,90.88
SO19470,2024-04-07,P009,17,174.64
SO19471,2023-11-28,P005,25,95.94
SO19472,2023-06-19,P009,7,103.41
SO19473,2023-02-06,P053,7,19.57
SO19474,2024-01-07,P041,7,55.28
SO19475,2023-07-17,P024,18,105.68
SO19476,2023-04-24,P032,14,76.46
SO19477,2024-03-20,P028,19,36.47
SO19478,2024-02-29,P049,1,105.58
SO19479,2023-05-10,P064,5,183.48
SO19480,2023-05-28,P089,3,43.74
SO19481,2024-01-12,P078,13,166.82
SO19482,2024-12-27,P078,15,174.42
SO19483,2023-08-18,P081,17,183.83
SO19484,2024-05-19,P018,12,54.65
SO19485,2023-09-21,P015,13,27.62
SO19486,2023-07-22,P099,14,786.17
SO19487,2023-08-18,P099,19,665.55
SO19488,2024-03-07,P016,4,926.98
SO19489,2023-10-17,P029,13,1034.23
SO19490,2023-07-21,P015,1,53.0
SO19491,2024-12-25,P082,13,171.7
SO19492,2023-06-30,P042,3,233.56
SO19493,2023-03-12,P032,12,88.3
SO19494,2024-04-30,P093,8,184.37
SO19495,2024-07-05,P031,3,63.35
SO19496,2024-08-27,P036,6,186.6
SO19497,2023-06-24,P081,10,134.37
SO19498,2023-01-10,P012,17,122.86
SO19499,2023-01-04,P043,13,78.57
SO19500,2024-10-18,P002,31,137.93
SO19501,2024-05-07,P080,11,13.39
SO19502,2023-11-12,P010,22,40.43
SO19503,2024-09-17,P040,2,503.99
SO19504,2024-08-24,P039,19,45.75
SO19505,2023-06-28,P045,15,58.39
SO19506,2024-09-14,P084,18,149.72
SO19507,2024-09-01,P081,17,193.76
SO19508,2023-05-25,P073,16,179.69
SO19509,2024-09-28,P027,10,136.3
SO19510,2023-04-02,P093,19,184.5
SO19511,2023-06-08,P002,13,160.5
SO19512,2024-11-18,P044,20,88.35
SO19513,2023-10-12,P047,3,53.28
SO19514,2023-06-22,P017,7,27.27
SO19515,2023-12-31,P033,6,77.71
SO19516,2023-01-03,P016,7,728.39
SO19517,2023-02-26,P063,19,47.5
SO19518,2023-08-09,P050,1,58.57
SO19519,2024-05-22,P019,8,233.5
SO19520,2024-09-09,P084,8,215.16
SO19521,2024-04-11,P025,4,136.16
SO19522,2024-02-22,P069,15,218.53
SO19523,2024-05-18,P043,15,58.46
SO19524,2024-09-24,P056,10,134.86
SO19525,2024-12-16,P003,20,130.97
SO19526,2023-11-04,P063,3,52.62
SO19527,2023-07-31,P097,3,17.92
SO19528,2024-10-15,P093,1,114.15
SO19529,2023-07-05,P069,3,175.98
SO19530,2024-03-04,P074,8,97.58
SO19531,2024-03-15,P077,18,116.87
SO19532,2024-06-15,P069,8,190.22
SO19533,2024-11-11,P054,19,111.07
SO19534,2023-06-16,P049,1,102.51
SO19535,2024-10-27,P065,35,209.12
SO19536,2023-04-14,P091,14,832.07
SO19537,2023-10-30,P020,5,101.9
SO19538,2023-08-01,P045,1,57.84
SO19539,2023-11-30,P055,6,158.74
SO19540,2024-01-17,P055,3,245.92
SO19541,2023-10-08,P001,3,96.6
SO19542,2023-09-09,P066,2,188.92
SO19543,2024-03-02,P043,13,99.98
SO19544,2024-04-23,P013,19,12.11
SO19545,2024-10-06,P074,14,116.46
SO19546,2024-09-01,P038,3,87.32
SO19547,2023-05-05,P063,18,36.71
SO19548,2023-09-13,P037,6,74.4
SO19549,2024-06-11,P080,3,19.87
SO19550,2023-06-28,P017,11,25.8
SO19551,2024-10-05,P066,19,173.16
SO19552,2023-09-14,P096,19,153.04
SO19553,2023-06-10,P071,19,18.71
SO19554,2023-11-21,P004,20,39.3
SO19555,2023-12-08,P030,21,144.59
SO19556,2024-08-31,P023,10,19.59
SO19557,2023-03-22,P001,8,52.41
SO19558,2023-06-09,P022,2,141.39
SO19559,2023-11-12,P055,11,217.95
SO19560,2023-03-05,P079,5,15.25
SO19561,2023-04-27,P036,2,159.13
SO19562,2023-12-20,P014,16,389.27
SO19563,2024-08-13,P055,17,153.0
SO19564,2023-02-08,P036,17,218.45
SO19565,2024-08-27,P002,19,165.06
SO19566,2024-11-15,P065,3,124.66
SO19567,2024-07-12,P060,16,174.0
SO19568,2024-11-05,P097,22,28.73
SO19569,2024-08-15,P068,1,140.63
SO19570,2024-09-17,P065,9,181.78
SO19571,2023-08-24,P076,3,181.68
SO19572,2024-07-13,P075,18,126.28
SO19573,2024-05-11,P021,10,97.61
SO19574,2023-10-08,P043,3,55.39
SO19575,2024-12-03,P074,22,113.5
SO19576,2024-09-07,P037,14,89.53
SO19577,2024-07-11,P061,9,91.11
SO19578,2024-11-21,P003,18,227.92
SO19579,2024-06-20,P038,6,108.51
SO19580,2024-06-08,P066,19,112.82
SO19581,2023-11-03,P100,8,88.03
SO19582,2024-07-03,P023,11,25.17
SO19583,2024-06-02,P089,16,59.38
SO19584,2024-05-04,P016,9,877.66
SO19585,2023-12-16,P078,19,148.5
SO19586,2024-07-26,P046,15,21.51
SO19587,2023-09-10,P064,6,217.51
SO19588,2024-07-10,P052,11,71.68
SO19589,2023-11-08,P050,20,50.94
SO19590,2023-06-04,P098,15,545.25
SO19591,2024-07-31,P064,9,219.39
SO19592,2024-06-05,P043,10,74.51
SO19593,2023-12-20,P029,1,629.96
SO19594,2024-03-08,P004,1,40.05
SO19595,2023-08-20,P011,13,173.78
SO19596,2023-09-23,P064,12,134.67
SO19597,2024-07-03,P033,2,81.56
SO19598,2023-12-21,P056,13,152.28
SO19599,2023-08-22,P012,18,114.11
SO19600,2024-08-30,P051,4,60.56
SO19601,2024-03-24,P012,4,111.46
SO19602,2024-05-05,P041,1,41.57
SO19603,2024-12-11,P069,11,164.67
SO19604,2024-08-16,P075,9,118.26
SO19605,2024-03-03,P066,7,167.93
SO19606,2023-01-11,P091,10,1270.95
SO19607,2024-01-23,P004,9,46.74
SO19608,2024-03-05,P040,1,577.89
SO19609,2024-12-13,P050,1,36.15
SO19610,2023-02-14,P048,4,124.08
SO19611,2023-02-20,P070,9,199.09
SO19612,2024-04-25,P093,7,153.04
SO19613,2023-02-27,P006,6,150.85
SO19614,2023-01-18,P024,12,88.93
SO19615,2023-10-21,P038,5,138.38
SO19616,2024-02-01,P045,18,37.89
SO19617,2024-08-10,P066,17,107.47
SO19618,2024-03-31,P083,8,125.52
SO19619,2024-10-03,P025,12,133.25
SO19620,2024-03-04,P088,18,140.89
SO19621,2024-10-22,P053,6,19.67
SO19622,2024-11-10,P039,10,56.77
SO19623,2023-09-15,P095,19,78.02
SO19624,2023-04-25,P054,1,105.48
SO19625,2024-08-19,P094,5,238.57
SO19626,2023-04-19,P037,15,61.97
SO19627,2024-02-25,P090,16,102.49
SO19628,2023-05-03,P015,7,51.52
SO19629,2023-04-06,P017,2,17.84
SO19630,2024-03-29,P044,7,67.98
SO19631,2024-06-29,P078,5,234.18
SO19632,2023-06-30,P071,13,18.11
SO19633,2024-04-23,P055,5,245.22
SO19634,2023-04-04,P026,13,127.07
SO19635,2023-04-09,P064,5,199.04
SO19636,2023-01-23,P019,18,190.52
SO19637,2023-06-08,P069,17,229.93
SO19638,2023-05-06,P053,9,36.88
SO19639,2023-03-24,P010,16,54.79
SO19640,2024-12-05,P083,4,106.95
SO19641,2024-07-16,P019,11,151.77
SO19642,2023-10-20,P038,8,164.33
SO19643,2024-02-24,P023,15,24.56
SO19644,2024-04-18,P006,7,185.34
SO19645,2024-12-05,P063,27,56.9
SO19646,2024-04-15,P062,14,58.85
SO19647,2023-07-04,P031,15,52.64
SO19648,2023-08-29,P021,1,98.38
SO19649,2023-08-10,P071,6,20.39
SO19650,2024-01-27,P090,12,113.06
SO19651,2024-03-20,P053,6,25.08
SO19652,2023-01-23,P009,11,170.95
SO19653,2023-01-14,P023,13,26.9
SO19654,2023-03-19,P016,14,909.43
SO19655,2024-10-22,P062,29,71.06
SO19656,2024-08-18,P050,18,40.31
SO19657,2024-03-18,P071,15,19.52
SO19658,2023-02-22,P093,1,200.31
SO19659,2024-03-01,P065,19,117.56
SO19660,2023-09-15,P092,7,183.5
SO19661,2024-02-08,P063,5,44.09
SO19662,2024-12-30,P033,2,67.45
SO19663,2023-12-17,P055,29,217.17
SO19664,2024-05-14,P024,2,109.27
SO19665,2024-12-06,P013,16,18.94
SO19666,2024-06-13,P036,19,127.06
SO19667,2023-06-11,P040,4,358.78
SO19668,2024-05-26,P048,6,109.56
SO19669,2024-03-21,P051,19,73.55
SO19670,2023-08-29,P014,18,439.3
SO19671,2024-08-18,P041,4,54.52
SO19672,2024-07-08,P031,3,62.43
SO19673,2024-01-08,P055,5,200.9
SO19674,2023-09-13,P086,7,815.29
SO19675,2023-08-07,P090,16,91.47
SO19676,2024-08-14,P039,12,37.57
SO19677,2024-05-14,P050,18,46.5
SO19678,2023-11-18,P007,26,1238.92
SO19679,2024-02-02,P008,16,40.49
SO19680,2024-08-28,P076,13,111.76
SO19681,2024-10-21,P053,29,24.26
SO19682,2024-10-02,P094,32,215.19
SO19683,2024-12-31,P024,14,127.58
SO19684,2024-08-04,P019,17,209.92
SO19685,2024-03-09,P045,7,56.63
SO19686,2023-04-01,P030,19,136.33
SO19687,2023-07-22,P046,11,34.3
SO19688,2024-06-24,P093,10,127.44
SO19689,2024-08-03,P020,6,110.16
SO19690,2024-02-21,P018,9,44.35
SO19691,2023-08-14,P099,17,1102.46
SO19692,2023-08-24,P030,15,112.06
SO19693,2023-09-04,P068,5,103.58
SO19694,2023-05-09,P018,13,53.07
SO19695,2024-12-14,P062,30,45.32
SO19696,2024-02-07,P008,18,39.62
SO19697,2023-07-17,P006,13,170.99
SO19698,2023-09-06,P057,10,109.48
SO19699,2024-10-30,P078,22,209.02
SO19700,2024-03-23,P070,13,237.53
SO19701,2024-04-11,P001,3,94.31
SO19702,2023-11-27,P078,23,168.09
SO19703,2024-07-13,P082,12,106.68
SO19704,2023-06-01,P053,3,35.22
SO19705,2023-12-17,P039,22,36.92
SO19706,2024-02-29,P094,7,157.02
SO19707,2023-08-12,P087,6,220.09
SO19708,2024-09-03,P049,2,70.03
SO19709,2024-04-22,P072,9,195.48
SO19710,2023-11-23,P048,14,144.44
SO19711,2024-07-20,P031,18,44.11
SO19712,2024-10-11,P095,28,99.78
SO19713,2024-08-02,P062,15,58.62
SO19714,2023-10-22,P044,12,74.96
SO19715,2024-09-17,P094,5,266.92
SO19716,2023-08-27,P085,17,264.82
SO19717,2023-09-17,P035,7,406.87
SO19718,2024-09-13,P067,18,33.73
SO19719,2023-10-21,P097,24,28.45
SO19720,2024-06-20,P080,8,15.74
SO19721,2024-06-07,P067,17,29.87
SO19722,2024-04-06,P029,6,971.69
SO19723,2023-03-15,P023,3,25.94
SO19724,2024-08-15,P034,10,51.45
SO19725,2024-05-03,P087,7,189.76
SO19726,2024-06-07,P025,4,92.72
SO19727,2024-08-25,P007,12,1376.24
SO19728,2024-05-09,P002,3,136.53
SO19729,2023-10-25,P017,3,22.75
SO19730,2024-05-17,P038,2,159.29
SO19731,2024-12-21,P097,14,27.56
SO19732,2024-02-24,P082,1,92.95
SO19733,2024-04-06,P080,2,19.98
SO19734,2023-10-16,P051,5,90.4
SO19735,2023-08-29,P070,1,216.19
SO19736,2023-09-27,P071,18,13.04
SO19737,2024-03-18,P060,13,183.02
SO19738,2023-02-21,P096,1,218.05
SO19739,2024-10-03,P008,13,41.66
SO19740,2024-03-12,P034,2,72.89
SO19741,2024-04-26,P051,4,84.79
SO19742,2024-02-03,P088,18,106.48
SO19743,2023-09-06,P044,6,98.22
SO19744,2024-04-25,P038,3,92.02
SO19745,2024-05-24,P026,6,163.31
SO19746,2024-06-25,P094,4,224.65
SO19747,2024-05-28,P026,17,154.2
SO19748,2024-11-15,P019,12,261.08
SO19749,2024-10-10,P051,9,51.42
SO19750,2024-09-08,P094,12,216.79
SO19751,2024-01-04,P091,18,1204.39
SO19752,2024-04-17,P055,18,171.95
SO19753,2023-05-21,P068,18,131.95
SO19754,2024-03-26,P022,9,202.93
SO19755,2024-04-22,P019,4,246.28
SO19756,2024-11-25,P029,34,894.98
SO19757,2023-06-03,P096,4,173.36
SO19758,2024-02-03,P007,9,1342.35
SO19759,2023-07-19,P042,19,168.91
SO19760,2024-09-15,P005,19,101.27
SO19761,2023-03-03,P013,17,14.45
SO19762,2023-07-29,P047,16,79.13
SO19763,2024-04-09,P078,18,151.17
SO19764,2023-12-23,P060,27,160.55
SO19765,2024-05-04,P016,8,978.77
SO19766,2024-10-11,P083,15,106.7
SO19767,2024-11-22,P025,11,78.85
SO19768,2024-03-13,P008,14,70.18
SO19769,2024-10-14,P096,24,166.85
SO19770,2023-04-16,P028,11,40.04
SO19771,2023-10-06,P049,32,90.81
SO19772,2023-09-06,P015,11,51.58
SO19773,2023-10-08,P078,28,135.01
SO19774,2024-11-21,P023,7,25.28
SO19775,2024-04-10,P057,14,135.02
SO19776,2023-08-08,P080,15,20.15
SO19777,2023-04-06,P087,16,149.83
SO19778,2023-06-23,P082,10,107.87
SO19779,2023-10-30,P066,15,166.3
SO19780,2024-06-21,P055,11,165.54
SO19781,2024-09-14,P069,7,217.49
SO19782,2024-11-22,P007,28,1014.39
SO19783,2024-06-21,P032,4,102.85
SO19784,2024-01-26,P082,8,115.2
SO19785,2024-06-09,P002,17,122.66
SO19786,2023-02-20,P002,16,103.13
SO19787,2023-06-30,P051,14,85.35
SO19788,2024-12-17,P022,31,107.56
SO19789,2023-10-03,P096,16,184.82
SO19790,2023-10-22,P041,19,57.01
SO19791,2023-05-01,P086,16,1320.34
SO19792,2024-03-22,P004,11,65.79
SO19793,2024-08-14,P075,10,124.1
SO19794,2023-03-14,P018,13,48.41
SO19795,2024-09-21,P019,19,210.34
SO19796,2024-11-22,P079,15,21.57
SO19797,2023-10-05,P041,23,57.14
SO19798,2024-02-26,P001,7,89.89
SO19799,2023-04-26,P024,9,76.71
SO19800,2023-02-20,P028,16,28.83
SO19801,2023-04-03,P014,7,523.37
SO19802,2023-06-19,P047,6,85.17
SO19803,2023-06-08,P014,1,496.81
SO19804,2023-07-10,P087,3,221.29
SO19805,2023-03-26,P017,19,23.8
SO19806,2023-08-23,P069,15,143.02
SO19807,2024-02-01,P047,13,90.28
SO19808,2023-02-01,P050,15,56.83
SO19809,2024-04-07,P034,7,69.9
SO19810,2024-05-28,P034,1,71.52
SO19811,2023-07-06,P025,5,88.93
SO19812,2023-12-21,P026,23,156.43
SO19813,2023-03-05,P047,7,46.98
SO19814,2023-09-01,P091,19,892.23
SO19815,2024-10-26,P004,5,68.58
SO19816,2023-03-05,P052,18,66.58
SO19817,2023-11-21,P090,20,82.46
SO19818,2023-04-16,P073,10,125.02
SO19819,2024-03-21,P089,6,63.34
SO19820,2024-09-09,P040,11,482.74
SO19821,2023-08-06,P014,10,323.05
SO19822,2024-10-31,P081,26,192.41
SO19823,2023-12-02,P068,5,157.23
SO19824,2023-10-01,P056,22,133.37
SO19825,2023-06-06,P065,16,120.43
SO19826,2023-06-18,P028,6,24.29
SO19827,2023-06-30,P057,1,178.12
SO19828,2023-01-28,P061,13,94.86
SO19829,2023-07-17,P078,10,232.62
SO19830,2024-06-24,P062,6,55.82
SO19831,2023-02-07,P058,14,53.55
SO19832,2024-04-02,P084,4,215.12
SO19833,2023-12-15,P089,5,50.4
SO19834,2024-04-20,P040,15,438.26
SO19835,2024-11-19,P060,16,156.36
SO19836,2023-01-11,P033,2,99.02
SO19837,2023-01-12,P027,18,226.34
SO19838,2023-12-11,P060,24,120.61
SO19839,2024-08-25,P097,2,15.52
SO19840,2024-11-17,P049,17,129.92
SO19841,2024-04-10,P029,19,1033.16
SO19842,2024-10-29,P019,29,262.96
SO19843,2023-10-30,P036,13,134.5
SO19844,2024-12-04,P013,6,22.96
SO19845,2023-01-03,P032,11,83.2
SO19846,2024-07-18,P046,8,26.71
SO19847,2023-07-27,P001,9,96.53
SO19848,2024-01-11,P068,3,133.3
SO19849,2023-08-07,P008,13,41.96
SO19850,2023-09-24,P095,11,109.04
SO19851,2023-07-15,P095,2,96.99
SO19852,2023-09-30,P053,14,37.0
SO19853,2024-05-03,P024,1,84.18
SO19854,2023-12-22,P013,21,12.12
SO19855,2023-11-07,P096,17,196.15
SO19856,2024-01-08,P029,15,826.5
SO19857,2023-06-16,P081,1,161.15
SO19858,2023-02-10,P062,10,53.67
SO19859,2023-05-05,P017,12,30.43
SO19860,2024-03-30,P044,19,61.87
SO19861,2024-05-19,P043,11,56.8
SO19862,2024-07-20,P050,16,54.98
SO19863,2023-06-09,P090,18,98.67
SO19864,2024-08-20,P001,10,51.09
SO19865,2024-10-06,P067,29,36.91
SO19866,2024-10-11,P058,27,84.79
SO19867,2023-11-28,P043,2,100.8
SO19868,2024-06-06,P047,2,74.08
SO19869,2024-05-18,P040,9,575.91
SO19870,2023-10-03,P015,12,31.42
SO19871,2023-05-14,P056,17,152.4
SO19872,2024-06-21,P096,3,196.49
SO19873,2023-08-28,P096,15,223.7
SO19874,2023-11-02,P088,9,117.56
SO19875,2024-09-26,P085,2,223.25
SO19876,2023-07-30,P062,16,75.9
SO19877,2024-01-24,P039,14,35.21
SO19878,2023-10-09,P002,6,98.52
SO19879,2023-01-25,P081,5,191.95
SO19880,2023-07-24,P091,4,1436.38
SO19881,2024-03-15,P086,6,1273.38
SO19882,2024-06-08,P050,6,45.02
SO19883,2023-08-06,P050,9,59.23
SO19884,2023-12-20,P067,20,47.76
SO19885,2023-01-23,P076,2,206.65
SO19886,2024-02-26,P069,19,145.41
SO19887,2023-06-21,P075,15,150.87
SO19888,2024-06-02,P014,9,463.25
SO19889,2024-09-27,P098,16,412.36
SO19890,2023-03-21,P043,2,53.82
SO19891,2024-01-21,P034,10,67.69
SO19892,2024-05-25,P098,8,313.96
SO19893,2023-01-13,P035,16,378.95
SO19894,2023-05-07,P100,10,114.61
SO19895,2024-01-13,P015,15,30.58
SO19896,2023-03-02,P076,14,173.65
SO19897,2023-06-20,P043,12,59.1
SO19898,2023-09-15,P082,16,163.99
SO19899,2023-05-20,P049,10,119.24
SO19900,2024-06-14,P099,11,859.82
SO19901,2024-01-02,P056,18,118.42
SO19902,2024-01-15,P012,12,90.39
SO19903,2024-04-02,P036,8,157.45
SO19904,2023-06-25,P049,2,123.02
SO19905,2023-11-12,P092,7,116.32
SO19906,2023-04-20,P079,10,17.7
SO19907,2024-12-11,P085,17,144.3
SO19908,2023-10-22,P070,22,159.18
SO19909,2023-01-01,P029,18,618.16
SO19910,2024-11-25,P006,21,161.13
SO19911,2023-02-11,P058,4,87.17
SO19912,2024-02-17,P006,8,179.33
SO19913,2024-04-15,P040,19,397.8
SO19914,2023-08-09,P052,8,47.2
SO19915,2023-04-18,P044,7,100.79
SO19916,2024-11-06,P059,18,109.54
SO19917,2024-11-22,P079,21,13.09
SO19918,2023-04-08,P020,12,71.62
SO19919,2024-06-25,P020,19,62.37
SO19920,2024-06-16,P056,9,207.45
SO19921,2023-05-18,P056,17,161.35
SO19922,2024-09-06,P008,12,54.72
SO19923,2023-04-05,P005,11,102.03
SO19924,2023-02-20,P066,18,130.18
SO19925,2024-07-01,P012,13,79.25
SO19926,2023-10-21,P065,28,172.6
SO19927,2024-03-15,P049,6,68.03
SO19928,2023-01-13,P064,18,222.17
SO19929,2023-09-25,P018,19,52.91
SO19930,2023-07-04,P059,8,121.52
SO19931,2023-10-23,P092,9,142.5
SO19932,2024-05-17,P011,12,199.39
SO19933,2024-08-03,P091,4,806.58
SO19934,2023-02-19,P007,1,1328.75
SO19935,2023-10-30,P066,3,178.3
SO19936,2024-09-19,P012,12,64.29
SO19937,2023-11-27,P022,5,164.3
SO19938,2023-06-19,P034,16,72.37
SO19939,2024-11-24,P008,8,73.46
SO19940,2024-03-29,P047,16,49.23
SO19941,2023-07-23,P099,18,1055.91
SO19942,2024-12-26,P055,29,235.58
SO19943,2023-12-07,P054,25,94.76
SO19944,2023-07-16,P100,5,93.86
SO19945,2024-11-08,P043,1,59.86
SO19946,2023-04-04,P068,8,102.5
SO19947,2023-02-05,P058,11,85.9
SO19948,2024-10-28,P028,3,34.88
SO19949,2024-06-29,P093,16,201.2
SO19950,2024-08-12,P070,7,136.74
SO19951,2024-01-27,P069,11,165.55
SO19952,2024-04-08,P073,3,154.92
SO19953,2023-03-14,P089,19,68.88
SO19954,2024-03-10,P032,6,76.44
SO19955,2024-01-21,P084,14,172.76
SO19956,2024-08-03,P035,6,506.51
SO19957,2023-08-21,P008,18,42.92
SO19958,2024-10-05,P065,24,155.05
SO19959,2024-04-21,P017,11,22.04
SO19960,2024-02-17,P018,6,45.36
SO19961,2023-11-05,P033,21,63.04
SO19962,2023-06-22,P044,18,72.25
SO19963,2023-03-06,P027,16,173.7
SO19964,2024-10-25,P008,21,52.93
SO19965,2024-02-24,P028,1,25.03
SO19966,2024-01-11,P019,14,195.33
SO19967,2024-07-12,P080,17,19.95
SO19968,2023-07-20,P023,16,19.63
SO19969,2023-09-28,P046,19,30.25
SO19970,2023-03-21,P092,1,171.13
SO19971,2023-06-03,P018,3,41.84
SO19972,2023-01-17,P042,1,191.45
SO19973,2023-05-14,P037,2,76.82
SO19974,2023-01-19,P010,17,41.72
SO19975,2024-06-27,P040,6,524.08
SO19976,2023-07-03,P099,8,1212.77
SO19977,2024-06-06,P083,14,129.95
SO19978,2023-11-16,P084,19,217.12
SO19979,2024-09-13,P020,16,66.96
SO19980,2024-03-06,P024,4,113.75
SO19981,2023-09-07,P086,17,1191.94
SO19982,2023-09-20,P077,6,162.2
SO19983,2023-05-05,P090,2,71.84
SO19984,2023-05-22,P002,14,83.98
SO19985,2023-11-13,P070,20,200.3
SO19986,2024-07-15,P051,18,73.89
SO19987,2023-10-30,P097,1,27.04
SO19988,2024-12-14,P013,1,14.13
SO19989,2023-01-29,P004,1,63.22
SO19990,2024-01-16,P040,15,590.78
SO19991,2024-06-25,P093,14,178.99
SO19992,2024-09-14,P029,14,1063.39
SO19993,2024-05-22,P057,18,162.38
SO19994,2024-06-26,P007,15,1439.25
SO19995,2024-11-03,P099,34,1129.74
SO19996,2023-09-26,P002,16,130.57
SO19997,2023-10-04,P012,14,115.76
SO19998,2024-06-26,P016,5,1274.2
SO19999,2023-05-27,P039,4,37.68
SO20000,2024-10-23,P037,23,66.38
